SchoolYear,IsdCode,IsdName,DistrictCode,DistrictName,BuildingCode,BuildingName,CountyCode,CountyName,EntityType,SchoolLevel,Locale,MISTEM_NAME,MISTEM_CODE,Grade,Subject,TestingGroup,NumberAboveAverageGrowth,NumberAverageGrowth,NumberBelowAverageGrowth,PercentAboveAverage,PercentAverageGrowth,PercentBelowAverage,TotalIncluded,MeanSGP
"20 - 21 School Year","63","Oakland Schools","63150","Troy School District","00000","All Buildings","63","Oakland","LEA District","Elem thru High School","City: Small","Oakland Region","5","08","Social Studies","Students without Disabilities","98","171","117","25.40","44.30","30.30","386","48.00"
"20 - 21 School Year","63","Oakland Schools","63150","Troy School District","00000","All Buildings","63","Oakland","LEA District","Elem thru High School","City: Small","Oakland Region","5","05","Mathematics","Not Migrant","150","244","230","24.00","39.10","36.90","624","44.60"
"20 - 21 School Year","63","Oakland Schools","63150","Troy School District","00000","All Buildings","63","Oakland","LEA District","Elem thru High School","City: Small","Oakland Region","5","05","Mathematics","Not English Learners","142","227","209","24.60","39.30","36.20","578","45.00"
"20 - 21 School Year","63","Oakland Schools","63150","Troy School District","00000","All Buildings","63","Oakland","LEA District","Elem thru High School","City: Small","Oakland Region","5","05","Mathematics","English Learners","< 10","17","21","17.40","37.00","45.70","46","39.70"
"20 - 21 School Year","63","Oakland Schools","63150","Troy School District","00000","All Buildings","63","Oakland","LEA District","Elem thru High School","City: Small","Oakland Region","5","05","Mathematics","Female","64","111","110","22.50","38.90","38.60","285","43.40"
"20 - 21 School Year","63","Oakland Schools","63150","Troy School District","00000","All Buildings","63","Oakland","LEA District","Elem thru High School","City: Small","Oakland Region","5","05","Mathematics","Male","86","133","120","25.40","39.20","35.40","339","45.70"
"20 - 21 School Year","63","Oakland Schools","63150","Troy School District","00000","All Buildings","63","Oakland","LEA District","Elem thru High School","City: Small","Oakland Region","5","05","Mathematics","Asian","85","89","56","37.00","38.70","24.30","230","53.90"
"20 - 21 School Year","63","Oakland Schools","63150","Troy School District","00000","All Buildings","63","Oakland","LEA District","Elem thru High School","City: Small","Oakland Region","5","05","Mathematics","Two or More Races","< 10","< 10","< 10","< 5","50.00","50.00","16","31.90"
"20 - 21 School Year","63","Oakland Schools","63150","Troy School District","00000","All Buildings","63","Oakland","LEA District","Elem thru High School","City: Small","Oakland Region","5","11","Mathematics","Asian","136","73","24","58.40","31.30","10.30","233","70.50"
"20 - 21 School Year","63","Oakland Schools","63150","Troy School District","00000","All Buildings","63","Oakland","LEA District","Elem thru High School","City: Small","Oakland Region","5","11","Mathematics","Two or More Races","12","12","< 10","40.00","40.00","20.00","30","58.90"
"20 - 21 School Year","63","Oakland Schools","63150","Troy School District","00000","All Buildings","63","Oakland","LEA District","Elem thru High School","City: Small","Oakland Region","5","11","Mathematics","White, not of Hispanic origin","93","163","108","25.50","44.80","29.70","364","50.00"
"20 - 21 School Year","63","Oakland Schools","63150","Troy School District","00000","All Buildings","63","Oakland","LEA District","Elem thru High School","City: Small","Oakland Region","5","11","Mathematics","Hispanic","< 10","14","10","20.00","46.70","33.30","30","44.50"
"20 - 21 School Year","63","Oakland Schools","63150","Troy School District","00000","All Buildings","63","Oakland","LEA District","Elem thru High School","City: Small","Oakland Region","5","11","Mathematics","Black, not of Hispanic origin","< 10","< 10","< 10","34.80","30.40","34.80","23","54.60"
"20 - 21 School Year","63","Oakland Schools","63150","Troy School District","00000","All Buildings","63","Oakland","LEA District","Elem thru High School","City: Small","Oakland Region","5","11","Mathematics","Native Hawaiian or Other Pacific Islander","< 10","< 10","< 10","< 10","< 10","< 10","< 10","< 10"
"20 - 21 School Year","63","Oakland Schools","63150","Troy School District","00000","All Buildings","63","Oakland","LEA District","Elem thru High School","City: Small","Oakland Region","5","11","Mathematics","Not Economically Disadvantaged","231","242","138","37.80","39.60","22.60","611","57.60"
"20 - 21 School Year","63","Oakland Schools","63150","Troy School District","00000","All Buildings","63","Oakland","LEA District","Elem thru High School","City: Small","Oakland Region","5","11","Mathematics","Economically Disadvantaged","25","27","19","35.20","38.00","26.80","71","54.30"
"20 - 21 School Year","63","Oakland Schools","63150","Troy School District","00000","All Buildings","63","Oakland","LEA District","Elem thru High School","City: Small","Oakland Region","5","11","Mathematics","All Students","256","269","157","37.50","39.40","23.00","682","57.30"
"20 - 21 School Year","63","Oakland Schools","63150","Troy School District","00000","All Buildings","63","Oakland","LEA District","Elem thru High School","City: Small","Oakland Region","5","06","Mathematics","Black, not of Hispanic origin","< 10","< 10","< 10","< 10","< 10","< 10","< 10","< 10"
"20 - 21 School Year","63","Oakland Schools","63150","Troy School District","00000","All Buildings","63","Oakland","LEA District","Elem thru High School","City: Small","Oakland Region","5","06","Mathematics","Not Economically Disadvantaged","99","102","111","31.70","32.70","35.60","312","49.80"
"20 - 21 School Year","63","Oakland Schools","63150","Troy School District","00000","All Buildings","63","Oakland","LEA District","Elem thru High School","City: Small","Oakland Region","5","06","Mathematics","Economically Disadvantaged","< 10","< 10","< 10","35.70","21.40","42.90","14","41.70"
"20 - 21 School Year","63","Oakland Schools","63150","Troy School District","00000","All Buildings","63","Oakland","LEA District","Elem thru High School","City: Small","Oakland Region","5","06","Mathematics","All Students","104","105","117","31.90","32.20","35.90","326","49.40"
"20 - 21 School Year","63","Oakland Schools","63150","Troy School District","00000","All Buildings","63","Oakland","LEA District","Elem thru High School","City: Small","Oakland Region","5","11","Mathematics","Not Migrant","256","269","157","37.50","39.40","23.00","682","57.30"
"20 - 21 School Year","63","Oakland Schools","63150","Troy School District","00000","All Buildings","63","Oakland","LEA District","Elem thru High School","City: Small","Oakland Region","5","11","Mathematics","Not English Learners","242","262","151","36.90","40.00","23.10","655","57.00"
"20 - 21 School Year","63","Oakland Schools","63150","Troy School District","00000","All Buildings","63","Oakland","LEA District","Elem thru High School","City: Small","Oakland Region","5","11","Mathematics","English Learners","14","< 10","< 10","51.90","25.90","22.20","27","64.30"
"20 - 21 School Year","63","Oakland Schools","63150","Troy School District","00000","All Buildings","63","Oakland","LEA District","Elem thru High School","City: Small","Oakland Region","5","11","Mathematics","Female","111","138","87","33.00","41.10","25.90","336","54.40"
"20 - 21 School Year","63","Oakland Schools","63150","Troy School District","00000","All Buildings","63","Oakland","LEA District","Elem thru High School","City: Small","Oakland Region","5","11","Mathematics","Male","145","131","70","41.90","37.90","20.20","346","60.00"
"20 - 21 School Year","63","Oakland Schools","63150","Troy School District","00000","All Buildings","63","Oakland","LEA District","Elem thru High School","City: Small","Oakland Region","5","06","English Language Arts","Not Migrant","44","126","144","14.00","40.10","45.90","314","37.30"
"20 - 21 School Year","63","Oakland Schools","63150","Troy School District","00000","All Buildings","63","Oakland","LEA District","Elem thru High School","City: Small","Oakland Region","5","06","English Language Arts","Not English Learners","43","123","140","14.10","40.20","45.80","306","37.30"
"20 - 21 School Year","63","Oakland Schools","63150","Troy School District","00000","All Buildings","63","Oakland","LEA District","Elem thru High School","City: Small","Oakland Region","5","06","English Language Arts","English Learners","< 10","< 10","< 10","< 10","< 10","< 10","< 10","< 10"
"20 - 21 School Year","63","Oakland Schools","63150","Troy School District","00000","All Buildings","63","Oakland","LEA District","Elem thru High School","City: Small","Oakland Region","5","06","English Language Arts","Female","23","62","60","15.90","42.80","41.40","145","39.80"
"20 - 21 School Year","63","Oakland Schools","63150","Troy School District","00000","All Buildings","63","Oakland","LEA District","Elem thru High School","City: Small","Oakland Region","5","06","English Language Arts","Male","21","64","84","12.40","37.90","49.70","169","35.20"
"20 - 21 School Year","63","Oakland Schools","63150","Troy School District","00000","All Buildings","63","Oakland","LEA District","Elem thru High School","City: Small","Oakland Region","5","06","English Language Arts","Asian","21","69","61","13.90","45.70","40.40","151","39.30"
"20 - 21 School Year","63","Oakland Schools","63150","Troy School District","00000","All Buildings","63","Oakland","LEA District","Elem thru High School","City: Small","Oakland Region","5","06","English Language Arts","Two or More Races","< 10","< 10","< 10","< 5","58.30","41.70","12","32.90"
"20 - 21 School Year","63","Oakland Schools","63150","Troy School District","00000","All Buildings","63","Oakland","LEA District","Elem thru High School","City: Small","Oakland Region","5","06","English Language Arts","White, not of Hispanic origin","23","45","73","16.30","31.90","51.80","141","36.20"
"20 - 21 School Year","63","Oakland Schools","63150","Troy School District","00000","All Buildings","63","Oakland","LEA District","Elem thru High School","City: Small","Oakland Region","5","06","English Language Arts","Hispanic","< 10","< 10","< 10","< 10","< 10","< 10","< 10","< 10"
"20 - 21 School Year","63","Oakland Schools","63150","Troy School District","00000","All Buildings","63","Oakland","LEA District","Elem thru High School","City: Small","Oakland Region","5","06","English Language Arts","Black, not of Hispanic origin","< 10","< 10","< 10","< 10","< 10","< 10","< 10","< 10"
"20 - 21 School Year","63","Oakland Schools","63150","Troy School District","00000","All Buildings","63","Oakland","LEA District","Elem thru High School","City: Small","Oakland Region","5","08","English Language Arts","White, not of Hispanic origin","46","91","101","19.30","38.20","42.40","238","42.60"
"20 - 21 School Year","63","Oakland Schools","63150","Troy School District","00000","All Buildings","63","Oakland","LEA District","Elem thru High School","City: Small","Oakland Region","5","08","English Language Arts","Hispanic","< 10","< 10","< 10","< 10","< 10","< 10","< 10","< 10"
"20 - 21 School Year","63","Oakland Schools","63150","Troy School District","00000","All Buildings","63","Oakland","LEA District","Elem thru High School","City: Small","Oakland Region","5","08","English Language Arts","Black, not of Hispanic origin","< 10","< 10","< 10","28.60","35.70","35.70","14","46.50"
"20 - 21 School Year","63","Oakland Schools","63150","Troy School District","00000","All Buildings","63","Oakland","LEA District","Elem thru High School","City: Small","Oakland Region","5","08","English Language Arts","Not Economically Disadvantaged","165","187","159","32.30","36.60","31.10","511","51.50"
"20 - 21 School Year","63","Oakland Schools","63150","Troy School District","00000","All Buildings","63","Oakland","LEA District","Elem thru High School","City: Small","Oakland Region","5","08","English Language Arts","Economically Disadvantaged","< 10","17","13","14.30","48.60","37.10","35","42.20"
"20 - 21 School Year","63","Oakland Schools","63150","Troy School District","00000","All Buildings","63","Oakland","LEA District","Elem thru High School","City: Small","Oakland Region","5","08","English Language Arts","All Students","170","204","172","31.10","37.40","31.50","546","50.90"
"20 - 21 School Year","63","Oakland Schools","63150","Troy School District","00000","All Buildings","63","Oakland","LEA District","Elem thru High School","City: Small","Oakland Region","5","All Grades","English Language Arts","American Indian or Alaska Native","< 10","< 10","< 10","< 10","< 10","< 10","< 10","< 10"
"20 - 21 School Year","63","Oakland Schools","63150","Troy School District","00000","All Buildings","63","Oakland","LEA District","Elem thru High School","City: Small","Oakland Region","5","All Grades","English Language Arts","Native Hawaiian or Other Pacific Islander","< 10","< 10","< 10","< 10","< 10","< 10","< 10","< 10"
"20 - 21 School Year","63","Oakland Schools","63150","Troy School District","00000","All Buildings","63","Oakland","LEA District","Elem thru High School","City: Small","Oakland Region","5","All Grades","English Language Arts","Not Economically Disadvantaged","797","827","680","34.60","35.90","29.50","2304","52.60"
"20 - 21 School Year","63","Oakland Schools","63150","Troy School District","00000","All Buildings","63","Oakland","LEA District","Elem thru High School","City: Small","Oakland Region","5","All Grades","English Language Arts","Economically Disadvantaged","62","76","71","29.70","36.40","34.00","209","48.30"
"20 - 21 School Year","63","Oakland Schools","63150","Troy School District","00000","All Buildings","63","Oakland","LEA District","Elem thru High School","City: Small","Oakland Region","5","All Grades","English Language Arts","All Students","859","903","751","34.20","35.90","29.90","2513","52.20"
"20 - 21 School Year","63","Oakland Schools","63150","Troy School District","00000","All Buildings","63","Oakland","LEA District","Elem thru High School","City: Small","Oakland Region","5","07","Mathematics","Students with Disabilities","< 10","< 10","< 10","20.00","33.30","46.70","15","37.50"
"20 - 21 School Year","63","Oakland Schools","63150","Troy School District","00000","All Buildings","63","Oakland","LEA District","Elem thru High School","City: Small","Oakland Region","5","All Grades","Mathematics","Students with Disabilities","28","42","55","22.40","33.60","44.00","125","42.60"
"20 - 21 School Year","63","Oakland Schools","63150","Troy School District","00000","All Buildings","63","Oakland","LEA District","Elem thru High School","City: Small","Oakland Region","5","06","Mathematics","Students with Disabilities","< 10","< 10","< 10","38.50","30.80","30.80","13","53.60"
"20 - 21 School Year","63","Oakland Schools","63150","Troy School District","00000","All Buildings","63","Oakland","LEA District","Elem thru High School","City: Small","Oakland Region","5","08","Mathematics","Students with Disabilities","< 10","< 10","16","< 5","22.70","72.70","22","19.80"
"20 - 21 School Year","63","Oakland Schools","63150","Troy School District","00000","All Buildings","63","Oakland","LEA District","Elem thru High School","City: Small","Oakland Region","5","All Grades","Science","Students with Disabilities","< 10","< 10","< 10","< 10","< 10","< 10","< 10","< 10"
"20 - 21 School Year","63","Oakland Schools","63150","Troy School District","00000","All Buildings","63","Oakland","LEA District","Elem thru High School","City: Small","Oakland Region","5","07","Science","Students with Disabilities","< 10","< 10","< 10","< 10","< 10","< 10","< 10","< 10"
"20 - 21 School Year","63","Oakland Schools","63150","Troy School District","00000","All Buildings","63","Oakland","LEA District","Elem thru High School","City: Small","Oakland Region","5","11","Science","Students with Disabilities","< 10","< 10","< 10","< 10","< 10","< 10","< 10","< 10"
"20 - 21 School Year","63","Oakland Schools","63150","Troy School District","00000","All Buildings","63","Oakland","LEA District","Elem thru High School","City: Small","Oakland Region","5","All Grades","Social Studies","Students with Disabilities","< 10","< 10","< 10","30.00","40.00","30.00","20","49.20"
"20 - 21 School Year","63","Oakland Schools","63150","Troy School District","00000","All Buildings","63","Oakland","LEA District","Elem thru High School","City: Small","Oakland Region","5","11","Social Studies","Students with Disabilities","< 10","< 10","< 10","< 10","< 10","< 10","< 10","< 10"
"20 - 21 School Year","63","Oakland Schools","63150","Troy School District","00000","All Buildings","63","Oakland","LEA District","Elem thru High School","City: Small","Oakland Region","5","05","English Language Arts","All Students","169","220","233","27.20","35.40","37.50","622","45.90"
"20 - 21 School Year","63","Oakland Schools","63150","Troy School District","00000","All Buildings","63","Oakland","LEA District","Elem thru High School","City: Small","Oakland Region","5","07","English Language Arts","All Students","90","152","108","25.70","43.40","30.90","350","47.90"
"20 - 21 School Year","63","Oakland Schools","63150","Troy School District","00000","All Buildings","63","Oakland","LEA District","Elem thru High School","City: Small","Oakland Region","5","07","English Language Arts","Economically Disadvantaged","< 10","< 10","< 10","23.50","52.90","23.50","17","51.90"
"20 - 21 School Year","63","Oakland Schools","63150","Troy School District","00000","All Buildings","63","Oakland","LEA District","Elem thru High School","City: Small","Oakland Region","5","07","English Language Arts","Not Economically Disadvantaged","86","143","104","25.80","42.90","31.20","333","47.70"
"20 - 21 School Year","63","Oakland Schools","63150","Troy School District","00000","All Buildings","63","Oakland","LEA District","Elem thru High School","City: Small","Oakland Region","5","07","English Language Arts","American Indian or Alaska Native","< 10","< 10","< 10","< 10","< 10","< 10","< 10","< 10"
"20 - 21 School Year","63","Oakland Schools","63150","Troy School District","00000","All Buildings","63","Oakland","LEA District","Elem thru High School","City: Small","Oakland Region","5","07","English Language Arts","Black, not of Hispanic origin","< 10","< 10","< 10","< 10","< 10","< 10","< 10","< 10"
"20 - 21 School Year","63","Oakland Schools","63150","Troy School District","00000","All Buildings","63","Oakland","LEA District","Elem thru High School","City: Small","Oakland Region","5","05","English Language Arts","Economically Disadvantaged","13","26","33","18.10","36.10","45.80","72","38.20"
"20 - 21 School Year","63","Oakland Schools","63150","Troy School District","00000","All Buildings","63","Oakland","LEA District","Elem thru High School","City: Small","Oakland Region","5","05","English Language Arts","Not Economically Disadvantaged","156","194","200","28.40","35.30","36.40","550","46.90"
"20 - 21 School Year","63","Oakland Schools","63150","Troy School District","00000","All Buildings","63","Oakland","LEA District","Elem thru High School","City: Small","Oakland Region","5","05","English Language Arts","Native Hawaiian or Other Pacific Islander","< 10","< 10","< 10","< 10","< 10","< 10","< 10","< 10"
"20 - 21 School Year","63","Oakland Schools","63150","Troy School District","00000","All Buildings","63","Oakland","LEA District","Elem thru High School","City: Small","Oakland Region","5","05","English Language Arts","Black, not of Hispanic origin","< 10","< 10","10","11.80","29.40","58.80","17","29.60"
"20 - 21 School Year","63","Oakland Schools","63150","Troy School District","00000","All Buildings","63","Oakland","LEA District","Elem thru High School","City: Small","Oakland Region","5","05","English Language Arts","Hispanic","< 10","< 10","< 10","21.70","39.10","39.10","23","47.90"
"20 - 21 School Year","63","Oakland Schools","63150","Troy School District","00000","All Buildings","63","Oakland","LEA District","Elem thru High School","City: Small","Oakland Region","5","05","English Language Arts","White, not of Hispanic origin","72","123","140","21.50","36.70","41.80","335","42.00"
"20 - 21 School Year","63","Oakland Schools","63150","Troy School District","00000","All Buildings","63","Oakland","LEA District","Elem thru High School","City: Small","Oakland Region","5","05","English Language Arts","Two or More Races","< 10","< 10","< 10","29.40","29.40","41.20","17","42.30"
"20 - 21 School Year","63","Oakland Schools","63150","Troy School District","00000","All Buildings","63","Oakland","LEA District","Elem thru High School","City: Small","Oakland Region","5","05","English Language Arts","Asian","85","75","65","37.80","33.30","28.90","225","53.10"
"20 - 21 School Year","63","Oakland Schools","63150","Troy School District","00000","All Buildings","63","Oakland","LEA District","Elem thru High School","City: Small","Oakland Region","5","05","English Language Arts","Male","90","122","128","26.50","35.90","37.60","340","45.30"
"20 - 21 School Year","63","Oakland Schools","63150","Troy School District","00000","All Buildings","63","Oakland","LEA District","Elem thru High School","City: Small","Oakland Region","5","05","English Language Arts","Female","79","98","105","28.00","34.80","37.20","282","46.50"
"20 - 21 School Year","63","Oakland Schools","63150","Troy School District","00000","All Buildings","63","Oakland","LEA District","Elem thru High School","City: Small","Oakland Region","5","05","English Language Arts","English Learners","< 10","20","17","15.90","45.50","38.60","44","44.00"
"20 - 21 School Year","63","Oakland Schools","63150","Troy School District","00000","All Buildings","63","Oakland","LEA District","Elem thru High School","City: Small","Oakland Region","5","05","English Language Arts","Not English Learners","162","200","216","28.00","34.60","37.40","578","46.00"
"20 - 21 School Year","63","Oakland Schools","63150","Troy School District","00000","All Buildings","63","Oakland","LEA District","Elem thru High School","City: Small","Oakland Region","5","05","English Language Arts","Not Migrant","169","220","233","27.20","35.40","37.50","622","45.90"
"20 - 21 School Year","63","Oakland Schools","63150","Troy School District","00000","All Buildings","63","Oakland","LEA District","Elem thru High School","City: Small","Oakland Region","5","07","English Language Arts","Hispanic","< 10","< 10","< 10","< 10","< 10","< 10","< 10","< 10"
"20 - 21 School Year","63","Oakland Schools","63150","Troy School District","00000","All Buildings","63","Oakland","LEA District","Elem thru High School","City: Small","Oakland Region","5","07","English Language Arts","White, not of Hispanic origin","24","72","52","16.20","48.60","35.10","148","42.60"
"20 - 21 School Year","63","Oakland Schools","63150","Troy School District","00000","All Buildings","63","Oakland","LEA District","Elem thru High School","City: Small","Oakland Region","5","07","English Language Arts","Two or More Races","< 10","< 10","< 10","50.00","41.70","8.30","12","63.90"
"20 - 21 School Year","63","Oakland Schools","63150","Troy School District","00000","All Buildings","63","Oakland","LEA District","Elem thru High School","City: Small","Oakland Region","5","07","English Language Arts","Asian","54","72","50","30.70","40.90","28.40","176","50.90"
"20 - 21 School Year","63","Oakland Schools","63150","Troy School District","00000","All Buildings","63","Oakland","LEA District","Elem thru High School","City: Small","Oakland Region","5","07","English Language Arts","Male","47","86","58","24.60","45.00","30.40","191","47.20"
"20 - 21 School Year","63","Oakland Schools","63150","Troy School District","00000","All Buildings","63","Oakland","LEA District","Elem thru High School","City: Small","Oakland Region","5","07","English Language Arts","Female","43","66","50","27.00","41.50","31.40","159","48.80"
"20 - 21 School Year","63","Oakland Schools","63150","Troy School District","00000","All Buildings","63","Oakland","LEA District","Elem thru High School","City: Small","Oakland Region","5","07","English Language Arts","English Learners","< 10","< 10","< 10","27.30","54.50","18.20","11","46.60"
"20 - 21 School Year","63","Oakland Schools","63150","Troy School District","00000","All Buildings","63","Oakland","LEA District","Elem thru High School","City: Small","Oakland Region","5","07","English Language Arts","Not English Learners","87","146","106","25.70","43.10","31.30","339","47.90"
"20 - 21 School Year","63","Oakland Schools","63150","Troy School District","00000","All Buildings","63","Oakland","LEA District","Elem thru High School","City: Small","Oakland Region","5","07","English Language Arts","Not Migrant","90","152","108","25.70","43.40","30.90","350","47.90"
"20 - 21 School Year","63","Oakland Schools","63150","Troy School District","00000","All Buildings","63","Oakland","LEA District","Elem thru High School","City: Small","Oakland Region","5","11","English Language Arts","English Learners","13","< 10","< 10","50.00","30.80","19.20","26","67.70"
"20 - 21 School Year","63","Oakland Schools","63150","Troy School District","00000","All Buildings","63","Oakland","LEA District","Elem thru High School","City: Small","Oakland Region","5","11","English Language Arts","Not English Learners","373","193","89","56.90","29.50","13.60","655","68.30"
"20 - 21 School Year","63","Oakland Schools","63150","Troy School District","00000","All Buildings","63","Oakland","LEA District","Elem thru High School","City: Small","Oakland Region","5","11","English Language Arts","Not Migrant","386","201","94","56.70","29.50","13.80","681","68.30"
"20 - 21 School Year","63","Oakland Schools","63150","Troy School District","00000","All Buildings","63","Oakland","LEA District","Elem thru High School","City: Small","Oakland Region","5","06","English Language Arts","All Students","44","126","144","14.00","40.10","45.90","314","37.30"
"20 - 21 School Year","63","Oakland Schools","63150","Troy School District","00000","All Buildings","63","Oakland","LEA District","Elem thru High School","City: Small","Oakland Region","5","06","English Language Arts","Economically Disadvantaged","< 10","< 10","< 10","28.60","21.40","50.00","14","42.50"
"20 - 21 School Year","63","Oakland Schools","63150","Troy School District","00000","All Buildings","63","Oakland","LEA District","Elem thru High School","City: Small","Oakland Region","5","06","English Language Arts","Not Economically Disadvantaged","40","123","137","13.30","41.00","45.70","300","37.10"
"20 - 21 School Year","63","Oakland Schools","63150","Troy School District","00000","All Buildings","63","Oakland","LEA District","Elem thru High School","City: Small","Oakland Region","5","08","English Language Arts","Male","91","95","75","34.90","36.40","28.70","261","52.90"
"20 - 21 School Year","63","Oakland Schools","63150","Troy School District","00000","All Buildings","63","Oakland","LEA District","Elem thru High School","City: Small","Oakland Region","5","08","English Language Arts","Asian","113","102","56","41.70","37.60","20.70","271","58.80"
"20 - 21 School Year","63","Oakland Schools","63150","Troy School District","00000","All Buildings","63","Oakland","LEA District","Elem thru High School","City: Small","Oakland Region","5","08","English Language Arts","Two or More Races","< 10","< 10","< 10","26.70","26.70","46.70","15","41.90"
"20 - 21 School Year","63","Oakland Schools","63150","Troy School District","00000","All Buildings","63","Oakland","LEA District","Elem thru High School","City: Small","Oakland Region","5","All Grades","English Language Arts","Not Migrant","859","903","751","34.20","35.90","29.90","2513","52.20"
"20 - 21 School Year","63","Oakland Schools","63150","Troy School District","00000","All Buildings","63","Oakland","LEA District","Elem thru High School","City: Small","Oakland Region","5","All Grades","English Language Arts","Not English Learners","829","859","715","34.50","35.70","29.80","2403","52.40"
"20 - 21 School Year","63","Oakland Schools","63150","Troy School District","00000","All Buildings","63","Oakland","LEA District","Elem thru High School","City: Small","Oakland Region","5","All Grades","English Language Arts","English Learners","30","44","36","27.30","40.00","32.70","110","49.70"
"20 - 21 School Year","63","Oakland Schools","63150","Troy School District","00000","All Buildings","63","Oakland","LEA District","Elem thru High School","City: Small","Oakland Region","5","All Grades","English Language Arts","Female","398","436","372","33.00","36.20","30.80","1206","51.60"
"20 - 21 School Year","63","Oakland Schools","63150","Troy School District","00000","All Buildings","63","Oakland","LEA District","Elem thru High School","City: Small","Oakland Region","5","All Grades","English Language Arts","Male","461","467","379","35.30","35.70","29.00","1307","52.80"
"20 - 21 School Year","63","Oakland Schools","63150","Troy School District","00000","All Buildings","63","Oakland","LEA District","Elem thru High School","City: Small","Oakland Region","5","All Grades","English Language Arts","Asian","458","350","247","43.40","33.20","23.40","1055","58.60"
"20 - 21 School Year","63","Oakland Schools","63150","Troy School District","00000","All Buildings","63","Oakland","LEA District","Elem thru High School","City: Small","Oakland Region","5","All Grades","English Language Arts","Two or More Races","29","31","26","33.70","36.00","30.20","86","52.00"
"20 - 21 School Year","63","Oakland Schools","63150","Troy School District","00000","All Buildings","63","Oakland","LEA District","Elem thru High School","City: Small","Oakland Region","5","All Grades","English Language Arts","White, not of Hispanic origin","330","467","430","26.90","38.10","35.00","1227","47.10"
"20 - 21 School Year","63","Oakland Schools","63150","Troy School District","00000","All Buildings","63","Oakland","LEA District","Elem thru High School","City: Small","Oakland Region","5","All Grades","English Language Arts","Hispanic","23","26","18","34.30","38.80","26.90","67","55.50"
"20 - 21 School Year","63","Oakland Schools","63150","Troy School District","00000","All Buildings","63","Oakland","LEA District","Elem thru High School","City: Small","Oakland Region","5","All Grades","English Language Arts","Black, not of Hispanic origin","19","23","28","27.10","32.90","40.00","70","45.30"
"20 - 21 School Year","63","Oakland Schools","63150","Troy School District","00000","All Buildings","63","Oakland","LEA District","Elem thru High School","City: Small","Oakland Region","5","11","English Language Arts","Female","174","101","60","51.90","30.10","17.90","335","64.60"
"20 - 21 School Year","63","Oakland Schools","63150","Troy School District","00000","All Buildings","63","Oakland","LEA District","Elem thru High School","City: Small","Oakland Region","5","11","English Language Arts","Male","212","100","34","61.30","28.90","9.80","346","71.80"
"20 - 21 School Year","63","Oakland Schools","63150","Troy School District","00000","All Buildings","63","Oakland","LEA District","Elem thru High School","City: Small","Oakland Region","5","11","English Language Arts","Asian","185","32","15","79.70","13.80","6.50","232","81.90"
"20 - 21 School Year","63","Oakland Schools","63150","Troy School District","00000","All Buildings","63","Oakland","LEA District","Elem thru High School","City: Small","Oakland Region","5","11","English Language Arts","Two or More Races","14","10","< 10","46.70","33.30","20.00","30","65.30"
"20 - 21 School Year","63","Oakland Schools","63150","Troy School District","00000","All Buildings","63","Oakland","LEA District","Elem thru High School","City: Small","Oakland Region","5","11","English Language Arts","White, not of Hispanic origin","165","136","64","45.20","37.30","17.50","365","60.80"
"20 - 21 School Year","63","Oakland Schools","63150","Troy School District","00000","All Buildings","63","Oakland","LEA District","Elem thru High School","City: Small","Oakland Region","5","11","English Language Arts","Hispanic","12","13","< 10","41.40","44.80","13.80","29","62.90"
"20 - 21 School Year","63","Oakland Schools","63150","Troy School District","00000","All Buildings","63","Oakland","LEA District","Elem thru High School","City: Small","Oakland Region","5","11","English Language Arts","Black, not of Hispanic origin","10","< 10","< 10","43.50","34.80","21.70","23","60.70"
"20 - 21 School Year","63","Oakland Schools","63150","Troy School District","00000","All Buildings","63","Oakland","LEA District","Elem thru High School","City: Small","Oakland Region","5","11","English Language Arts","Native Hawaiian or Other Pacific Islander","< 10","< 10","< 10","< 10","< 10","< 10","< 10","< 10"
"20 - 21 School Year","63","Oakland Schools","63150","Troy School District","00000","All Buildings","63","Oakland","LEA District","Elem thru High School","City: Small","Oakland Region","5","11","English Language Arts","Not Economically Disadvantaged","350","180","80","57.40","29.50","13.10","610","69.00"
"20 - 21 School Year","63","Oakland Schools","63150","Troy School District","00000","All Buildings","63","Oakland","LEA District","Elem thru High School","City: Small","Oakland Region","5","11","English Language Arts","Economically Disadvantaged","36","21","14","50.70","29.60","19.70","71","61.90"
"20 - 21 School Year","63","Oakland Schools","63150","Troy School District","00000","All Buildings","63","Oakland","LEA District","Elem thru High School","City: Small","Oakland Region","5","11","English Language Arts","All Students","386","201","94","56.70","29.50","13.80","681","68.30"
"20 - 21 School Year","63","Oakland Schools","63150","Troy School District","00000","All Buildings","63","Oakland","LEA District","Elem thru High School","City: Small","Oakland Region","5","08","English Language Arts","Female","79","109","97","27.70","38.20","34.00","285","49.00"
"20 - 21 School Year","63","Oakland Schools","63150","Troy School District","00000","All Buildings","63","Oakland","LEA District","Elem thru High School","City: Small","Oakland Region","5","08","English Language Arts","English Learners","< 10","< 10","< 10","28.60","33.30","38.10","21","45.10"
"20 - 21 School Year","63","Oakland Schools","63150","Troy School District","00000","All Buildings","63","Oakland","LEA District","Elem thru High School","City: Small","Oakland Region","5","08","English Language Arts","Not English Learners","164","197","164","31.20","37.50","31.20","525","51.10"
"20 - 21 School Year","63","Oakland Schools","63150","Troy School District","00000","All Buildings","63","Oakland","LEA District","Elem thru High School","City: Small","Oakland Region","5","08","English Language Arts","Not Migrant","170","204","172","31.10","37.40","31.50","546","50.90"
"20 - 21 School Year","63","Oakland Schools","63150","Troy School District","00000","All Buildings","63","Oakland","LEA District","Elem thru High School","City: Small","Oakland Region","5","11","English Language Arts","Students with Disabilities","18","11","< 10","58.10","35.50","6.50","31","72.40"
"20 - 21 School Year","63","Oakland Schools","63150","Troy School District","00000","All Buildings","63","Oakland","LEA District","Elem thru High School","City: Small","Oakland Region","5","06","English Language Arts","Students with Disabilities","< 10","< 10","< 10","30.80","46.20","23.10","13","54.60"
"20 - 21 School Year","63","Oakland Schools","63150","Troy School District","00000","All Buildings","63","Oakland","LEA District","Elem thru High School","City: Small","Oakland Region","5","11","Mathematics","Students with Disabilities","10","12","< 10","33.30","40.00","26.70","30","59.20"
"20 - 21 School Year","63","Oakland Schools","63150","Troy School District","00000","All Buildings","63","Oakland","LEA District","Elem thru High School","City: Small","Oakland Region","5","05","Mathematics","Students with Disabilities","< 10","16","20","20.00","35.60","44.40","45","41.20"
"20 - 21 School Year","63","Oakland Schools","63150","Troy School District","00000","All Buildings","63","Oakland","LEA District","Elem thru High School","City: Small","Oakland Region","5","All Grades","English Language Arts","Students without Disabilities","816","858","713","34.20","35.90","29.90","2387","52.20"
"20 - 21 School Year","63","Oakland Schools","63150","Troy School District","00000","All Buildings","63","Oakland","LEA District","Elem thru High School","City: Small","Oakland Region","5","08","English Language Arts","Students without Disabilities","163","197","164","31.10","37.60","31.30","524","51.10"
"20 - 21 School Year","63","Oakland Schools","63150","Troy School District","00000","All Buildings","63","Oakland","LEA District","Elem thru High School","City: Small","Oakland Region","5","06","Mathematics","Students without Disabilities","99","101","113","31.60","32.30","36.10","313","49.30"
"20 - 21 School Year","63","Oakland Schools","63150","Troy School District","00000","All Buildings","63","Oakland","LEA District","Elem thru High School","City: Small","Oakland Region","5","11","Mathematics","Students without Disabilities","246","257","149","37.70","39.40","22.90","652","57.20"
"20 - 21 School Year","63","Oakland Schools","63150","Troy School District","00000","All Buildings","63","Oakland","LEA District","Elem thru High School","City: Small","Oakland Region","5","08","Mathematics","Asian","118","85","70","43.20","31.10","25.60","273","57.20"
"20 - 21 School Year","63","Oakland Schools","63150","Troy School District","00000","All Buildings","63","Oakland","LEA District","Elem thru High School","City: Small","Oakland Region","5","08","Mathematics","Two or More Races","< 10","< 10","11","13.30","13.30","73.30","15","22.60"
"20 - 21 School Year","63","Oakland Schools","63150","Troy School District","00000","All Buildings","63","Oakland","LEA District","Elem thru High School","City: Small","Oakland Region","5","08","Mathematics","White, not of Hispanic origin","24","56","159","10.00","23.40","66.50","239","25.60"
"20 - 21 School Year","63","Oakland Schools","63150","Troy School District","00000","All Buildings","63","Oakland","LEA District","Elem thru High School","City: Small","Oakland Region","5","08","Mathematics","Hispanic","< 10","< 10","< 10","< 5","30.00","70.00","10","22.20"
"20 - 21 School Year","63","Oakland Schools","63150","Troy School District","00000","All Buildings","63","Oakland","LEA District","Elem thru High School","City: Small","Oakland Region","5","08","Mathematics","Black, not of Hispanic origin","< 10","< 10","10","7.10","21.40","71.40","14","25.10"
"20 - 21 School Year","63","Oakland Schools","63150","Troy School District","00000","All Buildings","63","Oakland","LEA District","Elem thru High School","City: Small","Oakland Region","5","08","Mathematics","Not Economically Disadvantaged","140","138","238","27.10","26.70","46.10","516","41.70"
"20 - 21 School Year","63","Oakland Schools","63150","Troy School District","00000","All Buildings","63","Oakland","LEA District","Elem thru High School","City: Small","Oakland Region","5","08","Mathematics","Economically Disadvantaged","< 10","11","19","14.30","31.40","54.30","35","31.70"
"20 - 21 School Year","63","Oakland Schools","63150","Troy School District","00000","All Buildings","63","Oakland","LEA District","Elem thru High School","City: Small","Oakland Region","5","08","Mathematics","All Students","145","149","257","26.30","27.00","46.60","551","41.10"
"20 - 21 School Year","63","Oakland Schools","63150","Troy School District","00000","All Buildings","63","Oakland","LEA District","Elem thru High School","City: Small","Oakland Region","5","06","Mathematics","Not Migrant","104","105","117","31.90","32.20","35.90","326","49.40"
"20 - 21 School Year","63","Oakland Schools","63150","Troy School District","00000","All Buildings","63","Oakland","LEA District","Elem thru High School","City: Small","Oakland Region","5","06","Mathematics","Not English Learners","95","105","113","30.40","33.50","36.10","313","48.70"
"20 - 21 School Year","63","Oakland Schools","63150","Troy School District","00000","All Buildings","63","Oakland","LEA District","Elem thru High School","City: Small","Oakland Region","5","06","Mathematics","English Learners","< 10","< 10","< 10","69.20","< 5","30.80","13","66.60"
"20 - 21 School Year","63","Oakland Schools","63150","Troy School District","00000","All Buildings","63","Oakland","LEA District","Elem thru High School","City: Small","Oakland Region","5","06","Mathematics","Female","46","50","53","30.90","33.60","35.60","149","50.00"
"20 - 21 School Year","63","Oakland Schools","63150","Troy School District","00000","All Buildings","63","Oakland","LEA District","Elem thru High School","City: Small","Oakland Region","5","06","Mathematics","Male","58","55","64","32.80","31.10","36.20","177","48.90"
"20 - 21 School Year","63","Oakland Schools","63150","Troy School District","00000","All Buildings","63","Oakland","LEA District","Elem thru High School","City: Small","Oakland Region","5","06","Mathematics","Asian","78","49","34","48.40","30.40","21.10","161","61.70"
"20 - 21 School Year","63","Oakland Schools","63150","Troy School District","00000","All Buildings","63","Oakland","LEA District","Elem thru High School","City: Small","Oakland Region","5","06","Mathematics","Two or More Races","< 10","< 10","< 10","7.70","53.80","38.50","13","39.20"
"20 - 21 School Year","63","Oakland Schools","63150","Troy School District","00000","All Buildings","63","Oakland","LEA District","Elem thru High School","City: Small","Oakland Region","5","06","Mathematics","White, not of Hispanic origin","24","45","72","17.00","31.90","51.10","141","37.70"
"20 - 21 School Year","63","Oakland Schools","63150","Troy School District","00000","All Buildings","63","Oakland","LEA District","Elem thru High School","City: Small","Oakland Region","5","06","Mathematics","Hispanic","< 10","< 10","< 10","< 10","< 10","< 10","< 10","< 10"
"20 - 21 School Year","63","Oakland Schools","63150","Troy School District","00000","All Buildings","63","Oakland","LEA District","Elem thru High School","City: Small","Oakland Region","5","05","Mathematics","White, not of Hispanic origin","61","127","142","18.50","38.50","43.00","330","40.60"
"20 - 21 School Year","63","Oakland Schools","63150","Troy School District","00000","All Buildings","63","Oakland","LEA District","Elem thru High School","City: Small","Oakland Region","5","05","Mathematics","Hispanic","< 10","< 10","13","15.40","34.60","50.00","26","35.70"
"20 - 21 School Year","63","Oakland Schools","63150","Troy School District","00000","All Buildings","63","Oakland","LEA District","Elem thru High School","City: Small","Oakland Region","5","05","Mathematics","Black, not of Hispanic origin","< 10","< 10","< 10","< 5","47.10","52.90","17","26.80"
"20 - 21 School Year","63","Oakland Schools","63150","Troy School District","00000","All Buildings","63","Oakland","LEA District","Elem thru High School","City: Small","Oakland Region","5","05","Mathematics","Native Hawaiian or Other Pacific Islander","< 10","< 10","< 10","< 10","< 10","< 10","< 10","< 10"
"20 - 21 School Year","63","Oakland Schools","63150","Troy School District","00000","All Buildings","63","Oakland","LEA District","Elem thru High School","City: Small","Oakland Region","5","05","Mathematics","Not Economically Disadvantaged","144","209","200","26.00","37.80","36.20","553","45.60"
"20 - 21 School Year","63","Oakland Schools","63150","Troy School District","00000","All Buildings","63","Oakland","LEA District","Elem thru High School","City: Small","Oakland Region","5","05","Mathematics","Economically Disadvantaged","< 10","35","30","8.50","49.30","42.30","71","37.40"
"20 - 21 School Year","63","Oakland Schools","63150","Troy School District","00000","All Buildings","63","Oakland","LEA District","Elem thru High School","City: Small","Oakland Region","5","05","Mathematics","All Students","150","244","230","24.00","39.10","36.90","624","44.60"
"20 - 21 School Year","63","Oakland Schools","63150","Troy School District","00000","All Buildings","63","Oakland","LEA District","Elem thru High School","City: Small","Oakland Region","5","All Grades","Mathematics","Not English Learners","703","869","842","29.10","36.00","34.90","2414","48.10"
"20 - 21 School Year","63","Oakland Schools","63150","Troy School District","00000","All Buildings","63","Oakland","LEA District","Elem thru High School","City: Small","Oakland Region","5","All Grades","Mathematics","English Learners","47","35","43","37.60","28.00","34.40","125","52.10"
"20 - 21 School Year","63","Oakland Schools","63150","Troy School District","00000","All Buildings","63","Oakland","LEA District","Elem thru High School","City: Small","Oakland Region","5","All Grades","Mathematics","Female","333","448","439","27.30","36.70","36.00","1220","47.10"
"20 - 21 School Year","63","Oakland Schools","63150","Troy School District","00000","All Buildings","63","Oakland","LEA District","Elem thru High School","City: Small","Oakland Region","5","07","Mathematics","Not English Learners","88","135","118","25.80","39.60","34.60","341","47.20"
"20 - 21 School Year","63","Oakland Schools","63150","Troy School District","00000","All Buildings","63","Oakland","LEA District","Elem thru High School","City: Small","Oakland Region","5","07","Mathematics","English Learners","< 10","< 10","< 10","46.70","13.30","40.00","15","52.80"
"20 - 21 School Year","63","Oakland Schools","63150","Troy School District","00000","All Buildings","63","Oakland","LEA District","Elem thru High School","City: Small","Oakland Region","5","07","Mathematics","Female","46","65","53","28.00","39.60","32.30","164","49.10"
"20 - 21 School Year","63","Oakland Schools","63150","Troy School District","00000","All Buildings","63","Oakland","LEA District","Elem thru High School","City: Small","Oakland Region","5","07","Mathematics","Male","49","72","71","25.50","37.50","37.00","192","45.90"
"20 - 21 School Year","63","Oakland Schools","63150","Troy School District","00000","All Buildings","63","Oakland","LEA District","Elem thru High School","City: Small","Oakland Region","5","07","Mathematics","Asian","68","73","41","37.40","40.10","22.50","182","56.60"
"20 - 21 School Year","63","Oakland Schools","63150","Troy School District","00000","All Buildings","63","Oakland","LEA District","Elem thru High School","City: Small","Oakland Region","5","07","Mathematics","Two or More Races","< 10","< 10","< 10","33.30","41.70","25.00","12","54.00"
"20 - 21 School Year","63","Oakland Schools","63150","Troy School District","00000","All Buildings","63","Oakland","LEA District","Elem thru High School","City: Small","Oakland Region","5","07","Mathematics","White, not of Hispanic origin","21","56","71","14.20","37.80","48.00","148","36.90"
"20 - 21 School Year","63","Oakland Schools","63150","Troy School District","00000","All Buildings","63","Oakland","LEA District","Elem thru High School","City: Small","Oakland Region","5","07","Mathematics","Hispanic","< 10","< 10","< 10","< 10","< 10","< 10","< 10","< 10"
"20 - 21 School Year","63","Oakland Schools","63150","Troy School District","00000","All Buildings","63","Oakland","LEA District","Elem thru High School","City: Small","Oakland Region","5","07","Mathematics","Black, not of Hispanic origin","< 10","< 10","< 10","< 10","< 10","< 10","< 10","< 10"
"20 - 21 School Year","63","Oakland Schools","63150","Troy School District","00000","All Buildings","63","Oakland","LEA District","Elem thru High School","City: Small","Oakland Region","5","07","Mathematics","American Indian or Alaska Native","< 10","< 10","< 10","< 10","< 10","< 10","< 10","< 10"
"20 - 21 School Year","63","Oakland Schools","63150","Troy School District","00000","All Buildings","63","Oakland","LEA District","Elem thru High School","City: Small","Oakland Region","5","07","Mathematics","Not Economically Disadvantaged","92","132","115","27.10","38.90","33.90","339","47.90"
"20 - 21 School Year","63","Oakland Schools","63150","Troy School District","00000","All Buildings","63","Oakland","LEA District","Elem thru High School","City: Small","Oakland Region","5","07","Mathematics","Economically Disadvantaged","< 10","< 10","< 10","17.60","29.40","52.90","17","38.00"
"20 - 21 School Year","63","Oakland Schools","63150","Troy School District","00000","All Buildings","63","Oakland","LEA District","Elem thru High School","City: Small","Oakland Region","5","07","Mathematics","All Students","95","137","124","26.70","38.50","34.80","356","47.40"
"20 - 21 School Year","63","Oakland Schools","63150","Troy School District","00000","All Buildings","63","Oakland","LEA District","Elem thru High School","City: Small","Oakland Region","5","All Grades","Mathematics","Not Migrant","750","904","885","29.50","35.60","34.90","2539","48.30"
"20 - 21 School Year","63","Oakland Schools","63150","Troy School District","00000","All Buildings","63","Oakland","LEA District","Elem thru High School","City: Small","Oakland Region","5","07","Mathematics","Not Migrant","95","137","124","26.70","38.50","34.80","356","47.40"
"20 - 21 School Year","63","Oakland Schools","63150","Troy School District","00000","All Buildings","63","Oakland","LEA District","Elem thru High School","City: Small","Oakland Region","5","11","Social Studies","Not Economically Disadvantaged","33","46","24","32.00","44.70","23.30","103","54.70"
"20 - 21 School Year","63","Oakland Schools","63150","Troy School District","00000","All Buildings","63","Oakland","LEA District","Elem thru High School","City: Small","Oakland Region","5","11","Social Studies","Economically Disadvantaged","< 10","< 10","< 10","9.10","54.50","36.40","11","37.30"
"20 - 21 School Year","63","Oakland Schools","63150","Troy School District","00000","All Buildings","63","Oakland","LEA District","Elem thru High School","City: Small","Oakland Region","5","11","Social Studies","All Students","34","52","28","29.80","45.60","24.60","114","53.00"
"20 - 21 School Year","63","Oakland Schools","63150","Troy School District","00000","All Buildings","63","Oakland","LEA District","Elem thru High School","City: Small","Oakland Region","5","11","Science","Not Migrant","< 10","< 10","< 10","< 10","< 10","< 10","< 10","< 10"
"20 - 21 School Year","63","Oakland Schools","63150","Troy School District","00000","All Buildings","63","Oakland","LEA District","Elem thru High School","City: Small","Oakland Region","5","11","Science","Not English Learners","< 10","< 10","< 10","< 10","< 10","< 10","< 10","< 10"
"20 - 21 School Year","63","Oakland Schools","63150","Troy School District","00000","All Buildings","63","Oakland","LEA District","Elem thru High School","City: Small","Oakland Region","5","11","Science","Female","< 10","< 10","< 10","< 10","< 10","< 10","< 10","< 10"
"20 - 21 School Year","63","Oakland Schools","63150","Troy School District","00000","All Buildings","63","Oakland","LEA District","Elem thru High School","City: Small","Oakland Region","5","11","Science","White, not of Hispanic origin","< 10","< 10","< 10","< 10","< 10","< 10","< 10","< 10"
"20 - 21 School Year","63","Oakland Schools","63150","Troy School District","00000","All Buildings","63","Oakland","LEA District","Elem thru High School","City: Small","Oakland Region","5","11","Science","Not Economically Disadvantaged","< 10","< 10","< 10","< 10","< 10","< 10","< 10","< 10"
"20 - 21 School Year","63","Oakland Schools","63150","Troy School District","00000","All Buildings","63","Oakland","LEA District","Elem thru High School","City: Small","Oakland Region","5","11","Science","All Students","< 10","< 10","< 10","< 10","< 10","< 10","< 10","< 10"
"20 - 21 School Year","63","Oakland Schools","63150","Troy School District","00000","All Buildings","63","Oakland","LEA District","Elem thru High School","City: Small","Oakland Region","5","07","Science","Not Migrant","< 10","< 10","< 10","< 10","< 10","< 10","< 10","< 10"
"20 - 21 School Year","63","Oakland Schools","63150","Troy School District","00000","All Buildings","63","Oakland","LEA District","Elem thru High School","City: Small","Oakland Region","5","07","Science","Not English Learners","< 10","< 10","< 10","< 10","< 10","< 10","< 10","< 10"
"20 - 21 School Year","63","Oakland Schools","63150","Troy School District","00000","All Buildings","63","Oakland","LEA District","Elem thru High School","City: Small","Oakland Region","5","07","Science","Female","< 10","< 10","< 10","< 10","< 10","< 10","< 10","< 10"
"20 - 21 School Year","63","Oakland Schools","63150","Troy School District","00000","All Buildings","63","Oakland","LEA District","Elem thru High School","City: Small","Oakland Region","5","07","Science","Male","< 10","< 10","< 10","< 10","< 10","< 10","< 10","< 10"
"20 - 21 School Year","63","Oakland Schools","63150","Troy School District","00000","All Buildings","63","Oakland","LEA District","Elem thru High School","City: Small","Oakland Region","5","07","Science","Asian","< 10","< 10","< 10","< 10","< 10","< 10","< 10","< 10"
"20 - 21 School Year","63","Oakland Schools","63150","Troy School District","00000","All Buildings","63","Oakland","LEA District","Elem thru High School","City: Small","Oakland Region","5","07","Science","White, not of Hispanic origin","< 10","< 10","< 10","< 10","< 10","< 10","< 10","< 10"
"20 - 21 School Year","63","Oakland Schools","63150","Troy School District","00000","All Buildings","63","Oakland","LEA District","Elem thru High School","City: Small","Oakland Region","5","07","Science","Not Economically Disadvantaged","< 10","< 10","< 10","< 10","< 10","< 10","< 10","< 10"
"20 - 21 School Year","63","Oakland Schools","63150","Troy School District","00000","All Buildings","63","Oakland","LEA District","Elem thru High School","City: Small","Oakland Region","5","07","Science","Economically Disadvantaged","< 10","< 10","< 10","< 10","< 10","< 10","< 10","< 10"
"20 - 21 School Year","63","Oakland Schools","63150","Troy School District","00000","All Buildings","63","Oakland","LEA District","Elem thru High School","City: Small","Oakland Region","5","07","Science","All Students","< 10","< 10","< 10","< 10","< 10","< 10","< 10","< 10"
"20 - 21 School Year","63","Oakland Schools","63150","Troy School District","00000","All Buildings","63","Oakland","LEA District","Elem thru High School","City: Small","Oakland Region","5","All Grades","Science","Not Migrant","< 10","< 10","< 10","< 10","< 10","< 10","< 10","< 10"
"20 - 21 School Year","63","Oakland Schools","63150","Troy School District","00000","All Buildings","63","Oakland","LEA District","Elem thru High School","City: Small","Oakland Region","5","All Grades","Science","Not English Learners","< 10","< 10","< 10","< 10","< 10","< 10","< 10","< 10"
"20 - 21 School Year","63","Oakland Schools","63150","Troy School District","00000","All Buildings","63","Oakland","LEA District","Elem thru High School","City: Small","Oakland Region","5","All Grades","Science","Female","< 10","< 10","< 10","< 10","< 10","< 10","< 10","< 10"
"20 - 21 School Year","63","Oakland Schools","63150","Troy School District","00000","All Buildings","63","Oakland","LEA District","Elem thru High School","City: Small","Oakland Region","5","All Grades","Science","Male","< 10","< 10","< 10","< 10","< 10","< 10","< 10","< 10"
"20 - 21 School Year","63","Oakland Schools","63150","Troy School District","00000","All Buildings","63","Oakland","LEA District","Elem thru High School","City: Small","Oakland Region","5","All Grades","Science","Asian","< 10","< 10","< 10","< 10","< 10","< 10","< 10","< 10"
"20 - 21 School Year","63","Oakland Schools","63150","Troy School District","00000","All Buildings","63","Oakland","LEA District","Elem thru High School","City: Small","Oakland Region","5","All Grades","Science","White, not of Hispanic origin","< 10","< 10","< 10","< 10","< 10","< 10","< 10","< 10"
"20 - 21 School Year","63","Oakland Schools","63150","Troy School District","00000","All Buildings","63","Oakland","LEA District","Elem thru High School","City: Small","Oakland Region","5","All Grades","Science","Not Economically Disadvantaged","< 10","< 10","< 10","< 10","< 10","< 10","< 10","< 10"
"20 - 21 School Year","63","Oakland Schools","63150","Troy School District","00000","All Buildings","63","Oakland","LEA District","Elem thru High School","City: Small","Oakland Region","5","All Grades","Science","Economically Disadvantaged","< 10","< 10","< 10","< 10","< 10","< 10","< 10","< 10"
"20 - 21 School Year","63","Oakland Schools","63150","Troy School District","00000","All Buildings","63","Oakland","LEA District","Elem thru High School","City: Small","Oakland Region","5","All Grades","Science","All Students","< 10","< 10","< 10","< 10","< 10","< 10","< 10","< 10"
"20 - 21 School Year","63","Oakland Schools","63150","Troy School District","00000","All Buildings","63","Oakland","LEA District","Elem thru High School","City: Small","Oakland Region","5","All Grades","Mathematics","Male","417","456","446","31.60","34.60","33.80","1319","49.30"
"20 - 21 School Year","63","Oakland Schools","63150","Troy School District","00000","All Buildings","63","Oakland","LEA District","Elem thru High School","City: Small","Oakland Region","5","All Grades","Mathematics","Asian","485","369","225","44.90","34.20","20.90","1079","59.90"
"20 - 21 School Year","63","Oakland Schools","63150","Troy School District","00000","All Buildings","63","Oakland","LEA District","Elem thru High School","City: Small","Oakland Region","5","All Grades","Mathematics","Two or More Races","19","34","33","22.10","39.50","38.40","86","43.90"
"20 - 21 School Year","63","Oakland Schools","63150","Troy School District","00000","All Buildings","63","Oakland","LEA District","Elem thru High School","City: Small","Oakland Region","5","All Grades","Mathematics","White, not of Hispanic origin","223","447","552","18.20","36.60","45.20","1222","39.70"
"20 - 21 School Year","63","Oakland Schools","63150","Troy School District","00000","All Buildings","63","Oakland","LEA District","Elem thru High School","City: Small","Oakland Region","5","All Grades","Mathematics","Hispanic","11","29","33","15.10","39.70","45.20","73","38.10"
"20 - 21 School Year","63","Oakland Schools","63150","Troy School District","00000","All Buildings","63","Oakland","LEA District","Elem thru High School","City: Small","Oakland Region","5","All Grades","Mathematics","Black, not of Hispanic origin","11","22","38","15.50","31.00","53.50","71","36.40"
"20 - 21 School Year","63","Oakland Schools","63150","Troy School District","00000","All Buildings","63","Oakland","LEA District","Elem thru High School","City: Small","Oakland Region","5","All Grades","Mathematics","American Indian or Alaska Native","< 10","< 10","< 10","< 10","< 10","< 10","< 10","< 10"
"20 - 21 School Year","63","Oakland Schools","63150","Troy School District","00000","All Buildings","63","Oakland","LEA District","Elem thru High School","City: Small","Oakland Region","5","All Grades","Mathematics","Native Hawaiian or Other Pacific Islander","< 10","< 10","< 10","< 10","< 10","< 10","< 10","< 10"
"20 - 21 School Year","63","Oakland Schools","63150","Troy School District","00000","All Buildings","63","Oakland","LEA District","Elem thru High School","City: Small","Oakland Region","5","All Grades","Mathematics","Not Economically Disadvantaged","706","823","802","30.30","35.30","34.40","2331","48.80"
"20 - 21 School Year","63","Oakland Schools","63150","Troy School District","00000","All Buildings","63","Oakland","LEA District","Elem thru High School","City: Small","Oakland Region","5","All Grades","Mathematics","Economically Disadvantaged","44","81","83","21.20","38.90","39.90","208","42.60"
"20 - 21 School Year","63","Oakland Schools","63150","Troy School District","00000","All Buildings","63","Oakland","LEA District","Elem thru High School","City: Small","Oakland Region","5","All Grades","Mathematics","All Students","750","904","885","29.50","35.60","34.90","2539","48.30"
"20 - 21 School Year","63","Oakland Schools","63150","Troy School District","00000","All Buildings","63","Oakland","LEA District","Elem thru High School","City: Small","Oakland Region","5","08","Mathematics","Not Migrant","145","149","257","26.30","27.00","46.60","551","41.10"
"20 - 21 School Year","63","Oakland Schools","63150","Troy School District","00000","All Buildings","63","Oakland","LEA District","Elem thru High School","City: Small","Oakland Region","5","08","Mathematics","Not English Learners","136","140","251","25.80","26.60","47.60","527","40.50"
"20 - 21 School Year","63","Oakland Schools","63150","Troy School District","00000","All Buildings","63","Oakland","LEA District","Elem thru High School","City: Small","Oakland Region","5","08","Mathematics","English Learners","< 10","< 10","< 10","37.50","37.50","25.00","24","53.90"
"20 - 21 School Year","63","Oakland Schools","63150","Troy School District","00000","All Buildings","63","Oakland","LEA District","Elem thru High School","City: Small","Oakland Region","5","08","Mathematics","Female","66","84","136","23.10","29.40","47.60","286","39.60"
"20 - 21 School Year","63","Oakland Schools","63150","Troy School District","00000","All Buildings","63","Oakland","LEA District","Elem thru High School","City: Small","Oakland Region","5","08","Mathematics","Male","79","65","121","29.80","24.50","45.70","265","42.70"
"20 - 21 School Year","63","Oakland Schools","63150","Troy School District","00000","All Buildings","63","Oakland","LEA District","Elem thru High School","City: Small","Oakland Region","5","All Grades","Social Studies","Two or More Races","< 10","12","< 10","30.00","60.00","10.00","20","56.50"
"20 - 21 School Year","63","Oakland Schools","63150","Troy School District","00000","All Buildings","63","Oakland","LEA District","Elem thru High School","City: Small","Oakland Region","5","All Grades","Social Studies","Asian","73","124","65","27.90","47.30","24.80","262","51.60"
"20 - 21 School Year","63","Oakland Schools","63150","Troy School District","00000","All Buildings","63","Oakland","LEA District","Elem thru High School","City: Small","Oakland Region","5","All Grades","Social Studies","Male","87","108","71","32.70","40.60","26.70","266","52.60"
"20 - 21 School Year","63","Oakland Schools","63150","Troy School District","00000","All Buildings","63","Oakland","LEA District","Elem thru High School","City: Small","Oakland Region","5","11","Social Studies","Asian","12","20","13","26.70","44.40","28.90","45","50.20"
"20 - 21 School Year","63","Oakland Schools","63150","Troy School District","00000","All Buildings","63","Oakland","LEA District","Elem thru High School","City: Small","Oakland Region","5","11","Social Studies","Male","18","26","15","30.50","44.10","25.40","59","54.30"
"20 - 21 School Year","63","Oakland Schools","63150","Troy School District","00000","All Buildings","63","Oakland","LEA District","Elem thru High School","City: Small","Oakland Region","5","11","Social Studies","Female","16","26","13","29.10","47.30","23.60","55","51.70"
"20 - 21 School Year","63","Oakland Schools","63150","Troy School District","00000","All Buildings","63","Oakland","LEA District","Elem thru High School","City: Small","Oakland Region","5","11","Social Studies","English Learners","< 10","< 10","< 10","< 10","< 10","< 10","< 10","< 10"
"20 - 21 School Year","63","Oakland Schools","63150","Troy School District","00000","All Buildings","63","Oakland","LEA District","Elem thru High School","City: Small","Oakland Region","5","11","Social Studies","Not English Learners","33","49","26","30.60","45.40","24.10","108","53.30"
"20 - 21 School Year","63","Oakland Schools","63150","Troy School District","00000","All Buildings","63","Oakland","LEA District","Elem thru High School","City: Small","Oakland Region","5","11","Social Studies","Not Migrant","34","52","28","29.80","45.60","24.60","114","53.00"
"20 - 21 School Year","63","Oakland Schools","63150","Troy School District","00000","All Buildings","63","Oakland","LEA District","Elem thru High School","City: Small","Oakland Region","5","07","Mathematics","Students without Disabilities","92","132","117","27.00","38.70","34.30","341","47.80"
"20 - 21 School Year","63","Oakland Schools","63150","Troy School District","00000","All Buildings","63","Oakland","LEA District","Elem thru High School","City: Small","Oakland Region","5","05","Mathematics","Students without Disabilities","141","228","210","24.40","39.40","36.30","579","44.90"
"20 - 21 School Year","63","Oakland Schools","63150","Troy School District","00000","All Buildings","63","Oakland","LEA District","Elem thru High School","City: Small","Oakland Region","5","08","Mathematics","Students without Disabilities","144","144","241","27.20","27.20","45.60","529","42.00"
"20 - 21 School Year","63","Oakland Schools","63150","Troy School District","00000","All Buildings","63","Oakland","LEA District","Elem thru High School","City: Small","Oakland Region","5","All Grades","Mathematics","Students without Disabilities","722","862","830","29.90","35.70","34.40","2414","48.60"
"20 - 21 School Year","63","Oakland Schools","63150","Troy School District","00000","All Buildings","63","Oakland","LEA District","Elem thru High School","City: Small","Oakland Region","5","11","Social Studies","Students without Disabilities","32","49","27","29.60","45.40","25.00","108","53.00"
"20 - 21 School Year","63","Oakland Schools","63150","Troy School District","00000","All Buildings","63","Oakland","LEA District","Elem thru High School","City: Small","Oakland Region","5","All Grades","Social Studies","Students without Disabilities","130","220","144","26.30","44.50","29.10","494","49.10"
"20 - 21 School Year","63","Oakland Schools","63150","Troy School District","00000","All Buildings","63","Oakland","LEA District","Elem thru High School","City: Small","Oakland Region","5","All Grades","Social Studies","White, not of Hispanic origin","51","86","76","23.90","40.40","35.70","213","45.50"
"20 - 21 School Year","63","Oakland Schools","63150","Troy School District","00000","All Buildings","63","Oakland","LEA District","Elem thru High School","City: Small","Oakland Region","5","All Grades","Social Studies","Hispanic","< 10","< 10","< 10","45.50","27.30","27.30","11","56.70"
"20 - 21 School Year","63","Oakland Schools","63150","Troy School District","00000","All Buildings","63","Oakland","LEA District","Elem thru High School","City: Small","Oakland Region","5","All Grades","Social Studies","Black, not of Hispanic origin","< 10","< 10","< 10","< 10","< 10","< 10","< 10","< 10"
"20 - 21 School Year","63","Oakland Schools","63150","Troy School District","00000","All Buildings","63","Oakland","LEA District","Elem thru High School","City: Small","Oakland Region","5","All Grades","Social Studies","Not Economically Disadvantaged","126","216","141","26.10","44.70","29.20","483","49.10"
"20 - 21 School Year","63","Oakland Schools","63150","Troy School District","00000","All Buildings","63","Oakland","LEA District","Elem thru High School","City: Small","Oakland Region","5","All Grades","Social Studies","Economically Disadvantaged","10","12","< 10","32.30","38.70","29.00","31","49.40"
"20 - 21 School Year","63","Oakland Schools","63150","Troy School District","00000","All Buildings","63","Oakland","LEA District","Elem thru High School","City: Small","Oakland Region","5","All Grades","Social Studies","All Students","136","228","150","26.50","44.40","29.20","514","49.10"
"20 - 21 School Year","63","Oakland Schools","63150","Troy School District","00000","All Buildings","63","Oakland","LEA District","Elem thru High School","City: Small","Oakland Region","5","All Grades","Social Studies","Not Migrant","136","228","150","26.50","44.40","29.20","514","49.10"
"20 - 21 School Year","63","Oakland Schools","63150","Troy School District","00000","All Buildings","63","Oakland","LEA District","Elem thru High School","City: Small","Oakland Region","5","All Grades","Social Studies","Not English Learners","131","218","146","26.50","44.00","29.50","495","49.00"
"20 - 21 School Year","63","Oakland Schools","63150","Troy School District","00000","All Buildings","63","Oakland","LEA District","Elem thru High School","City: Small","Oakland Region","5","All Grades","Social Studies","English Learners","< 10","10","< 10","26.30","52.60","21.10","19","51.90"
"20 - 21 School Year","63","Oakland Schools","63150","Troy School District","00000","All Buildings","63","Oakland","LEA District","Elem thru High School","City: Small","Oakland Region","5","All Grades","Social Studies","Female","49","120","79","19.80","48.40","31.90","248","45.30"
"20 - 21 School Year","63","Oakland Schools","63150","Troy School District","00000","All Buildings","63","Oakland","LEA District","Elem thru High School","City: Small","Oakland Region","5","11","Social Studies","Two or More Races","< 10","< 10","< 10","< 10","< 10","< 10","< 10","< 10"
"20 - 21 School Year","63","Oakland Schools","63150","Troy School District","00000","All Buildings","63","Oakland","LEA District","Elem thru High School","City: Small","Oakland Region","5","11","Social Studies","White, not of Hispanic origin","16","23","14","30.20","43.40","26.40","53","51.70"
"20 - 21 School Year","63","Oakland Schools","63150","Troy School District","00000","All Buildings","63","Oakland","LEA District","Elem thru High School","City: Small","Oakland Region","5","11","Social Studies","Hispanic","< 10","< 10","< 10","< 10","< 10","< 10","< 10","< 10"
"20 - 21 School Year","63","Oakland Schools","63150","Troy School District","00000","All Buildings","63","Oakland","LEA District","Elem thru High School","City: Small","Oakland Region","5","11","Social Studies","Black, not of Hispanic origin","< 10","< 10","< 10","< 10","< 10","< 10","< 10","< 10"
"20 - 21 School Year","63","Oakland Schools","63150","Troy School District","00000","All Buildings","63","Oakland","LEA District","Elem thru High School","City: Small","Oakland Region","5","11","English Language Arts","Students without Disabilities","368","190","92","56.60","29.20","14.20","650","68.10"
"20 - 21 School Year","63","Oakland Schools","63150","Troy School District","00000","All Buildings","63","Oakland","LEA District","Elem thru High School","City: Small","Oakland Region","5","05","English Language Arts","Students without Disabilities","161","203","213","27.90","35.20","36.90","577","46.30"
"20 - 21 School Year","63","Oakland Schools","63150","Troy School District","00000","All Buildings","63","Oakland","LEA District","Elem thru High School","City: Small","Oakland Region","5","07","English Language Arts","Students without Disabilities","84","148","103","25.10","44.20","30.70","335","47.80"
"20 - 21 School Year","63","Oakland Schools","63150","Troy School District","00000","All Buildings","63","Oakland","LEA District","Elem thru High School","City: Small","Oakland Region","5","06","English Language Arts","Students without Disabilities","40","120","141","13.30","39.90","46.80","301","36.60"
"20 - 21 School Year","63","Oakland Schools","63150","Troy School District","00000","All Buildings","63","Oakland","LEA District","Elem thru High School","City: Small","Oakland Region","5","08","Social Studies","Not Migrant","102","176","122","25.50","44.00","30.50","400","48.00"
"20 - 21 School Year","63","Oakland Schools","63150","Troy School District","00000","All Buildings","63","Oakland","LEA District","Elem thru High School","City: Small","Oakland Region","5","08","Social Studies","All Students","102","176","122","25.50","44.00","30.50","400","48.00"
"20 - 21 School Year","63","Oakland Schools","63150","Troy School District","00000","All Buildings","63","Oakland","LEA District","Elem thru High School","City: Small","Oakland Region","5","08","Social Studies","Economically Disadvantaged","< 10","< 10","< 10","45.00","30.00","25.00","20","56.10"
"20 - 21 School Year","63","Oakland Schools","63150","Troy School District","00000","All Buildings","63","Oakland","LEA District","Elem thru High School","City: Small","Oakland Region","5","08","Social Studies","Not Economically Disadvantaged","93","170","117","24.50","44.70","30.80","380","47.60"
"20 - 21 School Year","63","Oakland Schools","63150","Troy School District","00000","All Buildings","63","Oakland","LEA District","Elem thru High School","City: Small","Oakland Region","5","08","Social Studies","Black, not of Hispanic origin","< 10","< 10","< 10","< 10","< 10","< 10","< 10","< 10"
"20 - 21 School Year","63","Oakland Schools","63150","Troy School District","00000","All Buildings","63","Oakland","LEA District","Elem thru High School","City: Small","Oakland Region","5","08","Social Studies","Hispanic","< 10","< 10","< 10","< 10","< 10","< 10","< 10","< 10"
"20 - 21 School Year","63","Oakland Schools","63150","Troy School District","00000","All Buildings","63","Oakland","LEA District","Elem thru High School","City: Small","Oakland Region","5","08","Social Studies","White, not of Hispanic origin","35","63","62","21.90","39.40","38.80","160","43.40"
"20 - 21 School Year","63","Oakland Schools","63150","Troy School District","00000","All Buildings","63","Oakland","LEA District","Elem thru High School","City: Small","Oakland Region","5","08","Social Studies","Two or More Races","< 10","< 10","< 10","27.30","54.50","18.20","11","47.60"
"20 - 21 School Year","63","Oakland Schools","63150","Troy School District","00000","All Buildings","63","Oakland","LEA District","Elem thru High School","City: Small","Oakland Region","5","08","Social Studies","Asian","61","104","52","28.10","47.90","24.00","217","51.90"
"20 - 21 School Year","63","Oakland Schools","63150","Troy School District","00000","All Buildings","63","Oakland","LEA District","Elem thru High School","City: Small","Oakland Region","5","08","Social Studies","Male","69","82","56","33.30","39.60","27.10","207","52.20"
"20 - 21 School Year","63","Oakland Schools","63150","Troy School District","00000","All Buildings","63","Oakland","LEA District","Elem thru High School","City: Small","Oakland Region","5","08","Social Studies","Female","33","94","66","17.10","48.70","34.20","193","43.50"
"20 - 21 School Year","63","Oakland Schools","63150","Troy School District","00000","All Buildings","63","Oakland","LEA District","Elem thru High School","City: Small","Oakland Region","5","08","Social Studies","Not English Learners","98","169","120","25.30","43.70","31.00","387","47.80"
"20 - 21 School Year","63","Oakland Schools","63150","Troy School District","00000","All Buildings","63","Oakland","LEA District","Elem thru High School","City: Small","Oakland Region","5","08","Social Studies","English Learners","< 10","< 10","< 10","30.80","53.80","15.40","13","53.20"
"20 - 21 School Year","63","Oakland Schools","63150","Troy School District","00000","All Buildings","63","Oakland","LEA District","Elem thru High School","City: Small","Oakland Region","5","08","Social Studies","Students with Disabilities","< 10","< 10","< 10","28.60","35.70","35.70","14","47.20"
"20 - 21 School Year","63","Oakland Schools","63150","Troy School District","00000","All Buildings","63","Oakland","LEA District","Elem thru High School","City: Small","Oakland Region","5","08","English Language Arts","Students with Disabilities","< 10","< 10","< 10","31.80","31.80","36.40","22","46.10"
"20 - 21 School Year","63","Oakland Schools","63150","Troy School District","00000","All Buildings","63","Oakland","LEA District","Elem thru High School","City: Small","Oakland Region","5","All Grades","English Language Arts","Students with Disabilities","43","45","38","34.10","35.70","30.20","126","52.10"
"20 - 21 School Year","63","Oakland Schools","63150","Troy School District","00000","All Buildings","63","Oakland","LEA District","Elem thru High School","City: Small","Oakland Region","5","05","English Language Arts","Students with Disabilities","< 10","17","20","17.80","37.80","44.40","45","40.80"
"20 - 21 School Year","63","Oakland Schools","63150","Troy School District","00000","All Buildings","63","Oakland","LEA District","Elem thru High School","City: Small","Oakland Region","5","07","English Language Arts","Students with Disabilities","< 10","< 10","< 10","40.00","26.70","33.30","15","50.90"
"20 - 21 School Year","63","Oakland Schools","63150","Troy School District","00174","Baker Middle School","63","Oakland","LEA School","Middle School","City: Small","Oakland Region","5","All Grades","English Language Arts","Students without Disabilities","63","94","72","27.50","41.00","31.40","229","48.90"
"20 - 21 School Year","63","Oakland Schools","63150","Troy School District","00174","Baker Middle School","63","Oakland","LEA School","Middle School","City: Small","Oakland Region","5","All Grades","Social Studies","Students with Disabilities","< 10","< 10","< 10","< 10","< 10","< 10","< 10","< 10"
"20 - 21 School Year","63","Oakland Schools","63150","Troy School District","00174","Baker Middle School","63","Oakland","LEA School","Middle School","City: Small","Oakland Region","5","08","Social Studies","Students with Disabilities","< 10","< 10","< 10","< 10","< 10","< 10","< 10","< 10"
"20 - 21 School Year","63","Oakland Schools","63150","Troy School District","00174","Baker Middle School","63","Oakland","LEA School","Middle School","City: Small","Oakland Region","5","06","Mathematics","Students with Disabilities","< 10","< 10","< 10","< 10","< 10","< 10","< 10","< 10"
"20 - 21 School Year","63","Oakland Schools","63150","Troy School District","00174","Baker Middle School","63","Oakland","LEA School","Middle School","City: Small","Oakland Region","5","07","Mathematics","Students with Disabilities","< 10","< 10","< 10","< 10","< 10","< 10","< 10","< 10"
"20 - 21 School Year","63","Oakland Schools","63150","Troy School District","00174","Baker Middle School","63","Oakland","LEA School","Middle School","City: Small","Oakland Region","5","08","Mathematics","Students with Disabilities","< 10","< 10","< 10","< 10","< 10","< 10","< 10","< 10"
"20 - 21 School Year","63","Oakland Schools","63150","Troy School District","00174","Baker Middle School","63","Oakland","LEA School","Middle School","City: Small","Oakland Region","5","All Grades","Mathematics","Students with Disabilities","< 10","< 10","< 10","< 5","40.00","60.00","10","26.90"
"20 - 21 School Year","63","Oakland Schools","63150","Troy School District","00174","Baker Middle School","63","Oakland","LEA School","Middle School","City: Small","Oakland Region","5","All Grades","English Language Arts","All Students","68","97","74","28.50","40.60","31.00","239","49.10"
"20 - 21 School Year","63","Oakland Schools","63150","Troy School District","00174","Baker Middle School","63","Oakland","LEA School","Middle School","City: Small","Oakland Region","5","All Grades","English Language Arts","Economically Disadvantaged","< 10","12","< 10","24.00","48.00","28.00","25","48.50"
"20 - 21 School Year","63","Oakland Schools","63150","Troy School District","00174","Baker Middle School","63","Oakland","LEA School","Middle School","City: Small","Oakland Region","5","All Grades","English Language Arts","Not Economically Disadvantaged","62","85","67","29.00","39.70","31.30","214","49.20"
"20 - 21 School Year","63","Oakland Schools","63150","Troy School District","00174","Baker Middle School","63","Oakland","LEA School","Middle School","City: Small","Oakland Region","5","All Grades","English Language Arts","Black, not of Hispanic origin","< 10","< 10","< 10","27.30","36.40","36.40","11","44.40"
"20 - 21 School Year","63","Oakland Schools","63150","Troy School District","00174","Baker Middle School","63","Oakland","LEA School","Middle School","City: Small","Oakland Region","5","All Grades","English Language Arts","Hispanic","< 10","< 10","< 10","< 10","< 10","< 10","< 10","< 10"
"20 - 21 School Year","63","Oakland Schools","63150","Troy School District","00174","Baker Middle School","63","Oakland","LEA School","Middle School","City: Small","Oakland Region","5","All Grades","English Language Arts","White, not of Hispanic origin","21","47","35","20.40","45.60","34.00","103","46.40"
"20 - 21 School Year","63","Oakland Schools","63150","Troy School District","00174","Baker Middle School","63","Oakland","LEA School","Middle School","City: Small","Oakland Region","5","All Grades","English Language Arts","Two or More Races","< 10","< 10","< 10","< 10","< 10","< 10","< 10","< 10"
"20 - 21 School Year","63","Oakland Schools","63150","Troy School District","00174","Baker Middle School","63","Oakland","LEA School","Middle School","City: Small","Oakland Region","5","All Grades","English Language Arts","Asian","39","43","31","34.50","38.10","27.40","113","52.00"
"20 - 21 School Year","63","Oakland Schools","63150","Troy School District","00174","Baker Middle School","63","Oakland","LEA School","Middle School","City: Small","Oakland Region","5","All Grades","English Language Arts","Male","40","50","36","31.70","39.70","28.60","126","49.80"
"20 - 21 School Year","63","Oakland Schools","63150","Troy School District","00174","Baker Middle School","63","Oakland","LEA School","Middle School","City: Small","Oakland Region","5","All Grades","Social Studies","Students without Disabilities","25","32","21","32.10","41.00","26.90","78","52.50"
"20 - 21 School Year","63","Oakland Schools","63150","Troy School District","00174","Baker Middle School","63","Oakland","LEA School","Middle School","City: Small","Oakland Region","5","08","Social Studies","Students without Disabilities","25","32","21","32.10","41.00","26.90","78","52.50"
"20 - 21 School Year","63","Oakland Schools","63150","Troy School District","00174","Baker Middle School","63","Oakland","LEA School","Middle School","City: Small","Oakland Region","5","All Grades","Mathematics","Students without Disabilities","42","83","106","18.20","35.90","45.90","231","37.80"
"20 - 21 School Year","63","Oakland Schools","63150","Troy School District","00174","Baker Middle School","63","Oakland","LEA School","Middle School","City: Small","Oakland Region","5","06","Mathematics","Students without Disabilities","< 10","22","21","14.00","44.00","42.00","50","36.90"
"20 - 21 School Year","63","Oakland Schools","63150","Troy School District","00174","Baker Middle School","63","Oakland","LEA School","Middle School","City: Small","Oakland Region","5","07","Mathematics","Students without Disabilities","11","30","25","16.70","45.50","37.90","66","41.10"
"20 - 21 School Year","63","Oakland Schools","63150","Troy School District","00174","Baker Middle School","63","Oakland","LEA School","Middle School","City: Small","Oakland Region","5","07","English Language Arts","Asian","12","< 10","< 10","40.00","30.00","30.00","30","54.90"
"20 - 21 School Year","63","Oakland Schools","63150","Troy School District","00174","Baker Middle School","63","Oakland","LEA School","Middle School","City: Small","Oakland Region","5","07","English Language Arts","Male","12","16","< 10","32.40","43.20","24.30","37","54.10"
"20 - 21 School Year","63","Oakland Schools","63150","Troy School District","00174","Baker Middle School","63","Oakland","LEA School","Middle School","City: Small","Oakland Region","5","07","English Language Arts","Female","10","13","< 10","32.30","41.90","25.80","31","54.20"
"20 - 21 School Year","63","Oakland Schools","63150","Troy School District","00174","Baker Middle School","63","Oakland","LEA School","Middle School","City: Small","Oakland Region","5","08","Mathematics","Students without Disabilities","24","31","60","20.90","27.00","52.20","115","36.30"
"20 - 21 School Year","63","Oakland Schools","63150","Troy School District","00174","Baker Middle School","63","Oakland","LEA School","Middle School","City: Small","Oakland Region","5","06","English Language Arts","Male","< 10","14","12","13.30","46.70","40.00","30","36.70"
"20 - 21 School Year","63","Oakland Schools","63150","Troy School District","00174","Baker Middle School","63","Oakland","LEA School","Middle School","City: Small","Oakland Region","5","06","English Language Arts","Female","< 10","10","< 10","10.00","50.00","40.00","20","41.50"
"20 - 21 School Year","63","Oakland Schools","63150","Troy School District","00174","Baker Middle School","63","Oakland","LEA School","Middle School","City: Small","Oakland Region","5","06","English Language Arts","Not English Learners","< 10","24","20","12.00","48.00","40.00","50","38.60"
"20 - 21 School Year","63","Oakland Schools","63150","Troy School District","00174","Baker Middle School","63","Oakland","LEA School","Middle School","City: Small","Oakland Region","5","06","English Language Arts","Not Migrant","< 10","24","20","12.00","48.00","40.00","50","38.60"
"20 - 21 School Year","63","Oakland Schools","63150","Troy School District","00174","Baker Middle School","63","Oakland","LEA School","Middle School","City: Small","Oakland Region","5","07","English Language Arts","All Students","22","29","17","32.40","42.60","25.00","68","54.10"
"20 - 21 School Year","63","Oakland Schools","63150","Troy School District","00174","Baker Middle School","63","Oakland","LEA School","Middle School","City: Small","Oakland Region","5","07","English Language Arts","Economically Disadvantaged","< 10","< 10","< 10","< 10","< 10","< 10","< 10","< 10"
"20 - 21 School Year","63","Oakland Schools","63150","Troy School District","00174","Baker Middle School","63","Oakland","LEA School","Middle School","City: Small","Oakland Region","5","07","English Language Arts","Not Economically Disadvantaged","20","26","15","32.80","42.60","24.60","61","54.10"
"20 - 21 School Year","63","Oakland Schools","63150","Troy School District","00174","Baker Middle School","63","Oakland","LEA School","Middle School","City: Small","Oakland Region","5","07","English Language Arts","Black, not of Hispanic origin","< 10","< 10","< 10","< 10","< 10","< 10","< 10","< 10"
"20 - 21 School Year","63","Oakland Schools","63150","Troy School District","00174","Baker Middle School","63","Oakland","LEA School","Middle School","City: Small","Oakland Region","5","07","English Language Arts","White, not of Hispanic origin","< 10","19","< 10","18.80","59.40","21.90","32","50.30"
"20 - 21 School Year","63","Oakland Schools","63150","Troy School District","00174","Baker Middle School","63","Oakland","LEA School","Middle School","City: Small","Oakland Region","5","07","English Language Arts","Two or More Races","< 10","< 10","< 10","< 10","< 10","< 10","< 10","< 10"
"20 - 21 School Year","63","Oakland Schools","63150","Troy School District","00174","Baker Middle School","63","Oakland","LEA School","Middle School","City: Small","Oakland Region","5","08","English Language Arts","All Students","40","44","37","33.10","36.40","30.60","121","50.70"
"20 - 21 School Year","63","Oakland Schools","63150","Troy School District","00174","Baker Middle School","63","Oakland","LEA School","Middle School","City: Small","Oakland Region","5","08","English Language Arts","Economically Disadvantaged","< 10","< 10","< 10","20.00","53.30","26.70","15","43.80"
"20 - 21 School Year","63","Oakland Schools","63150","Troy School District","00174","Baker Middle School","63","Oakland","LEA School","Middle School","City: Small","Oakland Region","5","08","English Language Arts","Not Economically Disadvantaged","37","36","33","34.90","34.00","31.10","106","51.60"
"20 - 21 School Year","63","Oakland Schools","63150","Troy School District","00174","Baker Middle School","63","Oakland","LEA School","Middle School","City: Small","Oakland Region","5","06","English Language Arts","Not Economically Disadvantaged","< 10","23","19","10.60","48.90","40.40","47","37.40"
"20 - 21 School Year","63","Oakland Schools","63150","Troy School District","00174","Baker Middle School","63","Oakland","LEA School","Middle School","City: Small","Oakland Region","5","06","English Language Arts","Economically Disadvantaged","< 10","< 10","< 10","< 10","< 10","< 10","< 10","< 10"
"20 - 21 School Year","63","Oakland Schools","63150","Troy School District","00174","Baker Middle School","63","Oakland","LEA School","Middle School","City: Small","Oakland Region","5","07","English Language Arts","English Learners","< 10","< 10","< 10","< 10","< 10","< 10","< 10","< 10"
"20 - 21 School Year","63","Oakland Schools","63150","Troy School District","00174","Baker Middle School","63","Oakland","LEA School","Middle School","City: Small","Oakland Region","5","07","English Language Arts","Not English Learners","20","28","16","31.30","43.80","25.00","64","54.20"
"20 - 21 School Year","63","Oakland Schools","63150","Troy School District","00174","Baker Middle School","63","Oakland","LEA School","Middle School","City: Small","Oakland Region","5","07","English Language Arts","Not Migrant","22","29","17","32.40","42.60","25.00","68","54.10"
"20 - 21 School Year","63","Oakland Schools","63150","Troy School District","00174","Baker Middle School","63","Oakland","LEA School","Middle School","City: Small","Oakland Region","5","08","English Language Arts","Black, not of Hispanic origin","< 10","< 10","< 10","< 10","< 10","< 10","< 10","< 10"
"20 - 21 School Year","63","Oakland Schools","63150","Troy School District","00174","Baker Middle School","63","Oakland","LEA School","Middle School","City: Small","Oakland Region","5","08","English Language Arts","Hispanic","< 10","< 10","< 10","< 10","< 10","< 10","< 10","< 10"
"20 - 21 School Year","63","Oakland Schools","63150","Troy School District","00174","Baker Middle School","63","Oakland","LEA School","Middle School","City: Small","Oakland Region","5","08","English Language Arts","White, not of Hispanic origin","12","23","19","22.20","42.60","35.20","54","46.10"
"20 - 21 School Year","63","Oakland Schools","63150","Troy School District","00174","Baker Middle School","63","Oakland","LEA School","Middle School","City: Small","Oakland Region","5","06","English Language Arts","All Students","< 10","24","20","12.00","48.00","40.00","50","38.60"
"20 - 21 School Year","63","Oakland Schools","63150","Troy School District","00174","Baker Middle School","63","Oakland","LEA School","Middle School","City: Small","Oakland Region","5","08","English Language Arts","Two or More Races","< 10","< 10","< 10","< 10","< 10","< 10","< 10","< 10"
"20 - 21 School Year","63","Oakland Schools","63150","Troy School District","00174","Baker Middle School","63","Oakland","LEA School","Middle School","City: Small","Oakland Region","5","06","English Language Arts","Students with Disabilities","< 10","< 10","< 10","< 10","< 10","< 10","< 10","< 10"
"20 - 21 School Year","63","Oakland Schools","63150","Troy School District","00174","Baker Middle School","63","Oakland","LEA School","Middle School","City: Small","Oakland Region","5","08","English Language Arts","Asian","24","19","13","42.90","33.90","23.20","56","56.60"
"20 - 21 School Year","63","Oakland Schools","63150","Troy School District","00174","Baker Middle School","63","Oakland","LEA School","Middle School","City: Small","Oakland Region","5","07","English Language Arts","Students with Disabilities","< 10","< 10","< 10","< 10","< 10","< 10","< 10","< 10"
"20 - 21 School Year","63","Oakland Schools","63150","Troy School District","00174","Baker Middle School","63","Oakland","LEA School","Middle School","City: Small","Oakland Region","5","08","English Language Arts","Male","24","20","15","40.70","33.90","25.40","59","53.90"
"20 - 21 School Year","63","Oakland Schools","63150","Troy School District","00174","Baker Middle School","63","Oakland","LEA School","Middle School","City: Small","Oakland Region","5","08","English Language Arts","Students with Disabilities","< 10","< 10","< 10","< 10","< 10","< 10","< 10","< 10"
"20 - 21 School Year","63","Oakland Schools","63150","Troy School District","00174","Baker Middle School","63","Oakland","LEA School","Middle School","City: Small","Oakland Region","5","08","English Language Arts","Not Migrant","40","44","37","33.10","36.40","30.60","121","50.70"
"20 - 21 School Year","63","Oakland Schools","63150","Troy School District","00174","Baker Middle School","63","Oakland","LEA School","Middle School","City: Small","Oakland Region","5","08","English Language Arts","Not English Learners","38","41","35","33.30","36.00","30.70","114","51.10"
"20 - 21 School Year","63","Oakland Schools","63150","Troy School District","00174","Baker Middle School","63","Oakland","LEA School","Middle School","City: Small","Oakland Region","5","08","English Language Arts","English Learners","< 10","< 10","< 10","< 10","< 10","< 10","< 10","< 10"
"20 - 21 School Year","63","Oakland Schools","63150","Troy School District","00174","Baker Middle School","63","Oakland","LEA School","Middle School","City: Small","Oakland Region","5","08","English Language Arts","Female","16","24","22","25.80","38.70","35.50","62","47.60"
"20 - 21 School Year","63","Oakland Schools","63150","Troy School District","00174","Baker Middle School","63","Oakland","LEA School","Middle School","City: Small","Oakland Region","5","06","English Language Arts","Asian","< 10","15","< 10","11.10","55.60","33.30","27","39.30"
"20 - 21 School Year","63","Oakland Schools","63150","Troy School District","00174","Baker Middle School","63","Oakland","LEA School","Middle School","City: Small","Oakland Region","5","06","English Language Arts","Two or More Races","< 10","< 10","< 10","< 10","< 10","< 10","< 10","< 10"
"20 - 21 School Year","63","Oakland Schools","63150","Troy School District","00174","Baker Middle School","63","Oakland","LEA School","Middle School","City: Small","Oakland Region","5","06","English Language Arts","White, not of Hispanic origin","< 10","< 10","< 10","17.60","29.40","52.90","17","39.80"
"20 - 21 School Year","63","Oakland Schools","63150","Troy School District","00174","Baker Middle School","63","Oakland","LEA School","Middle School","City: Small","Oakland Region","5","06","English Language Arts","Hispanic","< 10","< 10","< 10","< 10","< 10","< 10","< 10","< 10"
"20 - 21 School Year","63","Oakland Schools","63150","Troy School District","00174","Baker Middle School","63","Oakland","LEA School","Middle School","City: Small","Oakland Region","5","06","English Language Arts","Black, not of Hispanic origin","< 10","< 10","< 10","< 10","< 10","< 10","< 10","< 10"
"20 - 21 School Year","63","Oakland Schools","63150","Troy School District","00174","Baker Middle School","63","Oakland","LEA School","Middle School","City: Small","Oakland Region","5","All Grades","Mathematics","Asian","34","49","32","29.60","42.60","27.80","115","49.90"
"20 - 21 School Year","63","Oakland Schools","63150","Troy School District","00174","Baker Middle School","63","Oakland","LEA School","Middle School","City: Small","Oakland Region","5","All Grades","Mathematics","Male","26","45","56","20.50","35.40","44.10","127","39.30"
"20 - 21 School Year","63","Oakland Schools","63150","Troy School District","00174","Baker Middle School","63","Oakland","LEA School","Middle School","City: Small","Oakland Region","5","All Grades","Mathematics","Female","16","42","56","14.00","36.80","49.10","114","35.20"
"20 - 21 School Year","63","Oakland Schools","63150","Troy School District","00174","Baker Middle School","63","Oakland","LEA School","Middle School","City: Small","Oakland Region","5","All Grades","Mathematics","English Learners","< 10","< 10","< 10","30.80","30.80","38.50","13","46.80"
"20 - 21 School Year","63","Oakland Schools","63150","Troy School District","00174","Baker Middle School","63","Oakland","LEA School","Middle School","City: Small","Oakland Region","5","All Grades","English Language Arts","Not Migrant","68","97","74","28.50","40.60","31.00","239","49.10"
"20 - 21 School Year","63","Oakland Schools","63150","Troy School District","00174","Baker Middle School","63","Oakland","LEA School","Middle School","City: Small","Oakland Region","5","All Grades","English Language Arts","Not English Learners","64","93","71","28.10","40.80","31.10","228","49.20"
"20 - 21 School Year","63","Oakland Schools","63150","Troy School District","00174","Baker Middle School","63","Oakland","LEA School","Middle School","City: Small","Oakland Region","5","All Grades","English Language Arts","English Learners","< 10","< 10","< 10","36.40","36.40","27.30","11","47.10"
"20 - 21 School Year","63","Oakland Schools","63150","Troy School District","00174","Baker Middle School","63","Oakland","LEA School","Middle School","City: Small","Oakland Region","5","All Grades","English Language Arts","Female","28","47","38","24.80","41.60","33.60","113","48.30"
"20 - 21 School Year","63","Oakland Schools","63150","Troy School District","00174","Baker Middle School","63","Oakland","LEA School","Middle School","City: Small","Oakland Region","5","All Grades","Mathematics","Not English Learners","38","83","107","16.70","36.40","46.90","228","36.80"
"20 - 21 School Year","63","Oakland Schools","63150","Troy School District","00174","Baker Middle School","63","Oakland","LEA School","Middle School","City: Small","Oakland Region","5","All Grades","Mathematics","Not Migrant","42","87","112","17.40","36.10","46.50","241","37.40"
"20 - 21 School Year","63","Oakland Schools","63150","Troy School District","00174","Baker Middle School","63","Oakland","LEA School","Middle School","City: Small","Oakland Region","5","08","Mathematics","All Students","24","33","64","19.80","27.30","52.90","121","35.70"
"20 - 21 School Year","63","Oakland Schools","63150","Troy School District","00174","Baker Middle School","63","Oakland","LEA School","Middle School","City: Small","Oakland Region","5","08","Mathematics","Economically Disadvantaged","< 10","< 10","< 10","6.70","33.30","60.00","15","25.70"
"20 - 21 School Year","63","Oakland Schools","63150","Troy School District","00174","Baker Middle School","63","Oakland","LEA School","Middle School","City: Small","Oakland Region","5","08","Mathematics","Not Economically Disadvantaged","23","28","55","21.70","26.40","51.90","106","37.10"
"20 - 21 School Year","63","Oakland Schools","63150","Troy School District","00174","Baker Middle School","63","Oakland","LEA School","Middle School","City: Small","Oakland Region","5","08","Mathematics","Black, not of Hispanic origin","< 10","< 10","< 10","< 10","< 10","< 10","< 10","< 10"
"20 - 21 School Year","63","Oakland Schools","63150","Troy School District","00174","Baker Middle School","63","Oakland","LEA School","Middle School","City: Small","Oakland Region","5","08","Mathematics","Hispanic","< 10","< 10","< 10","< 10","< 10","< 10","< 10","< 10"
"20 - 21 School Year","63","Oakland Schools","63150","Troy School District","00174","Baker Middle School","63","Oakland","LEA School","Middle School","City: Small","Oakland Region","5","08","Mathematics","White, not of Hispanic origin","< 10","11","39","7.40","20.40","72.20","54","21.60"
"20 - 21 School Year","63","Oakland Schools","63150","Troy School District","00174","Baker Middle School","63","Oakland","LEA School","Middle School","City: Small","Oakland Region","5","08","Mathematics","Two or More Races","< 10","< 10","< 10","< 10","< 10","< 10","< 10","< 10"
"20 - 21 School Year","63","Oakland Schools","63150","Troy School District","00174","Baker Middle School","63","Oakland","LEA School","Middle School","City: Small","Oakland Region","5","08","Mathematics","Asian","20","20","16","35.70","35.70","28.60","56","52.90"
"20 - 21 School Year","63","Oakland Schools","63150","Troy School District","00174","Baker Middle School","63","Oakland","LEA School","Middle School","City: Small","Oakland Region","5","08","Mathematics","Male","15","15","29","25.40","25.40","49.20","59","39.80"
"20 - 21 School Year","63","Oakland Schools","63150","Troy School District","00174","Baker Middle School","63","Oakland","LEA School","Middle School","City: Small","Oakland Region","5","08","Mathematics","Female","< 10","18","35","14.50","29.00","56.50","62","31.80"
"20 - 21 School Year","63","Oakland Schools","63150","Troy School District","00174","Baker Middle School","63","Oakland","LEA School","Middle School","City: Small","Oakland Region","5","08","Mathematics","English Learners","< 10","< 10","< 10","< 10","< 10","< 10","< 10","< 10"
"20 - 21 School Year","63","Oakland Schools","63150","Troy School District","00174","Baker Middle School","63","Oakland","LEA School","Middle School","City: Small","Oakland Region","5","08","Mathematics","Not English Learners","22","30","62","19.30","26.30","54.40","114","35.00"
"20 - 21 School Year","63","Oakland Schools","63150","Troy School District","00174","Baker Middle School","63","Oakland","LEA School","Middle School","City: Small","Oakland Region","5","08","Mathematics","Not Migrant","24","33","64","19.80","27.30","52.90","121","35.70"
"20 - 21 School Year","63","Oakland Schools","63150","Troy School District","00174","Baker Middle School","63","Oakland","LEA School","Middle School","City: Small","Oakland Region","5","07","Mathematics","Not Migrant","11","31","26","16.20","45.60","38.20","68","40.60"
"20 - 21 School Year","63","Oakland Schools","63150","Troy School District","00174","Baker Middle School","63","Oakland","LEA School","Middle School","City: Small","Oakland Region","5","07","Mathematics","Not English Learners","11","30","23","17.20","46.90","35.90","64","41.80"
"20 - 21 School Year","63","Oakland Schools","63150","Troy School District","00174","Baker Middle School","63","Oakland","LEA School","Middle School","City: Small","Oakland Region","5","07","Mathematics","English Learners","< 10","< 10","< 10","< 10","< 10","< 10","< 10","< 10"
"20 - 21 School Year","63","Oakland Schools","63150","Troy School District","00174","Baker Middle School","63","Oakland","LEA School","Middle School","City: Small","Oakland Region","5","07","Mathematics","Female","< 10","13","13","16.10","41.90","41.90","31","38.20"
"20 - 21 School Year","63","Oakland Schools","63150","Troy School District","00174","Baker Middle School","63","Oakland","LEA School","Middle School","City: Small","Oakland Region","5","07","Mathematics","Male","< 10","18","13","16.20","48.60","35.10","37","42.70"
"20 - 21 School Year","63","Oakland Schools","63150","Troy School District","00174","Baker Middle School","63","Oakland","LEA School","Middle School","City: Small","Oakland Region","5","07","Mathematics","Asian","< 10","16","< 10","23.30","53.30","23.30","30","49.80"
"20 - 21 School Year","63","Oakland Schools","63150","Troy School District","00174","Baker Middle School","63","Oakland","LEA School","Middle School","City: Small","Oakland Region","5","07","Mathematics","Two or More Races","< 10","< 10","< 10","< 10","< 10","< 10","< 10","< 10"
"20 - 21 School Year","63","Oakland Schools","63150","Troy School District","00174","Baker Middle School","63","Oakland","LEA School","Middle School","City: Small","Oakland Region","5","07","Mathematics","White, not of Hispanic origin","< 10","15","15","6.30","46.90","46.90","32","33.50"
"20 - 21 School Year","63","Oakland Schools","63150","Troy School District","00174","Baker Middle School","63","Oakland","LEA School","Middle School","City: Small","Oakland Region","5","07","Mathematics","Black, not of Hispanic origin","< 10","< 10","< 10","< 10","< 10","< 10","< 10","< 10"
"20 - 21 School Year","63","Oakland Schools","63150","Troy School District","00174","Baker Middle School","63","Oakland","LEA School","Middle School","City: Small","Oakland Region","5","07","Mathematics","Not Economically Disadvantaged","10","29","22","16.40","47.50","36.10","61","41.40"
"20 - 21 School Year","63","Oakland Schools","63150","Troy School District","00174","Baker Middle School","63","Oakland","LEA School","Middle School","City: Small","Oakland Region","5","07","Mathematics","Economically Disadvantaged","< 10","< 10","< 10","< 10","< 10","< 10","< 10","< 10"
"20 - 21 School Year","63","Oakland Schools","63150","Troy School District","00174","Baker Middle School","63","Oakland","LEA School","Middle School","City: Small","Oakland Region","5","07","Mathematics","All Students","11","31","26","16.20","45.60","38.20","68","40.60"
"20 - 21 School Year","63","Oakland Schools","63150","Troy School District","00174","Baker Middle School","63","Oakland","LEA School","Middle School","City: Small","Oakland Region","5","All Grades","Mathematics","Hispanic","< 10","< 10","< 10","< 10","< 10","< 10","< 10","< 10"
"20 - 21 School Year","63","Oakland Schools","63150","Troy School District","00174","Baker Middle School","63","Oakland","LEA School","Middle School","City: Small","Oakland Region","5","All Grades","Mathematics","Black, not of Hispanic origin","< 10","< 10","< 10","< 5","18.20","81.80","11","18.80"
"20 - 21 School Year","63","Oakland Schools","63150","Troy School District","00174","Baker Middle School","63","Oakland","LEA School","Middle School","City: Small","Oakland Region","5","All Grades","Mathematics","Not Economically Disadvantaged","39","79","98","18.10","36.60","45.40","216","38.10"
"20 - 21 School Year","63","Oakland Schools","63150","Troy School District","00174","Baker Middle School","63","Oakland","LEA School","Middle School","City: Small","Oakland Region","5","All Grades","Mathematics","Economically Disadvantaged","< 10","< 10","14","12.00","32.00","56.00","25","31.20"
"20 - 21 School Year","63","Oakland Schools","63150","Troy School District","00174","Baker Middle School","63","Oakland","LEA School","Middle School","City: Small","Oakland Region","5","All Grades","Mathematics","All Students","42","87","112","17.40","36.10","46.50","241","37.40"
"20 - 21 School Year","63","Oakland Schools","63150","Troy School District","00174","Baker Middle School","63","Oakland","LEA School","Middle School","City: Small","Oakland Region","5","06","Mathematics","All Students","< 10","23","22","13.50","44.20","42.30","52","37.00"
"20 - 21 School Year","63","Oakland Schools","63150","Troy School District","00174","Baker Middle School","63","Oakland","LEA School","Middle School","City: Small","Oakland Region","5","06","Mathematics","Economically Disadvantaged","< 10","< 10","< 10","< 10","< 10","< 10","< 10","< 10"
"20 - 21 School Year","63","Oakland Schools","63150","Troy School District","00174","Baker Middle School","63","Oakland","LEA School","Middle School","City: Small","Oakland Region","5","06","Mathematics","Not Economically Disadvantaged","< 10","22","21","12.20","44.90","42.90","49","36.10"
"20 - 21 School Year","63","Oakland Schools","63150","Troy School District","00174","Baker Middle School","63","Oakland","LEA School","Middle School","City: Small","Oakland Region","5","06","Mathematics","Black, not of Hispanic origin","< 10","< 10","< 10","< 10","< 10","< 10","< 10","< 10"
"20 - 21 School Year","63","Oakland Schools","63150","Troy School District","00174","Baker Middle School","63","Oakland","LEA School","Middle School","City: Small","Oakland Region","5","06","Mathematics","Hispanic","< 10","< 10","< 10","< 10","< 10","< 10","< 10","< 10"
"20 - 21 School Year","63","Oakland Schools","63150","Troy School District","00174","Baker Middle School","63","Oakland","LEA School","Middle School","City: Small","Oakland Region","5","06","Mathematics","White, not of Hispanic origin","< 10","< 10","12","< 5","29.40","70.60","17","23.80"
"20 - 21 School Year","63","Oakland Schools","63150","Troy School District","00174","Baker Middle School","63","Oakland","LEA School","Middle School","City: Small","Oakland Region","5","06","Mathematics","Two or More Races","< 10","< 10","< 10","< 10","< 10","< 10","< 10","< 10"
"20 - 21 School Year","63","Oakland Schools","63150","Troy School District","00174","Baker Middle School","63","Oakland","LEA School","Middle School","City: Small","Oakland Region","5","06","Mathematics","Asian","< 10","13","< 10","24.10","44.80","31.00","29","44.00"
"20 - 21 School Year","63","Oakland Schools","63150","Troy School District","00174","Baker Middle School","63","Oakland","LEA School","Middle School","City: Small","Oakland Region","5","06","Mathematics","Male","< 10","12","14","16.10","38.70","45.20","31","34.50"
"20 - 21 School Year","63","Oakland Schools","63150","Troy School District","00174","Baker Middle School","63","Oakland","LEA School","Middle School","City: Small","Oakland Region","5","06","Mathematics","Female","< 10","11","< 10","9.50","52.40","38.10","21","40.70"
"20 - 21 School Year","63","Oakland Schools","63150","Troy School District","00174","Baker Middle School","63","Oakland","LEA School","Middle School","City: Small","Oakland Region","5","06","Mathematics","English Learners","< 10","< 10","< 10","< 10","< 10","< 10","< 10","< 10"
"20 - 21 School Year","63","Oakland Schools","63150","Troy School District","00174","Baker Middle School","63","Oakland","LEA School","Middle School","City: Small","Oakland Region","5","06","Mathematics","Not English Learners","< 10","23","22","10.00","46.00","44.00","50","34.50"
"20 - 21 School Year","63","Oakland Schools","63150","Troy School District","00174","Baker Middle School","63","Oakland","LEA School","Middle School","City: Small","Oakland Region","5","06","Mathematics","Not Migrant","< 10","23","22","13.50","44.20","42.30","52","37.00"
"20 - 21 School Year","63","Oakland Schools","63150","Troy School District","00174","Baker Middle School","63","Oakland","LEA School","Middle School","City: Small","Oakland Region","5","All Grades","Mathematics","White, not of Hispanic origin","< 10","31","66","5.80","30.10","64.10","103","25.70"
"20 - 21 School Year","63","Oakland Schools","63150","Troy School District","00174","Baker Middle School","63","Oakland","LEA School","Middle School","City: Small","Oakland Region","5","All Grades","Mathematics","Two or More Races","< 10","< 10","< 10","< 10","< 10","< 10","< 10","< 10"
"20 - 21 School Year","63","Oakland Schools","63150","Troy School District","00174","Baker Middle School","63","Oakland","LEA School","Middle School","City: Small","Oakland Region","5","08","Social Studies","English Learners","< 10","< 10","< 10","< 10","< 10","< 10","< 10","< 10"
"20 - 21 School Year","63","Oakland Schools","63150","Troy School District","00174","Baker Middle School","63","Oakland","LEA School","Middle School","City: Small","Oakland Region","5","All Grades","English Language Arts","Students with Disabilities","< 10","< 10","< 10","50.00","30.00","20.00","10","55.30"
"20 - 21 School Year","63","Oakland Schools","63150","Troy School District","00174","Baker Middle School","63","Oakland","LEA School","Middle School","City: Small","Oakland Region","5","08","Social Studies","Female","< 10","15","16","22.50","37.50","40.00","40","43.10"
"20 - 21 School Year","63","Oakland Schools","63150","Troy School District","00174","Baker Middle School","63","Oakland","LEA School","Middle School","City: Small","Oakland Region","5","08","Social Studies","Male","17","17","< 10","42.50","42.50","15.00","40","62.40"
"20 - 21 School Year","63","Oakland Schools","63150","Troy School District","00174","Baker Middle School","63","Oakland","LEA School","Middle School","City: Small","Oakland Region","5","08","Social Studies","Not English Learners","25","32","21","32.10","41.00","26.90","78","53.00"
"20 - 21 School Year","63","Oakland Schools","63150","Troy School District","00174","Baker Middle School","63","Oakland","LEA School","Middle School","City: Small","Oakland Region","5","08","Social Studies","Not Migrant","26","32","22","32.50","40.00","27.50","80","52.70"
"20 - 21 School Year","63","Oakland Schools","63150","Troy School District","00174","Baker Middle School","63","Oakland","LEA School","Middle School","City: Small","Oakland Region","5","08","Social Studies","Asian","16","16","11","37.20","37.20","25.60","43","54.50"
"20 - 21 School Year","63","Oakland Schools","63150","Troy School District","00174","Baker Middle School","63","Oakland","LEA School","Middle School","City: Small","Oakland Region","5","08","Social Studies","Two or More Races","< 10","< 10","< 10","< 10","< 10","< 10","< 10","< 10"
"20 - 21 School Year","63","Oakland Schools","63150","Troy School District","00174","Baker Middle School","63","Oakland","LEA School","Middle School","City: Small","Oakland Region","5","06","English Language Arts","Students without Disabilities","< 10","23","20","10.40","47.90","41.70","48","37.10"
"20 - 21 School Year","63","Oakland Schools","63150","Troy School District","00174","Baker Middle School","63","Oakland","LEA School","Middle School","City: Small","Oakland Region","5","08","Social Studies","White, not of Hispanic origin","< 10","12","10","26.70","40.00","33.30","30","50.60"
"20 - 21 School Year","63","Oakland Schools","63150","Troy School District","00174","Baker Middle School","63","Oakland","LEA School","Middle School","City: Small","Oakland Region","5","08","Social Studies","Hispanic","< 10","< 10","< 10","< 10","< 10","< 10","< 10","< 10"
"20 - 21 School Year","63","Oakland Schools","63150","Troy School District","00174","Baker Middle School","63","Oakland","LEA School","Middle School","City: Small","Oakland Region","5","08","Social Studies","Black, not of Hispanic origin","< 10","< 10","< 10","< 10","< 10","< 10","< 10","< 10"
"20 - 21 School Year","63","Oakland Schools","63150","Troy School District","00174","Baker Middle School","63","Oakland","LEA School","Middle School","City: Small","Oakland Region","5","08","Social Studies","Not Economically Disadvantaged","21","31","20","29.20","43.10","27.80","72","51.50"
"20 - 21 School Year","63","Oakland Schools","63150","Troy School District","00174","Baker Middle School","63","Oakland","LEA School","Middle School","City: Small","Oakland Region","5","08","Social Studies","Economically Disadvantaged","< 10","< 10","< 10","< 10","< 10","< 10","< 10","< 10"
"20 - 21 School Year","63","Oakland Schools","63150","Troy School District","00174","Baker Middle School","63","Oakland","LEA School","Middle School","City: Small","Oakland Region","5","08","Social Studies","All Students","26","32","22","32.50","40.00","27.50","80","52.70"
"20 - 21 School Year","63","Oakland Schools","63150","Troy School District","00174","Baker Middle School","63","Oakland","LEA School","Middle School","City: Small","Oakland Region","5","07","English Language Arts","Students without Disabilities","20","29","17","30.30","43.90","25.80","66","53.30"
"20 - 21 School Year","63","Oakland Schools","63150","Troy School District","00174","Baker Middle School","63","Oakland","LEA School","Middle School","City: Small","Oakland Region","5","All Grades","Social Studies","Not Economically Disadvantaged","21","31","20","29.20","43.10","27.80","72","51.50"
"20 - 21 School Year","63","Oakland Schools","63150","Troy School District","00174","Baker Middle School","63","Oakland","LEA School","Middle School","City: Small","Oakland Region","5","All Grades","Social Studies","Economically Disadvantaged","< 10","< 10","< 10","< 10","< 10","< 10","< 10","< 10"
"20 - 21 School Year","63","Oakland Schools","63150","Troy School District","00174","Baker Middle School","63","Oakland","LEA School","Middle School","City: Small","Oakland Region","5","All Grades","Social Studies","All Students","26","32","22","32.50","40.00","27.50","80","52.70"
"20 - 21 School Year","63","Oakland Schools","63150","Troy School District","00174","Baker Middle School","63","Oakland","LEA School","Middle School","City: Small","Oakland Region","5","All Grades","Social Studies","Not Migrant","26","32","22","32.50","40.00","27.50","80","52.70"
"20 - 21 School Year","63","Oakland Schools","63150","Troy School District","00174","Baker Middle School","63","Oakland","LEA School","Middle School","City: Small","Oakland Region","5","08","English Language Arts","Students without Disabilities","38","42","35","33.00","36.50","30.40","115","51.30"
"20 - 21 School Year","63","Oakland Schools","63150","Troy School District","00174","Baker Middle School","63","Oakland","LEA School","Middle School","City: Small","Oakland Region","5","All Grades","Social Studies","Not English Learners","25","32","21","32.10","41.00","26.90","78","53.00"
"20 - 21 School Year","63","Oakland Schools","63150","Troy School District","00174","Baker Middle School","63","Oakland","LEA School","Middle School","City: Small","Oakland Region","5","All Grades","Social Studies","English Learners","< 10","< 10","< 10","< 10","< 10","< 10","< 10","< 10"
"20 - 21 School Year","63","Oakland Schools","63150","Troy School District","00174","Baker Middle School","63","Oakland","LEA School","Middle School","City: Small","Oakland Region","5","All Grades","Social Studies","Female","< 10","15","16","22.50","37.50","40.00","40","43.10"
"20 - 21 School Year","63","Oakland Schools","63150","Troy School District","00174","Baker Middle School","63","Oakland","LEA School","Middle School","City: Small","Oakland Region","5","All Grades","Social Studies","Male","17","17","< 10","42.50","42.50","15.00","40","62.40"
"20 - 21 School Year","63","Oakland Schools","63150","Troy School District","00174","Baker Middle School","63","Oakland","LEA School","Middle School","City: Small","Oakland Region","5","All Grades","Social Studies","Asian","16","16","11","37.20","37.20","25.60","43","54.50"
"20 - 21 School Year","63","Oakland Schools","63150","Troy School District","00174","Baker Middle School","63","Oakland","LEA School","Middle School","City: Small","Oakland Region","5","All Grades","Social Studies","Black, not of Hispanic origin","< 10","< 10","< 10","< 10","< 10","< 10","< 10","< 10"
"20 - 21 School Year","63","Oakland Schools","63150","Troy School District","00174","Baker Middle School","63","Oakland","LEA School","Middle School","City: Small","Oakland Region","5","All Grades","Social Studies","Hispanic","< 10","< 10","< 10","< 10","< 10","< 10","< 10","< 10"
"20 - 21 School Year","63","Oakland Schools","63150","Troy School District","00174","Baker Middle School","63","Oakland","LEA School","Middle School","City: Small","Oakland Region","5","All Grades","Social Studies","White, not of Hispanic origin","< 10","12","10","26.70","40.00","33.30","30","50.60"
"20 - 21 School Year","63","Oakland Schools","63150","Troy School District","00174","Baker Middle School","63","Oakland","LEA School","Middle School","City: Small","Oakland Region","5","All Grades","Social Studies","Two or More Races","< 10","< 10","< 10","< 10","< 10","< 10","< 10","< 10"
"20 - 21 School Year","63","Oakland Schools","63150","Troy School District","02161","Leonard Elementary School","63","Oakland","LEA School","Elementary","City: Small","Oakland Region","5","All Grades","English Language Arts","Students without Disabilities","10","20","25","18.20","36.40","45.50","55","38.30"
"20 - 21 School Year","63","Oakland Schools","63150","Troy School District","02161","Leonard Elementary School","63","Oakland","LEA School","Elementary","City: Small","Oakland Region","5","05","Mathematics","Students with Disabilities","< 10","< 10","< 10","< 10","< 10","< 10","< 10","< 10"
"20 - 21 School Year","63","Oakland Schools","63150","Troy School District","02161","Leonard Elementary School","63","Oakland","LEA School","Elementary","City: Small","Oakland Region","5","05","English Language Arts","Students with Disabilities","< 10","< 10","< 10","< 10","< 10","< 10","< 10","< 10"
"20 - 21 School Year","63","Oakland Schools","63150","Troy School District","02161","Leonard Elementary School","63","Oakland","LEA School","Elementary","City: Small","Oakland Region","5","All Grades","English Language Arts","Students with Disabilities","< 10","< 10","< 10","< 10","< 10","< 10","< 10","< 10"
"20 - 21 School Year","63","Oakland Schools","63150","Troy School District","02161","Leonard Elementary School","63","Oakland","LEA School","Elementary","City: Small","Oakland Region","5","All Grades","Mathematics","Students without Disabilities","< 10","24","22","16.40","43.60","40.00","55","42.10"
"20 - 21 School Year","63","Oakland Schools","63150","Troy School District","02161","Leonard Elementary School","63","Oakland","LEA School","Elementary","City: Small","Oakland Region","5","05","English Language Arts","All Students","10","20","26","17.90","35.70","46.40","56","37.90"
"20 - 21 School Year","63","Oakland Schools","63150","Troy School District","02161","Leonard Elementary School","63","Oakland","LEA School","Elementary","City: Small","Oakland Region","5","05","Mathematics","Students without Disabilities","< 10","24","22","16.40","43.60","40.00","55","42.10"
"20 - 21 School Year","63","Oakland Schools","63150","Troy School District","02161","Leonard Elementary School","63","Oakland","LEA School","Elementary","City: Small","Oakland Region","5","05","English Language Arts","Not Migrant","10","20","26","17.90","35.70","46.40","56","37.90"
"20 - 21 School Year","63","Oakland Schools","63150","Troy School District","02161","Leonard Elementary School","63","Oakland","LEA School","Elementary","City: Small","Oakland Region","5","05","English Language Arts","Not English Learners","10","19","25","18.50","35.20","46.30","54","37.90"
"20 - 21 School Year","63","Oakland Schools","63150","Troy School District","02161","Leonard Elementary School","63","Oakland","LEA School","Elementary","City: Small","Oakland Region","5","05","English Language Arts","English Learners","< 10","< 10","< 10","< 10","< 10","< 10","< 10","< 10"
"20 - 21 School Year","63","Oakland Schools","63150","Troy School District","02161","Leonard Elementary School","63","Oakland","LEA School","Elementary","City: Small","Oakland Region","5","05","English Language Arts","Female","< 10","< 10","12","13.00","34.80","52.20","23","33.40"
"20 - 21 School Year","63","Oakland Schools","63150","Troy School District","02161","Leonard Elementary School","63","Oakland","LEA School","Elementary","City: Small","Oakland Region","5","05","English Language Arts","Male","< 10","12","14","21.20","36.40","42.40","33","41.00"
"20 - 21 School Year","63","Oakland Schools","63150","Troy School District","02161","Leonard Elementary School","63","Oakland","LEA School","Elementary","City: Small","Oakland Region","5","05","English Language Arts","Asian","< 10","< 10","< 10","20.00","26.70","53.30","15","37.10"
"20 - 21 School Year","63","Oakland Schools","63150","Troy School District","02161","Leonard Elementary School","63","Oakland","LEA School","Elementary","City: Small","Oakland Region","5","05","English Language Arts","Two or More Races","< 10","< 10","< 10","< 10","< 10","< 10","< 10","< 10"
"20 - 21 School Year","63","Oakland Schools","63150","Troy School District","02161","Leonard Elementary School","63","Oakland","LEA School","Elementary","City: Small","Oakland Region","5","05","English Language Arts","White, not of Hispanic origin","< 10","14","12","18.80","43.80","37.50","32","41.00"
"20 - 21 School Year","63","Oakland Schools","63150","Troy School District","02161","Leonard Elementary School","63","Oakland","LEA School","Elementary","City: Small","Oakland Region","5","05","English Language Arts","Hispanic","< 10","< 10","< 10","< 10","< 10","< 10","< 10","< 10"
"20 - 21 School Year","63","Oakland Schools","63150","Troy School District","02161","Leonard Elementary School","63","Oakland","LEA School","Elementary","City: Small","Oakland Region","5","05","English Language Arts","Black, not of Hispanic origin","< 10","< 10","< 10","< 10","< 10","< 10","< 10","< 10"
"20 - 21 School Year","63","Oakland Schools","63150","Troy School District","02161","Leonard Elementary School","63","Oakland","LEA School","Elementary","City: Small","Oakland Region","5","05","English Language Arts","Not Economically Disadvantaged","10","19","23","19.20","36.50","44.20","52","39.50"
"20 - 21 School Year","63","Oakland Schools","63150","Troy School District","02161","Leonard Elementary School","63","Oakland","LEA School","Elementary","City: Small","Oakland Region","5","05","English Language Arts","Economically Disadvantaged","< 10","< 10","< 10","< 10","< 10","< 10","< 10","< 10"
"20 - 21 School Year","63","Oakland Schools","63150","Troy School District","02161","Leonard Elementary School","63","Oakland","LEA School","Elementary","City: Small","Oakland Region","5","All Grades","English Language Arts","Not Migrant","10","20","26","17.90","35.70","46.40","56","37.90"
"20 - 21 School Year","63","Oakland Schools","63150","Troy School District","02161","Leonard Elementary School","63","Oakland","LEA School","Elementary","City: Small","Oakland Region","5","All Grades","English Language Arts","Not English Learners","10","19","25","18.50","35.20","46.30","54","37.90"
"20 - 21 School Year","63","Oakland Schools","63150","Troy School District","02161","Leonard Elementary School","63","Oakland","LEA School","Elementary","City: Small","Oakland Region","5","All Grades","English Language Arts","English Learners","< 10","< 10","< 10","< 10","< 10","< 10","< 10","< 10"
"20 - 21 School Year","63","Oakland Schools","63150","Troy School District","02161","Leonard Elementary School","63","Oakland","LEA School","Elementary","City: Small","Oakland Region","5","All Grades","English Language Arts","Female","< 10","< 10","12","13.00","34.80","52.20","23","33.40"
"20 - 21 School Year","63","Oakland Schools","63150","Troy School District","02161","Leonard Elementary School","63","Oakland","LEA School","Elementary","City: Small","Oakland Region","5","All Grades","English Language Arts","Male","< 10","12","14","21.20","36.40","42.40","33","41.00"
"20 - 21 School Year","63","Oakland Schools","63150","Troy School District","02161","Leonard Elementary School","63","Oakland","LEA School","Elementary","City: Small","Oakland Region","5","All Grades","English Language Arts","Asian","< 10","< 10","< 10","20.00","26.70","53.30","15","37.10"
"20 - 21 School Year","63","Oakland Schools","63150","Troy School District","02161","Leonard Elementary School","63","Oakland","LEA School","Elementary","City: Small","Oakland Region","5","All Grades","English Language Arts","Two or More Races","< 10","< 10","< 10","< 10","< 10","< 10","< 10","< 10"
"20 - 21 School Year","63","Oakland Schools","63150","Troy School District","02161","Leonard Elementary School","63","Oakland","LEA School","Elementary","City: Small","Oakland Region","5","All Grades","English Language Arts","White, not of Hispanic origin","< 10","14","12","18.80","43.80","37.50","32","41.00"
"20 - 21 School Year","63","Oakland Schools","63150","Troy School District","02161","Leonard Elementary School","63","Oakland","LEA School","Elementary","City: Small","Oakland Region","5","All Grades","English Language Arts","Hispanic","< 10","< 10","< 10","< 10","< 10","< 10","< 10","< 10"
"20 - 21 School Year","63","Oakland Schools","63150","Troy School District","02161","Leonard Elementary School","63","Oakland","LEA School","Elementary","City: Small","Oakland Region","5","All Grades","English Language Arts","Black, not of Hispanic origin","< 10","< 10","< 10","< 10","< 10","< 10","< 10","< 10"
"20 - 21 School Year","63","Oakland Schools","63150","Troy School District","02161","Leonard Elementary School","63","Oakland","LEA School","Elementary","City: Small","Oakland Region","5","All Grades","English Language Arts","Not Economically Disadvantaged","10","19","23","19.20","36.50","44.20","52","39.50"
"20 - 21 School Year","63","Oakland Schools","63150","Troy School District","02161","Leonard Elementary School","63","Oakland","LEA School","Elementary","City: Small","Oakland Region","5","All Grades","English Language Arts","All Students","10","20","26","17.90","35.70","46.40","56","37.90"
"20 - 21 School Year","63","Oakland Schools","63150","Troy School District","02161","Leonard Elementary School","63","Oakland","LEA School","Elementary","City: Small","Oakland Region","5","All Grades","English Language Arts","Economically Disadvantaged","< 10","< 10","< 10","< 10","< 10","< 10","< 10","< 10"
"20 - 21 School Year","63","Oakland Schools","63150","Troy School District","02161","Leonard Elementary School","63","Oakland","LEA School","Elementary","City: Small","Oakland Region","5","All Grades","Mathematics","Not Migrant","< 10","24","23","16.10","42.90","41.10","56","41.80"
"20 - 21 School Year","63","Oakland Schools","63150","Troy School District","02161","Leonard Elementary School","63","Oakland","LEA School","Elementary","City: Small","Oakland Region","5","All Grades","Mathematics","Not English Learners","< 10","24","21","16.70","44.40","38.90","54","42.80"
"20 - 21 School Year","63","Oakland Schools","63150","Troy School District","02161","Leonard Elementary School","63","Oakland","LEA School","Elementary","City: Small","Oakland Region","5","All Grades","Mathematics","English Learners","< 10","< 10","< 10","< 10","< 10","< 10","< 10","< 10"
"20 - 21 School Year","63","Oakland Schools","63150","Troy School District","02161","Leonard Elementary School","63","Oakland","LEA School","Elementary","City: Small","Oakland Region","5","All Grades","Mathematics","Students with Disabilities","< 10","< 10","< 10","< 10","< 10","< 10","< 10","< 10"
"20 - 21 School Year","63","Oakland Schools","63150","Troy School District","02161","Leonard Elementary School","63","Oakland","LEA School","Elementary","City: Small","Oakland Region","5","All Grades","Mathematics","All Students","< 10","24","23","16.10","42.90","41.10","56","41.80"
"20 - 21 School Year","63","Oakland Schools","63150","Troy School District","02161","Leonard Elementary School","63","Oakland","LEA School","Elementary","City: Small","Oakland Region","5","All Grades","Mathematics","Female","< 10","11","< 10","17.40","47.80","34.80","23","44.90"
"20 - 21 School Year","63","Oakland Schools","63150","Troy School District","02161","Leonard Elementary School","63","Oakland","LEA School","Elementary","City: Small","Oakland Region","5","All Grades","Mathematics","Male","< 10","13","15","15.20","39.40","45.50","33","39.70"
"20 - 21 School Year","63","Oakland Schools","63150","Troy School District","02161","Leonard Elementary School","63","Oakland","LEA School","Elementary","City: Small","Oakland Region","5","All Grades","Mathematics","Asian","< 10","< 10","< 10","20.00","40.00","40.00","15","43.30"
"20 - 21 School Year","63","Oakland Schools","63150","Troy School District","02161","Leonard Elementary School","63","Oakland","LEA School","Elementary","City: Small","Oakland Region","5","All Grades","Mathematics","Two or More Races","< 10","< 10","< 10","< 10","< 10","< 10","< 10","< 10"
"20 - 21 School Year","63","Oakland Schools","63150","Troy School District","02161","Leonard Elementary School","63","Oakland","LEA School","Elementary","City: Small","Oakland Region","5","All Grades","Mathematics","Economically Disadvantaged","< 10","< 10","< 10","< 10","< 10","< 10","< 10","< 10"
"20 - 21 School Year","63","Oakland Schools","63150","Troy School District","02161","Leonard Elementary School","63","Oakland","LEA School","Elementary","City: Small","Oakland Region","5","All Grades","Mathematics","White, not of Hispanic origin","< 10","14","12","18.80","43.80","37.50","32","43.60"
"20 - 21 School Year","63","Oakland Schools","63150","Troy School District","02161","Leonard Elementary School","63","Oakland","LEA School","Elementary","City: Small","Oakland Region","5","All Grades","Mathematics","Not Economically Disadvantaged","< 10","21","22","17.30","40.40","42.30","52","41.40"
"20 - 21 School Year","63","Oakland Schools","63150","Troy School District","02161","Leonard Elementary School","63","Oakland","LEA School","Elementary","City: Small","Oakland Region","5","All Grades","Mathematics","Hispanic","< 10","< 10","< 10","< 10","< 10","< 10","< 10","< 10"
"20 - 21 School Year","63","Oakland Schools","63150","Troy School District","02161","Leonard Elementary School","63","Oakland","LEA School","Elementary","City: Small","Oakland Region","5","All Grades","Mathematics","Black, not of Hispanic origin","< 10","< 10","< 10","< 10","< 10","< 10","< 10","< 10"
"20 - 21 School Year","63","Oakland Schools","63150","Troy School District","02161","Leonard Elementary School","63","Oakland","LEA School","Elementary","City: Small","Oakland Region","5","05","Mathematics","All Students","< 10","24","23","16.10","42.90","41.10","56","41.80"
"20 - 21 School Year","63","Oakland Schools","63150","Troy School District","02161","Leonard Elementary School","63","Oakland","LEA School","Elementary","City: Small","Oakland Region","5","05","Mathematics","Economically Disadvantaged","< 10","< 10","< 10","< 10","< 10","< 10","< 10","< 10"
"20 - 21 School Year","63","Oakland Schools","63150","Troy School District","02161","Leonard Elementary School","63","Oakland","LEA School","Elementary","City: Small","Oakland Region","5","05","Mathematics","Not Economically Disadvantaged","< 10","21","22","17.30","40.40","42.30","52","41.40"
"20 - 21 School Year","63","Oakland Schools","63150","Troy School District","02161","Leonard Elementary School","63","Oakland","LEA School","Elementary","City: Small","Oakland Region","5","05","Mathematics","Black, not of Hispanic origin","< 10","< 10","< 10","< 10","< 10","< 10","< 10","< 10"
"20 - 21 School Year","63","Oakland Schools","63150","Troy School District","02161","Leonard Elementary School","63","Oakland","LEA School","Elementary","City: Small","Oakland Region","5","05","Mathematics","Hispanic","< 10","< 10","< 10","< 10","< 10","< 10","< 10","< 10"
"20 - 21 School Year","63","Oakland Schools","63150","Troy School District","02161","Leonard Elementary School","63","Oakland","LEA School","Elementary","City: Small","Oakland Region","5","05","Mathematics","White, not of Hispanic origin","< 10","14","12","18.80","43.80","37.50","32","43.60"
"20 - 21 School Year","63","Oakland Schools","63150","Troy School District","02161","Leonard Elementary School","63","Oakland","LEA School","Elementary","City: Small","Oakland Region","5","05","Mathematics","Two or More Races","< 10","< 10","< 10","< 10","< 10","< 10","< 10","< 10"
"20 - 21 School Year","63","Oakland Schools","63150","Troy School District","02161","Leonard Elementary School","63","Oakland","LEA School","Elementary","City: Small","Oakland Region","5","05","Mathematics","Asian","< 10","< 10","< 10","20.00","40.00","40.00","15","43.30"
"20 - 21 School Year","63","Oakland Schools","63150","Troy School District","02161","Leonard Elementary School","63","Oakland","LEA School","Elementary","City: Small","Oakland Region","5","05","Mathematics","Male","< 10","13","15","15.20","39.40","45.50","33","39.70"
"20 - 21 School Year","63","Oakland Schools","63150","Troy School District","02161","Leonard Elementary School","63","Oakland","LEA School","Elementary","City: Small","Oakland Region","5","05","Mathematics","Female","< 10","11","< 10","17.40","47.80","34.80","23","44.90"
"20 - 21 School Year","63","Oakland Schools","63150","Troy School District","02161","Leonard Elementary School","63","Oakland","LEA School","Elementary","City: Small","Oakland Region","5","05","Mathematics","English Learners","< 10","< 10","< 10","< 10","< 10","< 10","< 10","< 10"
"20 - 21 School Year","63","Oakland Schools","63150","Troy School District","02161","Leonard Elementary School","63","Oakland","LEA School","Elementary","City: Small","Oakland Region","5","05","Mathematics","Not English Learners","< 10","24","21","16.70","44.40","38.90","54","42.80"
"20 - 21 School Year","63","Oakland Schools","63150","Troy School District","02161","Leonard Elementary School","63","Oakland","LEA School","Elementary","City: Small","Oakland Region","5","05","Mathematics","Not Migrant","< 10","24","23","16.10","42.90","41.10","56","41.80"
"20 - 21 School Year","63","Oakland Schools","63150","Troy School District","02161","Leonard Elementary School","63","Oakland","LEA School","Elementary","City: Small","Oakland Region","5","05","English Language Arts","Students without Disabilities","10","20","25","18.20","36.40","45.50","55","38.30"
"20 - 21 School Year","63","Oakland Schools","63150","Troy School District","02618","Morse Elementary School","63","Oakland","LEA School","Elementary","City: Small","Oakland Region","5","All Grades","Mathematics","Students with Disabilities","< 10","< 10","< 10","< 10","< 10","< 10","< 10","< 10"
"20 - 21 School Year","63","Oakland Schools","63150","Troy School District","02618","Morse Elementary School","63","Oakland","LEA School","Elementary","City: Small","Oakland Region","5","05","Mathematics","Students with Disabilities","< 10","< 10","< 10","< 10","< 10","< 10","< 10","< 10"
"20 - 21 School Year","63","Oakland Schools","63150","Troy School District","02618","Morse Elementary School","63","Oakland","LEA School","Elementary","City: Small","Oakland Region","5","All Grades","English Language Arts","Students with Disabilities","< 10","< 10","< 10","< 10","< 10","< 10","< 10","< 10"
"20 - 21 School Year","63","Oakland Schools","63150","Troy School District","02618","Morse Elementary School","63","Oakland","LEA School","Elementary","City: Small","Oakland Region","5","All Grades","Mathematics","Students without Disabilities","< 10","< 10","11","32.10","28.60","39.30","28","40.80"
"20 - 21 School Year","63","Oakland Schools","63150","Troy School District","02618","Morse Elementary School","63","Oakland","LEA School","Elementary","City: Small","Oakland Region","5","05","Mathematics","Students without Disabilities","< 10","< 10","11","32.10","28.60","39.30","28","40.80"
"20 - 21 School Year","63","Oakland Schools","63150","Troy School District","02618","Morse Elementary School","63","Oakland","LEA School","Elementary","City: Small","Oakland Region","5","05","English Language Arts","All Students","< 10","12","12","27.30","36.40","36.40","33","48.00"
"20 - 21 School Year","63","Oakland Schools","63150","Troy School District","02618","Morse Elementary School","63","Oakland","LEA School","Elementary","City: Small","Oakland Region","5","05","English Language Arts","Economically Disadvantaged","< 10","< 10","< 10","15.40","30.80","53.80","13","35.80"
"20 - 21 School Year","63","Oakland Schools","63150","Troy School District","02618","Morse Elementary School","63","Oakland","LEA School","Elementary","City: Small","Oakland Region","5","05","English Language Arts","Not Economically Disadvantaged","< 10","< 10","< 10","35.00","40.00","25.00","20","55.90"
"20 - 21 School Year","63","Oakland Schools","63150","Troy School District","02618","Morse Elementary School","63","Oakland","LEA School","Elementary","City: Small","Oakland Region","5","05","English Language Arts","Black, not of Hispanic origin","< 10","< 10","< 10","< 10","< 10","< 10","< 10","< 10"
"20 - 21 School Year","63","Oakland Schools","63150","Troy School District","02618","Morse Elementary School","63","Oakland","LEA School","Elementary","City: Small","Oakland Region","5","05","English Language Arts","Hispanic","< 10","< 10","< 10","< 10","< 10","< 10","< 10","< 10"
"20 - 21 School Year","63","Oakland Schools","63150","Troy School District","02618","Morse Elementary School","63","Oakland","LEA School","Elementary","City: Small","Oakland Region","5","05","English Language Arts","White, not of Hispanic origin","< 10","< 10","< 10","< 10","< 10","< 10","< 10","< 10"
"20 - 21 School Year","63","Oakland Schools","63150","Troy School District","02618","Morse Elementary School","63","Oakland","LEA School","Elementary","City: Small","Oakland Region","5","05","English Language Arts","Not Migrant","< 10","12","12","27.30","36.40","36.40","33","48.00"
"20 - 21 School Year","63","Oakland Schools","63150","Troy School District","02618","Morse Elementary School","63","Oakland","LEA School","Elementary","City: Small","Oakland Region","5","05","English Language Arts","Not English Learners","< 10","10","< 10","30.80","38.50","30.80","26","50.20"
"20 - 21 School Year","63","Oakland Schools","63150","Troy School District","02618","Morse Elementary School","63","Oakland","LEA School","Elementary","City: Small","Oakland Region","5","05","English Language Arts","English Learners","< 10","< 10","< 10","< 10","< 10","< 10","< 10","< 10"
"20 - 21 School Year","63","Oakland Schools","63150","Troy School District","02618","Morse Elementary School","63","Oakland","LEA School","Elementary","City: Small","Oakland Region","5","05","English Language Arts","Female","< 10","< 10","< 10","27.80","33.30","38.90","18","46.90"
"20 - 21 School Year","63","Oakland Schools","63150","Troy School District","02618","Morse Elementary School","63","Oakland","LEA School","Elementary","City: Small","Oakland Region","5","05","English Language Arts","Male","< 10","< 10","< 10","26.70","40.00","33.30","15","49.30"
"20 - 21 School Year","63","Oakland Schools","63150","Troy School District","02618","Morse Elementary School","63","Oakland","LEA School","Elementary","City: Small","Oakland Region","5","05","English Language Arts","Asian","< 10","< 10","< 10","33.30","40.00","26.70","15","56.90"
"20 - 21 School Year","63","Oakland Schools","63150","Troy School District","02618","Morse Elementary School","63","Oakland","LEA School","Elementary","City: Small","Oakland Region","5","05","English Language Arts","Two or More Races","< 10","< 10","< 10","< 10","< 10","< 10","< 10","< 10"
"20 - 21 School Year","63","Oakland Schools","63150","Troy School District","02618","Morse Elementary School","63","Oakland","LEA School","Elementary","City: Small","Oakland Region","5","All Grades","English Language Arts","All Students","< 10","12","12","27.30","36.40","36.40","33","48.00"
"20 - 21 School Year","63","Oakland Schools","63150","Troy School District","02618","Morse Elementary School","63","Oakland","LEA School","Elementary","City: Small","Oakland Region","5","All Grades","English Language Arts","Economically Disadvantaged","< 10","< 10","< 10","15.40","30.80","53.80","13","35.80"
"20 - 21 School Year","63","Oakland Schools","63150","Troy School District","02618","Morse Elementary School","63","Oakland","LEA School","Elementary","City: Small","Oakland Region","5","All Grades","English Language Arts","Not Economically Disadvantaged","< 10","< 10","< 10","35.00","40.00","25.00","20","55.90"
"20 - 21 School Year","63","Oakland Schools","63150","Troy School District","02618","Morse Elementary School","63","Oakland","LEA School","Elementary","City: Small","Oakland Region","5","All Grades","English Language Arts","Black, not of Hispanic origin","< 10","< 10","< 10","< 10","< 10","< 10","< 10","< 10"
"20 - 21 School Year","63","Oakland Schools","63150","Troy School District","02618","Morse Elementary School","63","Oakland","LEA School","Elementary","City: Small","Oakland Region","5","All Grades","English Language Arts","Hispanic","< 10","< 10","< 10","< 10","< 10","< 10","< 10","< 10"
"20 - 21 School Year","63","Oakland Schools","63150","Troy School District","02618","Morse Elementary School","63","Oakland","LEA School","Elementary","City: Small","Oakland Region","5","All Grades","English Language Arts","White, not of Hispanic origin","< 10","< 10","< 10","< 10","< 10","< 10","< 10","< 10"
"20 - 21 School Year","63","Oakland Schools","63150","Troy School District","02618","Morse Elementary School","63","Oakland","LEA School","Elementary","City: Small","Oakland Region","5","All Grades","English Language Arts","Two or More Races","< 10","< 10","< 10","< 10","< 10","< 10","< 10","< 10"
"20 - 21 School Year","63","Oakland Schools","63150","Troy School District","02618","Morse Elementary School","63","Oakland","LEA School","Elementary","City: Small","Oakland Region","5","All Grades","English Language Arts","Asian","< 10","< 10","< 10","33.30","40.00","26.70","15","56.90"
"20 - 21 School Year","63","Oakland Schools","63150","Troy School District","02618","Morse Elementary School","63","Oakland","LEA School","Elementary","City: Small","Oakland Region","5","All Grades","English Language Arts","Male","< 10","< 10","< 10","26.70","40.00","33.30","15","49.30"
"20 - 21 School Year","63","Oakland Schools","63150","Troy School District","02618","Morse Elementary School","63","Oakland","LEA School","Elementary","City: Small","Oakland Region","5","All Grades","English Language Arts","Female","< 10","< 10","< 10","27.80","33.30","38.90","18","46.90"
"20 - 21 School Year","63","Oakland Schools","63150","Troy School District","02618","Morse Elementary School","63","Oakland","LEA School","Elementary","City: Small","Oakland Region","5","05","English Language Arts","Students with Disabilities","< 10","< 10","< 10","< 10","< 10","< 10","< 10","< 10"
"20 - 21 School Year","63","Oakland Schools","63150","Troy School District","02618","Morse Elementary School","63","Oakland","LEA School","Elementary","City: Small","Oakland Region","5","All Grades","English Language Arts","English Learners","< 10","< 10","< 10","< 10","< 10","< 10","< 10","< 10"
"20 - 21 School Year","63","Oakland Schools","63150","Troy School District","02618","Morse Elementary School","63","Oakland","LEA School","Elementary","City: Small","Oakland Region","5","All Grades","English Language Arts","Not English Learners","< 10","10","< 10","30.80","38.50","30.80","26","50.20"
"20 - 21 School Year","63","Oakland Schools","63150","Troy School District","02618","Morse Elementary School","63","Oakland","LEA School","Elementary","City: Small","Oakland Region","5","All Grades","English Language Arts","Not Migrant","< 10","12","12","27.30","36.40","36.40","33","48.00"
"20 - 21 School Year","63","Oakland Schools","63150","Troy School District","02618","Morse Elementary School","63","Oakland","LEA School","Elementary","City: Small","Oakland Region","5","All Grades","Mathematics","Not Migrant","< 10","< 10","14","28.10","28.10","43.80","32","38.50"
"20 - 21 School Year","63","Oakland Schools","63150","Troy School District","02618","Morse Elementary School","63","Oakland","LEA School","Elementary","City: Small","Oakland Region","5","All Grades","Mathematics","Not English Learners","< 10","< 10","< 10","32.00","36.00","32.00","25","43.40"
"20 - 21 School Year","63","Oakland Schools","63150","Troy School District","02618","Morse Elementary School","63","Oakland","LEA School","Elementary","City: Small","Oakland Region","5","All Grades","Mathematics","English Learners","< 10","< 10","< 10","< 10","< 10","< 10","< 10","< 10"
"20 - 21 School Year","63","Oakland Schools","63150","Troy School District","02618","Morse Elementary School","63","Oakland","LEA School","Elementary","City: Small","Oakland Region","5","All Grades","Mathematics","Female","< 10","< 10","< 10","27.80","38.90","33.30","18","39.30"
"20 - 21 School Year","63","Oakland Schools","63150","Troy School District","02618","Morse Elementary School","63","Oakland","LEA School","Elementary","City: Small","Oakland Region","5","All Grades","Mathematics","Male","< 10","< 10","< 10","28.60","14.30","57.10","14","37.40"
"20 - 21 School Year","63","Oakland Schools","63150","Troy School District","02618","Morse Elementary School","63","Oakland","LEA School","Elementary","City: Small","Oakland Region","5","All Grades","Mathematics","Asian","< 10","< 10","< 10","56.30","18.80","25.00","16","54.90"
"20 - 21 School Year","63","Oakland Schools","63150","Troy School District","02618","Morse Elementary School","63","Oakland","LEA School","Elementary","City: Small","Oakland Region","5","All Grades","Mathematics","Two or More Races","< 10","< 10","< 10","< 10","< 10","< 10","< 10","< 10"
"20 - 21 School Year","63","Oakland Schools","63150","Troy School District","02618","Morse Elementary School","63","Oakland","LEA School","Elementary","City: Small","Oakland Region","5","All Grades","Mathematics","White, not of Hispanic origin","< 10","< 10","< 10","< 10","< 10","< 10","< 10","< 10"
"20 - 21 School Year","63","Oakland Schools","63150","Troy School District","02618","Morse Elementary School","63","Oakland","LEA School","Elementary","City: Small","Oakland Region","5","All Grades","Mathematics","Hispanic","< 10","< 10","< 10","< 10","< 10","< 10","< 10","< 10"
"20 - 21 School Year","63","Oakland Schools","63150","Troy School District","02618","Morse Elementary School","63","Oakland","LEA School","Elementary","City: Small","Oakland Region","5","05","Mathematics","All Students","< 10","< 10","14","28.10","28.10","43.80","32","38.50"
"20 - 21 School Year","63","Oakland Schools","63150","Troy School District","02618","Morse Elementary School","63","Oakland","LEA School","Elementary","City: Small","Oakland Region","5","05","Mathematics","Economically Disadvantaged","< 10","< 10","< 10","< 5","41.70","58.30","12","22.10"
"20 - 21 School Year","63","Oakland Schools","63150","Troy School District","02618","Morse Elementary School","63","Oakland","LEA School","Elementary","City: Small","Oakland Region","5","05","Mathematics","Not Economically Disadvantaged","< 10","< 10","< 10","45.00","20.00","35.00","20","48.40"
"20 - 21 School Year","63","Oakland Schools","63150","Troy School District","02618","Morse Elementary School","63","Oakland","LEA School","Elementary","City: Small","Oakland Region","5","05","Mathematics","Black, not of Hispanic origin","< 10","< 10","< 10","< 10","< 10","< 10","< 10","< 10"
"20 - 21 School Year","63","Oakland Schools","63150","Troy School District","02618","Morse Elementary School","63","Oakland","LEA School","Elementary","City: Small","Oakland Region","5","05","Mathematics","Hispanic","< 10","< 10","< 10","< 10","< 10","< 10","< 10","< 10"
"20 - 21 School Year","63","Oakland Schools","63150","Troy School District","02618","Morse Elementary School","63","Oakland","LEA School","Elementary","City: Small","Oakland Region","5","05","Mathematics","White, not of Hispanic origin","< 10","< 10","< 10","< 10","< 10","< 10","< 10","< 10"
"20 - 21 School Year","63","Oakland Schools","63150","Troy School District","02618","Morse Elementary School","63","Oakland","LEA School","Elementary","City: Small","Oakland Region","5","05","Mathematics","Two or More Races","< 10","< 10","< 10","< 10","< 10","< 10","< 10","< 10"
"20 - 21 School Year","63","Oakland Schools","63150","Troy School District","02618","Morse Elementary School","63","Oakland","LEA School","Elementary","City: Small","Oakland Region","5","05","Mathematics","Asian","< 10","< 10","< 10","56.30","18.80","25.00","16","54.90"
"20 - 21 School Year","63","Oakland Schools","63150","Troy School District","02618","Morse Elementary School","63","Oakland","LEA School","Elementary","City: Small","Oakland Region","5","05","Mathematics","Male","< 10","< 10","< 10","28.60","14.30","57.10","14","37.40"
"20 - 21 School Year","63","Oakland Schools","63150","Troy School District","02618","Morse Elementary School","63","Oakland","LEA School","Elementary","City: Small","Oakland Region","5","05","Mathematics","Female","< 10","< 10","< 10","27.80","38.90","33.30","18","39.30"
"20 - 21 School Year","63","Oakland Schools","63150","Troy School District","02618","Morse Elementary School","63","Oakland","LEA School","Elementary","City: Small","Oakland Region","5","05","Mathematics","English Learners","< 10","< 10","< 10","< 10","< 10","< 10","< 10","< 10"
"20 - 21 School Year","63","Oakland Schools","63150","Troy School District","02618","Morse Elementary School","63","Oakland","LEA School","Elementary","City: Small","Oakland Region","5","05","Mathematics","Not English Learners","< 10","< 10","< 10","32.00","36.00","32.00","25","43.40"
"20 - 21 School Year","63","Oakland Schools","63150","Troy School District","02618","Morse Elementary School","63","Oakland","LEA School","Elementary","City: Small","Oakland Region","5","05","Mathematics","Not Migrant","< 10","< 10","14","28.10","28.10","43.80","32","38.50"
"20 - 21 School Year","63","Oakland Schools","63150","Troy School District","02618","Morse Elementary School","63","Oakland","LEA School","Elementary","City: Small","Oakland Region","5","All Grades","Mathematics","Black, not of Hispanic origin","< 10","< 10","< 10","< 10","< 10","< 10","< 10","< 10"
"20 - 21 School Year","63","Oakland Schools","63150","Troy School District","02618","Morse Elementary School","63","Oakland","LEA School","Elementary","City: Small","Oakland Region","5","All Grades","Mathematics","Not Economically Disadvantaged","< 10","< 10","< 10","45.00","20.00","35.00","20","48.40"
"20 - 21 School Year","63","Oakland Schools","63150","Troy School District","02618","Morse Elementary School","63","Oakland","LEA School","Elementary","City: Small","Oakland Region","5","All Grades","Mathematics","Economically Disadvantaged","< 10","< 10","< 10","< 5","41.70","58.30","12","22.10"
"20 - 21 School Year","63","Oakland Schools","63150","Troy School District","02618","Morse Elementary School","63","Oakland","LEA School","Elementary","City: Small","Oakland Region","5","All Grades","Mathematics","All Students","< 10","< 10","14","28.10","28.10","43.80","32","38.50"
"20 - 21 School Year","63","Oakland Schools","63150","Troy School District","02618","Morse Elementary School","63","Oakland","LEA School","Elementary","City: Small","Oakland Region","5","All Grades","English Language Arts","Students without Disabilities","< 10","< 10","11","31.00","31.00","37.90","29","48.90"
"20 - 21 School Year","63","Oakland Schools","63150","Troy School District","02618","Morse Elementary School","63","Oakland","LEA School","Elementary","City: Small","Oakland Region","5","05","English Language Arts","Students without Disabilities","< 10","< 10","11","31.00","31.00","37.90","29","48.90"
"20 - 21 School Year","63","Oakland Schools","63150","Troy School District","03715","Hamilton Elementary School","63","Oakland","LEA School","Elementary","City: Small","Oakland Region","5","05","Mathematics","Students with Disabilities","< 10","< 10","< 10","< 10","< 10","< 10","< 10","< 10"
"20 - 21 School Year","63","Oakland Schools","63150","Troy School District","03715","Hamilton Elementary School","63","Oakland","LEA School","Elementary","City: Small","Oakland Region","5","All Grades","Mathematics","Students with Disabilities","< 10","< 10","< 10","< 10","< 10","< 10","< 10","< 10"
"20 - 21 School Year","63","Oakland Schools","63150","Troy School District","03715","Hamilton Elementary School","63","Oakland","LEA School","Elementary","City: Small","Oakland Region","5","All Grades","Mathematics","Students without Disabilities","30","26","12","44.10","38.20","17.60","68","59.00"
"20 - 21 School Year","63","Oakland Schools","63150","Troy School District","03715","Hamilton Elementary School","63","Oakland","LEA School","Elementary","City: Small","Oakland Region","5","05","Mathematics","Students without Disabilities","30","26","12","44.10","38.20","17.60","68","59.00"
"20 - 21 School Year","63","Oakland Schools","63150","Troy School District","03715","Hamilton Elementary School","63","Oakland","LEA School","Elementary","City: Small","Oakland Region","5","05","English Language Arts","English Learners","< 10","< 10","< 10","< 10","< 10","< 10","< 10","< 10"
"20 - 21 School Year","63","Oakland Schools","63150","Troy School District","03715","Hamilton Elementary School","63","Oakland","LEA School","Elementary","City: Small","Oakland Region","5","05","English Language Arts","Female","12","11","< 10","40.00","36.70","23.30","30","56.30"
"20 - 21 School Year","63","Oakland Schools","63150","Troy School District","03715","Hamilton Elementary School","63","Oakland","LEA School","Elementary","City: Small","Oakland Region","5","05","English Language Arts","Male","16","15","< 10","41.00","38.50","20.50","39","57.80"
"20 - 21 School Year","63","Oakland Schools","63150","Troy School District","03715","Hamilton Elementary School","63","Oakland","LEA School","Elementary","City: Small","Oakland Region","5","05","English Language Arts","Asian","14","10","< 10","48.30","34.50","17.20","29","60.10"
"20 - 21 School Year","63","Oakland Schools","63150","Troy School District","03715","Hamilton Elementary School","63","Oakland","LEA School","Elementary","City: Small","Oakland Region","5","05","English Language Arts","White, not of Hispanic origin","10","14","< 10","30.30","42.40","27.30","33","52.80"
"20 - 21 School Year","63","Oakland Schools","63150","Troy School District","03715","Hamilton Elementary School","63","Oakland","LEA School","Elementary","City: Small","Oakland Region","5","05","English Language Arts","Hispanic","< 10","< 10","< 10","< 10","< 10","< 10","< 10","< 10"
"20 - 21 School Year","63","Oakland Schools","63150","Troy School District","03715","Hamilton Elementary School","63","Oakland","LEA School","Elementary","City: Small","Oakland Region","5","05","English Language Arts","Black, not of Hispanic origin","< 10","< 10","< 10","< 10","< 10","< 10","< 10","< 10"
"20 - 21 School Year","63","Oakland Schools","63150","Troy School District","03715","Hamilton Elementary School","63","Oakland","LEA School","Elementary","City: Small","Oakland Region","5","05","English Language Arts","Native Hawaiian or Other Pacific Islander","< 10","< 10","< 10","< 10","< 10","< 10","< 10","< 10"
"20 - 21 School Year","63","Oakland Schools","63150","Troy School District","03715","Hamilton Elementary School","63","Oakland","LEA School","Elementary","City: Small","Oakland Region","5","05","English Language Arts","Not Economically Disadvantaged","26","24","13","41.30","38.10","20.60","63","58.00"
"20 - 21 School Year","63","Oakland Schools","63150","Troy School District","03715","Hamilton Elementary School","63","Oakland","LEA School","Elementary","City: Small","Oakland Region","5","05","English Language Arts","Economically Disadvantaged","< 10","< 10","< 10","< 10","< 10","< 10","< 10","< 10"
"20 - 21 School Year","63","Oakland Schools","63150","Troy School District","03715","Hamilton Elementary School","63","Oakland","LEA School","Elementary","City: Small","Oakland Region","5","05","English Language Arts","All Students","28","26","15","40.60","37.70","21.70","69","57.20"
"20 - 21 School Year","63","Oakland Schools","63150","Troy School District","03715","Hamilton Elementary School","63","Oakland","LEA School","Elementary","City: Small","Oakland Region","5","05","English Language Arts","Not English Learners","26","22","13","42.60","36.10","21.30","61","57.80"
"20 - 21 School Year","63","Oakland Schools","63150","Troy School District","03715","Hamilton Elementary School","63","Oakland","LEA School","Elementary","City: Small","Oakland Region","5","All Grades","English Language Arts","Not Economically Disadvantaged","26","24","13","41.30","38.10","20.60","63","58.00"
"20 - 21 School Year","63","Oakland Schools","63150","Troy School District","03715","Hamilton Elementary School","63","Oakland","LEA School","Elementary","City: Small","Oakland Region","5","05","English Language Arts","Not Migrant","28","26","15","40.60","37.70","21.70","69","57.20"
"20 - 21 School Year","63","Oakland Schools","63150","Troy School District","03715","Hamilton Elementary School","63","Oakland","LEA School","Elementary","City: Small","Oakland Region","5","All Grades","English Language Arts","All Students","28","26","15","40.60","37.70","21.70","69","57.20"
"20 - 21 School Year","63","Oakland Schools","63150","Troy School District","03715","Hamilton Elementary School","63","Oakland","LEA School","Elementary","City: Small","Oakland Region","5","All Grades","English Language Arts","Economically Disadvantaged","< 10","< 10","< 10","< 10","< 10","< 10","< 10","< 10"
"20 - 21 School Year","63","Oakland Schools","63150","Troy School District","03715","Hamilton Elementary School","63","Oakland","LEA School","Elementary","City: Small","Oakland Region","5","05","English Language Arts","Students with Disabilities","< 10","< 10","< 10","< 10","< 10","< 10","< 10","< 10"
"20 - 21 School Year","63","Oakland Schools","63150","Troy School District","03715","Hamilton Elementary School","63","Oakland","LEA School","Elementary","City: Small","Oakland Region","5","All Grades","English Language Arts","Not Migrant","28","26","15","40.60","37.70","21.70","69","57.20"
"20 - 21 School Year","63","Oakland Schools","63150","Troy School District","03715","Hamilton Elementary School","63","Oakland","LEA School","Elementary","City: Small","Oakland Region","5","All Grades","English Language Arts","Not English Learners","26","22","13","42.60","36.10","21.30","61","57.80"
"20 - 21 School Year","63","Oakland Schools","63150","Troy School District","03715","Hamilton Elementary School","63","Oakland","LEA School","Elementary","City: Small","Oakland Region","5","All Grades","English Language Arts","English Learners","< 10","< 10","< 10","< 10","< 10","< 10","< 10","< 10"
"20 - 21 School Year","63","Oakland Schools","63150","Troy School District","03715","Hamilton Elementary School","63","Oakland","LEA School","Elementary","City: Small","Oakland Region","5","All Grades","English Language Arts","Female","12","11","< 10","40.00","36.70","23.30","30","56.30"
"20 - 21 School Year","63","Oakland Schools","63150","Troy School District","03715","Hamilton Elementary School","63","Oakland","LEA School","Elementary","City: Small","Oakland Region","5","All Grades","English Language Arts","Male","16","15","< 10","41.00","38.50","20.50","39","57.80"
"20 - 21 School Year","63","Oakland Schools","63150","Troy School District","03715","Hamilton Elementary School","63","Oakland","LEA School","Elementary","City: Small","Oakland Region","5","All Grades","English Language Arts","Asian","14","10","< 10","48.30","34.50","17.20","29","60.10"
"20 - 21 School Year","63","Oakland Schools","63150","Troy School District","03715","Hamilton Elementary School","63","Oakland","LEA School","Elementary","City: Small","Oakland Region","5","All Grades","English Language Arts","White, not of Hispanic origin","10","14","< 10","30.30","42.40","27.30","33","52.80"
"20 - 21 School Year","63","Oakland Schools","63150","Troy School District","03715","Hamilton Elementary School","63","Oakland","LEA School","Elementary","City: Small","Oakland Region","5","All Grades","English Language Arts","Hispanic","< 10","< 10","< 10","< 10","< 10","< 10","< 10","< 10"
"20 - 21 School Year","63","Oakland Schools","63150","Troy School District","03715","Hamilton Elementary School","63","Oakland","LEA School","Elementary","City: Small","Oakland Region","5","All Grades","English Language Arts","Black, not of Hispanic origin","< 10","< 10","< 10","< 10","< 10","< 10","< 10","< 10"
"20 - 21 School Year","63","Oakland Schools","63150","Troy School District","03715","Hamilton Elementary School","63","Oakland","LEA School","Elementary","City: Small","Oakland Region","5","All Grades","English Language Arts","Native Hawaiian or Other Pacific Islander","< 10","< 10","< 10","< 10","< 10","< 10","< 10","< 10"
"20 - 21 School Year","63","Oakland Schools","63150","Troy School District","03715","Hamilton Elementary School","63","Oakland","LEA School","Elementary","City: Small","Oakland Region","5","05","Mathematics","All Students","30","27","15","41.70","37.50","20.80","72","57.20"
"20 - 21 School Year","63","Oakland Schools","63150","Troy School District","03715","Hamilton Elementary School","63","Oakland","LEA School","Elementary","City: Small","Oakland Region","5","05","Mathematics","Economically Disadvantaged","< 10","< 10","< 10","< 10","< 10","< 10","< 10","< 10"
"20 - 21 School Year","63","Oakland Schools","63150","Troy School District","03715","Hamilton Elementary School","63","Oakland","LEA School","Elementary","City: Small","Oakland Region","5","05","Mathematics","Not Economically Disadvantaged","30","23","13","45.50","34.80","19.70","66","58.80"
"20 - 21 School Year","63","Oakland Schools","63150","Troy School District","03715","Hamilton Elementary School","63","Oakland","LEA School","Elementary","City: Small","Oakland Region","5","05","Mathematics","Native Hawaiian or Other Pacific Islander","< 10","< 10","< 10","< 10","< 10","< 10","< 10","< 10"
"20 - 21 School Year","63","Oakland Schools","63150","Troy School District","03715","Hamilton Elementary School","63","Oakland","LEA School","Elementary","City: Small","Oakland Region","5","05","Mathematics","Black, not of Hispanic origin","< 10","< 10","< 10","< 10","< 10","< 10","< 10","< 10"
"20 - 21 School Year","63","Oakland Schools","63150","Troy School District","03715","Hamilton Elementary School","63","Oakland","LEA School","Elementary","City: Small","Oakland Region","5","05","Mathematics","Hispanic","< 10","< 10","< 10","< 10","< 10","< 10","< 10","< 10"
"20 - 21 School Year","63","Oakland Schools","63150","Troy School District","03715","Hamilton Elementary School","63","Oakland","LEA School","Elementary","City: Small","Oakland Region","5","05","Mathematics","White, not of Hispanic origin","11","15","< 10","33.30","45.50","21.20","33","55.90"
"20 - 21 School Year","63","Oakland Schools","63150","Troy School District","03715","Hamilton Elementary School","63","Oakland","LEA School","Elementary","City: Small","Oakland Region","5","05","Mathematics","Asian","17","< 10","< 10","54.80","29.00","16.10","31","61.90"
"20 - 21 School Year","63","Oakland Schools","63150","Troy School District","03715","Hamilton Elementary School","63","Oakland","LEA School","Elementary","City: Small","Oakland Region","5","05","Mathematics","Male","14","17","< 10","35.00","42.50","22.50","40","53.60"
"20 - 21 School Year","63","Oakland Schools","63150","Troy School District","03715","Hamilton Elementary School","63","Oakland","LEA School","Elementary","City: Small","Oakland Region","5","05","Mathematics","Female","16","10","< 10","50.00","31.30","18.80","32","61.80"
"20 - 21 School Year","63","Oakland Schools","63150","Troy School District","03715","Hamilton Elementary School","63","Oakland","LEA School","Elementary","City: Small","Oakland Region","5","05","Mathematics","English Learners","< 10","< 10","< 10","< 10","< 10","< 10","< 10","< 10"
"20 - 21 School Year","63","Oakland Schools","63150","Troy School District","03715","Hamilton Elementary School","63","Oakland","LEA School","Elementary","City: Small","Oakland Region","5","05","Mathematics","Not English Learners","26","26","11","41.30","41.30","17.50","63","57.20"
"20 - 21 School Year","63","Oakland Schools","63150","Troy School District","03715","Hamilton Elementary School","63","Oakland","LEA School","Elementary","City: Small","Oakland Region","5","05","Mathematics","Not Migrant","30","27","15","41.70","37.50","20.80","72","57.20"
"20 - 21 School Year","63","Oakland Schools","63150","Troy School District","03715","Hamilton Elementary School","63","Oakland","LEA School","Elementary","City: Small","Oakland Region","5","All Grades","Mathematics","All Students","30","27","15","41.70","37.50","20.80","72","57.20"
"20 - 21 School Year","63","Oakland Schools","63150","Troy School District","03715","Hamilton Elementary School","63","Oakland","LEA School","Elementary","City: Small","Oakland Region","5","All Grades","Mathematics","Economically Disadvantaged","< 10","< 10","< 10","< 10","< 10","< 10","< 10","< 10"
"20 - 21 School Year","63","Oakland Schools","63150","Troy School District","03715","Hamilton Elementary School","63","Oakland","LEA School","Elementary","City: Small","Oakland Region","5","All Grades","Mathematics","Not Economically Disadvantaged","30","23","13","45.50","34.80","19.70","66","58.80"
"20 - 21 School Year","63","Oakland Schools","63150","Troy School District","03715","Hamilton Elementary School","63","Oakland","LEA School","Elementary","City: Small","Oakland Region","5","All Grades","Mathematics","Native Hawaiian or Other Pacific Islander","< 10","< 10","< 10","< 10","< 10","< 10","< 10","< 10"
"20 - 21 School Year","63","Oakland Schools","63150","Troy School District","03715","Hamilton Elementary School","63","Oakland","LEA School","Elementary","City: Small","Oakland Region","5","All Grades","Mathematics","Black, not of Hispanic origin","< 10","< 10","< 10","< 10","< 10","< 10","< 10","< 10"
"20 - 21 School Year","63","Oakland Schools","63150","Troy School District","03715","Hamilton Elementary School","63","Oakland","LEA School","Elementary","City: Small","Oakland Region","5","All Grades","Mathematics","Hispanic","< 10","< 10","< 10","< 10","< 10","< 10","< 10","< 10"
"20 - 21 School Year","63","Oakland Schools","63150","Troy School District","03715","Hamilton Elementary School","63","Oakland","LEA School","Elementary","City: Small","Oakland Region","5","All Grades","Mathematics","White, not of Hispanic origin","11","15","< 10","33.30","45.50","21.20","33","55.90"
"20 - 21 School Year","63","Oakland Schools","63150","Troy School District","03715","Hamilton Elementary School","63","Oakland","LEA School","Elementary","City: Small","Oakland Region","5","All Grades","Mathematics","Asian","17","< 10","< 10","54.80","29.00","16.10","31","61.90"
"20 - 21 School Year","63","Oakland Schools","63150","Troy School District","03715","Hamilton Elementary School","63","Oakland","LEA School","Elementary","City: Small","Oakland Region","5","All Grades","Mathematics","Male","14","17","< 10","35.00","42.50","22.50","40","53.60"
"20 - 21 School Year","63","Oakland Schools","63150","Troy School District","03715","Hamilton Elementary School","63","Oakland","LEA School","Elementary","City: Small","Oakland Region","5","All Grades","Mathematics","Female","16","10","< 10","50.00","31.30","18.80","32","61.80"
"20 - 21 School Year","63","Oakland Schools","63150","Troy School District","03715","Hamilton Elementary School","63","Oakland","LEA School","Elementary","City: Small","Oakland Region","5","All Grades","Mathematics","English Learners","< 10","< 10","< 10","< 10","< 10","< 10","< 10","< 10"
"20 - 21 School Year","63","Oakland Schools","63150","Troy School District","03715","Hamilton Elementary School","63","Oakland","LEA School","Elementary","City: Small","Oakland Region","5","All Grades","Mathematics","Not English Learners","26","26","11","41.30","41.30","17.50","63","57.20"
"20 - 21 School Year","63","Oakland Schools","63150","Troy School District","03715","Hamilton Elementary School","63","Oakland","LEA School","Elementary","City: Small","Oakland Region","5","All Grades","Mathematics","Not Migrant","30","27","15","41.70","37.50","20.80","72","57.20"
"20 - 21 School Year","63","Oakland Schools","63150","Troy School District","03715","Hamilton Elementary School","63","Oakland","LEA School","Elementary","City: Small","Oakland Region","5","05","English Language Arts","Students without Disabilities","28","24","13","43.10","36.90","20.00","65","58.50"
"20 - 21 School Year","63","Oakland Schools","63150","Troy School District","03715","Hamilton Elementary School","63","Oakland","LEA School","Elementary","City: Small","Oakland Region","5","All Grades","English Language Arts","Students without Disabilities","28","24","13","43.10","36.90","20.00","65","58.50"
"20 - 21 School Year","63","Oakland Schools","63150","Troy School District","03715","Hamilton Elementary School","63","Oakland","LEA School","Elementary","City: Small","Oakland Region","5","All Grades","English Language Arts","Students with Disabilities","< 10","< 10","< 10","< 10","< 10","< 10","< 10","< 10"
"20 - 21 School Year","63","Oakland Schools","63150","Troy School District","04226","Troy High School","63","Oakland","LEA School","High School","City: Small","Oakland Region","5","All Grades","Mathematics","Students without Disabilities","167","134","59","46.40","37.20","16.40","360","63.10"
"20 - 21 School Year","63","Oakland Schools","63150","Troy School District","04226","Troy High School","63","Oakland","LEA School","High School","City: Small","Oakland Region","5","All Grades","English Language Arts","English Learners","< 10","< 10","< 10","57.10","21.40","21.40","14","69.40"
"20 - 21 School Year","63","Oakland Schools","63150","Troy School District","04226","Troy High School","63","Oakland","LEA School","High School","City: Small","Oakland Region","5","All Grades","English Language Arts","Not English Learners","230","98","32","63.90","27.20","8.90","360","73.30"
"20 - 21 School Year","63","Oakland Schools","63150","Troy School District","04226","Troy High School","63","Oakland","LEA School","High School","City: Small","Oakland Region","5","All Grades","English Language Arts","Not Migrant","238","101","35","63.60","27.00","9.40","374","73.10"
"20 - 21 School Year","63","Oakland Schools","63150","Troy School District","04226","Troy High School","63","Oakland","LEA School","High School","City: Small","Oakland Region","5","All Grades","Mathematics","Not Migrant","172","140","62","46.00","37.40","16.60","374","63.00"
"20 - 21 School Year","63","Oakland Schools","63150","Troy School District","04226","Troy High School","63","Oakland","LEA School","High School","City: Small","Oakland Region","5","All Grades","Mathematics","Not English Learners","164","138","58","45.60","38.30","16.10","360","63.00"
"20 - 21 School Year","63","Oakland Schools","63150","Troy School District","04226","Troy High School","63","Oakland","LEA School","High School","City: Small","Oakland Region","5","All Grades","Mathematics","English Learners","< 10","< 10","< 10","57.10","14.30","28.60","14","61.10"
"20 - 21 School Year","63","Oakland Schools","63150","Troy School District","04226","Troy High School","63","Oakland","LEA School","High School","City: Small","Oakland Region","5","All Grades","Mathematics","Female","73","77","42","38.00","40.10","21.90","192","58.30"
"20 - 21 School Year","63","Oakland Schools","63150","Troy School District","04226","Troy High School","63","Oakland","LEA School","High School","City: Small","Oakland Region","5","All Grades","Mathematics","Male","99","63","20","54.40","34.60","11.00","182","67.90"
"20 - 21 School Year","63","Oakland Schools","63150","Troy School District","04226","Troy High School","63","Oakland","LEA School","High School","City: Small","Oakland Region","5","All Grades","Mathematics","Asian","106","46","< 10","65.80","28.60","5.60","161","74.90"
"20 - 21 School Year","63","Oakland Schools","63150","Troy School District","04226","Troy High School","63","Oakland","LEA School","High School","City: Small","Oakland Region","5","All Grades","Mathematics","Two or More Races","< 10","< 10","< 10","47.40","42.10","10.50","19","65.40"
"20 - 21 School Year","63","Oakland Schools","63150","Troy School District","04226","Troy High School","63","Oakland","LEA School","High School","City: Small","Oakland Region","5","All Grades","Mathematics","White, not of Hispanic origin","51","74","40","30.90","44.80","24.20","165","54.60"
"20 - 21 School Year","63","Oakland Schools","63150","Troy School District","04226","Troy High School","63","Oakland","LEA School","High School","City: Small","Oakland Region","5","All Grades","Mathematics","Hispanic","< 10","< 10","< 10","18.80","43.80","37.50","16","40.40"
"20 - 21 School Year","63","Oakland Schools","63150","Troy School District","04226","Troy High School","63","Oakland","LEA School","High School","City: Small","Oakland Region","5","All Grades","Mathematics","Black, not of Hispanic origin","< 10","< 10","< 10","25.00","41.70","33.30","12","49.20"
"20 - 21 School Year","63","Oakland Schools","63150","Troy School District","04226","Troy High School","63","Oakland","LEA School","High School","City: Small","Oakland Region","5","All Grades","Mathematics","Native Hawaiian or Other Pacific Islander","< 10","< 10","< 10","< 10","< 10","< 10","< 10","< 10"
"20 - 21 School Year","63","Oakland Schools","63150","Troy School District","04226","Troy High School","63","Oakland","LEA School","High School","City: Small","Oakland Region","5","All Grades","Mathematics","Not Economically Disadvantaged","158","127","50","47.20","37.90","14.90","335","64.20"
"20 - 21 School Year","63","Oakland Schools","63150","Troy School District","04226","Troy High School","63","Oakland","LEA School","High School","City: Small","Oakland Region","5","All Grades","Mathematics","Economically Disadvantaged","14","13","12","35.90","33.30","30.80","39","52.40"
"20 - 21 School Year","63","Oakland Schools","63150","Troy School District","04226","Troy High School","63","Oakland","LEA School","High School","City: Small","Oakland Region","5","All Grades","Mathematics","All Students","172","140","62","46.00","37.40","16.60","374","63.00"
"20 - 21 School Year","63","Oakland Schools","63150","Troy School District","04226","Troy High School","63","Oakland","LEA School","High School","City: Small","Oakland Region","5","11","Mathematics","Not Migrant","172","140","62","46.00","37.40","16.60","374","63.00"
"20 - 21 School Year","63","Oakland Schools","63150","Troy School District","04226","Troy High School","63","Oakland","LEA School","High School","City: Small","Oakland Region","5","11","Mathematics","Not English Learners","164","138","58","45.60","38.30","16.10","360","63.00"
"20 - 21 School Year","63","Oakland Schools","63150","Troy School District","04226","Troy High School","63","Oakland","LEA School","High School","City: Small","Oakland Region","5","11","Mathematics","English Learners","< 10","< 10","< 10","57.10","14.30","28.60","14","61.10"
"20 - 21 School Year","63","Oakland Schools","63150","Troy School District","04226","Troy High School","63","Oakland","LEA School","High School","City: Small","Oakland Region","5","All Grades","Social Studies","Students without Disabilities","23","33","12","33.80","48.50","17.60","68","57.40"
"20 - 21 School Year","63","Oakland Schools","63150","Troy School District","04226","Troy High School","63","Oakland","LEA School","High School","City: Small","Oakland Region","5","11","Social Studies","Students without Disabilities","23","33","12","33.80","48.50","17.60","68","57.40"
"20 - 21 School Year","63","Oakland Schools","63150","Troy School District","04226","Troy High School","63","Oakland","LEA School","High School","City: Small","Oakland Region","5","11","Mathematics","Students without Disabilities","167","134","59","46.40","37.20","16.40","360","63.10"
"20 - 21 School Year","63","Oakland Schools","63150","Troy School District","04226","Troy High School","63","Oakland","LEA School","High School","City: Small","Oakland Region","5","All Grades","English Language Arts","Two or More Races","< 10","< 10","< 10","47.40","42.10","10.50","19","69.00"
"20 - 21 School Year","63","Oakland Schools","63150","Troy School District","04226","Troy High School","63","Oakland","LEA School","High School","City: Small","Oakland Region","5","All Grades","English Language Arts","White, not of Hispanic origin","76","67","22","46.10","40.60","13.30","165","62.70"
"20 - 21 School Year","63","Oakland Schools","63150","Troy School District","04226","Troy High School","63","Oakland","LEA School","High School","City: Small","Oakland Region","5","All Grades","English Language Arts","Hispanic","< 10","< 10","< 10","43.80","50.00","6.30","16","65.30"
"20 - 21 School Year","63","Oakland Schools","63150","Troy School District","04226","Troy High School","63","Oakland","LEA School","High School","City: Small","Oakland Region","5","All Grades","English Language Arts","Black, not of Hispanic origin","< 10","< 10","< 10","50.00","25.00","25.00","12","59.80"
"20 - 21 School Year","63","Oakland Schools","63150","Troy School District","04226","Troy High School","63","Oakland","LEA School","High School","City: Small","Oakland Region","5","All Grades","English Language Arts","Native Hawaiian or Other Pacific Islander","< 10","< 10","< 10","< 10","< 10","< 10","< 10","< 10"
"20 - 21 School Year","63","Oakland Schools","63150","Troy School District","04226","Troy High School","63","Oakland","LEA School","High School","City: Small","Oakland Region","5","All Grades","English Language Arts","Not Economically Disadvantaged","220","89","26","65.70","26.60","7.80","335","74.70"
"20 - 21 School Year","63","Oakland Schools","63150","Troy School District","04226","Troy High School","63","Oakland","LEA School","High School","City: Small","Oakland Region","5","All Grades","English Language Arts","Economically Disadvantaged","18","12","< 10","46.20","30.80","23.10","39","59.90"
"20 - 21 School Year","63","Oakland Schools","63150","Troy School District","04226","Troy High School","63","Oakland","LEA School","High School","City: Small","Oakland Region","5","All Grades","English Language Arts","All Students","238","101","35","63.60","27.00","9.40","374","73.10"
"20 - 21 School Year","63","Oakland Schools","63150","Troy School District","04226","Troy High School","63","Oakland","LEA School","High School","City: Small","Oakland Region","5","All Grades","English Language Arts","Asian","140","14","< 10","87.00","8.70","< 5","161","86.20"
"20 - 21 School Year","63","Oakland Schools","63150","Troy School District","04226","Troy High School","63","Oakland","LEA School","High School","City: Small","Oakland Region","5","All Grades","English Language Arts","Male","127","48","< 10","69.80","26.40","< 5","182","78.20"
"20 - 21 School Year","63","Oakland Schools","63150","Troy School District","04226","Troy High School","63","Oakland","LEA School","High School","City: Small","Oakland Region","5","All Grades","English Language Arts","Female","111","53","28","57.80","27.60","14.60","192","68.30"
"20 - 21 School Year","63","Oakland Schools","63150","Troy School District","04226","Troy High School","63","Oakland","LEA School","High School","City: Small","Oakland Region","5","11","English Language Arts","All Students","238","101","35","63.60","27.00","9.40","374","73.10"
"20 - 21 School Year","63","Oakland Schools","63150","Troy School District","04226","Troy High School","63","Oakland","LEA School","High School","City: Small","Oakland Region","5","11","English Language Arts","Economically Disadvantaged","18","12","< 10","46.20","30.80","23.10","39","59.90"
"20 - 21 School Year","63","Oakland Schools","63150","Troy School District","04226","Troy High School","63","Oakland","LEA School","High School","City: Small","Oakland Region","5","11","English Language Arts","Not Economically Disadvantaged","220","89","26","65.70","26.60","7.80","335","74.70"
"20 - 21 School Year","63","Oakland Schools","63150","Troy School District","04226","Troy High School","63","Oakland","LEA School","High School","City: Small","Oakland Region","5","11","English Language Arts","Students with Disabilities","< 10","< 10","< 10","64.30","28.60","7.10","14","72.60"
"20 - 21 School Year","63","Oakland Schools","63150","Troy School District","04226","Troy High School","63","Oakland","LEA School","High School","City: Small","Oakland Region","5","11","English Language Arts","Native Hawaiian or Other Pacific Islander","< 10","< 10","< 10","< 10","< 10","< 10","< 10","< 10"
"20 - 21 School Year","63","Oakland Schools","63150","Troy School District","04226","Troy High School","63","Oakland","LEA School","High School","City: Small","Oakland Region","5","11","English Language Arts","Black, not of Hispanic origin","< 10","< 10","< 10","50.00","25.00","25.00","12","59.80"
"20 - 21 School Year","63","Oakland Schools","63150","Troy School District","04226","Troy High School","63","Oakland","LEA School","High School","City: Small","Oakland Region","5","11","English Language Arts","Hispanic","< 10","< 10","< 10","43.80","50.00","6.30","16","65.30"
"20 - 21 School Year","63","Oakland Schools","63150","Troy School District","04226","Troy High School","63","Oakland","LEA School","High School","City: Small","Oakland Region","5","11","English Language Arts","White, not of Hispanic origin","76","67","22","46.10","40.60","13.30","165","62.70"
"20 - 21 School Year","63","Oakland Schools","63150","Troy School District","04226","Troy High School","63","Oakland","LEA School","High School","City: Small","Oakland Region","5","11","English Language Arts","Two or More Races","< 10","< 10","< 10","47.40","42.10","10.50","19","69.00"
"20 - 21 School Year","63","Oakland Schools","63150","Troy School District","04226","Troy High School","63","Oakland","LEA School","High School","City: Small","Oakland Region","5","11","English Language Arts","Not Migrant","238","101","35","63.60","27.00","9.40","374","73.10"
"20 - 21 School Year","63","Oakland Schools","63150","Troy School District","04226","Troy High School","63","Oakland","LEA School","High School","City: Small","Oakland Region","5","11","English Language Arts","Not English Learners","230","98","32","63.90","27.20","8.90","360","73.30"
"20 - 21 School Year","63","Oakland Schools","63150","Troy School District","04226","Troy High School","63","Oakland","LEA School","High School","City: Small","Oakland Region","5","11","English Language Arts","English Learners","< 10","< 10","< 10","57.10","21.40","21.40","14","69.40"
"20 - 21 School Year","63","Oakland Schools","63150","Troy School District","04226","Troy High School","63","Oakland","LEA School","High School","City: Small","Oakland Region","5","11","English Language Arts","Female","111","53","28","57.80","27.60","14.60","192","68.30"
"20 - 21 School Year","63","Oakland Schools","63150","Troy School District","04226","Troy High School","63","Oakland","LEA School","High School","City: Small","Oakland Region","5","11","English Language Arts","Male","127","48","< 10","69.80","26.40","< 5","182","78.20"
"20 - 21 School Year","63","Oakland Schools","63150","Troy School District","04226","Troy High School","63","Oakland","LEA School","High School","City: Small","Oakland Region","5","11","English Language Arts","Asian","140","14","< 10","87.00","8.70","< 5","161","86.20"
"20 - 21 School Year","63","Oakland Schools","63150","Troy School District","04226","Troy High School","63","Oakland","LEA School","High School","City: Small","Oakland Region","5","All Grades","Social Studies","English Learners","< 10","< 10","< 10","< 10","< 10","< 10","< 10","< 10"
"20 - 21 School Year","63","Oakland Schools","63150","Troy School District","04226","Troy High School","63","Oakland","LEA School","High School","City: Small","Oakland Region","5","All Grades","Social Studies","Female","11","20","< 10","29.70","54.10","16.20","37","56.10"
"20 - 21 School Year","63","Oakland Schools","63150","Troy School District","04226","Troy High School","63","Oakland","LEA School","High School","City: Small","Oakland Region","5","All Grades","Social Studies","Male","12","13","< 10","38.70","41.90","19.40","31","58.90"
"20 - 21 School Year","63","Oakland Schools","63150","Troy School District","04226","Troy High School","63","Oakland","LEA School","High School","City: Small","Oakland Region","5","All Grades","Social Studies","Asian","10","15","< 10","33.30","50.00","16.70","30","57.50"
"20 - 21 School Year","63","Oakland Schools","63150","Troy School District","04226","Troy High School","63","Oakland","LEA School","High School","City: Small","Oakland Region","5","All Grades","Social Studies","Two or More Races","< 10","< 10","< 10","< 10","< 10","< 10","< 10","< 10"
"20 - 21 School Year","63","Oakland Schools","63150","Troy School District","04226","Troy High School","63","Oakland","LEA School","High School","City: Small","Oakland Region","5","All Grades","Social Studies","White, not of Hispanic origin","< 10","12","< 10","30.80","46.20","23.10","26","53.00"
"20 - 21 School Year","63","Oakland Schools","63150","Troy School District","04226","Troy High School","63","Oakland","LEA School","High School","City: Small","Oakland Region","5","All Grades","Social Studies","Hispanic","< 10","< 10","< 10","< 10","< 10","< 10","< 10","< 10"
"20 - 21 School Year","63","Oakland Schools","63150","Troy School District","04226","Troy High School","63","Oakland","LEA School","High School","City: Small","Oakland Region","5","All Grades","Social Studies","Not Migrant","23","33","12","33.80","48.50","17.60","68","57.40"
"20 - 21 School Year","63","Oakland Schools","63150","Troy School District","04226","Troy High School","63","Oakland","LEA School","High School","City: Small","Oakland Region","5","All Grades","Social Studies","Not English Learners","22","30","11","34.90","47.60","17.50","63","57.50"
"20 - 21 School Year","63","Oakland Schools","63150","Troy School District","04226","Troy High School","63","Oakland","LEA School","High School","City: Small","Oakland Region","5","All Grades","English Language Arts","Students with Disabilities","< 10","< 10","< 10","64.30","28.60","7.10","14","72.60"
"20 - 21 School Year","63","Oakland Schools","63150","Troy School District","04226","Troy High School","63","Oakland","LEA School","High School","City: Small","Oakland Region","5","11","Mathematics","Students with Disabilities","< 10","< 10","< 10","35.70","42.90","21.40","14","59.80"
"20 - 21 School Year","63","Oakland Schools","63150","Troy School District","04226","Troy High School","63","Oakland","LEA School","High School","City: Small","Oakland Region","5","All Grades","Mathematics","Students with Disabilities","< 10","< 10","< 10","35.70","42.90","21.40","14","59.80"
"20 - 21 School Year","63","Oakland Schools","63150","Troy School District","04226","Troy High School","63","Oakland","LEA School","High School","City: Small","Oakland Region","5","11","Mathematics","All Students","172","140","62","46.00","37.40","16.60","374","63.00"
"20 - 21 School Year","63","Oakland Schools","63150","Troy School District","04226","Troy High School","63","Oakland","LEA School","High School","City: Small","Oakland Region","5","11","Mathematics","Female","73","77","42","38.00","40.10","21.90","192","58.30"
"20 - 21 School Year","63","Oakland Schools","63150","Troy School District","04226","Troy High School","63","Oakland","LEA School","High School","City: Small","Oakland Region","5","11","Mathematics","Male","99","63","20","54.40","34.60","11.00","182","67.90"
"20 - 21 School Year","63","Oakland Schools","63150","Troy School District","04226","Troy High School","63","Oakland","LEA School","High School","City: Small","Oakland Region","5","11","Mathematics","Asian","106","46","< 10","65.80","28.60","5.60","161","74.90"
"20 - 21 School Year","63","Oakland Schools","63150","Troy School District","04226","Troy High School","63","Oakland","LEA School","High School","City: Small","Oakland Region","5","11","Mathematics","Two or More Races","< 10","< 10","< 10","47.40","42.10","10.50","19","65.40"
"20 - 21 School Year","63","Oakland Schools","63150","Troy School District","04226","Troy High School","63","Oakland","LEA School","High School","City: Small","Oakland Region","5","11","Mathematics","White, not of Hispanic origin","51","74","40","30.90","44.80","24.20","165","54.60"
"20 - 21 School Year","63","Oakland Schools","63150","Troy School District","04226","Troy High School","63","Oakland","LEA School","High School","City: Small","Oakland Region","5","11","Mathematics","Hispanic","< 10","< 10","< 10","18.80","43.80","37.50","16","40.40"
"20 - 21 School Year","63","Oakland Schools","63150","Troy School District","04226","Troy High School","63","Oakland","LEA School","High School","City: Small","Oakland Region","5","11","Mathematics","Black, not of Hispanic origin","< 10","< 10","< 10","25.00","41.70","33.30","12","49.20"
"20 - 21 School Year","63","Oakland Schools","63150","Troy School District","04226","Troy High School","63","Oakland","LEA School","High School","City: Small","Oakland Region","5","11","Mathematics","Native Hawaiian or Other Pacific Islander","< 10","< 10","< 10","< 10","< 10","< 10","< 10","< 10"
"20 - 21 School Year","63","Oakland Schools","63150","Troy School District","04226","Troy High School","63","Oakland","LEA School","High School","City: Small","Oakland Region","5","11","Mathematics","Not Economically Disadvantaged","158","127","50","47.20","37.90","14.90","335","64.20"
"20 - 21 School Year","63","Oakland Schools","63150","Troy School District","04226","Troy High School","63","Oakland","LEA School","High School","City: Small","Oakland Region","5","11","Mathematics","Economically Disadvantaged","14","13","12","35.90","33.30","30.80","39","52.40"
"20 - 21 School Year","63","Oakland Schools","63150","Troy School District","04226","Troy High School","63","Oakland","LEA School","High School","City: Small","Oakland Region","5","11","Social Studies","Not Migrant","23","33","12","33.80","48.50","17.60","68","57.40"
"20 - 21 School Year","63","Oakland Schools","63150","Troy School District","04226","Troy High School","63","Oakland","LEA School","High School","City: Small","Oakland Region","5","11","Social Studies","Not English Learners","22","30","11","34.90","47.60","17.50","63","57.50"
"20 - 21 School Year","63","Oakland Schools","63150","Troy School District","04226","Troy High School","63","Oakland","LEA School","High School","City: Small","Oakland Region","5","11","Social Studies","English Learners","< 10","< 10","< 10","< 10","< 10","< 10","< 10","< 10"
"20 - 21 School Year","63","Oakland Schools","63150","Troy School District","04226","Troy High School","63","Oakland","LEA School","High School","City: Small","Oakland Region","5","11","Social Studies","Female","11","20","< 10","29.70","54.10","16.20","37","56.10"
"20 - 21 School Year","63","Oakland Schools","63150","Troy School District","04226","Troy High School","63","Oakland","LEA School","High School","City: Small","Oakland Region","5","11","Social Studies","Male","12","13","< 10","38.70","41.90","19.40","31","58.90"
"20 - 21 School Year","63","Oakland Schools","63150","Troy School District","04226","Troy High School","63","Oakland","LEA School","High School","City: Small","Oakland Region","5","11","Social Studies","Asian","10","15","< 10","33.30","50.00","16.70","30","57.50"
"20 - 21 School Year","63","Oakland Schools","63150","Troy School District","04226","Troy High School","63","Oakland","LEA School","High School","City: Small","Oakland Region","5","11","Social Studies","Two or More Races","< 10","< 10","< 10","< 10","< 10","< 10","< 10","< 10"
"20 - 21 School Year","63","Oakland Schools","63150","Troy School District","04226","Troy High School","63","Oakland","LEA School","High School","City: Small","Oakland Region","5","11","Social Studies","White, not of Hispanic origin","< 10","12","< 10","30.80","46.20","23.10","26","53.00"
"20 - 21 School Year","63","Oakland Schools","63150","Troy School District","04226","Troy High School","63","Oakland","LEA School","High School","City: Small","Oakland Region","5","11","Social Studies","Hispanic","< 10","< 10","< 10","< 10","< 10","< 10","< 10","< 10"
"20 - 21 School Year","63","Oakland Schools","63150","Troy School District","04226","Troy High School","63","Oakland","LEA School","High School","City: Small","Oakland Region","5","11","Social Studies","Not Economically Disadvantaged","23","29","11","36.50","46.00","17.50","63","58.40"
"20 - 21 School Year","63","Oakland Schools","63150","Troy School District","04226","Troy High School","63","Oakland","LEA School","High School","City: Small","Oakland Region","5","11","Social Studies","Economically Disadvantaged","< 10","< 10","< 10","< 10","< 10","< 10","< 10","< 10"
"20 - 21 School Year","63","Oakland Schools","63150","Troy School District","04226","Troy High School","63","Oakland","LEA School","High School","City: Small","Oakland Region","5","11","Social Studies","All Students","23","33","12","33.80","48.50","17.60","68","57.40"
"20 - 21 School Year","63","Oakland Schools","63150","Troy School District","04226","Troy High School","63","Oakland","LEA School","High School","City: Small","Oakland Region","5","All Grades","Social Studies","Not Economically Disadvantaged","23","29","11","36.50","46.00","17.50","63","58.40"
"20 - 21 School Year","63","Oakland Schools","63150","Troy School District","04226","Troy High School","63","Oakland","LEA School","High School","City: Small","Oakland Region","5","All Grades","Social Studies","Economically Disadvantaged","< 10","< 10","< 10","< 10","< 10","< 10","< 10","< 10"
"20 - 21 School Year","63","Oakland Schools","63150","Troy School District","04226","Troy High School","63","Oakland","LEA School","High School","City: Small","Oakland Region","5","All Grades","Social Studies","All Students","23","33","12","33.80","48.50","17.60","68","57.40"
"20 - 21 School Year","63","Oakland Schools","63150","Troy School District","04226","Troy High School","63","Oakland","LEA School","High School","City: Small","Oakland Region","5","11","English Language Arts","Students without Disabilities","229","97","34","63.60","26.90","9.40","360","73.20"
"20 - 21 School Year","63","Oakland Schools","63150","Troy School District","04226","Troy High School","63","Oakland","LEA School","High School","City: Small","Oakland Region","5","All Grades","English Language Arts","Students without Disabilities","229","97","34","63.60","26.90","9.40","360","73.20"
"20 - 21 School Year","63","Oakland Schools","63150","Troy School District","04227","Troy Union Elementary School","63","Oakland","LEA School","Elementary","City: Small","Oakland Region","5","All Grades","English Language Arts","Students without Disabilities","< 10","12","18","16.70","33.30","50.00","36","36.00"
"20 - 21 School Year","63","Oakland Schools","63150","Troy School District","04227","Troy Union Elementary School","63","Oakland","LEA School","Elementary","City: Small","Oakland Region","5","05","English Language Arts","Students without Disabilities","< 10","12","18","16.70","33.30","50.00","36","36.00"
"20 - 21 School Year","63","Oakland Schools","63150","Troy School District","04227","Troy Union Elementary School","63","Oakland","LEA School","Elementary","City: Small","Oakland Region","5","All Grades","Mathematics","Two or More Races","< 10","< 10","< 10","< 10","< 10","< 10","< 10","< 10"
"20 - 21 School Year","63","Oakland Schools","63150","Troy School District","04227","Troy Union Elementary School","63","Oakland","LEA School","Elementary","City: Small","Oakland Region","5","All Grades","Mathematics","Asian","< 10","< 10","< 10","< 10","< 10","< 10","< 10","< 10"
"20 - 21 School Year","63","Oakland Schools","63150","Troy School District","04227","Troy Union Elementary School","63","Oakland","LEA School","Elementary","City: Small","Oakland Region","5","All Grades","Mathematics","White, not of Hispanic origin","< 10","< 10","16","11.10","29.60","59.30","27","30.60"
"20 - 21 School Year","63","Oakland Schools","63150","Troy School District","04227","Troy Union Elementary School","63","Oakland","LEA School","Elementary","City: Small","Oakland Region","5","All Grades","Mathematics","Male","< 10","< 10","13","9.50","28.60","61.90","21","30.20"
"20 - 21 School Year","63","Oakland Schools","63150","Troy School District","04227","Troy Union Elementary School","63","Oakland","LEA School","Elementary","City: Small","Oakland Region","5","All Grades","Mathematics","Hispanic","< 10","< 10","< 10","< 10","< 10","< 10","< 10","< 10"
"20 - 21 School Year","63","Oakland Schools","63150","Troy School District","04227","Troy Union Elementary School","63","Oakland","LEA School","Elementary","City: Small","Oakland Region","5","All Grades","Mathematics","Black, not of Hispanic origin","< 10","< 10","< 10","< 10","< 10","< 10","< 10","< 10"
"20 - 21 School Year","63","Oakland Schools","63150","Troy School District","04227","Troy Union Elementary School","63","Oakland","LEA School","Elementary","City: Small","Oakland Region","5","All Grades","Mathematics","Not Economically Disadvantaged","< 10","11","21","13.50","29.70","56.80","37","32.30"
"20 - 21 School Year","63","Oakland Schools","63150","Troy School District","04227","Troy Union Elementary School","63","Oakland","LEA School","Elementary","City: Small","Oakland Region","5","All Grades","Mathematics","Economically Disadvantaged","< 10","< 10","< 10","< 10","< 10","< 10","< 10","< 10"
"20 - 21 School Year","63","Oakland Schools","63150","Troy School District","04227","Troy Union Elementary School","63","Oakland","LEA School","Elementary","City: Small","Oakland Region","5","All Grades","Mathematics","All Students","< 10","13","23","12.20","31.70","56.10","41","32.70"
"20 - 21 School Year","63","Oakland Schools","63150","Troy School District","04227","Troy Union Elementary School","63","Oakland","LEA School","Elementary","City: Small","Oakland Region","5","05","Mathematics","All Students","< 10","13","23","12.20","31.70","56.10","41","32.70"
"20 - 21 School Year","63","Oakland Schools","63150","Troy School District","04227","Troy Union Elementary School","63","Oakland","LEA School","Elementary","City: Small","Oakland Region","5","05","Mathematics","Economically Disadvantaged","< 10","< 10","< 10","< 10","< 10","< 10","< 10","< 10"
"20 - 21 School Year","63","Oakland Schools","63150","Troy School District","04227","Troy Union Elementary School","63","Oakland","LEA School","Elementary","City: Small","Oakland Region","5","05","Mathematics","Not Economically Disadvantaged","< 10","11","21","13.50","29.70","56.80","37","32.30"
"20 - 21 School Year","63","Oakland Schools","63150","Troy School District","04227","Troy Union Elementary School","63","Oakland","LEA School","Elementary","City: Small","Oakland Region","5","All Grades","English Language Arts","Students with Disabilities","< 10","< 10","< 10","< 10","< 10","< 10","< 10","< 10"
"20 - 21 School Year","63","Oakland Schools","63150","Troy School District","04227","Troy Union Elementary School","63","Oakland","LEA School","Elementary","City: Small","Oakland Region","5","05","Mathematics","Black, not of Hispanic origin","< 10","< 10","< 10","< 10","< 10","< 10","< 10","< 10"
"20 - 21 School Year","63","Oakland Schools","63150","Troy School District","04227","Troy Union Elementary School","63","Oakland","LEA School","Elementary","City: Small","Oakland Region","5","05","Mathematics","Hispanic","< 10","< 10","< 10","< 10","< 10","< 10","< 10","< 10"
"20 - 21 School Year","63","Oakland Schools","63150","Troy School District","04227","Troy Union Elementary School","63","Oakland","LEA School","Elementary","City: Small","Oakland Region","5","05","Mathematics","Students without Disabilities","< 10","11","20","13.90","30.60","55.60","36","33.50"
"20 - 21 School Year","63","Oakland Schools","63150","Troy School District","04227","Troy Union Elementary School","63","Oakland","LEA School","Elementary","City: Small","Oakland Region","5","All Grades","Mathematics","Students without Disabilities","< 10","11","20","13.90","30.60","55.60","36","33.50"
"20 - 21 School Year","63","Oakland Schools","63150","Troy School District","04227","Troy Union Elementary School","63","Oakland","LEA School","Elementary","City: Small","Oakland Region","5","05","English Language Arts","English Learners","< 10","< 10","< 10","< 10","< 10","< 10","< 10","< 10"
"20 - 21 School Year","63","Oakland Schools","63150","Troy School District","04227","Troy Union Elementary School","63","Oakland","LEA School","Elementary","City: Small","Oakland Region","5","05","English Language Arts","Female","< 10","< 10","12","14.30","28.60","57.10","21","32.20"
"20 - 21 School Year","63","Oakland Schools","63150","Troy School District","04227","Troy Union Elementary School","63","Oakland","LEA School","Elementary","City: Small","Oakland Region","5","05","English Language Arts","Male","< 10","< 10","< 10","20.00","40.00","40.00","20","41.90"
"20 - 21 School Year","63","Oakland Schools","63150","Troy School District","04227","Troy Union Elementary School","63","Oakland","LEA School","Elementary","City: Small","Oakland Region","5","05","English Language Arts","Asian","< 10","< 10","< 10","< 10","< 10","< 10","< 10","< 10"
"20 - 21 School Year","63","Oakland Schools","63150","Troy School District","04227","Troy Union Elementary School","63","Oakland","LEA School","Elementary","City: Small","Oakland Region","5","05","English Language Arts","Two or More Races","< 10","< 10","< 10","< 10","< 10","< 10","< 10","< 10"
"20 - 21 School Year","63","Oakland Schools","63150","Troy School District","04227","Troy Union Elementary School","63","Oakland","LEA School","Elementary","City: Small","Oakland Region","5","05","English Language Arts","White, not of Hispanic origin","< 10","10","16","7.10","35.70","57.10","28","30.50"
"20 - 21 School Year","63","Oakland Schools","63150","Troy School District","04227","Troy Union Elementary School","63","Oakland","LEA School","Elementary","City: Small","Oakland Region","5","05","English Language Arts","Hispanic","< 10","< 10","< 10","< 10","< 10","< 10","< 10","< 10"
"20 - 21 School Year","63","Oakland Schools","63150","Troy School District","04227","Troy Union Elementary School","63","Oakland","LEA School","Elementary","City: Small","Oakland Region","5","05","English Language Arts","Black, not of Hispanic origin","< 10","< 10","< 10","< 10","< 10","< 10","< 10","< 10"
"20 - 21 School Year","63","Oakland Schools","63150","Troy School District","04227","Troy Union Elementary School","63","Oakland","LEA School","Elementary","City: Small","Oakland Region","5","05","English Language Arts","Not Economically Disadvantaged","< 10","12","18","18.90","32.40","48.60","37","37.90"
"20 - 21 School Year","63","Oakland Schools","63150","Troy School District","04227","Troy Union Elementary School","63","Oakland","LEA School","Elementary","City: Small","Oakland Region","5","05","English Language Arts","Economically Disadvantaged","< 10","< 10","< 10","< 10","< 10","< 10","< 10","< 10"
"20 - 21 School Year","63","Oakland Schools","63150","Troy School District","04227","Troy Union Elementary School","63","Oakland","LEA School","Elementary","City: Small","Oakland Region","5","05","English Language Arts","All Students","< 10","14","20","17.10","34.10","48.80","41","36.90"
"20 - 21 School Year","63","Oakland Schools","63150","Troy School District","04227","Troy Union Elementary School","63","Oakland","LEA School","Elementary","City: Small","Oakland Region","5","All Grades","English Language Arts","Not English Learners","< 10","12","20","17.90","30.80","51.30","39","36.60"
"20 - 21 School Year","63","Oakland Schools","63150","Troy School District","04227","Troy Union Elementary School","63","Oakland","LEA School","Elementary","City: Small","Oakland Region","5","All Grades","English Language Arts","English Learners","< 10","< 10","< 10","< 10","< 10","< 10","< 10","< 10"
"20 - 21 School Year","63","Oakland Schools","63150","Troy School District","04227","Troy Union Elementary School","63","Oakland","LEA School","Elementary","City: Small","Oakland Region","5","All Grades","English Language Arts","Female","< 10","< 10","12","14.30","28.60","57.10","21","32.20"
"20 - 21 School Year","63","Oakland Schools","63150","Troy School District","04227","Troy Union Elementary School","63","Oakland","LEA School","Elementary","City: Small","Oakland Region","5","All Grades","English Language Arts","Male","< 10","< 10","< 10","20.00","40.00","40.00","20","41.90"
"20 - 21 School Year","63","Oakland Schools","63150","Troy School District","04227","Troy Union Elementary School","63","Oakland","LEA School","Elementary","City: Small","Oakland Region","5","All Grades","English Language Arts","Asian","< 10","< 10","< 10","< 10","< 10","< 10","< 10","< 10"
"20 - 21 School Year","63","Oakland Schools","63150","Troy School District","04227","Troy Union Elementary School","63","Oakland","LEA School","Elementary","City: Small","Oakland Region","5","All Grades","English Language Arts","Two or More Races","< 10","< 10","< 10","< 10","< 10","< 10","< 10","< 10"
"20 - 21 School Year","63","Oakland Schools","63150","Troy School District","04227","Troy Union Elementary School","63","Oakland","LEA School","Elementary","City: Small","Oakland Region","5","All Grades","English Language Arts","White, not of Hispanic origin","< 10","10","16","7.10","35.70","57.10","28","30.50"
"20 - 21 School Year","63","Oakland Schools","63150","Troy School District","04227","Troy Union Elementary School","63","Oakland","LEA School","Elementary","City: Small","Oakland Region","5","All Grades","English Language Arts","Hispanic","< 10","< 10","< 10","< 10","< 10","< 10","< 10","< 10"
"20 - 21 School Year","63","Oakland Schools","63150","Troy School District","04227","Troy Union Elementary School","63","Oakland","LEA School","Elementary","City: Small","Oakland Region","5","All Grades","English Language Arts","Black, not of Hispanic origin","< 10","< 10","< 10","< 10","< 10","< 10","< 10","< 10"
"20 - 21 School Year","63","Oakland Schools","63150","Troy School District","04227","Troy Union Elementary School","63","Oakland","LEA School","Elementary","City: Small","Oakland Region","5","All Grades","English Language Arts","Not Economically Disadvantaged","< 10","12","18","18.90","32.40","48.60","37","37.90"
"20 - 21 School Year","63","Oakland Schools","63150","Troy School District","04227","Troy Union Elementary School","63","Oakland","LEA School","Elementary","City: Small","Oakland Region","5","All Grades","English Language Arts","Economically Disadvantaged","< 10","< 10","< 10","< 10","< 10","< 10","< 10","< 10"
"20 - 21 School Year","63","Oakland Schools","63150","Troy School District","04227","Troy Union Elementary School","63","Oakland","LEA School","Elementary","City: Small","Oakland Region","5","All Grades","English Language Arts","All Students","< 10","14","20","17.10","34.10","48.80","41","36.90"
"20 - 21 School Year","63","Oakland Schools","63150","Troy School District","04227","Troy Union Elementary School","63","Oakland","LEA School","Elementary","City: Small","Oakland Region","5","05","Mathematics","Not Migrant","< 10","13","23","12.20","31.70","56.10","41","32.70"
"20 - 21 School Year","63","Oakland Schools","63150","Troy School District","04227","Troy Union Elementary School","63","Oakland","LEA School","Elementary","City: Small","Oakland Region","5","05","Mathematics","Not English Learners","< 10","11","22","13.20","28.90","57.90","38","31.90"
"20 - 21 School Year","63","Oakland Schools","63150","Troy School District","04227","Troy Union Elementary School","63","Oakland","LEA School","Elementary","City: Small","Oakland Region","5","05","Mathematics","English Learners","< 10","< 10","< 10","< 10","< 10","< 10","< 10","< 10"
"20 - 21 School Year","63","Oakland Schools","63150","Troy School District","04227","Troy Union Elementary School","63","Oakland","LEA School","Elementary","City: Small","Oakland Region","5","05","Mathematics","Female","< 10","< 10","10","15.00","35.00","50.00","20","35.20"
"20 - 21 School Year","63","Oakland Schools","63150","Troy School District","04227","Troy Union Elementary School","63","Oakland","LEA School","Elementary","City: Small","Oakland Region","5","05","Mathematics","Male","< 10","< 10","13","9.50","28.60","61.90","21","30.20"
"20 - 21 School Year","63","Oakland Schools","63150","Troy School District","04227","Troy Union Elementary School","63","Oakland","LEA School","Elementary","City: Small","Oakland Region","5","05","Mathematics","Asian","< 10","< 10","< 10","< 10","< 10","< 10","< 10","< 10"
"20 - 21 School Year","63","Oakland Schools","63150","Troy School District","04227","Troy Union Elementary School","63","Oakland","LEA School","Elementary","City: Small","Oakland Region","5","05","Mathematics","Two or More Races","< 10","< 10","< 10","< 10","< 10","< 10","< 10","< 10"
"20 - 21 School Year","63","Oakland Schools","63150","Troy School District","04227","Troy Union Elementary School","63","Oakland","LEA School","Elementary","City: Small","Oakland Region","5","05","Mathematics","White, not of Hispanic origin","< 10","< 10","16","11.10","29.60","59.30","27","30.60"
"20 - 21 School Year","63","Oakland Schools","63150","Troy School District","04227","Troy Union Elementary School","63","Oakland","LEA School","Elementary","City: Small","Oakland Region","5","All Grades","Mathematics","Female","< 10","< 10","10","15.00","35.00","50.00","20","35.20"
"20 - 21 School Year","63","Oakland Schools","63150","Troy School District","04227","Troy Union Elementary School","63","Oakland","LEA School","Elementary","City: Small","Oakland Region","5","All Grades","Mathematics","English Learners","< 10","< 10","< 10","< 10","< 10","< 10","< 10","< 10"
"20 - 21 School Year","63","Oakland Schools","63150","Troy School District","04227","Troy Union Elementary School","63","Oakland","LEA School","Elementary","City: Small","Oakland Region","5","All Grades","Mathematics","Not English Learners","< 10","11","22","13.20","28.90","57.90","38","31.90"
"20 - 21 School Year","63","Oakland Schools","63150","Troy School District","04227","Troy Union Elementary School","63","Oakland","LEA School","Elementary","City: Small","Oakland Region","5","All Grades","Mathematics","Not Migrant","< 10","13","23","12.20","31.70","56.10","41","32.70"
"20 - 21 School Year","63","Oakland Schools","63150","Troy School District","04227","Troy Union Elementary School","63","Oakland","LEA School","Elementary","City: Small","Oakland Region","5","05","English Language Arts","Not Migrant","< 10","14","20","17.10","34.10","48.80","41","36.90"
"20 - 21 School Year","63","Oakland Schools","63150","Troy School District","04227","Troy Union Elementary School","63","Oakland","LEA School","Elementary","City: Small","Oakland Region","5","05","English Language Arts","Not English Learners","< 10","12","20","17.90","30.80","51.30","39","36.60"
"20 - 21 School Year","63","Oakland Schools","63150","Troy School District","04227","Troy Union Elementary School","63","Oakland","LEA School","Elementary","City: Small","Oakland Region","5","05","English Language Arts","Students with Disabilities","< 10","< 10","< 10","< 10","< 10","< 10","< 10","< 10"
"20 - 21 School Year","63","Oakland Schools","63150","Troy School District","04227","Troy Union Elementary School","63","Oakland","LEA School","Elementary","City: Small","Oakland Region","5","All Grades","English Language Arts","Not Migrant","< 10","14","20","17.10","34.10","48.80","41","36.90"
"20 - 21 School Year","63","Oakland Schools","63150","Troy School District","04227","Troy Union Elementary School","63","Oakland","LEA School","Elementary","City: Small","Oakland Region","5","All Grades","Mathematics","Students with Disabilities","< 10","< 10","< 10","< 10","< 10","< 10","< 10","< 10"
"20 - 21 School Year","63","Oakland Schools","63150","Troy School District","04227","Troy Union Elementary School","63","Oakland","LEA School","Elementary","City: Small","Oakland Region","5","05","Mathematics","Students with Disabilities","< 10","< 10","< 10","< 10","< 10","< 10","< 10","< 10"
"20 - 21 School Year","63","Oakland Schools","63150","Troy School District","05163","Hill Elementary School","63","Oakland","LEA School","Elementary","City: Small","Oakland Region","5","All Grades","English Language Arts","Students without Disabilities","< 10","< 10","24","15.40","23.10","61.50","39","30.70"
"20 - 21 School Year","63","Oakland Schools","63150","Troy School District","05163","Hill Elementary School","63","Oakland","LEA School","Elementary","City: Small","Oakland Region","5","05","English Language Arts","Students without Disabilities","< 10","< 10","24","15.40","23.10","61.50","39","30.70"
"20 - 21 School Year","63","Oakland Schools","63150","Troy School District","05163","Hill Elementary School","63","Oakland","LEA School","Elementary","City: Small","Oakland Region","5","All Grades","Mathematics","Students without Disabilities","< 10","20","14","10.50","52.60","36.80","38","40.20"
"20 - 21 School Year","63","Oakland Schools","63150","Troy School District","05163","Hill Elementary School","63","Oakland","LEA School","Elementary","City: Small","Oakland Region","5","05","Mathematics","Students without Disabilities","< 10","20","14","10.50","52.60","36.80","38","40.20"
"20 - 21 School Year","63","Oakland Schools","63150","Troy School District","05163","Hill Elementary School","63","Oakland","LEA School","Elementary","City: Small","Oakland Region","5","All Grades","English Language Arts","Black, not of Hispanic origin","< 10","< 10","< 10","< 10","< 10","< 10","< 10","< 10"
"20 - 21 School Year","63","Oakland Schools","63150","Troy School District","05163","Hill Elementary School","63","Oakland","LEA School","Elementary","City: Small","Oakland Region","5","All Grades","English Language Arts","Hispanic","< 10","< 10","< 10","< 10","< 10","< 10","< 10","< 10"
"20 - 21 School Year","63","Oakland Schools","63150","Troy School District","05163","Hill Elementary School","63","Oakland","LEA School","Elementary","City: Small","Oakland Region","5","All Grades","English Language Arts","White, not of Hispanic origin","< 10","< 10","22","17.60","17.60","64.70","34","29.90"
"20 - 21 School Year","63","Oakland Schools","63150","Troy School District","05163","Hill Elementary School","63","Oakland","LEA School","Elementary","City: Small","Oakland Region","5","All Grades","English Language Arts","Asian","< 10","< 10","< 10","< 10","< 10","< 10","< 10","< 10"
"20 - 21 School Year","63","Oakland Schools","63150","Troy School District","05163","Hill Elementary School","63","Oakland","LEA School","Elementary","City: Small","Oakland Region","5","All Grades","English Language Arts","Male","< 10","< 10","16","12.00","24.00","64.00","25","28.20"
"20 - 21 School Year","63","Oakland Schools","63150","Troy School District","05163","Hill Elementary School","63","Oakland","LEA School","Elementary","City: Small","Oakland Region","5","All Grades","English Language Arts","Female","< 10","< 10","13","19.00","19.00","61.90","21","32.60"
"20 - 21 School Year","63","Oakland Schools","63150","Troy School District","05163","Hill Elementary School","63","Oakland","LEA School","Elementary","City: Small","Oakland Region","5","All Grades","English Language Arts","Native Hawaiian or Other Pacific Islander","< 10","< 10","< 10","< 10","< 10","< 10","< 10","< 10"
"20 - 21 School Year","63","Oakland Schools","63150","Troy School District","05163","Hill Elementary School","63","Oakland","LEA School","Elementary","City: Small","Oakland Region","5","All Grades","English Language Arts","Not Economically Disadvantaged","< 10","< 10","25","12.80","23.10","64.10","39","28.10"
"20 - 21 School Year","63","Oakland Schools","63150","Troy School District","05163","Hill Elementary School","63","Oakland","LEA School","Elementary","City: Small","Oakland Region","5","All Grades","English Language Arts","Economically Disadvantaged","< 10","< 10","< 10","< 10","< 10","< 10","< 10","< 10"
"20 - 21 School Year","63","Oakland Schools","63150","Troy School District","05163","Hill Elementary School","63","Oakland","LEA School","Elementary","City: Small","Oakland Region","5","All Grades","English Language Arts","All Students","< 10","10","29","15.20","21.70","63.00","46","30.20"
"20 - 21 School Year","63","Oakland Schools","63150","Troy School District","05163","Hill Elementary School","63","Oakland","LEA School","Elementary","City: Small","Oakland Region","5","All Grades","English Language Arts","Not Migrant","< 10","10","29","15.20","21.70","63.00","46","30.20"
"20 - 21 School Year","63","Oakland Schools","63150","Troy School District","05163","Hill Elementary School","63","Oakland","LEA School","Elementary","City: Small","Oakland Region","5","All Grades","English Language Arts","Not English Learners","< 10","< 10","26","16.70","21.40","61.90","42","30.70"
"20 - 21 School Year","63","Oakland Schools","63150","Troy School District","05163","Hill Elementary School","63","Oakland","LEA School","Elementary","City: Small","Oakland Region","5","All Grades","English Language Arts","English Learners","< 10","< 10","< 10","< 10","< 10","< 10","< 10","< 10"
"20 - 21 School Year","63","Oakland Schools","63150","Troy School District","05163","Hill Elementary School","63","Oakland","LEA School","Elementary","City: Small","Oakland Region","5","05","English Language Arts","All Students","< 10","10","29","15.20","21.70","63.00","46","30.20"
"20 - 21 School Year","63","Oakland Schools","63150","Troy School District","05163","Hill Elementary School","63","Oakland","LEA School","Elementary","City: Small","Oakland Region","5","05","English Language Arts","Economically Disadvantaged","< 10","< 10","< 10","< 10","< 10","< 10","< 10","< 10"
"20 - 21 School Year","63","Oakland Schools","63150","Troy School District","05163","Hill Elementary School","63","Oakland","LEA School","Elementary","City: Small","Oakland Region","5","05","English Language Arts","Not Economically Disadvantaged","< 10","< 10","25","12.80","23.10","64.10","39","28.10"
"20 - 21 School Year","63","Oakland Schools","63150","Troy School District","05163","Hill Elementary School","63","Oakland","LEA School","Elementary","City: Small","Oakland Region","5","05","English Language Arts","Native Hawaiian or Other Pacific Islander","< 10","< 10","< 10","< 10","< 10","< 10","< 10","< 10"
"20 - 21 School Year","63","Oakland Schools","63150","Troy School District","05163","Hill Elementary School","63","Oakland","LEA School","Elementary","City: Small","Oakland Region","5","05","English Language Arts","Black, not of Hispanic origin","< 10","< 10","< 10","< 10","< 10","< 10","< 10","< 10"
"20 - 21 School Year","63","Oakland Schools","63150","Troy School District","05163","Hill Elementary School","63","Oakland","LEA School","Elementary","City: Small","Oakland Region","5","05","English Language Arts","Hispanic","< 10","< 10","< 10","< 10","< 10","< 10","< 10","< 10"
"20 - 21 School Year","63","Oakland Schools","63150","Troy School District","05163","Hill Elementary School","63","Oakland","LEA School","Elementary","City: Small","Oakland Region","5","05","English Language Arts","White, not of Hispanic origin","< 10","< 10","22","17.60","17.60","64.70","34","29.90"
"20 - 21 School Year","63","Oakland Schools","63150","Troy School District","05163","Hill Elementary School","63","Oakland","LEA School","Elementary","City: Small","Oakland Region","5","05","English Language Arts","Asian","< 10","< 10","< 10","< 10","< 10","< 10","< 10","< 10"
"20 - 21 School Year","63","Oakland Schools","63150","Troy School District","05163","Hill Elementary School","63","Oakland","LEA School","Elementary","City: Small","Oakland Region","5","05","English Language Arts","Male","< 10","< 10","16","12.00","24.00","64.00","25","28.20"
"20 - 21 School Year","63","Oakland Schools","63150","Troy School District","05163","Hill Elementary School","63","Oakland","LEA School","Elementary","City: Small","Oakland Region","5","05","English Language Arts","Female","< 10","< 10","13","19.00","19.00","61.90","21","32.60"
"20 - 21 School Year","63","Oakland Schools","63150","Troy School District","05163","Hill Elementary School","63","Oakland","LEA School","Elementary","City: Small","Oakland Region","5","All Grades","Mathematics","All Students","< 10","21","18","15.20","45.70","39.10","46","41.70"
"20 - 21 School Year","63","Oakland Schools","63150","Troy School District","05163","Hill Elementary School","63","Oakland","LEA School","Elementary","City: Small","Oakland Region","5","All Grades","Mathematics","Economically Disadvantaged","< 10","< 10","< 10","< 10","< 10","< 10","< 10","< 10"
"20 - 21 School Year","63","Oakland Schools","63150","Troy School District","05163","Hill Elementary School","63","Oakland","LEA School","Elementary","City: Small","Oakland Region","5","All Grades","Mathematics","Not Economically Disadvantaged","< 10","16","17","13.20","42.10","44.70","38","39.10"
"20 - 21 School Year","63","Oakland Schools","63150","Troy School District","05163","Hill Elementary School","63","Oakland","LEA School","Elementary","City: Small","Oakland Region","5","All Grades","Mathematics","Native Hawaiian or Other Pacific Islander","< 10","< 10","< 10","< 10","< 10","< 10","< 10","< 10"
"20 - 21 School Year","63","Oakland Schools","63150","Troy School District","05163","Hill Elementary School","63","Oakland","LEA School","Elementary","City: Small","Oakland Region","5","All Grades","Mathematics","Black, not of Hispanic origin","< 10","< 10","< 10","< 10","< 10","< 10","< 10","< 10"
"20 - 21 School Year","63","Oakland Schools","63150","Troy School District","05163","Hill Elementary School","63","Oakland","LEA School","Elementary","City: Small","Oakland Region","5","All Grades","Mathematics","Hispanic","< 10","< 10","< 10","< 10","< 10","< 10","< 10","< 10"
"20 - 21 School Year","63","Oakland Schools","63150","Troy School District","05163","Hill Elementary School","63","Oakland","LEA School","Elementary","City: Small","Oakland Region","5","All Grades","Mathematics","White, not of Hispanic origin","< 10","15","16","11.40","42.90","45.70","35","38.50"
"20 - 21 School Year","63","Oakland Schools","63150","Troy School District","05163","Hill Elementary School","63","Oakland","LEA School","Elementary","City: Small","Oakland Region","5","All Grades","Mathematics","Asian","< 10","< 10","< 10","< 10","< 10","< 10","< 10","< 10"
"20 - 21 School Year","63","Oakland Schools","63150","Troy School District","05163","Hill Elementary School","63","Oakland","LEA School","Elementary","City: Small","Oakland Region","5","All Grades","Mathematics","Male","< 10","12","< 10","24.00","48.00","28.00","25","48.40"
"20 - 21 School Year","63","Oakland Schools","63150","Troy School District","05163","Hill Elementary School","63","Oakland","LEA School","Elementary","City: Small","Oakland Region","5","All Grades","Mathematics","Female","< 10","< 10","11","< 5","42.90","52.40","21","33.80"
"20 - 21 School Year","63","Oakland Schools","63150","Troy School District","05163","Hill Elementary School","63","Oakland","LEA School","Elementary","City: Small","Oakland Region","5","All Grades","Mathematics","English Learners","< 10","< 10","< 10","< 10","< 10","< 10","< 10","< 10"
"20 - 21 School Year","63","Oakland Schools","63150","Troy School District","05163","Hill Elementary School","63","Oakland","LEA School","Elementary","City: Small","Oakland Region","5","All Grades","Mathematics","Not English Learners","< 10","19","17","14.30","45.20","40.50","42","40.70"
"20 - 21 School Year","63","Oakland Schools","63150","Troy School District","05163","Hill Elementary School","63","Oakland","LEA School","Elementary","City: Small","Oakland Region","5","All Grades","Mathematics","Not Migrant","< 10","21","18","15.20","45.70","39.10","46","41.70"
"20 - 21 School Year","63","Oakland Schools","63150","Troy School District","05163","Hill Elementary School","63","Oakland","LEA School","Elementary","City: Small","Oakland Region","5","05","Mathematics","All Students","< 10","21","18","15.20","45.70","39.10","46","41.70"
"20 - 21 School Year","63","Oakland Schools","63150","Troy School District","05163","Hill Elementary School","63","Oakland","LEA School","Elementary","City: Small","Oakland Region","5","05","Mathematics","Economically Disadvantaged","< 10","< 10","< 10","< 10","< 10","< 10","< 10","< 10"
"20 - 21 School Year","63","Oakland Schools","63150","Troy School District","05163","Hill Elementary School","63","Oakland","LEA School","Elementary","City: Small","Oakland Region","5","05","Mathematics","Not Economically Disadvantaged","< 10","16","17","13.20","42.10","44.70","38","39.10"
"20 - 21 School Year","63","Oakland Schools","63150","Troy School District","05163","Hill Elementary School","63","Oakland","LEA School","Elementary","City: Small","Oakland Region","5","05","Mathematics","Native Hawaiian or Other Pacific Islander","< 10","< 10","< 10","< 10","< 10","< 10","< 10","< 10"
"20 - 21 School Year","63","Oakland Schools","63150","Troy School District","05163","Hill Elementary School","63","Oakland","LEA School","Elementary","City: Small","Oakland Region","5","05","Mathematics","Black, not of Hispanic origin","< 10","< 10","< 10","< 10","< 10","< 10","< 10","< 10"
"20 - 21 School Year","63","Oakland Schools","63150","Troy School District","05163","Hill Elementary School","63","Oakland","LEA School","Elementary","City: Small","Oakland Region","5","05","Mathematics","Hispanic","< 10","< 10","< 10","< 10","< 10","< 10","< 10","< 10"
"20 - 21 School Year","63","Oakland Schools","63150","Troy School District","05163","Hill Elementary School","63","Oakland","LEA School","Elementary","City: Small","Oakland Region","5","05","Mathematics","White, not of Hispanic origin","< 10","15","16","11.40","42.90","45.70","35","38.50"
"20 - 21 School Year","63","Oakland Schools","63150","Troy School District","05163","Hill Elementary School","63","Oakland","LEA School","Elementary","City: Small","Oakland Region","5","05","Mathematics","Asian","< 10","< 10","< 10","< 10","< 10","< 10","< 10","< 10"
"20 - 21 School Year","63","Oakland Schools","63150","Troy School District","05163","Hill Elementary School","63","Oakland","LEA School","Elementary","City: Small","Oakland Region","5","05","Mathematics","Not Migrant","< 10","21","18","15.20","45.70","39.10","46","41.70"
"20 - 21 School Year","63","Oakland Schools","63150","Troy School District","05163","Hill Elementary School","63","Oakland","LEA School","Elementary","City: Small","Oakland Region","5","05","Mathematics","Not English Learners","< 10","19","17","14.30","45.20","40.50","42","40.70"
"20 - 21 School Year","63","Oakland Schools","63150","Troy School District","05163","Hill Elementary School","63","Oakland","LEA School","Elementary","City: Small","Oakland Region","5","05","Mathematics","English Learners","< 10","< 10","< 10","< 10","< 10","< 10","< 10","< 10"
"20 - 21 School Year","63","Oakland Schools","63150","Troy School District","05163","Hill Elementary School","63","Oakland","LEA School","Elementary","City: Small","Oakland Region","5","05","Mathematics","Female","< 10","< 10","11","< 5","42.90","52.40","21","33.80"
"20 - 21 School Year","63","Oakland Schools","63150","Troy School District","05163","Hill Elementary School","63","Oakland","LEA School","Elementary","City: Small","Oakland Region","5","05","Mathematics","Male","< 10","12","< 10","24.00","48.00","28.00","25","48.40"
"20 - 21 School Year","63","Oakland Schools","63150","Troy School District","05163","Hill Elementary School","63","Oakland","LEA School","Elementary","City: Small","Oakland Region","5","05","English Language Arts","English Learners","< 10","< 10","< 10","< 10","< 10","< 10","< 10","< 10"
"20 - 21 School Year","63","Oakland Schools","63150","Troy School District","05163","Hill Elementary School","63","Oakland","LEA School","Elementary","City: Small","Oakland Region","5","05","English Language Arts","Not English Learners","< 10","< 10","26","16.70","21.40","61.90","42","30.70"
"20 - 21 School Year","63","Oakland Schools","63150","Troy School District","05163","Hill Elementary School","63","Oakland","LEA School","Elementary","City: Small","Oakland Region","5","05","English Language Arts","Not Migrant","< 10","10","29","15.20","21.70","63.00","46","30.20"
"20 - 21 School Year","63","Oakland Schools","63150","Troy School District","05163","Hill Elementary School","63","Oakland","LEA School","Elementary","City: Small","Oakland Region","5","05","English Language Arts","Students with Disabilities","< 10","< 10","< 10","< 10","< 10","< 10","< 10","< 10"
"20 - 21 School Year","63","Oakland Schools","63150","Troy School District","05163","Hill Elementary School","63","Oakland","LEA School","Elementary","City: Small","Oakland Region","5","05","Mathematics","Students with Disabilities","< 10","< 10","< 10","< 10","< 10","< 10","< 10","< 10"
"20 - 21 School Year","63","Oakland Schools","63150","Troy School District","05163","Hill Elementary School","63","Oakland","LEA School","Elementary","City: Small","Oakland Region","5","All Grades","Mathematics","Students with Disabilities","< 10","< 10","< 10","< 10","< 10","< 10","< 10","< 10"
"20 - 21 School Year","63","Oakland Schools","63150","Troy School District","05163","Hill Elementary School","63","Oakland","LEA School","Elementary","City: Small","Oakland Region","5","All Grades","English Language Arts","Students with Disabilities","< 10","< 10","< 10","< 10","< 10","< 10","< 10","< 10"
"20 - 21 School Year","63","Oakland Schools","63150","Troy School District","05413","Smith Middle School","63","Oakland","LEA School","Middle School","City: Small","Oakland Region","5","All Grades","English Language Arts","Students without Disabilities","61","91","88","25.40","37.90","36.70","240","45.70"
"20 - 21 School Year","63","Oakland Schools","63150","Troy School District","05413","Smith Middle School","63","Oakland","LEA School","Middle School","City: Small","Oakland Region","5","06","Mathematics","Students with Disabilities","< 10","< 10","< 10","< 10","< 10","< 10","< 10","< 10"
"20 - 21 School Year","63","Oakland Schools","63150","Troy School District","05413","Smith Middle School","63","Oakland","LEA School","Middle School","City: Small","Oakland Region","5","All Grades","Mathematics","Students with Disabilities","< 10","< 10","< 10","< 10","< 10","< 10","< 10","< 10"
"20 - 21 School Year","63","Oakland Schools","63150","Troy School District","05413","Smith Middle School","63","Oakland","LEA School","Middle School","City: Small","Oakland Region","5","All Grades","Social Studies","Students with Disabilities","< 10","< 10","< 10","< 10","< 10","< 10","< 10","< 10"
"20 - 21 School Year","63","Oakland Schools","63150","Troy School District","05413","Smith Middle School","63","Oakland","LEA School","Middle School","City: Small","Oakland Region","5","08","Social Studies","Students with Disabilities","< 10","< 10","< 10","< 10","< 10","< 10","< 10","< 10"
"20 - 21 School Year","63","Oakland Schools","63150","Troy School District","05413","Smith Middle School","63","Oakland","LEA School","Middle School","City: Small","Oakland Region","5","07","Mathematics","Not English Learners","11","24","30","16.90","36.90","46.20","65","37.50"
"20 - 21 School Year","63","Oakland Schools","63150","Troy School District","05413","Smith Middle School","63","Oakland","LEA School","Middle School","City: Small","Oakland Region","5","07","Mathematics","Not Migrant","11","24","32","16.40","35.80","47.80","67","36.70"
"20 - 21 School Year","63","Oakland Schools","63150","Troy School District","05413","Smith Middle School","63","Oakland","LEA School","Middle School","City: Small","Oakland Region","5","08","Mathematics","Not Migrant","36","35","52","29.30","28.50","42.30","123","44.20"
"20 - 21 School Year","63","Oakland Schools","63150","Troy School District","05413","Smith Middle School","63","Oakland","LEA School","Middle School","City: Small","Oakland Region","5","08","Mathematics","Not English Learners","35","30","51","30.20","25.90","44.00","116","44.00"
"20 - 21 School Year","63","Oakland Schools","63150","Troy School District","05413","Smith Middle School","63","Oakland","LEA School","Middle School","City: Small","Oakland Region","5","08","Social Studies","Students without Disabilities","19","50","24","20.40","53.80","25.80","93","46.60"
"20 - 21 School Year","63","Oakland Schools","63150","Troy School District","05413","Smith Middle School","63","Oakland","LEA School","Middle School","City: Small","Oakland Region","5","All Grades","Social Studies","Students without Disabilities","19","50","24","20.40","53.80","25.80","93","46.60"
"20 - 21 School Year","63","Oakland Schools","63150","Troy School District","05413","Smith Middle School","63","Oakland","LEA School","Middle School","City: Small","Oakland Region","5","07","Mathematics","Students without Disabilities","11","24","31","16.70","36.40","47.00","66","37.20"
"20 - 21 School Year","63","Oakland Schools","63150","Troy School District","05413","Smith Middle School","63","Oakland","LEA School","Middle School","City: Small","Oakland Region","5","06","Mathematics","Students without Disabilities","12","19","27","20.70","32.80","46.60","58","41.20"
"20 - 21 School Year","63","Oakland Schools","63150","Troy School District","05413","Smith Middle School","63","Oakland","LEA School","Middle School","City: Small","Oakland Region","5","08","Mathematics","Students without Disabilities","36","35","49","30.00","29.20","40.80","120","45.30"
"20 - 21 School Year","63","Oakland Schools","63150","Troy School District","05413","Smith Middle School","63","Oakland","LEA School","Middle School","City: Small","Oakland Region","5","All Grades","Mathematics","Students without Disabilities","59","78","107","24.20","32.00","43.90","244","42.10"
"20 - 21 School Year","63","Oakland Schools","63150","Troy School District","05413","Smith Middle School","63","Oakland","LEA School","Middle School","City: Small","Oakland Region","5","06","English Language Arts","All Students","< 10","21","27","15.80","36.80","47.40","57","37.00"
"20 - 21 School Year","63","Oakland Schools","63150","Troy School District","05413","Smith Middle School","63","Oakland","LEA School","Middle School","City: Small","Oakland Region","5","All Grades","English Language Arts","Not Migrant","63","93","90","25.60","37.80","36.60","246","45.70"
"20 - 21 School Year","63","Oakland Schools","63150","Troy School District","05413","Smith Middle School","63","Oakland","LEA School","Middle School","City: Small","Oakland Region","5","All Grades","English Language Arts","Not English Learners","61","88","87","25.80","37.30","36.90","236","45.70"
"20 - 21 School Year","63","Oakland Schools","63150","Troy School District","05413","Smith Middle School","63","Oakland","LEA School","Middle School","City: Small","Oakland Region","5","All Grades","English Language Arts","English Learners","< 10","< 10","< 10","20.00","50.00","30.00","10","45.60"
"20 - 21 School Year","63","Oakland Schools","63150","Troy School District","05413","Smith Middle School","63","Oakland","LEA School","Middle School","City: Small","Oakland Region","5","08","English Language Arts","Not Migrant","34","47","41","27.90","38.50","33.60","122","48.30"
"20 - 21 School Year","63","Oakland Schools","63150","Troy School District","05413","Smith Middle School","63","Oakland","LEA School","Middle School","City: Small","Oakland Region","5","08","English Language Arts","Not English Learners","32","45","38","27.80","39.10","33.00","115","48.50"
"20 - 21 School Year","63","Oakland Schools","63150","Troy School District","05413","Smith Middle School","63","Oakland","LEA School","Middle School","City: Small","Oakland Region","5","08","English Language Arts","English Learners","< 10","< 10","< 10","< 10","< 10","< 10","< 10","< 10"
"20 - 21 School Year","63","Oakland Schools","63150","Troy School District","05413","Smith Middle School","63","Oakland","LEA School","Middle School","City: Small","Oakland Region","5","08","English Language Arts","Female","16","26","19","26.20","42.60","31.10","61","47.70"
"20 - 21 School Year","63","Oakland Schools","63150","Troy School District","05413","Smith Middle School","63","Oakland","LEA School","Middle School","City: Small","Oakland Region","5","08","English Language Arts","Male","18","21","22","29.50","34.40","36.10","61","48.90"
"20 - 21 School Year","63","Oakland Schools","63150","Troy School District","05413","Smith Middle School","63","Oakland","LEA School","Middle School","City: Small","Oakland Region","5","08","English Language Arts","Asian","20","22","14","35.70","39.30","25.00","56","53.00"
"20 - 21 School Year","63","Oakland Schools","63150","Troy School District","05413","Smith Middle School","63","Oakland","LEA School","Middle School","City: Small","Oakland Region","5","08","English Language Arts","Two or More Races","< 10","< 10","< 10","< 10","< 10","< 10","< 10","< 10"
"20 - 21 School Year","63","Oakland Schools","63150","Troy School District","05413","Smith Middle School","63","Oakland","LEA School","Middle School","City: Small","Oakland Region","5","08","English Language Arts","White, not of Hispanic origin","12","20","24","21.40","35.70","42.90","56","43.90"
"20 - 21 School Year","63","Oakland Schools","63150","Troy School District","05413","Smith Middle School","63","Oakland","LEA School","Middle School","City: Small","Oakland Region","5","08","English Language Arts","Hispanic","< 10","< 10","< 10","< 10","< 10","< 10","< 10","< 10"
"20 - 21 School Year","63","Oakland Schools","63150","Troy School District","05413","Smith Middle School","63","Oakland","LEA School","Middle School","City: Small","Oakland Region","5","08","English Language Arts","Black, not of Hispanic origin","< 10","< 10","< 10","< 10","< 10","< 10","< 10","< 10"
"20 - 21 School Year","63","Oakland Schools","63150","Troy School District","05413","Smith Middle School","63","Oakland","LEA School","Middle School","City: Small","Oakland Region","5","08","English Language Arts","Not Economically Disadvantaged","32","45","38","27.80","39.10","33.00","115","48.30"
"20 - 21 School Year","63","Oakland Schools","63150","Troy School District","05413","Smith Middle School","63","Oakland","LEA School","Middle School","City: Small","Oakland Region","5","08","English Language Arts","Economically Disadvantaged","< 10","< 10","< 10","< 10","< 10","< 10","< 10","< 10"
"20 - 21 School Year","63","Oakland Schools","63150","Troy School District","05413","Smith Middle School","63","Oakland","LEA School","Middle School","City: Small","Oakland Region","5","08","English Language Arts","All Students","34","47","41","27.90","38.50","33.60","122","48.30"
"20 - 21 School Year","63","Oakland Schools","63150","Troy School District","05413","Smith Middle School","63","Oakland","LEA School","Middle School","City: Small","Oakland Region","5","06","English Language Arts","Economically Disadvantaged","< 10","< 10","< 10","< 10","< 10","< 10","< 10","< 10"
"20 - 21 School Year","63","Oakland Schools","63150","Troy School District","05413","Smith Middle School","63","Oakland","LEA School","Middle School","City: Small","Oakland Region","5","06","English Language Arts","Not Economically Disadvantaged","< 10","19","25","13.70","37.30","49.00","51","35.90"
"20 - 21 School Year","63","Oakland Schools","63150","Troy School District","05413","Smith Middle School","63","Oakland","LEA School","Middle School","City: Small","Oakland Region","5","06","English Language Arts","Black, not of Hispanic origin","< 10","< 10","< 10","< 10","< 10","< 10","< 10","< 10"
"20 - 21 School Year","63","Oakland Schools","63150","Troy School District","05413","Smith Middle School","63","Oakland","LEA School","Middle School","City: Small","Oakland Region","5","06","English Language Arts","Hispanic","< 10","< 10","< 10","< 10","< 10","< 10","< 10","< 10"
"20 - 21 School Year","63","Oakland Schools","63150","Troy School District","05413","Smith Middle School","63","Oakland","LEA School","Middle School","City: Small","Oakland Region","5","06","English Language Arts","White, not of Hispanic origin","< 10","< 10","15","20.00","20.00","60.00","25","34.30"
"20 - 21 School Year","63","Oakland Schools","63150","Troy School District","05413","Smith Middle School","63","Oakland","LEA School","Middle School","City: Small","Oakland Region","5","06","English Language Arts","Two or More Races","< 10","< 10","< 10","< 10","< 10","< 10","< 10","< 10"
"20 - 21 School Year","63","Oakland Schools","63150","Troy School District","05413","Smith Middle School","63","Oakland","LEA School","Middle School","City: Small","Oakland Region","5","06","English Language Arts","Asian","< 10","12","< 10","16.70","50.00","33.30","24","43.00"
"20 - 21 School Year","63","Oakland Schools","63150","Troy School District","05413","Smith Middle School","63","Oakland","LEA School","Middle School","City: Small","Oakland Region","5","07","English Language Arts","All Students","20","25","22","29.90","37.30","32.80","67","48.50"
"20 - 21 School Year","63","Oakland Schools","63150","Troy School District","05413","Smith Middle School","63","Oakland","LEA School","Middle School","City: Small","Oakland Region","5","06","English Language Arts","Not Migrant","< 10","21","27","15.80","36.80","47.40","57","37.00"
"20 - 21 School Year","63","Oakland Schools","63150","Troy School District","05413","Smith Middle School","63","Oakland","LEA School","Middle School","City: Small","Oakland Region","5","06","English Language Arts","Not English Learners","< 10","20","27","16.10","35.70","48.20","56","36.40"
"20 - 21 School Year","63","Oakland Schools","63150","Troy School District","05413","Smith Middle School","63","Oakland","LEA School","Middle School","City: Small","Oakland Region","5","All Grades","English Language Arts","Students with Disabilities","< 10","< 10","< 10","< 10","< 10","< 10","< 10","< 10"
"20 - 21 School Year","63","Oakland Schools","63150","Troy School District","05413","Smith Middle School","63","Oakland","LEA School","Middle School","City: Small","Oakland Region","5","07","English Language Arts","Economically Disadvantaged","< 10","< 10","< 10","< 10","< 10","< 10","< 10","< 10"
"20 - 21 School Year","63","Oakland Schools","63150","Troy School District","05413","Smith Middle School","63","Oakland","LEA School","Middle School","City: Small","Oakland Region","5","07","English Language Arts","Not Economically Disadvantaged","20","22","22","31.30","34.40","34.40","64","48.50"
"20 - 21 School Year","63","Oakland Schools","63150","Troy School District","05413","Smith Middle School","63","Oakland","LEA School","Middle School","City: Small","Oakland Region","5","08","English Language Arts","Students with Disabilities","< 10","< 10","< 10","< 10","< 10","< 10","< 10","< 10"
"20 - 21 School Year","63","Oakland Schools","63150","Troy School District","05413","Smith Middle School","63","Oakland","LEA School","Middle School","City: Small","Oakland Region","5","07","English Language Arts","Black, not of Hispanic origin","< 10","< 10","< 10","< 10","< 10","< 10","< 10","< 10"
"20 - 21 School Year","63","Oakland Schools","63150","Troy School District","05413","Smith Middle School","63","Oakland","LEA School","Middle School","City: Small","Oakland Region","5","06","English Language Arts","Students with Disabilities","< 10","< 10","< 10","< 10","< 10","< 10","< 10","< 10"
"20 - 21 School Year","63","Oakland Schools","63150","Troy School District","05413","Smith Middle School","63","Oakland","LEA School","Middle School","City: Small","Oakland Region","5","07","English Language Arts","Hispanic","< 10","< 10","< 10","< 10","< 10","< 10","< 10","< 10"
"20 - 21 School Year","63","Oakland Schools","63150","Troy School District","05413","Smith Middle School","63","Oakland","LEA School","Middle School","City: Small","Oakland Region","5","07","English Language Arts","White, not of Hispanic origin","< 10","13","< 10","26.70","43.30","30.00","30","46.60"
"20 - 21 School Year","63","Oakland Schools","63150","Troy School District","05413","Smith Middle School","63","Oakland","LEA School","Middle School","City: Small","Oakland Region","5","07","English Language Arts","Students with Disabilities","< 10","< 10","< 10","< 10","< 10","< 10","< 10","< 10"
"20 - 21 School Year","63","Oakland Schools","63150","Troy School District","05413","Smith Middle School","63","Oakland","LEA School","Middle School","City: Small","Oakland Region","5","07","English Language Arts","Two or More Races","< 10","< 10","< 10","< 10","< 10","< 10","< 10","< 10"
"20 - 21 School Year","63","Oakland Schools","63150","Troy School District","05413","Smith Middle School","63","Oakland","LEA School","Middle School","City: Small","Oakland Region","5","07","English Language Arts","Asian","10","10","10","33.30","33.30","33.30","30","50.90"
"20 - 21 School Year","63","Oakland Schools","63150","Troy School District","05413","Smith Middle School","63","Oakland","LEA School","Middle School","City: Small","Oakland Region","5","07","English Language Arts","Male","10","14","14","26.30","36.80","36.80","38","45.40"
"20 - 21 School Year","63","Oakland Schools","63150","Troy School District","05413","Smith Middle School","63","Oakland","LEA School","Middle School","City: Small","Oakland Region","5","07","English Language Arts","Female","10","11","< 10","34.50","37.90","27.60","29","52.60"
"20 - 21 School Year","63","Oakland Schools","63150","Troy School District","05413","Smith Middle School","63","Oakland","LEA School","Middle School","City: Small","Oakland Region","5","07","English Language Arts","English Learners","< 10","< 10","< 10","< 10","< 10","< 10","< 10","< 10"
"20 - 21 School Year","63","Oakland Schools","63150","Troy School District","05413","Smith Middle School","63","Oakland","LEA School","Middle School","City: Small","Oakland Region","5","07","English Language Arts","Not English Learners","20","23","22","30.80","35.40","33.80","65","48.70"
"20 - 21 School Year","63","Oakland Schools","63150","Troy School District","05413","Smith Middle School","63","Oakland","LEA School","Middle School","City: Small","Oakland Region","5","07","English Language Arts","Not Migrant","20","25","22","29.90","37.30","32.80","67","48.50"
"20 - 21 School Year","63","Oakland Schools","63150","Troy School District","05413","Smith Middle School","63","Oakland","LEA School","Middle School","City: Small","Oakland Region","5","06","English Language Arts","English Learners","< 10","< 10","< 10","< 10","< 10","< 10","< 10","< 10"
"20 - 21 School Year","63","Oakland Schools","63150","Troy School District","05413","Smith Middle School","63","Oakland","LEA School","Middle School","City: Small","Oakland Region","5","06","English Language Arts","Female","< 10","11","16","18.20","33.30","48.50","33","36.90"
"20 - 21 School Year","63","Oakland Schools","63150","Troy School District","05413","Smith Middle School","63","Oakland","LEA School","Middle School","City: Small","Oakland Region","5","06","English Language Arts","Male","< 10","10","11","12.50","41.70","45.80","24","37.00"
"20 - 21 School Year","63","Oakland Schools","63150","Troy School District","05413","Smith Middle School","63","Oakland","LEA School","Middle School","City: Small","Oakland Region","5","All Grades","English Language Arts","All Students","63","93","90","25.60","37.80","36.60","246","45.70"
"20 - 21 School Year","63","Oakland Schools","63150","Troy School District","05413","Smith Middle School","63","Oakland","LEA School","Middle School","City: Small","Oakland Region","5","All Grades","English Language Arts","Economically Disadvantaged","< 10","< 10","< 10","25.00","43.80","31.30","16","47.10"
"20 - 21 School Year","63","Oakland Schools","63150","Troy School District","05413","Smith Middle School","63","Oakland","LEA School","Middle School","City: Small","Oakland Region","5","All Grades","English Language Arts","Not Economically Disadvantaged","59","86","85","25.70","37.40","37.00","230","45.60"
"20 - 21 School Year","63","Oakland Schools","63150","Troy School District","05413","Smith Middle School","63","Oakland","LEA School","Middle School","City: Small","Oakland Region","5","All Grades","English Language Arts","Black, not of Hispanic origin","< 10","< 10","< 10","< 10","< 10","< 10","< 10","< 10"
"20 - 21 School Year","63","Oakland Schools","63150","Troy School District","05413","Smith Middle School","63","Oakland","LEA School","Middle School","City: Small","Oakland Region","5","All Grades","English Language Arts","Hispanic","< 10","< 10","< 10","< 10","< 10","< 10","< 10","< 10"
"20 - 21 School Year","63","Oakland Schools","63150","Troy School District","05413","Smith Middle School","63","Oakland","LEA School","Middle School","City: Small","Oakland Region","5","All Grades","English Language Arts","White, not of Hispanic origin","25","38","48","22.50","34.20","43.20","111","42.50"
"20 - 21 School Year","63","Oakland Schools","63150","Troy School District","05413","Smith Middle School","63","Oakland","LEA School","Middle School","City: Small","Oakland Region","5","All Grades","English Language Arts","Two or More Races","< 10","< 10","< 10","15.40","46.20","38.50","13","41.70"
"20 - 21 School Year","63","Oakland Schools","63150","Troy School District","05413","Smith Middle School","63","Oakland","LEA School","Middle School","City: Small","Oakland Region","5","All Grades","English Language Arts","Asian","34","44","32","30.90","40.00","29.10","110","50.30"
"20 - 21 School Year","63","Oakland Schools","63150","Troy School District","05413","Smith Middle School","63","Oakland","LEA School","Middle School","City: Small","Oakland Region","5","All Grades","English Language Arts","Male","31","45","47","25.20","36.60","38.20","123","45.50"
"20 - 21 School Year","63","Oakland Schools","63150","Troy School District","05413","Smith Middle School","63","Oakland","LEA School","Middle School","City: Small","Oakland Region","5","All Grades","English Language Arts","Female","32","48","43","26.00","39.00","35.00","123","45.90"
"20 - 21 School Year","63","Oakland Schools","63150","Troy School District","05413","Smith Middle School","63","Oakland","LEA School","Middle School","City: Small","Oakland Region","5","08","Mathematics","Students with Disabilities","< 10","< 10","< 10","< 10","< 10","< 10","< 10","< 10"
"20 - 21 School Year","63","Oakland Schools","63150","Troy School District","05413","Smith Middle School","63","Oakland","LEA School","Middle School","City: Small","Oakland Region","5","07","Mathematics","Students with Disabilities","< 10","< 10","< 10","< 10","< 10","< 10","< 10","< 10"
"20 - 21 School Year","63","Oakland Schools","63150","Troy School District","05413","Smith Middle School","63","Oakland","LEA School","Middle School","City: Small","Oakland Region","5","All Grades","Social Studies","Not Migrant","20","51","24","21.10","53.70","25.30","95","47.00"
"20 - 21 School Year","63","Oakland Schools","63150","Troy School District","05413","Smith Middle School","63","Oakland","LEA School","Middle School","City: Small","Oakland Region","5","All Grades","Social Studies","Not English Learners","18","48","24","20.00","53.30","26.70","90","46.40"
"20 - 21 School Year","63","Oakland Schools","63150","Troy School District","05413","Smith Middle School","63","Oakland","LEA School","Middle School","City: Small","Oakland Region","5","07","Mathematics","Asian","< 10","13","10","23.30","43.30","33.30","30","44.20"
"20 - 21 School Year","63","Oakland Schools","63150","Troy School District","05413","Smith Middle School","63","Oakland","LEA School","Middle School","City: Small","Oakland Region","5","07","Mathematics","Male","< 10","11","21","15.80","28.90","55.30","38","33.10"
"20 - 21 School Year","63","Oakland Schools","63150","Troy School District","05413","Smith Middle School","63","Oakland","LEA School","Middle School","City: Small","Oakland Region","5","07","Mathematics","Female","< 10","13","11","17.20","44.80","37.90","29","41.60"
"20 - 21 School Year","63","Oakland Schools","63150","Troy School District","05413","Smith Middle School","63","Oakland","LEA School","Middle School","City: Small","Oakland Region","5","07","Mathematics","English Learners","< 10","< 10","< 10","< 10","< 10","< 10","< 10","< 10"
"20 - 21 School Year","63","Oakland Schools","63150","Troy School District","05413","Smith Middle School","63","Oakland","LEA School","Middle School","City: Small","Oakland Region","5","All Grades","Mathematics","English Learners","< 10","< 10","< 10","18.20","45.50","36.40","11","43.90"
"20 - 21 School Year","63","Oakland Schools","63150","Troy School District","05413","Smith Middle School","63","Oakland","LEA School","Middle School","City: Small","Oakland Region","5","All Grades","Mathematics","Female","29","47","48","23.40","37.90","38.70","124","44.20"
"20 - 21 School Year","63","Oakland Schools","63150","Troy School District","05413","Smith Middle School","63","Oakland","LEA School","Middle School","City: Small","Oakland Region","5","All Grades","Mathematics","Male","30","31","65","23.80","24.60","51.60","126","38.20"
"20 - 21 School Year","63","Oakland Schools","63150","Troy School District","05413","Smith Middle School","63","Oakland","LEA School","Middle School","City: Small","Oakland Region","5","All Grades","Mathematics","Asian","43","38","31","38.40","33.90","27.70","112","55.10"
"20 - 21 School Year","63","Oakland Schools","63150","Troy School District","05413","Smith Middle School","63","Oakland","LEA School","Middle School","City: Small","Oakland Region","5","All Grades","Mathematics","Two or More Races","< 10","< 10","< 10","15.40","30.80","53.80","13","33.10"
"20 - 21 School Year","63","Oakland Schools","63150","Troy School District","05413","Smith Middle School","63","Oakland","LEA School","Middle School","City: Small","Oakland Region","5","All Grades","Mathematics","White, not of Hispanic origin","13","34","65","11.60","30.40","58.00","112","30.30"
"20 - 21 School Year","63","Oakland Schools","63150","Troy School District","05413","Smith Middle School","63","Oakland","LEA School","Middle School","City: Small","Oakland Region","5","All Grades","Mathematics","Hispanic","< 10","< 10","< 10","< 10","< 10","< 10","< 10","< 10"
"20 - 21 School Year","63","Oakland Schools","63150","Troy School District","05413","Smith Middle School","63","Oakland","LEA School","Middle School","City: Small","Oakland Region","5","All Grades","Mathematics","Black, not of Hispanic origin","< 10","< 10","< 10","< 10","< 10","< 10","< 10","< 10"
"20 - 21 School Year","63","Oakland Schools","63150","Troy School District","05413","Smith Middle School","63","Oakland","LEA School","Middle School","City: Small","Oakland Region","5","06","Mathematics","English Learners","< 10","< 10","< 10","< 10","< 10","< 10","< 10","< 10"
"20 - 21 School Year","63","Oakland Schools","63150","Troy School District","05413","Smith Middle School","63","Oakland","LEA School","Middle School","City: Small","Oakland Region","5","06","Mathematics","Female","< 10","13","15","17.60","38.20","44.10","34","40.30"
"20 - 21 School Year","63","Oakland Schools","63150","Troy School District","05413","Smith Middle School","63","Oakland","LEA School","Middle School","City: Small","Oakland Region","5","06","Mathematics","Male","< 10","< 10","14","23.10","23.10","53.80","26","39.50"
"20 - 21 School Year","63","Oakland Schools","63150","Troy School District","05413","Smith Middle School","63","Oakland","LEA School","Middle School","City: Small","Oakland Region","5","06","Mathematics","Asian","11","< 10","< 10","42.30","26.90","30.80","26","57.90"
"20 - 21 School Year","63","Oakland Schools","63150","Troy School District","05413","Smith Middle School","63","Oakland","LEA School","Middle School","City: Small","Oakland Region","5","06","Mathematics","Two or More Races","< 10","< 10","< 10","< 10","< 10","< 10","< 10","< 10"
"20 - 21 School Year","63","Oakland Schools","63150","Troy School District","05413","Smith Middle School","63","Oakland","LEA School","Middle School","City: Small","Oakland Region","5","06","Mathematics","White, not of Hispanic origin","< 10","10","15","< 5","40.00","60.00","25","26.10"
"20 - 21 School Year","63","Oakland Schools","63150","Troy School District","05413","Smith Middle School","63","Oakland","LEA School","Middle School","City: Small","Oakland Region","5","06","Mathematics","Hispanic","< 10","< 10","< 10","< 10","< 10","< 10","< 10","< 10"
"20 - 21 School Year","63","Oakland Schools","63150","Troy School District","05413","Smith Middle School","63","Oakland","LEA School","Middle School","City: Small","Oakland Region","5","06","Mathematics","Black, not of Hispanic origin","< 10","< 10","< 10","< 10","< 10","< 10","< 10","< 10"
"20 - 21 School Year","63","Oakland Schools","63150","Troy School District","05413","Smith Middle School","63","Oakland","LEA School","Middle School","City: Small","Oakland Region","5","06","Mathematics","Not Economically Disadvantaged","11","17","26","20.40","31.50","48.10","54","41.30"
"20 - 21 School Year","63","Oakland Schools","63150","Troy School District","05413","Smith Middle School","63","Oakland","LEA School","Middle School","City: Small","Oakland Region","5","06","Mathematics","Economically Disadvantaged","< 10","< 10","< 10","< 10","< 10","< 10","< 10","< 10"
"20 - 21 School Year","63","Oakland Schools","63150","Troy School District","05413","Smith Middle School","63","Oakland","LEA School","Middle School","City: Small","Oakland Region","5","06","Mathematics","All Students","12","19","29","20.00","31.70","48.30","60","39.90"
"20 - 21 School Year","63","Oakland Schools","63150","Troy School District","05413","Smith Middle School","63","Oakland","LEA School","Middle School","City: Small","Oakland Region","5","07","Mathematics","All Students","11","24","32","16.40","35.80","47.80","67","36.70"
"20 - 21 School Year","63","Oakland Schools","63150","Troy School District","05413","Smith Middle School","63","Oakland","LEA School","Middle School","City: Small","Oakland Region","5","07","Mathematics","Economically Disadvantaged","< 10","< 10","< 10","< 10","< 10","< 10","< 10","< 10"
"20 - 21 School Year","63","Oakland Schools","63150","Troy School District","05413","Smith Middle School","63","Oakland","LEA School","Middle School","City: Small","Oakland Region","5","06","Mathematics","Not Migrant","12","19","29","20.00","31.70","48.30","60","39.90"
"20 - 21 School Year","63","Oakland Schools","63150","Troy School District","05413","Smith Middle School","63","Oakland","LEA School","Middle School","City: Small","Oakland Region","5","06","Mathematics","Not English Learners","11","19","28","19.00","32.80","48.30","58","39.10"
"20 - 21 School Year","63","Oakland Schools","63150","Troy School District","05413","Smith Middle School","63","Oakland","LEA School","Middle School","City: Small","Oakland Region","5","07","Mathematics","Two or More Races","< 10","< 10","< 10","< 10","< 10","< 10","< 10","< 10"
"20 - 21 School Year","63","Oakland Schools","63150","Troy School District","05413","Smith Middle School","63","Oakland","LEA School","Middle School","City: Small","Oakland Region","5","07","Mathematics","White, not of Hispanic origin","< 10","< 10","18","10.00","30.00","60.00","30","29.30"
"20 - 21 School Year","63","Oakland Schools","63150","Troy School District","05413","Smith Middle School","63","Oakland","LEA School","Middle School","City: Small","Oakland Region","5","07","Mathematics","Hispanic","< 10","< 10","< 10","< 10","< 10","< 10","< 10","< 10"
"20 - 21 School Year","63","Oakland Schools","63150","Troy School District","05413","Smith Middle School","63","Oakland","LEA School","Middle School","City: Small","Oakland Region","5","07","Mathematics","Black, not of Hispanic origin","< 10","< 10","< 10","< 10","< 10","< 10","< 10","< 10"
"20 - 21 School Year","63","Oakland Schools","63150","Troy School District","05413","Smith Middle School","63","Oakland","LEA School","Middle School","City: Small","Oakland Region","5","07","Mathematics","Not Economically Disadvantaged","11","23","30","17.20","35.90","46.90","64","37.20"
"20 - 21 School Year","63","Oakland Schools","63150","Troy School District","05413","Smith Middle School","63","Oakland","LEA School","Middle School","City: Small","Oakland Region","5","All Grades","Mathematics","Not English Learners","57","73","109","23.80","30.50","45.60","239","41.00"
"20 - 21 School Year","63","Oakland Schools","63150","Troy School District","05413","Smith Middle School","63","Oakland","LEA School","Middle School","City: Small","Oakland Region","5","All Grades","Mathematics","Not Migrant","59","78","113","23.60","31.20","45.20","250","41.20"
"20 - 21 School Year","63","Oakland Schools","63150","Troy School District","05413","Smith Middle School","63","Oakland","LEA School","Middle School","City: Small","Oakland Region","5","All Grades","Mathematics","All Students","59","78","113","23.60","31.20","45.20","250","41.20"
"20 - 21 School Year","63","Oakland Schools","63150","Troy School District","05413","Smith Middle School","63","Oakland","LEA School","Middle School","City: Small","Oakland Region","5","All Grades","Mathematics","Economically Disadvantaged","< 10","< 10","< 10","25.00","37.50","37.50","16","41.10"
"20 - 21 School Year","63","Oakland Schools","63150","Troy School District","05413","Smith Middle School","63","Oakland","LEA School","Middle School","City: Small","Oakland Region","5","All Grades","Mathematics","Not Economically Disadvantaged","55","72","107","23.50","30.80","45.70","234","41.20"
"20 - 21 School Year","63","Oakland Schools","63150","Troy School District","05413","Smith Middle School","63","Oakland","LEA School","Middle School","City: Small","Oakland Region","5","08","Mathematics","All Students","36","35","52","29.30","28.50","42.30","123","44.20"
"20 - 21 School Year","63","Oakland Schools","63150","Troy School District","05413","Smith Middle School","63","Oakland","LEA School","Middle School","City: Small","Oakland Region","5","08","Mathematics","Economically Disadvantaged","< 10","< 10","< 10","< 10","< 10","< 10","< 10","< 10"
"20 - 21 School Year","63","Oakland Schools","63150","Troy School District","05413","Smith Middle School","63","Oakland","LEA School","Middle School","City: Small","Oakland Region","5","08","Mathematics","Not Economically Disadvantaged","33","32","51","28.40","27.60","44.00","116","43.30"
"20 - 21 School Year","63","Oakland Schools","63150","Troy School District","05413","Smith Middle School","63","Oakland","LEA School","Middle School","City: Small","Oakland Region","5","08","Mathematics","Black, not of Hispanic origin","< 10","< 10","< 10","< 10","< 10","< 10","< 10","< 10"
"20 - 21 School Year","63","Oakland Schools","63150","Troy School District","05413","Smith Middle School","63","Oakland","LEA School","Middle School","City: Small","Oakland Region","5","08","Mathematics","Hispanic","< 10","< 10","< 10","< 10","< 10","< 10","< 10","< 10"
"20 - 21 School Year","63","Oakland Schools","63150","Troy School District","05413","Smith Middle School","63","Oakland","LEA School","Middle School","City: Small","Oakland Region","5","08","Mathematics","White, not of Hispanic origin","10","15","32","17.50","26.30","56.10","57","32.70"
"20 - 21 School Year","63","Oakland Schools","63150","Troy School District","05413","Smith Middle School","63","Oakland","LEA School","Middle School","City: Small","Oakland Region","5","08","Mathematics","Two or More Races","< 10","< 10","< 10","< 10","< 10","< 10","< 10","< 10"
"20 - 21 School Year","63","Oakland Schools","63150","Troy School District","05413","Smith Middle School","63","Oakland","LEA School","Middle School","City: Small","Oakland Region","5","08","Mathematics","Asian","25","18","13","44.60","32.10","23.20","56","59.60"
"20 - 21 School Year","63","Oakland Schools","63150","Troy School District","05413","Smith Middle School","63","Oakland","LEA School","Middle School","City: Small","Oakland Region","5","08","Mathematics","Male","18","14","30","29.00","22.60","48.40","62","40.80"
"20 - 21 School Year","63","Oakland Schools","63150","Troy School District","05413","Smith Middle School","63","Oakland","LEA School","Middle School","City: Small","Oakland Region","5","08","Mathematics","Female","18","21","22","29.50","34.40","36.10","61","47.70"
"20 - 21 School Year","63","Oakland Schools","63150","Troy School District","05413","Smith Middle School","63","Oakland","LEA School","Middle School","City: Small","Oakland Region","5","08","Mathematics","English Learners","< 10","< 10","< 10","< 10","< 10","< 10","< 10","< 10"
"20 - 21 School Year","63","Oakland Schools","63150","Troy School District","05413","Smith Middle School","63","Oakland","LEA School","Middle School","City: Small","Oakland Region","5","08","Social Studies","Asian","10","28","< 10","22.70","63.60","13.60","44","52.40"
"20 - 21 School Year","63","Oakland Schools","63150","Troy School District","05413","Smith Middle School","63","Oakland","LEA School","Middle School","City: Small","Oakland Region","5","08","Social Studies","Two or More Races","< 10","< 10","< 10","< 10","< 10","< 10","< 10","< 10"
"20 - 21 School Year","63","Oakland Schools","63150","Troy School District","05413","Smith Middle School","63","Oakland","LEA School","Middle School","City: Small","Oakland Region","5","08","Social Studies","White, not of Hispanic origin","10","20","15","22.20","44.40","33.30","45","43.80"
"20 - 21 School Year","63","Oakland Schools","63150","Troy School District","05413","Smith Middle School","63","Oakland","LEA School","Middle School","City: Small","Oakland Region","5","08","Social Studies","Hispanic","< 10","< 10","< 10","< 10","< 10","< 10","< 10","< 10"
"20 - 21 School Year","63","Oakland Schools","63150","Troy School District","05413","Smith Middle School","63","Oakland","LEA School","Middle School","City: Small","Oakland Region","5","08","Social Studies","Black, not of Hispanic origin","< 10","< 10","< 10","< 10","< 10","< 10","< 10","< 10"
"20 - 21 School Year","63","Oakland Schools","63150","Troy School District","05413","Smith Middle School","63","Oakland","LEA School","Middle School","City: Small","Oakland Region","5","08","Social Studies","Not Economically Disadvantaged","18","50","23","19.80","54.90","25.30","91","46.70"
"20 - 21 School Year","63","Oakland Schools","63150","Troy School District","05413","Smith Middle School","63","Oakland","LEA School","Middle School","City: Small","Oakland Region","5","08","Social Studies","Economically Disadvantaged","< 10","< 10","< 10","< 10","< 10","< 10","< 10","< 10"
"20 - 21 School Year","63","Oakland Schools","63150","Troy School District","05413","Smith Middle School","63","Oakland","LEA School","Middle School","City: Small","Oakland Region","5","08","Social Studies","All Students","20","51","24","21.10","53.70","25.30","95","47.00"
"20 - 21 School Year","63","Oakland Schools","63150","Troy School District","05413","Smith Middle School","63","Oakland","LEA School","Middle School","City: Small","Oakland Region","5","All Grades","Social Studies","English Learners","< 10","< 10","< 10","< 10","< 10","< 10","< 10","< 10"
"20 - 21 School Year","63","Oakland Schools","63150","Troy School District","05413","Smith Middle School","63","Oakland","LEA School","Middle School","City: Small","Oakland Region","5","All Grades","Social Studies","Female","< 10","28","14","10.60","59.60","29.80","47","42.50"
"20 - 21 School Year","63","Oakland Schools","63150","Troy School District","05413","Smith Middle School","63","Oakland","LEA School","Middle School","City: Small","Oakland Region","5","08","English Language Arts","Students without Disabilities","33","46","40","27.70","38.70","33.60","119","48.10"
"20 - 21 School Year","63","Oakland Schools","63150","Troy School District","05413","Smith Middle School","63","Oakland","LEA School","Middle School","City: Small","Oakland Region","5","07","English Language Arts","Students without Disabilities","20","25","21","30.30","37.90","31.80","66","49.10"
"20 - 21 School Year","63","Oakland Schools","63150","Troy School District","05413","Smith Middle School","63","Oakland","LEA School","Middle School","City: Small","Oakland Region","5","All Grades","Social Studies","Male","15","23","10","31.30","47.90","20.80","48","51.40"
"20 - 21 School Year","63","Oakland Schools","63150","Troy School District","05413","Smith Middle School","63","Oakland","LEA School","Middle School","City: Small","Oakland Region","5","All Grades","Social Studies","Asian","10","28","< 10","22.70","63.60","13.60","44","52.40"
"20 - 21 School Year","63","Oakland Schools","63150","Troy School District","05413","Smith Middle School","63","Oakland","LEA School","Middle School","City: Small","Oakland Region","5","All Grades","Social Studies","Two or More Races","< 10","< 10","< 10","< 10","< 10","< 10","< 10","< 10"
"20 - 21 School Year","63","Oakland Schools","63150","Troy School District","05413","Smith Middle School","63","Oakland","LEA School","Middle School","City: Small","Oakland Region","5","06","English Language Arts","Students without Disabilities","< 10","20","27","14.50","36.40","49.10","55","36.50"
"20 - 21 School Year","63","Oakland Schools","63150","Troy School District","05413","Smith Middle School","63","Oakland","LEA School","Middle School","City: Small","Oakland Region","5","All Grades","Social Studies","White, not of Hispanic origin","10","20","15","22.20","44.40","33.30","45","43.80"
"20 - 21 School Year","63","Oakland Schools","63150","Troy School District","05413","Smith Middle School","63","Oakland","LEA School","Middle School","City: Small","Oakland Region","5","All Grades","Social Studies","Hispanic","< 10","< 10","< 10","< 10","< 10","< 10","< 10","< 10"
"20 - 21 School Year","63","Oakland Schools","63150","Troy School District","05413","Smith Middle School","63","Oakland","LEA School","Middle School","City: Small","Oakland Region","5","All Grades","Social Studies","Black, not of Hispanic origin","< 10","< 10","< 10","< 10","< 10","< 10","< 10","< 10"
"20 - 21 School Year","63","Oakland Schools","63150","Troy School District","05413","Smith Middle School","63","Oakland","LEA School","Middle School","City: Small","Oakland Region","5","All Grades","Social Studies","Not Economically Disadvantaged","18","50","23","19.80","54.90","25.30","91","46.70"
"20 - 21 School Year","63","Oakland Schools","63150","Troy School District","05413","Smith Middle School","63","Oakland","LEA School","Middle School","City: Small","Oakland Region","5","All Grades","Social Studies","Economically Disadvantaged","< 10","< 10","< 10","< 10","< 10","< 10","< 10","< 10"
"20 - 21 School Year","63","Oakland Schools","63150","Troy School District","05413","Smith Middle School","63","Oakland","LEA School","Middle School","City: Small","Oakland Region","5","08","Social Studies","Male","15","23","10","31.30","47.90","20.80","48","51.40"
"20 - 21 School Year","63","Oakland Schools","63150","Troy School District","05413","Smith Middle School","63","Oakland","LEA School","Middle School","City: Small","Oakland Region","5","08","Social Studies","Female","< 10","28","14","10.60","59.60","29.80","47","42.50"
"20 - 21 School Year","63","Oakland Schools","63150","Troy School District","05413","Smith Middle School","63","Oakland","LEA School","Middle School","City: Small","Oakland Region","5","08","Social Studies","English Learners","< 10","< 10","< 10","< 10","< 10","< 10","< 10","< 10"
"20 - 21 School Year","63","Oakland Schools","63150","Troy School District","05413","Smith Middle School","63","Oakland","LEA School","Middle School","City: Small","Oakland Region","5","08","Social Studies","Not English Learners","18","48","24","20.00","53.30","26.70","90","46.40"
"20 - 21 School Year","63","Oakland Schools","63150","Troy School District","05413","Smith Middle School","63","Oakland","LEA School","Middle School","City: Small","Oakland Region","5","08","Social Studies","Not Migrant","20","51","24","21.10","53.70","25.30","95","47.00"
"20 - 21 School Year","63","Oakland Schools","63150","Troy School District","05413","Smith Middle School","63","Oakland","LEA School","Middle School","City: Small","Oakland Region","5","All Grades","Social Studies","All Students","20","51","24","21.10","53.70","25.30","95","47.00"
"20 - 21 School Year","63","Oakland Schools","63150","Troy School District","05537","Wattles Elementary School","63","Oakland","LEA School","Elementary","City: Small","Oakland Region","5","05","Mathematics","Students without Disabilities","11","15","18","25.00","34.10","40.90","44","44.50"
"20 - 21 School Year","63","Oakland Schools","63150","Troy School District","05537","Wattles Elementary School","63","Oakland","LEA School","Elementary","City: Small","Oakland Region","5","All Grades","Mathematics","Students with Disabilities","< 10","< 10","< 10","< 10","< 10","< 10","< 10","< 10"
"20 - 21 School Year","63","Oakland Schools","63150","Troy School District","05537","Wattles Elementary School","63","Oakland","LEA School","Elementary","City: Small","Oakland Region","5","05","English Language Arts","Students with Disabilities","< 10","< 10","< 10","< 10","< 10","< 10","< 10","< 10"
"20 - 21 School Year","63","Oakland Schools","63150","Troy School District","05537","Wattles Elementary School","63","Oakland","LEA School","Elementary","City: Small","Oakland Region","5","05","Mathematics","Hispanic","< 10","< 10","< 10","< 10","< 10","< 10","< 10","< 10"
"20 - 21 School Year","63","Oakland Schools","63150","Troy School District","05537","Wattles Elementary School","63","Oakland","LEA School","Elementary","City: Small","Oakland Region","5","05","Mathematics","White, not of Hispanic origin","< 10","< 10","10","22.70","31.80","45.50","22","38.90"
"20 - 21 School Year","63","Oakland Schools","63150","Troy School District","05537","Wattles Elementary School","63","Oakland","LEA School","Elementary","City: Small","Oakland Region","5","05","Mathematics","Two or More Races","< 10","< 10","< 10","< 10","< 10","< 10","< 10","< 10"
"20 - 21 School Year","63","Oakland Schools","63150","Troy School District","05537","Wattles Elementary School","63","Oakland","LEA School","Elementary","City: Small","Oakland Region","5","05","Mathematics","Asian","< 10","< 10","< 10","35.00","40.00","25.00","20","57.10"
"20 - 21 School Year","63","Oakland Schools","63150","Troy School District","05537","Wattles Elementary School","63","Oakland","LEA School","Elementary","City: Small","Oakland Region","5","05","Mathematics","Male","< 10","< 10","< 10","26.10","39.10","34.80","23","46.60"
"20 - 21 School Year","63","Oakland Schools","63150","Troy School District","05537","Wattles Elementary School","63","Oakland","LEA School","Elementary","City: Small","Oakland Region","5","05","Mathematics","Female","< 10","< 10","10","26.10","30.40","43.50","23","44.20"
"20 - 21 School Year","63","Oakland Schools","63150","Troy School District","05537","Wattles Elementary School","63","Oakland","LEA School","Elementary","City: Small","Oakland Region","5","05","Mathematics","English Learners","< 10","< 10","< 10","< 10","< 10","< 10","< 10","< 10"
"20 - 21 School Year","63","Oakland Schools","63150","Troy School District","05537","Wattles Elementary School","63","Oakland","LEA School","Elementary","City: Small","Oakland Region","5","05","Mathematics","Not English Learners","12","15","17","27.30","34.10","38.60","44","46.00"
"20 - 21 School Year","63","Oakland Schools","63150","Troy School District","05537","Wattles Elementary School","63","Oakland","LEA School","Elementary","City: Small","Oakland Region","5","05","Mathematics","Not Migrant","12","16","18","26.10","34.80","39.10","46","45.40"
"20 - 21 School Year","63","Oakland Schools","63150","Troy School District","05537","Wattles Elementary School","63","Oakland","LEA School","Elementary","City: Small","Oakland Region","5","05","Mathematics","All Students","12","16","18","26.10","34.80","39.10","46","45.40"
"20 - 21 School Year","63","Oakland Schools","63150","Troy School District","05537","Wattles Elementary School","63","Oakland","LEA School","Elementary","City: Small","Oakland Region","5","05","Mathematics","Economically Disadvantaged","< 10","< 10","< 10","< 10","< 10","< 10","< 10","< 10"
"20 - 21 School Year","63","Oakland Schools","63150","Troy School District","05537","Wattles Elementary School","63","Oakland","LEA School","Elementary","City: Small","Oakland Region","5","05","Mathematics","Not Economically Disadvantaged","11","15","15","26.80","36.60","36.60","41","46.40"
"20 - 21 School Year","63","Oakland Schools","63150","Troy School District","05537","Wattles Elementary School","63","Oakland","LEA School","Elementary","City: Small","Oakland Region","5","05","Mathematics","Black, not of Hispanic origin","< 10","< 10","< 10","< 10","< 10","< 10","< 10","< 10"
"20 - 21 School Year","63","Oakland Schools","63150","Troy School District","05537","Wattles Elementary School","63","Oakland","LEA School","Elementary","City: Small","Oakland Region","5","All Grades","Mathematics","Students without Disabilities","11","15","18","25.00","34.10","40.90","44","44.50"
"20 - 21 School Year","63","Oakland Schools","63150","Troy School District","05537","Wattles Elementary School","63","Oakland","LEA School","Elementary","City: Small","Oakland Region","5","All Grades","English Language Arts","Not Migrant","12","12","21","26.70","26.70","46.70","45","42.70"
"20 - 21 School Year","63","Oakland Schools","63150","Troy School District","05537","Wattles Elementary School","63","Oakland","LEA School","Elementary","City: Small","Oakland Region","5","All Grades","English Language Arts","Not English Learners","11","12","20","25.60","27.90","46.50","43","41.90"
"20 - 21 School Year","63","Oakland Schools","63150","Troy School District","05537","Wattles Elementary School","63","Oakland","LEA School","Elementary","City: Small","Oakland Region","5","05","English Language Arts","Not Economically Disadvantaged","11","12","17","27.50","30.00","42.50","40","44.70"
"20 - 21 School Year","63","Oakland Schools","63150","Troy School District","05537","Wattles Elementary School","63","Oakland","LEA School","Elementary","City: Small","Oakland Region","5","05","English Language Arts","Black, not of Hispanic origin","< 10","< 10","< 10","< 10","< 10","< 10","< 10","< 10"
"20 - 21 School Year","63","Oakland Schools","63150","Troy School District","05537","Wattles Elementary School","63","Oakland","LEA School","Elementary","City: Small","Oakland Region","5","05","English Language Arts","Hispanic","< 10","< 10","< 10","< 10","< 10","< 10","< 10","< 10"
"20 - 21 School Year","63","Oakland Schools","63150","Troy School District","05537","Wattles Elementary School","63","Oakland","LEA School","Elementary","City: Small","Oakland Region","5","05","English Language Arts","White, not of Hispanic origin","< 10","< 10","12","22.70","22.70","54.50","22","38.60"
"20 - 21 School Year","63","Oakland Schools","63150","Troy School District","05537","Wattles Elementary School","63","Oakland","LEA School","Elementary","City: Small","Oakland Region","5","05","English Language Arts","Two or More Races","< 10","< 10","< 10","< 10","< 10","< 10","< 10","< 10"
"20 - 21 School Year","63","Oakland Schools","63150","Troy School District","05537","Wattles Elementary School","63","Oakland","LEA School","Elementary","City: Small","Oakland Region","5","05","English Language Arts","Economically Disadvantaged","< 10","< 10","< 10","< 10","< 10","< 10","< 10","< 10"
"20 - 21 School Year","63","Oakland Schools","63150","Troy School District","05537","Wattles Elementary School","63","Oakland","LEA School","Elementary","City: Small","Oakland Region","5","05","English Language Arts","Asian","< 10","< 10","< 10","30.00","35.00","35.00","20","47.20"
"20 - 21 School Year","63","Oakland Schools","63150","Troy School District","05537","Wattles Elementary School","63","Oakland","LEA School","Elementary","City: Small","Oakland Region","5","05","English Language Arts","Male","< 10","< 10","11","13.60","36.40","50.00","22","35.60"
"20 - 21 School Year","63","Oakland Schools","63150","Troy School District","05537","Wattles Elementary School","63","Oakland","LEA School","Elementary","City: Small","Oakland Region","5","05","English Language Arts","Female","< 10","< 10","10","39.10","17.40","43.50","23","49.50"
"20 - 21 School Year","63","Oakland Schools","63150","Troy School District","05537","Wattles Elementary School","63","Oakland","LEA School","Elementary","City: Small","Oakland Region","5","05","English Language Arts","English Learners","< 10","< 10","< 10","< 10","< 10","< 10","< 10","< 10"
"20 - 21 School Year","63","Oakland Schools","63150","Troy School District","05537","Wattles Elementary School","63","Oakland","LEA School","Elementary","City: Small","Oakland Region","5","05","English Language Arts","All Students","12","12","21","26.70","26.70","46.70","45","42.70"
"20 - 21 School Year","63","Oakland Schools","63150","Troy School District","05537","Wattles Elementary School","63","Oakland","LEA School","Elementary","City: Small","Oakland Region","5","All Grades","English Language Arts","Students with Disabilities","< 10","< 10","< 10","< 10","< 10","< 10","< 10","< 10"
"20 - 21 School Year","63","Oakland Schools","63150","Troy School District","05537","Wattles Elementary School","63","Oakland","LEA School","Elementary","City: Small","Oakland Region","5","All Grades","English Language Arts","English Learners","< 10","< 10","< 10","< 10","< 10","< 10","< 10","< 10"
"20 - 21 School Year","63","Oakland Schools","63150","Troy School District","05537","Wattles Elementary School","63","Oakland","LEA School","Elementary","City: Small","Oakland Region","5","All Grades","English Language Arts","Female","< 10","< 10","10","39.10","17.40","43.50","23","49.50"
"20 - 21 School Year","63","Oakland Schools","63150","Troy School District","05537","Wattles Elementary School","63","Oakland","LEA School","Elementary","City: Small","Oakland Region","5","All Grades","English Language Arts","Male","< 10","< 10","11","13.60","36.40","50.00","22","35.60"
"20 - 21 School Year","63","Oakland Schools","63150","Troy School District","05537","Wattles Elementary School","63","Oakland","LEA School","Elementary","City: Small","Oakland Region","5","All Grades","English Language Arts","Asian","< 10","< 10","< 10","30.00","35.00","35.00","20","47.20"
"20 - 21 School Year","63","Oakland Schools","63150","Troy School District","05537","Wattles Elementary School","63","Oakland","LEA School","Elementary","City: Small","Oakland Region","5","All Grades","English Language Arts","Two or More Races","< 10","< 10","< 10","< 10","< 10","< 10","< 10","< 10"
"20 - 21 School Year","63","Oakland Schools","63150","Troy School District","05537","Wattles Elementary School","63","Oakland","LEA School","Elementary","City: Small","Oakland Region","5","All Grades","English Language Arts","White, not of Hispanic origin","< 10","< 10","12","22.70","22.70","54.50","22","38.60"
"20 - 21 School Year","63","Oakland Schools","63150","Troy School District","05537","Wattles Elementary School","63","Oakland","LEA School","Elementary","City: Small","Oakland Region","5","All Grades","English Language Arts","Hispanic","< 10","< 10","< 10","< 10","< 10","< 10","< 10","< 10"
"20 - 21 School Year","63","Oakland Schools","63150","Troy School District","05537","Wattles Elementary School","63","Oakland","LEA School","Elementary","City: Small","Oakland Region","5","All Grades","English Language Arts","Black, not of Hispanic origin","< 10","< 10","< 10","< 10","< 10","< 10","< 10","< 10"
"20 - 21 School Year","63","Oakland Schools","63150","Troy School District","05537","Wattles Elementary School","63","Oakland","LEA School","Elementary","City: Small","Oakland Region","5","All Grades","English Language Arts","Not Economically Disadvantaged","11","12","17","27.50","30.00","42.50","40","44.70"
"20 - 21 School Year","63","Oakland Schools","63150","Troy School District","05537","Wattles Elementary School","63","Oakland","LEA School","Elementary","City: Small","Oakland Region","5","All Grades","English Language Arts","Economically Disadvantaged","< 10","< 10","< 10","< 10","< 10","< 10","< 10","< 10"
"20 - 21 School Year","63","Oakland Schools","63150","Troy School District","05537","Wattles Elementary School","63","Oakland","LEA School","Elementary","City: Small","Oakland Region","5","All Grades","English Language Arts","All Students","12","12","21","26.70","26.70","46.70","45","42.70"
"20 - 21 School Year","63","Oakland Schools","63150","Troy School District","05537","Wattles Elementary School","63","Oakland","LEA School","Elementary","City: Small","Oakland Region","5","05","English Language Arts","Not English Learners","11","12","20","25.60","27.90","46.50","43","41.90"
"20 - 21 School Year","63","Oakland Schools","63150","Troy School District","05537","Wattles Elementary School","63","Oakland","LEA School","Elementary","City: Small","Oakland Region","5","05","English Language Arts","Not Migrant","12","12","21","26.70","26.70","46.70","45","42.70"
"20 - 21 School Year","63","Oakland Schools","63150","Troy School District","05537","Wattles Elementary School","63","Oakland","LEA School","Elementary","City: Small","Oakland Region","5","05","Mathematics","Students with Disabilities","< 10","< 10","< 10","< 10","< 10","< 10","< 10","< 10"
"20 - 21 School Year","63","Oakland Schools","63150","Troy School District","05537","Wattles Elementary School","63","Oakland","LEA School","Elementary","City: Small","Oakland Region","5","All Grades","Mathematics","Not English Learners","12","15","17","27.30","34.10","38.60","44","46.00"
"20 - 21 School Year","63","Oakland Schools","63150","Troy School District","05537","Wattles Elementary School","63","Oakland","LEA School","Elementary","City: Small","Oakland Region","5","All Grades","Mathematics","Not Migrant","12","16","18","26.10","34.80","39.10","46","45.40"
"20 - 21 School Year","63","Oakland Schools","63150","Troy School District","05537","Wattles Elementary School","63","Oakland","LEA School","Elementary","City: Small","Oakland Region","5","All Grades","Mathematics","English Learners","< 10","< 10","< 10","< 10","< 10","< 10","< 10","< 10"
"20 - 21 School Year","63","Oakland Schools","63150","Troy School District","05537","Wattles Elementary School","63","Oakland","LEA School","Elementary","City: Small","Oakland Region","5","All Grades","Mathematics","Female","< 10","< 10","10","26.10","30.40","43.50","23","44.20"
"20 - 21 School Year","63","Oakland Schools","63150","Troy School District","05537","Wattles Elementary School","63","Oakland","LEA School","Elementary","City: Small","Oakland Region","5","All Grades","Mathematics","Male","< 10","< 10","< 10","26.10","39.10","34.80","23","46.60"
"20 - 21 School Year","63","Oakland Schools","63150","Troy School District","05537","Wattles Elementary School","63","Oakland","LEA School","Elementary","City: Small","Oakland Region","5","All Grades","Mathematics","Asian","< 10","< 10","< 10","35.00","40.00","25.00","20","57.10"
"20 - 21 School Year","63","Oakland Schools","63150","Troy School District","05537","Wattles Elementary School","63","Oakland","LEA School","Elementary","City: Small","Oakland Region","5","All Grades","Mathematics","Two or More Races","< 10","< 10","< 10","< 10","< 10","< 10","< 10","< 10"
"20 - 21 School Year","63","Oakland Schools","63150","Troy School District","05537","Wattles Elementary School","63","Oakland","LEA School","Elementary","City: Small","Oakland Region","5","All Grades","Mathematics","White, not of Hispanic origin","< 10","< 10","10","22.70","31.80","45.50","22","38.90"
"20 - 21 School Year","63","Oakland Schools","63150","Troy School District","05537","Wattles Elementary School","63","Oakland","LEA School","Elementary","City: Small","Oakland Region","5","All Grades","Mathematics","Hispanic","< 10","< 10","< 10","< 10","< 10","< 10","< 10","< 10"
"20 - 21 School Year","63","Oakland Schools","63150","Troy School District","05537","Wattles Elementary School","63","Oakland","LEA School","Elementary","City: Small","Oakland Region","5","All Grades","Mathematics","Black, not of Hispanic origin","< 10","< 10","< 10","< 10","< 10","< 10","< 10","< 10"
"20 - 21 School Year","63","Oakland Schools","63150","Troy School District","05537","Wattles Elementary School","63","Oakland","LEA School","Elementary","City: Small","Oakland Region","5","All Grades","Mathematics","Not Economically Disadvantaged","11","15","15","26.80","36.60","36.60","41","46.40"
"20 - 21 School Year","63","Oakland Schools","63150","Troy School District","05537","Wattles Elementary School","63","Oakland","LEA School","Elementary","City: Small","Oakland Region","5","All Grades","Mathematics","Economically Disadvantaged","< 10","< 10","< 10","< 10","< 10","< 10","< 10","< 10"
"20 - 21 School Year","63","Oakland Schools","63150","Troy School District","05537","Wattles Elementary School","63","Oakland","LEA School","Elementary","City: Small","Oakland Region","5","All Grades","Mathematics","All Students","12","16","18","26.10","34.80","39.10","46","45.40"
"20 - 21 School Year","63","Oakland Schools","63150","Troy School District","05537","Wattles Elementary School","63","Oakland","LEA School","Elementary","City: Small","Oakland Region","5","All Grades","English Language Arts","Students without Disabilities","12","12","19","27.90","27.90","44.20","43","44.50"
"20 - 21 School Year","63","Oakland Schools","63150","Troy School District","05537","Wattles Elementary School","63","Oakland","LEA School","Elementary","City: Small","Oakland Region","5","05","English Language Arts","Students without Disabilities","12","12","19","27.90","27.90","44.20","43","44.50"
"20 - 21 School Year","63","Oakland Schools","63150","Troy School District","06124","Schroeder Elementary School","63","Oakland","LEA School","Elementary","City: Small","Oakland Region","5","All Grades","English Language Arts","Students without Disabilities","25","23","15","39.70","36.50","23.80","63","56.40"
"20 - 21 School Year","63","Oakland Schools","63150","Troy School District","06124","Schroeder Elementary School","63","Oakland","LEA School","Elementary","City: Small","Oakland Region","5","05","English Language Arts","Students without Disabilities","25","23","15","39.70","36.50","23.80","63","56.40"
"20 - 21 School Year","63","Oakland Schools","63150","Troy School District","06124","Schroeder Elementary School","63","Oakland","LEA School","Elementary","City: Small","Oakland Region","5","05","Mathematics","Students without Disabilities","18","27","18","28.60","42.90","28.60","63","49.40"
"20 - 21 School Year","63","Oakland Schools","63150","Troy School District","06124","Schroeder Elementary School","63","Oakland","LEA School","Elementary","City: Small","Oakland Region","5","05","English Language Arts","Students with Disabilities","< 10","< 10","< 10","< 10","< 10","< 10","< 10","< 10"
"20 - 21 School Year","63","Oakland Schools","63150","Troy School District","06124","Schroeder Elementary School","63","Oakland","LEA School","Elementary","City: Small","Oakland Region","5","All Grades","English Language Arts","Not Migrant","26","24","15","40.00","36.90","23.10","65","56.90"
"20 - 21 School Year","63","Oakland Schools","63150","Troy School District","06124","Schroeder Elementary School","63","Oakland","LEA School","Elementary","City: Small","Oakland Region","5","All Grades","English Language Arts","Not English Learners","25","23","15","39.70","36.50","23.80","63","56.30"
"20 - 21 School Year","63","Oakland Schools","63150","Troy School District","06124","Schroeder Elementary School","63","Oakland","LEA School","Elementary","City: Small","Oakland Region","5","All Grades","English Language Arts","English Learners","< 10","< 10","< 10","< 10","< 10","< 10","< 10","< 10"
"20 - 21 School Year","63","Oakland Schools","63150","Troy School District","06124","Schroeder Elementary School","63","Oakland","LEA School","Elementary","City: Small","Oakland Region","5","All Grades","English Language Arts","Female","< 10","11","< 10","33.30","45.80","20.80","24","57.50"
"20 - 21 School Year","63","Oakland Schools","63150","Troy School District","06124","Schroeder Elementary School","63","Oakland","LEA School","Elementary","City: Small","Oakland Region","5","All Grades","English Language Arts","Male","18","13","10","43.90","31.70","24.40","41","56.60"
"20 - 21 School Year","63","Oakland Schools","63150","Troy School District","06124","Schroeder Elementary School","63","Oakland","LEA School","Elementary","City: Small","Oakland Region","5","All Grades","Mathematics","English Learners","< 10","< 10","< 10","< 10","< 10","< 10","< 10","< 10"
"20 - 21 School Year","63","Oakland Schools","63150","Troy School District","06124","Schroeder Elementary School","63","Oakland","LEA School","Elementary","City: Small","Oakland Region","5","All Grades","Mathematics","Female","< 10","10","< 10","20.80","41.70","37.50","24","42.70"
"20 - 21 School Year","63","Oakland Schools","63150","Troy School District","06124","Schroeder Elementary School","63","Oakland","LEA School","Elementary","City: Small","Oakland Region","5","All Grades","Mathematics","Male","13","19","< 10","31.70","46.30","22.00","41","53.80"
"20 - 21 School Year","63","Oakland Schools","63150","Troy School District","06124","Schroeder Elementary School","63","Oakland","LEA School","Elementary","City: Small","Oakland Region","5","All Grades","Mathematics","Asian","14","15","< 10","43.80","46.90","9.40","32","61.50"
"20 - 21 School Year","63","Oakland Schools","63150","Troy School District","06124","Schroeder Elementary School","63","Oakland","LEA School","Elementary","City: Small","Oakland Region","5","05","Mathematics","All Students","18","29","18","27.70","44.60","27.70","65","49.70"
"20 - 21 School Year","63","Oakland Schools","63150","Troy School District","06124","Schroeder Elementary School","63","Oakland","LEA School","Elementary","City: Small","Oakland Region","5","All Grades","Mathematics","Not English Learners","17","28","18","27.00","44.40","28.60","63","49.50"
"20 - 21 School Year","63","Oakland Schools","63150","Troy School District","06124","Schroeder Elementary School","63","Oakland","LEA School","Elementary","City: Small","Oakland Region","5","All Grades","Mathematics","Not Migrant","18","29","18","27.70","44.60","27.70","65","49.70"
"20 - 21 School Year","63","Oakland Schools","63150","Troy School District","06124","Schroeder Elementary School","63","Oakland","LEA School","Elementary","City: Small","Oakland Region","5","All Grades","Mathematics","Hispanic","< 10","< 10","< 10","< 10","< 10","< 10","< 10","< 10"
"20 - 21 School Year","63","Oakland Schools","63150","Troy School District","06124","Schroeder Elementary School","63","Oakland","LEA School","Elementary","City: Small","Oakland Region","5","All Grades","Mathematics","White, not of Hispanic origin","< 10","12","15","12.90","38.70","48.40","31","37.10"
"20 - 21 School Year","63","Oakland Schools","63150","Troy School District","06124","Schroeder Elementary School","63","Oakland","LEA School","Elementary","City: Small","Oakland Region","5","05","Mathematics","Economically Disadvantaged","< 10","< 10","< 10","< 10","< 10","< 10","< 10","< 10"
"20 - 21 School Year","63","Oakland Schools","63150","Troy School District","06124","Schroeder Elementary School","63","Oakland","LEA School","Elementary","City: Small","Oakland Region","5","05","Mathematics","Not Economically Disadvantaged","18","27","17","29.00","43.50","27.40","62","49.70"
"20 - 21 School Year","63","Oakland Schools","63150","Troy School District","06124","Schroeder Elementary School","63","Oakland","LEA School","Elementary","City: Small","Oakland Region","5","05","Mathematics","Hispanic","< 10","< 10","< 10","< 10","< 10","< 10","< 10","< 10"
"20 - 21 School Year","63","Oakland Schools","63150","Troy School District","06124","Schroeder Elementary School","63","Oakland","LEA School","Elementary","City: Small","Oakland Region","5","05","Mathematics","White, not of Hispanic origin","< 10","12","15","12.90","38.70","48.40","31","37.10"
"20 - 21 School Year","63","Oakland Schools","63150","Troy School District","06124","Schroeder Elementary School","63","Oakland","LEA School","Elementary","City: Small","Oakland Region","5","05","Mathematics","Asian","14","15","< 10","43.80","46.90","9.40","32","61.50"
"20 - 21 School Year","63","Oakland Schools","63150","Troy School District","06124","Schroeder Elementary School","63","Oakland","LEA School","Elementary","City: Small","Oakland Region","5","05","Mathematics","Male","13","19","< 10","31.70","46.30","22.00","41","53.80"
"20 - 21 School Year","63","Oakland Schools","63150","Troy School District","06124","Schroeder Elementary School","63","Oakland","LEA School","Elementary","City: Small","Oakland Region","5","05","Mathematics","Female","< 10","10","< 10","20.80","41.70","37.50","24","42.70"
"20 - 21 School Year","63","Oakland Schools","63150","Troy School District","06124","Schroeder Elementary School","63","Oakland","LEA School","Elementary","City: Small","Oakland Region","5","05","Mathematics","English Learners","< 10","< 10","< 10","< 10","< 10","< 10","< 10","< 10"
"20 - 21 School Year","63","Oakland Schools","63150","Troy School District","06124","Schroeder Elementary School","63","Oakland","LEA School","Elementary","City: Small","Oakland Region","5","05","Mathematics","Not English Learners","17","28","18","27.00","44.40","28.60","63","49.50"
"20 - 21 School Year","63","Oakland Schools","63150","Troy School District","06124","Schroeder Elementary School","63","Oakland","LEA School","Elementary","City: Small","Oakland Region","5","05","Mathematics","Not Migrant","18","29","18","27.70","44.60","27.70","65","49.70"
"20 - 21 School Year","63","Oakland Schools","63150","Troy School District","06124","Schroeder Elementary School","63","Oakland","LEA School","Elementary","City: Small","Oakland Region","5","All Grades","Mathematics","Students without Disabilities","18","27","18","28.60","42.90","28.60","63","49.40"
"20 - 21 School Year","63","Oakland Schools","63150","Troy School District","06124","Schroeder Elementary School","63","Oakland","LEA School","Elementary","City: Small","Oakland Region","5","All Grades","English Language Arts","Students with Disabilities","< 10","< 10","< 10","< 10","< 10","< 10","< 10","< 10"
"20 - 21 School Year","63","Oakland Schools","63150","Troy School District","06124","Schroeder Elementary School","63","Oakland","LEA School","Elementary","City: Small","Oakland Region","5","05","English Language Arts","Not English Learners","25","23","15","39.70","36.50","23.80","63","56.30"
"20 - 21 School Year","63","Oakland Schools","63150","Troy School District","06124","Schroeder Elementary School","63","Oakland","LEA School","Elementary","City: Small","Oakland Region","5","05","English Language Arts","English Learners","< 10","< 10","< 10","< 10","< 10","< 10","< 10","< 10"
"20 - 21 School Year","63","Oakland Schools","63150","Troy School District","06124","Schroeder Elementary School","63","Oakland","LEA School","Elementary","City: Small","Oakland Region","5","05","English Language Arts","Female","< 10","11","< 10","33.30","45.80","20.80","24","57.50"
"20 - 21 School Year","63","Oakland Schools","63150","Troy School District","06124","Schroeder Elementary School","63","Oakland","LEA School","Elementary","City: Small","Oakland Region","5","05","English Language Arts","Male","18","13","10","43.90","31.70","24.40","41","56.60"
"20 - 21 School Year","63","Oakland Schools","63150","Troy School District","06124","Schroeder Elementary School","63","Oakland","LEA School","Elementary","City: Small","Oakland Region","5","05","English Language Arts","Asian","18","10","< 10","56.30","31.30","12.50","32","66.90"
"20 - 21 School Year","63","Oakland Schools","63150","Troy School District","06124","Schroeder Elementary School","63","Oakland","LEA School","Elementary","City: Small","Oakland Region","5","05","English Language Arts","White, not of Hispanic origin","< 10","13","11","22.60","41.90","35.50","31","45.10"
"20 - 21 School Year","63","Oakland Schools","63150","Troy School District","06124","Schroeder Elementary School","63","Oakland","LEA School","Elementary","City: Small","Oakland Region","5","05","English Language Arts","Hispanic","< 10","< 10","< 10","< 10","< 10","< 10","< 10","< 10"
"20 - 21 School Year","63","Oakland Schools","63150","Troy School District","06124","Schroeder Elementary School","63","Oakland","LEA School","Elementary","City: Small","Oakland Region","5","05","English Language Arts","Not Economically Disadvantaged","25","23","14","40.30","37.10","22.60","62","57.10"
"20 - 21 School Year","63","Oakland Schools","63150","Troy School District","06124","Schroeder Elementary School","63","Oakland","LEA School","Elementary","City: Small","Oakland Region","5","05","English Language Arts","Economically Disadvantaged","< 10","< 10","< 10","< 10","< 10","< 10","< 10","< 10"
"20 - 21 School Year","63","Oakland Schools","63150","Troy School District","06124","Schroeder Elementary School","63","Oakland","LEA School","Elementary","City: Small","Oakland Region","5","05","English Language Arts","All Students","26","24","15","40.00","36.90","23.10","65","56.90"
"20 - 21 School Year","63","Oakland Schools","63150","Troy School District","06124","Schroeder Elementary School","63","Oakland","LEA School","Elementary","City: Small","Oakland Region","5","All Grades","English Language Arts","Asian","18","10","< 10","56.30","31.30","12.50","32","66.90"
"20 - 21 School Year","63","Oakland Schools","63150","Troy School District","06124","Schroeder Elementary School","63","Oakland","LEA School","Elementary","City: Small","Oakland Region","5","All Grades","English Language Arts","White, not of Hispanic origin","< 10","13","11","22.60","41.90","35.50","31","45.10"
"20 - 21 School Year","63","Oakland Schools","63150","Troy School District","06124","Schroeder Elementary School","63","Oakland","LEA School","Elementary","City: Small","Oakland Region","5","All Grades","English Language Arts","Hispanic","< 10","< 10","< 10","< 10","< 10","< 10","< 10","< 10"
"20 - 21 School Year","63","Oakland Schools","63150","Troy School District","06124","Schroeder Elementary School","63","Oakland","LEA School","Elementary","City: Small","Oakland Region","5","All Grades","English Language Arts","Not Economically Disadvantaged","25","23","14","40.30","37.10","22.60","62","57.10"
"20 - 21 School Year","63","Oakland Schools","63150","Troy School District","06124","Schroeder Elementary School","63","Oakland","LEA School","Elementary","City: Small","Oakland Region","5","All Grades","English Language Arts","Economically Disadvantaged","< 10","< 10","< 10","< 10","< 10","< 10","< 10","< 10"
"20 - 21 School Year","63","Oakland Schools","63150","Troy School District","06124","Schroeder Elementary School","63","Oakland","LEA School","Elementary","City: Small","Oakland Region","5","All Grades","English Language Arts","All Students","26","24","15","40.00","36.90","23.10","65","56.90"
"20 - 21 School Year","63","Oakland Schools","63150","Troy School District","06124","Schroeder Elementary School","63","Oakland","LEA School","Elementary","City: Small","Oakland Region","5","05","Mathematics","Students with Disabilities","< 10","< 10","< 10","< 10","< 10","< 10","< 10","< 10"
"20 - 21 School Year","63","Oakland Schools","63150","Troy School District","06124","Schroeder Elementary School","63","Oakland","LEA School","Elementary","City: Small","Oakland Region","5","All Grades","Mathematics","Students with Disabilities","< 10","< 10","< 10","< 10","< 10","< 10","< 10","< 10"
"20 - 21 School Year","63","Oakland Schools","63150","Troy School District","06124","Schroeder Elementary School","63","Oakland","LEA School","Elementary","City: Small","Oakland Region","5","All Grades","Mathematics","All Students","18","29","18","27.70","44.60","27.70","65","49.70"
"20 - 21 School Year","63","Oakland Schools","63150","Troy School District","06124","Schroeder Elementary School","63","Oakland","LEA School","Elementary","City: Small","Oakland Region","5","All Grades","Mathematics","Economically Disadvantaged","< 10","< 10","< 10","< 10","< 10","< 10","< 10","< 10"
"20 - 21 School Year","63","Oakland Schools","63150","Troy School District","06124","Schroeder Elementary School","63","Oakland","LEA School","Elementary","City: Small","Oakland Region","5","All Grades","Mathematics","Not Economically Disadvantaged","18","27","17","29.00","43.50","27.40","62","49.70"
"20 - 21 School Year","63","Oakland Schools","63150","Troy School District","06124","Schroeder Elementary School","63","Oakland","LEA School","Elementary","City: Small","Oakland Region","5","05","English Language Arts","Not Migrant","26","24","15","40.00","36.90","23.10","65","56.90"
"20 - 21 School Year","63","Oakland Schools","63150","Troy School District","06364","Costello Elementary School","63","Oakland","LEA School","Elementary","City: Small","Oakland Region","5","05","English Language Arts","Students without Disabilities","16","16","21","30.20","30.20","39.60","53","45.10"
"20 - 21 School Year","63","Oakland Schools","63150","Troy School District","06364","Costello Elementary School","63","Oakland","LEA School","Elementary","City: Small","Oakland Region","5","All Grades","English Language Arts","Students without Disabilities","16","16","21","30.20","30.20","39.60","53","45.10"
"20 - 21 School Year","63","Oakland Schools","63150","Troy School District","06364","Costello Elementary School","63","Oakland","LEA School","Elementary","City: Small","Oakland Region","5","All Grades","Mathematics","Students without Disabilities","< 10","30","19","7.50","56.60","35.80","53","37.00"
"20 - 21 School Year","63","Oakland Schools","63150","Troy School District","06364","Costello Elementary School","63","Oakland","LEA School","Elementary","City: Small","Oakland Region","5","05","Mathematics","Students without Disabilities","< 10","30","19","7.50","56.60","35.80","53","37.00"
"20 - 21 School Year","63","Oakland Schools","63150","Troy School District","06364","Costello Elementary School","63","Oakland","LEA School","Elementary","City: Small","Oakland Region","5","All Grades","English Language Arts","Not Economically Disadvantaged","14","13","20","29.80","27.70","42.60","47","44.30"
"20 - 21 School Year","63","Oakland Schools","63150","Troy School District","06364","Costello Elementary School","63","Oakland","LEA School","Elementary","City: Small","Oakland Region","5","All Grades","English Language Arts","Economically Disadvantaged","< 10","< 10","< 10","< 10","< 10","< 10","< 10","< 10"
"20 - 21 School Year","63","Oakland Schools","63150","Troy School District","06364","Costello Elementary School","63","Oakland","LEA School","Elementary","City: Small","Oakland Region","5","All Grades","English Language Arts","All Students","16","18","22","28.60","32.10","39.30","56","44.90"
"20 - 21 School Year","63","Oakland Schools","63150","Troy School District","06364","Costello Elementary School","63","Oakland","LEA School","Elementary","City: Small","Oakland Region","5","05","Mathematics","All Students","< 10","31","20","7.30","56.40","36.40","55","36.70"
"20 - 21 School Year","63","Oakland Schools","63150","Troy School District","06364","Costello Elementary School","63","Oakland","LEA School","Elementary","City: Small","Oakland Region","5","05","Mathematics","Not Migrant","< 10","31","20","7.30","56.40","36.40","55","36.70"
"20 - 21 School Year","63","Oakland Schools","63150","Troy School District","06364","Costello Elementary School","63","Oakland","LEA School","Elementary","City: Small","Oakland Region","5","05","Mathematics","Not English Learners","< 10","28","19","7.80","54.90","37.30","51","37.00"
"20 - 21 School Year","63","Oakland Schools","63150","Troy School District","06364","Costello Elementary School","63","Oakland","LEA School","Elementary","City: Small","Oakland Region","5","05","Mathematics","English Learners","< 10","< 10","< 10","< 10","< 10","< 10","< 10","< 10"
"20 - 21 School Year","63","Oakland Schools","63150","Troy School District","06364","Costello Elementary School","63","Oakland","LEA School","Elementary","City: Small","Oakland Region","5","05","Mathematics","Female","< 10","14","10","7.70","53.80","38.50","26","34.00"
"20 - 21 School Year","63","Oakland Schools","63150","Troy School District","06364","Costello Elementary School","63","Oakland","LEA School","Elementary","City: Small","Oakland Region","5","05","Mathematics","Male","< 10","17","10","6.90","58.60","34.50","29","39.10"
"20 - 21 School Year","63","Oakland Schools","63150","Troy School District","06364","Costello Elementary School","63","Oakland","LEA School","Elementary","City: Small","Oakland Region","5","05","Mathematics","Asian","< 10","< 10","< 10","13.30","60.00","26.70","15","43.90"
"20 - 21 School Year","63","Oakland Schools","63150","Troy School District","06364","Costello Elementary School","63","Oakland","LEA School","Elementary","City: Small","Oakland Region","5","05","Mathematics","White, not of Hispanic origin","< 10","20","12","5.90","58.80","35.30","34","35.60"
"20 - 21 School Year","63","Oakland Schools","63150","Troy School District","06364","Costello Elementary School","63","Oakland","LEA School","Elementary","City: Small","Oakland Region","5","05","Mathematics","Hispanic","< 10","< 10","< 10","< 10","< 10","< 10","< 10","< 10"
"20 - 21 School Year","63","Oakland Schools","63150","Troy School District","06364","Costello Elementary School","63","Oakland","LEA School","Elementary","City: Small","Oakland Region","5","05","Mathematics","Black, not of Hispanic origin","< 10","< 10","< 10","< 10","< 10","< 10","< 10","< 10"
"20 - 21 School Year","63","Oakland Schools","63150","Troy School District","06364","Costello Elementary School","63","Oakland","LEA School","Elementary","City: Small","Oakland Region","5","05","Mathematics","Native Hawaiian or Other Pacific Islander","< 10","< 10","< 10","< 10","< 10","< 10","< 10","< 10"
"20 - 21 School Year","63","Oakland Schools","63150","Troy School District","06364","Costello Elementary School","63","Oakland","LEA School","Elementary","City: Small","Oakland Region","5","05","Mathematics","Not Economically Disadvantaged","< 10","25","18","8.50","53.20","38.30","47","36.30"
"20 - 21 School Year","63","Oakland Schools","63150","Troy School District","06364","Costello Elementary School","63","Oakland","LEA School","Elementary","City: Small","Oakland Region","5","05","Mathematics","Economically Disadvantaged","< 10","< 10","< 10","< 10","< 10","< 10","< 10","< 10"
"20 - 21 School Year","63","Oakland Schools","63150","Troy School District","06364","Costello Elementary School","63","Oakland","LEA School","Elementary","City: Small","Oakland Region","5","All Grades","Mathematics","Economically Disadvantaged","< 10","< 10","< 10","< 10","< 10","< 10","< 10","< 10"
"20 - 21 School Year","63","Oakland Schools","63150","Troy School District","06364","Costello Elementary School","63","Oakland","LEA School","Elementary","City: Small","Oakland Region","5","All Grades","Mathematics","All Students","< 10","31","20","7.30","56.40","36.40","55","36.70"
"20 - 21 School Year","63","Oakland Schools","63150","Troy School District","06364","Costello Elementary School","63","Oakland","LEA School","Elementary","City: Small","Oakland Region","5","All Grades","English Language Arts","Not Migrant","16","18","22","28.60","32.10","39.30","56","44.90"
"20 - 21 School Year","63","Oakland Schools","63150","Troy School District","06364","Costello Elementary School","63","Oakland","LEA School","Elementary","City: Small","Oakland Region","5","All Grades","English Language Arts","Not English Learners","16","15","22","30.20","28.30","41.50","53","44.80"
"20 - 21 School Year","63","Oakland Schools","63150","Troy School District","06364","Costello Elementary School","63","Oakland","LEA School","Elementary","City: Small","Oakland Region","5","All Grades","English Language Arts","English Learners","< 10","< 10","< 10","< 10","< 10","< 10","< 10","< 10"
"20 - 21 School Year","63","Oakland Schools","63150","Troy School District","06364","Costello Elementary School","63","Oakland","LEA School","Elementary","City: Small","Oakland Region","5","All Grades","English Language Arts","Female","< 10","< 10","10","28.00","32.00","40.00","25","46.00"
"20 - 21 School Year","63","Oakland Schools","63150","Troy School District","06364","Costello Elementary School","63","Oakland","LEA School","Elementary","City: Small","Oakland Region","5","All Grades","English Language Arts","Male","< 10","10","12","29.00","32.30","38.70","31","43.90"
"20 - 21 School Year","63","Oakland Schools","63150","Troy School District","06364","Costello Elementary School","63","Oakland","LEA School","Elementary","City: Small","Oakland Region","5","All Grades","English Language Arts","Asian","< 10","< 10","< 10","64.30","14.30","21.40","14","63.00"
"20 - 21 School Year","63","Oakland Schools","63150","Troy School District","06364","Costello Elementary School","63","Oakland","LEA School","Elementary","City: Small","Oakland Region","5","All Grades","English Language Arts","White, not of Hispanic origin","< 10","13","17","16.70","36.10","47.20","36","38.40"
"20 - 21 School Year","63","Oakland Schools","63150","Troy School District","06364","Costello Elementary School","63","Oakland","LEA School","Elementary","City: Small","Oakland Region","5","All Grades","English Language Arts","Hispanic","< 10","< 10","< 10","< 10","< 10","< 10","< 10","< 10"
"20 - 21 School Year","63","Oakland Schools","63150","Troy School District","06364","Costello Elementary School","63","Oakland","LEA School","Elementary","City: Small","Oakland Region","5","All Grades","English Language Arts","Black, not of Hispanic origin","< 10","< 10","< 10","< 10","< 10","< 10","< 10","< 10"
"20 - 21 School Year","63","Oakland Schools","63150","Troy School District","06364","Costello Elementary School","63","Oakland","LEA School","Elementary","City: Small","Oakland Region","5","All Grades","English Language Arts","Native Hawaiian or Other Pacific Islander","< 10","< 10","< 10","< 10","< 10","< 10","< 10","< 10"
"20 - 21 School Year","63","Oakland Schools","63150","Troy School District","06364","Costello Elementary School","63","Oakland","LEA School","Elementary","City: Small","Oakland Region","5","All Grades","Mathematics","Not Migrant","< 10","31","20","7.30","56.40","36.40","55","36.70"
"20 - 21 School Year","63","Oakland Schools","63150","Troy School District","06364","Costello Elementary School","63","Oakland","LEA School","Elementary","City: Small","Oakland Region","5","All Grades","Mathematics","Not English Learners","< 10","28","19","7.80","54.90","37.30","51","37.00"
"20 - 21 School Year","63","Oakland Schools","63150","Troy School District","06364","Costello Elementary School","63","Oakland","LEA School","Elementary","City: Small","Oakland Region","5","All Grades","Mathematics","English Learners","< 10","< 10","< 10","< 10","< 10","< 10","< 10","< 10"
"20 - 21 School Year","63","Oakland Schools","63150","Troy School District","06364","Costello Elementary School","63","Oakland","LEA School","Elementary","City: Small","Oakland Region","5","All Grades","Mathematics","Female","< 10","14","10","7.70","53.80","38.50","26","34.00"
"20 - 21 School Year","63","Oakland Schools","63150","Troy School District","06364","Costello Elementary School","63","Oakland","LEA School","Elementary","City: Small","Oakland Region","5","All Grades","Mathematics","Male","< 10","17","10","6.90","58.60","34.50","29","39.10"
"20 - 21 School Year","63","Oakland Schools","63150","Troy School District","06364","Costello Elementary School","63","Oakland","LEA School","Elementary","City: Small","Oakland Region","5","All Grades","Mathematics","Asian","< 10","< 10","< 10","13.30","60.00","26.70","15","43.90"
"20 - 21 School Year","63","Oakland Schools","63150","Troy School District","06364","Costello Elementary School","63","Oakland","LEA School","Elementary","City: Small","Oakland Region","5","All Grades","Mathematics","White, not of Hispanic origin","< 10","20","12","5.90","58.80","35.30","34","35.60"
"20 - 21 School Year","63","Oakland Schools","63150","Troy School District","06364","Costello Elementary School","63","Oakland","LEA School","Elementary","City: Small","Oakland Region","5","All Grades","Mathematics","Hispanic","< 10","< 10","< 10","< 10","< 10","< 10","< 10","< 10"
"20 - 21 School Year","63","Oakland Schools","63150","Troy School District","06364","Costello Elementary School","63","Oakland","LEA School","Elementary","City: Small","Oakland Region","5","All Grades","Mathematics","Black, not of Hispanic origin","< 10","< 10","< 10","< 10","< 10","< 10","< 10","< 10"
"20 - 21 School Year","63","Oakland Schools","63150","Troy School District","06364","Costello Elementary School","63","Oakland","LEA School","Elementary","City: Small","Oakland Region","5","All Grades","Mathematics","Native Hawaiian or Other Pacific Islander","< 10","< 10","< 10","< 10","< 10","< 10","< 10","< 10"
"20 - 21 School Year","63","Oakland Schools","63150","Troy School District","06364","Costello Elementary School","63","Oakland","LEA School","Elementary","City: Small","Oakland Region","5","All Grades","Mathematics","Not Economically Disadvantaged","< 10","25","18","8.50","53.20","38.30","47","36.30"
"20 - 21 School Year","63","Oakland Schools","63150","Troy School District","06364","Costello Elementary School","63","Oakland","LEA School","Elementary","City: Small","Oakland Region","5","05","English Language Arts","Female","< 10","< 10","10","28.00","32.00","40.00","25","46.00"
"20 - 21 School Year","63","Oakland Schools","63150","Troy School District","06364","Costello Elementary School","63","Oakland","LEA School","Elementary","City: Small","Oakland Region","5","05","English Language Arts","English Learners","< 10","< 10","< 10","< 10","< 10","< 10","< 10","< 10"
"20 - 21 School Year","63","Oakland Schools","63150","Troy School District","06364","Costello Elementary School","63","Oakland","LEA School","Elementary","City: Small","Oakland Region","5","05","English Language Arts","Not English Learners","16","15","22","30.20","28.30","41.50","53","44.80"
"20 - 21 School Year","63","Oakland Schools","63150","Troy School District","06364","Costello Elementary School","63","Oakland","LEA School","Elementary","City: Small","Oakland Region","5","05","English Language Arts","Not Migrant","16","18","22","28.60","32.10","39.30","56","44.90"
"20 - 21 School Year","63","Oakland Schools","63150","Troy School District","06364","Costello Elementary School","63","Oakland","LEA School","Elementary","City: Small","Oakland Region","5","05","English Language Arts","Male","< 10","10","12","29.00","32.30","38.70","31","43.90"
"20 - 21 School Year","63","Oakland Schools","63150","Troy School District","06364","Costello Elementary School","63","Oakland","LEA School","Elementary","City: Small","Oakland Region","5","05","English Language Arts","Asian","< 10","< 10","< 10","64.30","14.30","21.40","14","63.00"
"20 - 21 School Year","63","Oakland Schools","63150","Troy School District","06364","Costello Elementary School","63","Oakland","LEA School","Elementary","City: Small","Oakland Region","5","05","English Language Arts","White, not of Hispanic origin","< 10","13","17","16.70","36.10","47.20","36","38.40"
"20 - 21 School Year","63","Oakland Schools","63150","Troy School District","06364","Costello Elementary School","63","Oakland","LEA School","Elementary","City: Small","Oakland Region","5","05","English Language Arts","Hispanic","< 10","< 10","< 10","< 10","< 10","< 10","< 10","< 10"
"20 - 21 School Year","63","Oakland Schools","63150","Troy School District","06364","Costello Elementary School","63","Oakland","LEA School","Elementary","City: Small","Oakland Region","5","05","English Language Arts","Black, not of Hispanic origin","< 10","< 10","< 10","< 10","< 10","< 10","< 10","< 10"
"20 - 21 School Year","63","Oakland Schools","63150","Troy School District","06364","Costello Elementary School","63","Oakland","LEA School","Elementary","City: Small","Oakland Region","5","05","English Language Arts","Native Hawaiian or Other Pacific Islander","< 10","< 10","< 10","< 10","< 10","< 10","< 10","< 10"
"20 - 21 School Year","63","Oakland Schools","63150","Troy School District","06364","Costello Elementary School","63","Oakland","LEA School","Elementary","City: Small","Oakland Region","5","05","English Language Arts","Not Economically Disadvantaged","14","13","20","29.80","27.70","42.60","47","44.30"
"20 - 21 School Year","63","Oakland Schools","63150","Troy School District","06364","Costello Elementary School","63","Oakland","LEA School","Elementary","City: Small","Oakland Region","5","05","English Language Arts","Economically Disadvantaged","< 10","< 10","< 10","< 10","< 10","< 10","< 10","< 10"
"20 - 21 School Year","63","Oakland Schools","63150","Troy School District","06364","Costello Elementary School","63","Oakland","LEA School","Elementary","City: Small","Oakland Region","5","05","English Language Arts","All Students","16","18","22","28.60","32.10","39.30","56","44.90"
"20 - 21 School Year","63","Oakland Schools","63150","Troy School District","06364","Costello Elementary School","63","Oakland","LEA School","Elementary","City: Small","Oakland Region","5","All Grades","Mathematics","Students with Disabilities","< 10","< 10","< 10","< 10","< 10","< 10","< 10","< 10"
"20 - 21 School Year","63","Oakland Schools","63150","Troy School District","06364","Costello Elementary School","63","Oakland","LEA School","Elementary","City: Small","Oakland Region","5","05","Mathematics","Students with Disabilities","< 10","< 10","< 10","< 10","< 10","< 10","< 10","< 10"
"20 - 21 School Year","63","Oakland Schools","63150","Troy School District","06364","Costello Elementary School","63","Oakland","LEA School","Elementary","City: Small","Oakland Region","5","All Grades","English Language Arts","Students with Disabilities","< 10","< 10","< 10","< 10","< 10","< 10","< 10","< 10"
"20 - 21 School Year","63","Oakland Schools","63150","Troy School District","06364","Costello Elementary School","63","Oakland","LEA School","Elementary","City: Small","Oakland Region","5","05","English Language Arts","Students with Disabilities","< 10","< 10","< 10","< 10","< 10","< 10","< 10","< 10"
"20 - 21 School Year","63","Oakland Schools","63150","Troy School District","06365","Martell Elementary School","63","Oakland","LEA School","Elementary","City: Small","Oakland Region","5","05","English Language Arts","Students without Disabilities","17","21","16","31.50","38.90","29.60","54","51.90"
"20 - 21 School Year","63","Oakland Schools","63150","Troy School District","06365","Martell Elementary School","63","Oakland","LEA School","Elementary","City: Small","Oakland Region","5","All Grades","English Language Arts","Students without Disabilities","17","21","16","31.50","38.90","29.60","54","51.90"
"20 - 21 School Year","63","Oakland Schools","63150","Troy School District","06365","Martell Elementary School","63","Oakland","LEA School","Elementary","City: Small","Oakland Region","5","All Grades","English Language Arts","Not Economically Disadvantaged","16","19","13","33.30","39.60","27.10","48","54.00"
"20 - 21 School Year","63","Oakland Schools","63150","Troy School District","06365","Martell Elementary School","63","Oakland","LEA School","Elementary","City: Small","Oakland Region","5","All Grades","English Language Arts","Economically Disadvantaged","< 10","< 10","< 10","< 10","< 10","< 10","< 10","< 10"
"20 - 21 School Year","63","Oakland Schools","63150","Troy School District","06365","Martell Elementary School","63","Oakland","LEA School","Elementary","City: Small","Oakland Region","5","All Grades","English Language Arts","All Students","17","21","16","31.50","38.90","29.60","54","51.90"
"20 - 21 School Year","63","Oakland Schools","63150","Troy School District","06365","Martell Elementary School","63","Oakland","LEA School","Elementary","City: Small","Oakland Region","5","05","English Language Arts","Female","< 10","10","< 10","33.30","37.00","29.60","27","53.60"
"20 - 21 School Year","63","Oakland Schools","63150","Troy School District","06365","Martell Elementary School","63","Oakland","LEA School","Elementary","City: Small","Oakland Region","5","05","English Language Arts","Male","< 10","11","< 10","29.60","40.70","29.60","27","50.20"
"20 - 21 School Year","63","Oakland Schools","63150","Troy School District","06365","Martell Elementary School","63","Oakland","LEA School","Elementary","City: Small","Oakland Region","5","05","English Language Arts","Asian","10","< 10","< 10","37.00","29.60","33.30","27","48.70"
"20 - 21 School Year","63","Oakland Schools","63150","Troy School District","06365","Martell Elementary School","63","Oakland","LEA School","Elementary","City: Small","Oakland Region","5","05","English Language Arts","White, not of Hispanic origin","< 10","12","< 10","26.90","46.20","26.90","26","54.60"
"20 - 21 School Year","63","Oakland Schools","63150","Troy School District","06365","Martell Elementary School","63","Oakland","LEA School","Elementary","City: Small","Oakland Region","5","05","English Language Arts","Hispanic","< 10","< 10","< 10","< 10","< 10","< 10","< 10","< 10"
"20 - 21 School Year","63","Oakland Schools","63150","Troy School District","06365","Martell Elementary School","63","Oakland","LEA School","Elementary","City: Small","Oakland Region","5","05","English Language Arts","Not Economically Disadvantaged","16","19","13","33.30","39.60","27.10","48","54.00"
"20 - 21 School Year","63","Oakland Schools","63150","Troy School District","06365","Martell Elementary School","63","Oakland","LEA School","Elementary","City: Small","Oakland Region","5","05","English Language Arts","Economically Disadvantaged","< 10","< 10","< 10","< 10","< 10","< 10","< 10","< 10"
"20 - 21 School Year","63","Oakland Schools","63150","Troy School District","06365","Martell Elementary School","63","Oakland","LEA School","Elementary","City: Small","Oakland Region","5","05","English Language Arts","All Students","17","21","16","31.50","38.90","29.60","54","51.90"
"20 - 21 School Year","63","Oakland Schools","63150","Troy School District","06365","Martell Elementary School","63","Oakland","LEA School","Elementary","City: Small","Oakland Region","5","All Grades","Mathematics","Not Migrant","21","21","13","38.20","38.20","23.60","55","56.10"
"20 - 21 School Year","63","Oakland Schools","63150","Troy School District","06365","Martell Elementary School","63","Oakland","LEA School","Elementary","City: Small","Oakland Region","5","All Grades","Mathematics","Not English Learners","21","21","13","38.20","38.20","23.60","55","56.10"
"20 - 21 School Year","63","Oakland Schools","63150","Troy School District","06365","Martell Elementary School","63","Oakland","LEA School","Elementary","City: Small","Oakland Region","5","All Grades","Mathematics","Female","< 10","13","< 10","32.10","46.40","21.40","28","53.90"
"20 - 21 School Year","63","Oakland Schools","63150","Troy School District","06365","Martell Elementary School","63","Oakland","LEA School","Elementary","City: Small","Oakland Region","5","All Grades","Mathematics","Male","12","< 10","< 10","44.40","29.60","25.90","27","58.30"
"20 - 21 School Year","63","Oakland Schools","63150","Troy School District","06365","Martell Elementary School","63","Oakland","LEA School","Elementary","City: Small","Oakland Region","5","All Grades","Mathematics","Asian","< 10","11","< 10","32.10","39.30","28.60","28","52.60"
"20 - 21 School Year","63","Oakland Schools","63150","Troy School District","06365","Martell Elementary School","63","Oakland","LEA School","Elementary","City: Small","Oakland Region","5","05","Mathematics","Students without Disabilities","21","21","13","38.20","38.20","23.60","55","56.10"
"20 - 21 School Year","63","Oakland Schools","63150","Troy School District","06365","Martell Elementary School","63","Oakland","LEA School","Elementary","City: Small","Oakland Region","5","All Grades","Mathematics","Students without Disabilities","21","21","13","38.20","38.20","23.60","55","56.10"
"20 - 21 School Year","63","Oakland Schools","63150","Troy School District","06365","Martell Elementary School","63","Oakland","LEA School","Elementary","City: Small","Oakland Region","5","All Grades","English Language Arts","Not Migrant","17","21","16","31.50","38.90","29.60","54","51.90"
"20 - 21 School Year","63","Oakland Schools","63150","Troy School District","06365","Martell Elementary School","63","Oakland","LEA School","Elementary","City: Small","Oakland Region","5","All Grades","English Language Arts","Not English Learners","17","21","16","31.50","38.90","29.60","54","51.90"
"20 - 21 School Year","63","Oakland Schools","63150","Troy School District","06365","Martell Elementary School","63","Oakland","LEA School","Elementary","City: Small","Oakland Region","5","All Grades","English Language Arts","Female","< 10","10","< 10","33.30","37.00","29.60","27","53.60"
"20 - 21 School Year","63","Oakland Schools","63150","Troy School District","06365","Martell Elementary School","63","Oakland","LEA School","Elementary","City: Small","Oakland Region","5","All Grades","English Language Arts","Male","< 10","11","< 10","29.60","40.70","29.60","27","50.20"
"20 - 21 School Year","63","Oakland Schools","63150","Troy School District","06365","Martell Elementary School","63","Oakland","LEA School","Elementary","City: Small","Oakland Region","5","All Grades","English Language Arts","Asian","10","< 10","< 10","37.00","29.60","33.30","27","48.70"
"20 - 21 School Year","63","Oakland Schools","63150","Troy School District","06365","Martell Elementary School","63","Oakland","LEA School","Elementary","City: Small","Oakland Region","5","All Grades","English Language Arts","White, not of Hispanic origin","< 10","12","< 10","26.90","46.20","26.90","26","54.60"
"20 - 21 School Year","63","Oakland Schools","63150","Troy School District","06365","Martell Elementary School","63","Oakland","LEA School","Elementary","City: Small","Oakland Region","5","All Grades","English Language Arts","Hispanic","< 10","< 10","< 10","< 10","< 10","< 10","< 10","< 10"
"20 - 21 School Year","63","Oakland Schools","63150","Troy School District","06365","Martell Elementary School","63","Oakland","LEA School","Elementary","City: Small","Oakland Region","5","05","English Language Arts","Not Migrant","17","21","16","31.50","38.90","29.60","54","51.90"
"20 - 21 School Year","63","Oakland Schools","63150","Troy School District","06365","Martell Elementary School","63","Oakland","LEA School","Elementary","City: Small","Oakland Region","5","05","English Language Arts","Not English Learners","17","21","16","31.50","38.90","29.60","54","51.90"
"20 - 21 School Year","63","Oakland Schools","63150","Troy School District","06365","Martell Elementary School","63","Oakland","LEA School","Elementary","City: Small","Oakland Region","5","05","Mathematics","All Students","21","21","13","38.20","38.20","23.60","55","56.10"
"20 - 21 School Year","63","Oakland Schools","63150","Troy School District","06365","Martell Elementary School","63","Oakland","LEA School","Elementary","City: Small","Oakland Region","5","05","Mathematics","Economically Disadvantaged","< 10","< 10","< 10","< 10","< 10","< 10","< 10","< 10"
"20 - 21 School Year","63","Oakland Schools","63150","Troy School District","06365","Martell Elementary School","63","Oakland","LEA School","Elementary","City: Small","Oakland Region","5","05","Mathematics","Not Economically Disadvantaged","19","19","11","38.80","38.80","22.40","49","56.80"
"20 - 21 School Year","63","Oakland Schools","63150","Troy School District","06365","Martell Elementary School","63","Oakland","LEA School","Elementary","City: Small","Oakland Region","5","05","Mathematics","Hispanic","< 10","< 10","< 10","< 10","< 10","< 10","< 10","< 10"
"20 - 21 School Year","63","Oakland Schools","63150","Troy School District","06365","Martell Elementary School","63","Oakland","LEA School","Elementary","City: Small","Oakland Region","5","All Grades","Mathematics","White, not of Hispanic origin","12","< 10","< 10","46.20","34.60","19.20","26","59.90"
"20 - 21 School Year","63","Oakland Schools","63150","Troy School District","06365","Martell Elementary School","63","Oakland","LEA School","Elementary","City: Small","Oakland Region","5","All Grades","Mathematics","Hispanic","< 10","< 10","< 10","< 10","< 10","< 10","< 10","< 10"
"20 - 21 School Year","63","Oakland Schools","63150","Troy School District","06365","Martell Elementary School","63","Oakland","LEA School","Elementary","City: Small","Oakland Region","5","All Grades","Mathematics","Not Economically Disadvantaged","19","19","11","38.80","38.80","22.40","49","56.80"
"20 - 21 School Year","63","Oakland Schools","63150","Troy School District","06365","Martell Elementary School","63","Oakland","LEA School","Elementary","City: Small","Oakland Region","5","All Grades","Mathematics","Economically Disadvantaged","< 10","< 10","< 10","< 10","< 10","< 10","< 10","< 10"
"20 - 21 School Year","63","Oakland Schools","63150","Troy School District","06365","Martell Elementary School","63","Oakland","LEA School","Elementary","City: Small","Oakland Region","5","All Grades","Mathematics","All Students","21","21","13","38.20","38.20","23.60","55","56.10"
"20 - 21 School Year","63","Oakland Schools","63150","Troy School District","06365","Martell Elementary School","63","Oakland","LEA School","Elementary","City: Small","Oakland Region","5","05","Mathematics","White, not of Hispanic origin","12","< 10","< 10","46.20","34.60","19.20","26","59.90"
"20 - 21 School Year","63","Oakland Schools","63150","Troy School District","06365","Martell Elementary School","63","Oakland","LEA School","Elementary","City: Small","Oakland Region","5","05","Mathematics","Asian","< 10","11","< 10","32.10","39.30","28.60","28","52.60"
"20 - 21 School Year","63","Oakland Schools","63150","Troy School District","06365","Martell Elementary School","63","Oakland","LEA School","Elementary","City: Small","Oakland Region","5","05","Mathematics","Male","12","< 10","< 10","44.40","29.60","25.90","27","58.30"
"20 - 21 School Year","63","Oakland Schools","63150","Troy School District","06365","Martell Elementary School","63","Oakland","LEA School","Elementary","City: Small","Oakland Region","5","05","Mathematics","Female","< 10","13","< 10","32.10","46.40","21.40","28","53.90"
"20 - 21 School Year","63","Oakland Schools","63150","Troy School District","06365","Martell Elementary School","63","Oakland","LEA School","Elementary","City: Small","Oakland Region","5","05","Mathematics","Not English Learners","21","21","13","38.20","38.20","23.60","55","56.10"
"20 - 21 School Year","63","Oakland Schools","63150","Troy School District","06365","Martell Elementary School","63","Oakland","LEA School","Elementary","City: Small","Oakland Region","5","05","Mathematics","Not Migrant","21","21","13","38.20","38.20","23.60","55","56.10"
"20 - 21 School Year","63","Oakland Schools","63150","Troy School District","06366","Larson Middle School","63","Oakland","LEA School","Middle School","City: Small","Oakland Region","5","07","English Language Arts","Students without Disabilities","12","45","25","14.60","54.90","30.50","82","43.10"
"20 - 21 School Year","63","Oakland Schools","63150","Troy School District","06366","Larson Middle School","63","Oakland","LEA School","Middle School","City: Small","Oakland Region","5","All Grades","Mathematics","Students without Disabilities","66","90","130","23.10","31.50","45.50","286","41.90"
"20 - 21 School Year","63","Oakland Schools","63150","Troy School District","06366","Larson Middle School","63","Oakland","LEA School","Middle School","City: Small","Oakland Region","5","06","Mathematics","Students without Disabilities","26","25","33","31.00","29.80","39.30","84","48.70"
"20 - 21 School Year","63","Oakland Schools","63150","Troy School District","06366","Larson Middle School","63","Oakland","LEA School","Middle School","City: Small","Oakland Region","5","08","Social Studies","Students with Disabilities","< 10","< 10","< 10","< 10","< 10","< 10","< 10","< 10"
"20 - 21 School Year","63","Oakland Schools","63150","Troy School District","06366","Larson Middle School","63","Oakland","LEA School","Middle School","City: Small","Oakland Region","5","All Grades","Social Studies","Students with Disabilities","< 10","< 10","< 10","< 10","< 10","< 10","< 10","< 10"
"20 - 21 School Year","63","Oakland Schools","63150","Troy School District","06366","Larson Middle School","63","Oakland","LEA School","Middle School","City: Small","Oakland Region","5","07","Science","Students with Disabilities","< 10","< 10","< 10","< 10","< 10","< 10","< 10","< 10"
"20 - 21 School Year","63","Oakland Schools","63150","Troy School District","06366","Larson Middle School","63","Oakland","LEA School","Middle School","City: Small","Oakland Region","5","All Grades","Science","Students with Disabilities","< 10","< 10","< 10","< 10","< 10","< 10","< 10","< 10"
"20 - 21 School Year","63","Oakland Schools","63150","Troy School District","06366","Larson Middle School","63","Oakland","LEA School","Middle School","City: Small","Oakland Region","5","08","Mathematics","Students with Disabilities","< 10","< 10","< 10","< 10","< 10","< 10","< 10","< 10"
"20 - 21 School Year","63","Oakland Schools","63150","Troy School District","06366","Larson Middle School","63","Oakland","LEA School","Middle School","City: Small","Oakland Region","5","06","English Language Arts","Students with Disabilities","< 10","< 10","< 10","< 10","< 10","< 10","< 10","< 10"
"20 - 21 School Year","63","Oakland Schools","63150","Troy School District","06366","Larson Middle School","63","Oakland","LEA School","Middle School","City: Small","Oakland Region","5","All Grades","English Language Arts","Not Economically Disadvantaged","51","122","113","17.80","42.70","39.50","286","41.20"
"20 - 21 School Year","63","Oakland Schools","63150","Troy School District","06366","Larson Middle School","63","Oakland","LEA School","Middle School","City: Small","Oakland Region","5","All Grades","English Language Arts","Black, not of Hispanic origin","< 10","< 10","< 10","< 10","< 10","< 10","< 10","< 10"
"20 - 21 School Year","63","Oakland Schools","63150","Troy School District","06366","Larson Middle School","63","Oakland","LEA School","Middle School","City: Small","Oakland Region","5","All Grades","English Language Arts","Hispanic","< 10","< 10","< 10","< 10","< 10","< 10","< 10","< 10"
"20 - 21 School Year","63","Oakland Schools","63150","Troy School District","06366","Larson Middle School","63","Oakland","LEA School","Middle School","City: Small","Oakland Region","5","08","English Language Arts","Not Migrant","29","44","52","23.20","35.20","41.60","125","43.70"
"20 - 21 School Year","63","Oakland Schools","63150","Troy School District","06366","Larson Middle School","63","Oakland","LEA School","Middle School","City: Small","Oakland Region","5","08","English Language Arts","Not English Learners","29","44","51","23.40","35.50","41.10","124","43.90"
"20 - 21 School Year","63","Oakland Schools","63150","Troy School District","06366","Larson Middle School","63","Oakland","LEA School","Middle School","City: Small","Oakland Region","5","08","English Language Arts","English Learners","< 10","< 10","< 10","< 10","< 10","< 10","< 10","< 10"
"20 - 21 School Year","63","Oakland Schools","63150","Troy School District","06366","Larson Middle School","63","Oakland","LEA School","Middle School","City: Small","Oakland Region","5","08","English Language Arts","Female","11","27","31","15.90","39.10","44.90","69","40.20"
"20 - 21 School Year","63","Oakland Schools","63150","Troy School District","06366","Larson Middle School","63","Oakland","LEA School","Middle School","City: Small","Oakland Region","5","08","English Language Arts","Male","18","17","21","32.10","30.40","37.50","56","48.00"
"20 - 21 School Year","63","Oakland Schools","63150","Troy School District","06366","Larson Middle School","63","Oakland","LEA School","Middle School","City: Small","Oakland Region","5","08","English Language Arts","Asian","12","17","10","30.80","43.60","25.60","39","51.00"
"20 - 21 School Year","63","Oakland Schools","63150","Troy School District","06366","Larson Middle School","63","Oakland","LEA School","Middle School","City: Small","Oakland Region","5","08","English Language Arts","Two or More Races","< 10","< 10","< 10","< 10","< 10","< 10","< 10","< 10"
"20 - 21 School Year","63","Oakland Schools","63150","Troy School District","06366","Larson Middle School","63","Oakland","LEA School","Middle School","City: Small","Oakland Region","5","All Grades","English Language Arts","White, not of Hispanic origin","29","75","83","15.50","40.10","44.40","187","38.70"
"20 - 21 School Year","63","Oakland Schools","63150","Troy School District","06366","Larson Middle School","63","Oakland","LEA School","Middle School","City: Small","Oakland Region","5","All Grades","English Language Arts","Two or More Races","< 10","< 10","< 10","< 10","< 10","< 10","< 10","< 10"
"20 - 21 School Year","63","Oakland Schools","63150","Troy School District","06366","Larson Middle School","63","Oakland","LEA School","Middle School","City: Small","Oakland Region","5","All Grades","English Language Arts","Asian","20","44","28","21.70","47.80","30.40","92","45.60"
"20 - 21 School Year","63","Oakland Schools","63150","Troy School District","06366","Larson Middle School","63","Oakland","LEA School","Middle School","City: Small","Oakland Region","5","All Grades","English Language Arts","Male","31","60","57","20.90","40.50","38.50","148","42.50"
"20 - 21 School Year","63","Oakland Schools","63150","Troy School District","06366","Larson Middle School","63","Oakland","LEA School","Middle School","City: Small","Oakland Region","5","All Grades","English Language Arts","Female","22","67","62","14.60","44.40","41.10","151","39.90"
"20 - 21 School Year","63","Oakland Schools","63150","Troy School District","06366","Larson Middle School","63","Oakland","LEA School","Middle School","City: Small","Oakland Region","5","All Grades","English Language Arts","English Learners","< 10","< 10","< 10","< 10","< 10","< 10","< 10","< 10"
"20 - 21 School Year","63","Oakland Schools","63150","Troy School District","06366","Larson Middle School","63","Oakland","LEA School","Middle School","City: Small","Oakland Region","5","All Grades","English Language Arts","Not English Learners","52","125","116","17.70","42.70","39.60","293","41.30"
"20 - 21 School Year","63","Oakland Schools","63150","Troy School District","06366","Larson Middle School","63","Oakland","LEA School","Middle School","City: Small","Oakland Region","5","All Grades","English Language Arts","Not Migrant","53","127","119","17.70","42.50","39.80","299","41.10"
"20 - 21 School Year","63","Oakland Schools","63150","Troy School District","06366","Larson Middle School","63","Oakland","LEA School","Middle School","City: Small","Oakland Region","5","06","English Language Arts","Not Economically Disadvantaged","< 10","37","37","10.80","44.60","44.60","83","35.30"
"20 - 21 School Year","63","Oakland Schools","63150","Troy School District","06366","Larson Middle School","63","Oakland","LEA School","Middle School","City: Small","Oakland Region","5","06","English Language Arts","Black, not of Hispanic origin","< 10","< 10","< 10","< 10","< 10","< 10","< 10","< 10"
"20 - 21 School Year","63","Oakland Schools","63150","Troy School District","06366","Larson Middle School","63","Oakland","LEA School","Middle School","City: Small","Oakland Region","5","06","English Language Arts","White, not of Hispanic origin","< 10","21","26","13.00","38.90","48.10","54","35.30"
"20 - 21 School Year","63","Oakland Schools","63150","Troy School District","06366","Larson Middle School","63","Oakland","LEA School","Middle School","City: Small","Oakland Region","5","06","English Language Arts","Two or More Races","< 10","< 10","< 10","< 10","< 10","< 10","< 10","< 10"
"20 - 21 School Year","63","Oakland Schools","63150","Troy School District","06366","Larson Middle School","63","Oakland","LEA School","Middle School","City: Small","Oakland Region","5","06","English Language Arts","Asian","< 10","13","12","10.70","46.40","42.90","28","34.80"
"20 - 21 School Year","63","Oakland Schools","63150","Troy School District","06366","Larson Middle School","63","Oakland","LEA School","Middle School","City: Small","Oakland Region","5","06","English Language Arts","Male","< 10","20","22","16.00","40.00","44.00","50","38.00"
"20 - 21 School Year","63","Oakland Schools","63150","Troy School District","06366","Larson Middle School","63","Oakland","LEA School","Middle School","City: Small","Oakland Region","5","06","English Language Arts","Female","< 10","17","18","5.40","45.90","48.60","37","31.40"
"20 - 21 School Year","63","Oakland Schools","63150","Troy School District","06366","Larson Middle School","63","Oakland","LEA School","Middle School","City: Small","Oakland Region","5","07","English Language Arts","English Learners","< 10","< 10","< 10","< 10","< 10","< 10","< 10","< 10"
"20 - 21 School Year","63","Oakland Schools","63150","Troy School District","06366","Larson Middle School","63","Oakland","LEA School","Middle School","City: Small","Oakland Region","5","07","English Language Arts","Female","< 10","23","13","20.00","51.10","28.90","45","46.30"
"20 - 21 School Year","63","Oakland Schools","63150","Troy School District","06366","Larson Middle School","63","Oakland","LEA School","Middle School","City: Small","Oakland Region","5","07","English Language Arts","Male","< 10","23","14","11.90","54.80","33.30","42","40.40"
"20 - 21 School Year","63","Oakland Schools","63150","Troy School District","06366","Larson Middle School","63","Oakland","LEA School","Middle School","City: Small","Oakland Region","5","07","English Language Arts","Asian","< 10","14","< 10","20.00","56.00","24.00","25","49.40"
"20 - 21 School Year","63","Oakland Schools","63150","Troy School District","06366","Larson Middle School","63","Oakland","LEA School","Middle School","City: Small","Oakland Region","5","07","English Language Arts","Two or More Races","< 10","< 10","< 10","< 10","< 10","< 10","< 10","< 10"
"20 - 21 School Year","63","Oakland Schools","63150","Troy School District","06366","Larson Middle School","63","Oakland","LEA School","Middle School","City: Small","Oakland Region","5","06","Mathematics","Not Economically Disadvantaged","26","27","31","31.00","32.10","36.90","84","49.60"
"20 - 21 School Year","63","Oakland Schools","63150","Troy School District","06366","Larson Middle School","63","Oakland","LEA School","Middle School","City: Small","Oakland Region","5","06","Mathematics","Economically Disadvantaged","< 10","< 10","< 10","< 10","< 10","< 10","< 10","< 10"
"20 - 21 School Year","63","Oakland Schools","63150","Troy School District","06366","Larson Middle School","63","Oakland","LEA School","Middle School","City: Small","Oakland Region","5","06","Mathematics","All Students","28","27","33","31.80","30.70","37.50","88","49.50"
"20 - 21 School Year","63","Oakland Schools","63150","Troy School District","06366","Larson Middle School","63","Oakland","LEA School","Middle School","City: Small","Oakland Region","5","06","Mathematics","Black, not of Hispanic origin","< 10","< 10","< 10","< 10","< 10","< 10","< 10","< 10"
"20 - 21 School Year","63","Oakland Schools","63150","Troy School District","06366","Larson Middle School","63","Oakland","LEA School","Middle School","City: Small","Oakland Region","5","06","Mathematics","White, not of Hispanic origin","13","15","26","24.10","27.80","48.10","54","41.40"
"20 - 21 School Year","63","Oakland Schools","63150","Troy School District","06366","Larson Middle School","63","Oakland","LEA School","Middle School","City: Small","Oakland Region","5","06","Mathematics","Two or More Races","< 10","< 10","< 10","< 10","< 10","< 10","< 10","< 10"
"20 - 21 School Year","63","Oakland Schools","63150","Troy School District","06366","Larson Middle School","63","Oakland","LEA School","Middle School","City: Small","Oakland Region","5","06","Mathematics","Asian","14","< 10","< 10","50.00","32.10","17.90","28","65.60"
"20 - 21 School Year","63","Oakland Schools","63150","Troy School District","06366","Larson Middle School","63","Oakland","LEA School","Middle School","City: Small","Oakland Region","5","All Grades","Mathematics","Not Migrant","68","97","137","22.50","32.10","45.40","302","41.50"
"20 - 21 School Year","63","Oakland Schools","63150","Troy School District","06366","Larson Middle School","63","Oakland","LEA School","Middle School","City: Small","Oakland Region","5","All Grades","Mathematics","Not English Learners","63","97","134","21.40","33.00","45.60","294","41.10"
"20 - 21 School Year","63","Oakland Schools","63150","Troy School District","06366","Larson Middle School","63","Oakland","LEA School","Middle School","City: Small","Oakland Region","5","All Grades","Mathematics","English Learners","< 10","< 10","< 10","< 10","< 10","< 10","< 10","< 10"
"20 - 21 School Year","63","Oakland Schools","63150","Troy School District","06366","Larson Middle School","63","Oakland","LEA School","Middle School","City: Small","Oakland Region","5","All Grades","Mathematics","Female","32","47","73","21.10","30.90","48.00","152","39.10"
"20 - 21 School Year","63","Oakland Schools","63150","Troy School District","06366","Larson Middle School","63","Oakland","LEA School","Middle School","City: Small","Oakland Region","5","All Grades","Mathematics","Male","36","50","64","24.00","33.30","42.70","150","44.00"
"20 - 21 School Year","63","Oakland Schools","63150","Troy School District","06366","Larson Middle School","63","Oakland","LEA School","Middle School","City: Small","Oakland Region","5","All Grades","Mathematics","Asian","38","30","24","41.30","32.60","26.10","92","57.10"
"20 - 21 School Year","63","Oakland Schools","63150","Troy School District","06366","Larson Middle School","63","Oakland","LEA School","Middle School","City: Small","Oakland Region","5","All Grades","Mathematics","Two or More Races","< 10","< 10","< 10","10.00","60.00","30.00","10","46.60"
"20 - 21 School Year","63","Oakland Schools","63150","Troy School District","06366","Larson Middle School","63","Oakland","LEA School","Middle School","City: Small","Oakland Region","5","All Grades","Mathematics","White, not of Hispanic origin","27","57","103","14.40","30.50","55.10","187","34.00"
"20 - 21 School Year","63","Oakland Schools","63150","Troy School District","06366","Larson Middle School","63","Oakland","LEA School","Middle School","City: Small","Oakland Region","5","All Grades","Mathematics","Hispanic","< 10","< 10","< 10","< 10","< 10","< 10","< 10","< 10"
"20 - 21 School Year","63","Oakland Schools","63150","Troy School District","06366","Larson Middle School","63","Oakland","LEA School","Middle School","City: Small","Oakland Region","5","All Grades","Mathematics","Black, not of Hispanic origin","< 10","< 10","< 10","< 10","< 10","< 10","< 10","< 10"
"20 - 21 School Year","63","Oakland Schools","63150","Troy School District","06366","Larson Middle School","63","Oakland","LEA School","Middle School","City: Small","Oakland Region","5","All Grades","Mathematics","Not Economically Disadvantaged","64","96","129","22.10","33.20","44.60","289","41.70"
"20 - 21 School Year","63","Oakland Schools","63150","Troy School District","06366","Larson Middle School","63","Oakland","LEA School","Middle School","City: Small","Oakland Region","5","All Grades","Mathematics","Economically Disadvantaged","< 10","< 10","< 10","30.80","7.70","61.50","13","37.50"
"20 - 21 School Year","63","Oakland Schools","63150","Troy School District","06366","Larson Middle School","63","Oakland","LEA School","Middle School","City: Small","Oakland Region","5","All Grades","Mathematics","All Students","68","97","137","22.50","32.10","45.40","302","41.50"
"20 - 21 School Year","63","Oakland Schools","63150","Troy School District","06366","Larson Middle School","63","Oakland","LEA School","Middle School","City: Small","Oakland Region","5","06","Mathematics","Male","16","16","19","31.40","31.40","37.30","51","48.20"
"20 - 21 School Year","63","Oakland Schools","63150","Troy School District","06366","Larson Middle School","63","Oakland","LEA School","Middle School","City: Small","Oakland Region","5","06","Mathematics","Female","12","11","14","32.40","29.70","37.80","37","51.30"
"20 - 21 School Year","63","Oakland Schools","63150","Troy School District","06366","Larson Middle School","63","Oakland","LEA School","Middle School","City: Small","Oakland Region","5","06","Mathematics","English Learners","< 10","< 10","< 10","< 10","< 10","< 10","< 10","< 10"
"20 - 21 School Year","63","Oakland Schools","63150","Troy School District","06366","Larson Middle School","63","Oakland","LEA School","Middle School","City: Small","Oakland Region","5","06","Mathematics","Not English Learners","25","27","32","29.80","32.10","38.10","84","48.60"
"20 - 21 School Year","63","Oakland Schools","63150","Troy School District","06366","Larson Middle School","63","Oakland","LEA School","Middle School","City: Small","Oakland Region","5","06","Mathematics","Not Migrant","28","27","33","31.80","30.70","37.50","88","49.50"
"20 - 21 School Year","63","Oakland Schools","63150","Troy School District","06366","Larson Middle School","63","Oakland","LEA School","Middle School","City: Small","Oakland Region","5","07","Mathematics","Students without Disabilities","21","36","25","25.60","43.90","30.50","82","50.00"
"20 - 21 School Year","63","Oakland Schools","63150","Troy School District","06366","Larson Middle School","63","Oakland","LEA School","Middle School","City: Small","Oakland Region","5","All Grades","Social Studies","Students without Disabilities","21","37","25","25.30","44.60","30.10","83","47.50"
"20 - 21 School Year","63","Oakland Schools","63150","Troy School District","06366","Larson Middle School","63","Oakland","LEA School","Middle School","City: Small","Oakland Region","5","08","Social Studies","Students without Disabilities","21","37","25","25.30","44.60","30.10","83","47.50"
"20 - 21 School Year","63","Oakland Schools","63150","Troy School District","06366","Larson Middle School","63","Oakland","LEA School","Middle School","City: Small","Oakland Region","5","08","English Language Arts","All Students","29","44","52","23.20","35.20","41.60","125","43.70"
"20 - 21 School Year","63","Oakland Schools","63150","Troy School District","06366","Larson Middle School","63","Oakland","LEA School","Middle School","City: Small","Oakland Region","5","06","English Language Arts","Economically Disadvantaged","< 10","< 10","< 10","< 10","< 10","< 10","< 10","< 10"
"20 - 21 School Year","63","Oakland Schools","63150","Troy School District","06366","Larson Middle School","63","Oakland","LEA School","Middle School","City: Small","Oakland Region","5","06","English Language Arts","All Students","10","37","40","11.50","42.50","46.00","87","35.20"
"20 - 21 School Year","63","Oakland Schools","63150","Troy School District","06366","Larson Middle School","63","Oakland","LEA School","Middle School","City: Small","Oakland Region","5","08","Mathematics","Students without Disabilities","19","29","72","15.80","24.20","60.00","120","31.70"
"20 - 21 School Year","63","Oakland Schools","63150","Troy School District","06366","Larson Middle School","63","Oakland","LEA School","Middle School","City: Small","Oakland Region","5","07","English Language Arts","Not Migrant","14","46","27","16.10","52.90","31.00","87","43.50"
"20 - 21 School Year","63","Oakland Schools","63150","Troy School District","06366","Larson Middle School","63","Oakland","LEA School","Middle School","City: Small","Oakland Region","5","07","English Language Arts","Not English Learners","13","45","27","15.30","52.90","31.80","85","43.20"
"20 - 21 School Year","63","Oakland Schools","63150","Troy School District","06366","Larson Middle School","63","Oakland","LEA School","Middle School","City: Small","Oakland Region","5","07","English Language Arts","Hispanic","< 10","< 10","< 10","< 10","< 10","< 10","< 10","< 10"
"20 - 21 School Year","63","Oakland Schools","63150","Troy School District","06366","Larson Middle School","63","Oakland","LEA School","Middle School","City: Small","Oakland Region","5","07","English Language Arts","White, not of Hispanic origin","< 10","29","19","11.10","53.70","35.20","54","39.60"
"20 - 21 School Year","63","Oakland Schools","63150","Troy School District","06366","Larson Middle School","63","Oakland","LEA School","Middle School","City: Small","Oakland Region","5","07","English Language Arts","Students with Disabilities","< 10","< 10","< 10","< 10","< 10","< 10","< 10","< 10"
"20 - 21 School Year","63","Oakland Schools","63150","Troy School District","06366","Larson Middle School","63","Oakland","LEA School","Middle School","City: Small","Oakland Region","5","07","English Language Arts","Black, not of Hispanic origin","< 10","< 10","< 10","< 10","< 10","< 10","< 10","< 10"
"20 - 21 School Year","63","Oakland Schools","63150","Troy School District","06366","Larson Middle School","63","Oakland","LEA School","Middle School","City: Small","Oakland Region","5","07","English Language Arts","Not Economically Disadvantaged","13","44","26","15.70","53.00","31.30","83","43.10"
"20 - 21 School Year","63","Oakland Schools","63150","Troy School District","06366","Larson Middle School","63","Oakland","LEA School","Middle School","City: Small","Oakland Region","5","07","English Language Arts","Economically Disadvantaged","< 10","< 10","< 10","< 10","< 10","< 10","< 10","< 10"
"20 - 21 School Year","63","Oakland Schools","63150","Troy School District","06366","Larson Middle School","63","Oakland","LEA School","Middle School","City: Small","Oakland Region","5","07","English Language Arts","All Students","14","46","27","16.10","52.90","31.00","87","43.50"
"20 - 21 School Year","63","Oakland Schools","63150","Troy School District","06366","Larson Middle School","63","Oakland","LEA School","Middle School","City: Small","Oakland Region","5","06","English Language Arts","Not Migrant","10","37","40","11.50","42.50","46.00","87","35.20"
"20 - 21 School Year","63","Oakland Schools","63150","Troy School District","06366","Larson Middle School","63","Oakland","LEA School","Middle School","City: Small","Oakland Region","5","06","English Language Arts","Not English Learners","10","36","38","11.90","42.90","45.20","84","35.60"
"20 - 21 School Year","63","Oakland Schools","63150","Troy School District","06366","Larson Middle School","63","Oakland","LEA School","Middle School","City: Small","Oakland Region","5","06","English Language Arts","English Learners","< 10","< 10","< 10","< 10","< 10","< 10","< 10","< 10"
"20 - 21 School Year","63","Oakland Schools","63150","Troy School District","06366","Larson Middle School","63","Oakland","LEA School","Middle School","City: Small","Oakland Region","5","08","English Language Arts","White, not of Hispanic origin","16","25","38","20.30","31.60","48.10","79","40.50"
"20 - 21 School Year","63","Oakland Schools","63150","Troy School District","06366","Larson Middle School","63","Oakland","LEA School","Middle School","City: Small","Oakland Region","5","08","English Language Arts","Hispanic","< 10","< 10","< 10","< 10","< 10","< 10","< 10","< 10"
"20 - 21 School Year","63","Oakland Schools","63150","Troy School District","06366","Larson Middle School","63","Oakland","LEA School","Middle School","City: Small","Oakland Region","5","08","English Language Arts","Black, not of Hispanic origin","< 10","< 10","< 10","< 10","< 10","< 10","< 10","< 10"
"20 - 21 School Year","63","Oakland Schools","63150","Troy School District","06366","Larson Middle School","63","Oakland","LEA School","Middle School","City: Small","Oakland Region","5","08","English Language Arts","Not Economically Disadvantaged","29","41","50","24.20","34.20","41.70","120","44.00"
"20 - 21 School Year","63","Oakland Schools","63150","Troy School District","06366","Larson Middle School","63","Oakland","LEA School","Middle School","City: Small","Oakland Region","5","08","English Language Arts","Economically Disadvantaged","< 10","< 10","< 10","< 10","< 10","< 10","< 10","< 10"
"20 - 21 School Year","63","Oakland Schools","63150","Troy School District","06366","Larson Middle School","63","Oakland","LEA School","Middle School","City: Small","Oakland Region","5","07","Mathematics","Not Migrant","21","38","28","24.10","43.70","32.20","87","48.40"
"20 - 21 School Year","63","Oakland Schools","63150","Troy School District","06366","Larson Middle School","63","Oakland","LEA School","Middle School","City: Small","Oakland Region","5","07","Mathematics","Not English Learners","20","38","27","23.50","44.70","31.80","85","48.50"
"20 - 21 School Year","63","Oakland Schools","63150","Troy School District","06366","Larson Middle School","63","Oakland","LEA School","Middle School","City: Small","Oakland Region","5","07","Mathematics","English Learners","< 10","< 10","< 10","< 10","< 10","< 10","< 10","< 10"
"20 - 21 School Year","63","Oakland Schools","63150","Troy School District","06366","Larson Middle School","63","Oakland","LEA School","Middle School","City: Small","Oakland Region","5","07","Mathematics","Female","11","18","16","24.40","40.00","35.60","45","46.40"
"20 - 21 School Year","63","Oakland Schools","63150","Troy School District","06366","Larson Middle School","63","Oakland","LEA School","Middle School","City: Small","Oakland Region","5","07","Mathematics","Male","10","20","12","23.80","47.60","28.60","42","50.60"
"20 - 21 School Year","63","Oakland Schools","63150","Troy School District","06366","Larson Middle School","63","Oakland","LEA School","Middle School","City: Small","Oakland Region","5","07","Mathematics","Asian","11","< 10","< 10","44.00","36.00","20.00","25","59.60"
"20 - 21 School Year","63","Oakland Schools","63150","Troy School District","06366","Larson Middle School","63","Oakland","LEA School","Middle School","City: Small","Oakland Region","5","07","Mathematics","Two or More Races","< 10","< 10","< 10","< 10","< 10","< 10","< 10","< 10"
"20 - 21 School Year","63","Oakland Schools","63150","Troy School District","06366","Larson Middle School","63","Oakland","LEA School","Middle School","City: Small","Oakland Region","5","07","Mathematics","White, not of Hispanic origin","< 10","25","21","14.80","46.30","38.90","54","42.10"
"20 - 21 School Year","63","Oakland Schools","63150","Troy School District","06366","Larson Middle School","63","Oakland","LEA School","Middle School","City: Small","Oakland Region","5","07","Mathematics","Hispanic","< 10","< 10","< 10","< 10","< 10","< 10","< 10","< 10"
"20 - 21 School Year","63","Oakland Schools","63150","Troy School District","06366","Larson Middle School","63","Oakland","LEA School","Middle School","City: Small","Oakland Region","5","07","Mathematics","Black, not of Hispanic origin","< 10","< 10","< 10","< 10","< 10","< 10","< 10","< 10"
"20 - 21 School Year","63","Oakland Schools","63150","Troy School District","06366","Larson Middle School","63","Oakland","LEA School","Middle School","City: Small","Oakland Region","5","07","Mathematics","Not Economically Disadvantaged","20","37","26","24.10","44.60","31.30","83","48.70"
"20 - 21 School Year","63","Oakland Schools","63150","Troy School District","06366","Larson Middle School","63","Oakland","LEA School","Middle School","City: Small","Oakland Region","5","07","Mathematics","Economically Disadvantaged","< 10","< 10","< 10","< 10","< 10","< 10","< 10","< 10"
"20 - 21 School Year","63","Oakland Schools","63150","Troy School District","06366","Larson Middle School","63","Oakland","LEA School","Middle School","City: Small","Oakland Region","5","07","Mathematics","All Students","21","38","28","24.10","43.70","32.20","87","48.40"
"20 - 21 School Year","63","Oakland Schools","63150","Troy School District","06366","Larson Middle School","63","Oakland","LEA School","Middle School","City: Small","Oakland Region","5","08","Social Studies","Economically Disadvantaged","< 10","< 10","< 10","< 10","< 10","< 10","< 10","< 10"
"20 - 21 School Year","63","Oakland Schools","63150","Troy School District","06366","Larson Middle School","63","Oakland","LEA School","Middle School","City: Small","Oakland Region","5","07","Mathematics","Students with Disabilities","< 10","< 10","< 10","< 10","< 10","< 10","< 10","< 10"
"20 - 21 School Year","63","Oakland Schools","63150","Troy School District","06366","Larson Middle School","63","Oakland","LEA School","Middle School","City: Small","Oakland Region","5","06","Mathematics","Students with Disabilities","< 10","< 10","< 10","< 10","< 10","< 10","< 10","< 10"
"20 - 21 School Year","63","Oakland Schools","63150","Troy School District","06366","Larson Middle School","63","Oakland","LEA School","Middle School","City: Small","Oakland Region","5","08","Social Studies","Not Economically Disadvantaged","21","38","25","25.00","45.20","29.80","84","47.60"
"20 - 21 School Year","63","Oakland Schools","63150","Troy School District","06366","Larson Middle School","63","Oakland","LEA School","Middle School","City: Small","Oakland Region","5","All Grades","Mathematics","Students with Disabilities","< 10","< 10","< 10","12.50","43.80","43.80","16","34.00"
"20 - 21 School Year","63","Oakland Schools","63150","Troy School District","06366","Larson Middle School","63","Oakland","LEA School","Middle School","City: Small","Oakland Region","5","08","Social Studies","Black, not of Hispanic origin","< 10","< 10","< 10","< 10","< 10","< 10","< 10","< 10"
"20 - 21 School Year","63","Oakland Schools","63150","Troy School District","06366","Larson Middle School","63","Oakland","LEA School","Middle School","City: Small","Oakland Region","5","08","Social Studies","Hispanic","< 10","< 10","< 10","< 10","< 10","< 10","< 10","< 10"
"20 - 21 School Year","63","Oakland Schools","63150","Troy School District","06366","Larson Middle School","63","Oakland","LEA School","Middle School","City: Small","Oakland Region","5","08","Social Studies","White, not of Hispanic origin","15","19","17","29.40","37.30","33.30","51","47.40"
"20 - 21 School Year","63","Oakland Schools","63150","Troy School District","06366","Larson Middle School","63","Oakland","LEA School","Middle School","City: Small","Oakland Region","5","08","Social Studies","Two or More Races","< 10","< 10","< 10","< 10","< 10","< 10","< 10","< 10"
"20 - 21 School Year","63","Oakland Schools","63150","Troy School District","06366","Larson Middle School","63","Oakland","LEA School","Middle School","City: Small","Oakland Region","5","08","English Language Arts","Students with Disabilities","< 10","< 10","< 10","< 10","< 10","< 10","< 10","< 10"
"20 - 21 School Year","63","Oakland Schools","63150","Troy School District","06366","Larson Middle School","63","Oakland","LEA School","Middle School","City: Small","Oakland Region","5","08","Social Studies","Asian","< 10","18","< 10","18.80","56.30","25.00","32","49.00"
"20 - 21 School Year","63","Oakland Schools","63150","Troy School District","06366","Larson Middle School","63","Oakland","LEA School","Middle School","City: Small","Oakland Region","5","08","Social Studies","Male","15","16","13","34.10","36.40","29.50","44","52.80"
"20 - 21 School Year","63","Oakland Schools","63150","Troy School District","06366","Larson Middle School","63","Oakland","LEA School","Middle School","City: Small","Oakland Region","5","All Grades","English Language Arts","All Students","53","127","119","17.70","42.50","39.80","299","41.10"
"20 - 21 School Year","63","Oakland Schools","63150","Troy School District","06366","Larson Middle School","63","Oakland","LEA School","Middle School","City: Small","Oakland Region","5","All Grades","English Language Arts","Students with Disabilities","< 10","< 10","< 10","43.80","18.80","37.50","16","54.10"
"20 - 21 School Year","63","Oakland Schools","63150","Troy School District","06366","Larson Middle School","63","Oakland","LEA School","Middle School","City: Small","Oakland Region","5","All Grades","English Language Arts","Economically Disadvantaged","< 10","< 10","< 10","15.40","38.50","46.20","13","39.10"
"20 - 21 School Year","63","Oakland Schools","63150","Troy School District","06366","Larson Middle School","63","Oakland","LEA School","Middle School","City: Small","Oakland Region","5","08","Mathematics","All Students","19","32","76","15.00","25.20","59.80","127","31.30"
"20 - 21 School Year","63","Oakland Schools","63150","Troy School District","06366","Larson Middle School","63","Oakland","LEA School","Middle School","City: Small","Oakland Region","5","08","Mathematics","Economically Disadvantaged","< 10","< 10","< 10","< 10","< 10","< 10","< 10","< 10"
"20 - 21 School Year","63","Oakland Schools","63150","Troy School District","06366","Larson Middle School","63","Oakland","LEA School","Middle School","City: Small","Oakland Region","5","08","Mathematics","Not Economically Disadvantaged","18","32","72","14.80","26.20","59.00","122","31.50"
"20 - 21 School Year","63","Oakland Schools","63150","Troy School District","06366","Larson Middle School","63","Oakland","LEA School","Middle School","City: Small","Oakland Region","5","08","Mathematics","Black, not of Hispanic origin","< 10","< 10","< 10","< 10","< 10","< 10","< 10","< 10"
"20 - 21 School Year","63","Oakland Schools","63150","Troy School District","06366","Larson Middle School","63","Oakland","LEA School","Middle School","City: Small","Oakland Region","5","08","Mathematics","Hispanic","< 10","< 10","< 10","< 10","< 10","< 10","< 10","< 10"
"20 - 21 School Year","63","Oakland Schools","63150","Troy School District","06366","Larson Middle School","63","Oakland","LEA School","Middle School","City: Small","Oakland Region","5","08","Mathematics","White, not of Hispanic origin","< 10","17","56","7.60","21.50","70.90","79","23.30"
"20 - 21 School Year","63","Oakland Schools","63150","Troy School District","06366","Larson Middle School","63","Oakland","LEA School","Middle School","City: Small","Oakland Region","5","08","Mathematics","Two or More Races","< 10","< 10","< 10","< 10","< 10","< 10","< 10","< 10"
"20 - 21 School Year","63","Oakland Schools","63150","Troy School District","06366","Larson Middle School","63","Oakland","LEA School","Middle School","City: Small","Oakland Region","5","08","Mathematics","Asian","13","12","14","33.30","30.80","35.90","39","49.40"
"20 - 21 School Year","63","Oakland Schools","63150","Troy School District","06366","Larson Middle School","63","Oakland","LEA School","Middle School","City: Small","Oakland Region","5","08","Mathematics","Male","10","14","33","17.50","24.60","57.90","57","35.30"
"20 - 21 School Year","63","Oakland Schools","63150","Troy School District","06366","Larson Middle School","63","Oakland","LEA School","Middle School","City: Small","Oakland Region","5","08","Mathematics","Female","< 10","18","43","12.90","25.70","61.40","70","28.00"
"20 - 21 School Year","63","Oakland Schools","63150","Troy School District","06366","Larson Middle School","63","Oakland","LEA School","Middle School","City: Small","Oakland Region","5","08","Mathematics","Not English Learners","18","32","75","14.40","25.60","60.00","125","30.90"
"20 - 21 School Year","63","Oakland Schools","63150","Troy School District","06366","Larson Middle School","63","Oakland","LEA School","Middle School","City: Small","Oakland Region","5","08","Mathematics","Not Migrant","19","32","76","15.00","25.20","59.80","127","31.30"
"20 - 21 School Year","63","Oakland Schools","63150","Troy School District","06366","Larson Middle School","63","Oakland","LEA School","Middle School","City: Small","Oakland Region","5","08","Mathematics","English Learners","< 10","< 10","< 10","< 10","< 10","< 10","< 10","< 10"
"20 - 21 School Year","63","Oakland Schools","63150","Troy School District","06366","Larson Middle School","63","Oakland","LEA School","Middle School","City: Small","Oakland Region","5","All Grades","Science","White, not of Hispanic origin","< 10","< 10","< 10","< 10","< 10","< 10","< 10","< 10"
"20 - 21 School Year","63","Oakland Schools","63150","Troy School District","06366","Larson Middle School","63","Oakland","LEA School","Middle School","City: Small","Oakland Region","5","All Grades","Science","Not Economically Disadvantaged","< 10","< 10","< 10","< 10","< 10","< 10","< 10","< 10"
"20 - 21 School Year","63","Oakland Schools","63150","Troy School District","06366","Larson Middle School","63","Oakland","LEA School","Middle School","City: Small","Oakland Region","5","All Grades","Science","Economically Disadvantaged","< 10","< 10","< 10","< 10","< 10","< 10","< 10","< 10"
"20 - 21 School Year","63","Oakland Schools","63150","Troy School District","06366","Larson Middle School","63","Oakland","LEA School","Middle School","City: Small","Oakland Region","5","All Grades","Science","All Students","< 10","< 10","< 10","< 10","< 10","< 10","< 10","< 10"
"20 - 21 School Year","63","Oakland Schools","63150","Troy School District","06366","Larson Middle School","63","Oakland","LEA School","Middle School","City: Small","Oakland Region","5","07","Science","Not Migrant","< 10","< 10","< 10","< 10","< 10","< 10","< 10","< 10"
"20 - 21 School Year","63","Oakland Schools","63150","Troy School District","06366","Larson Middle School","63","Oakland","LEA School","Middle School","City: Small","Oakland Region","5","07","Science","Not English Learners","< 10","< 10","< 10","< 10","< 10","< 10","< 10","< 10"
"20 - 21 School Year","63","Oakland Schools","63150","Troy School District","06366","Larson Middle School","63","Oakland","LEA School","Middle School","City: Small","Oakland Region","5","07","Science","Female","< 10","< 10","< 10","< 10","< 10","< 10","< 10","< 10"
"20 - 21 School Year","63","Oakland Schools","63150","Troy School District","06366","Larson Middle School","63","Oakland","LEA School","Middle School","City: Small","Oakland Region","5","07","Science","Male","< 10","< 10","< 10","< 10","< 10","< 10","< 10","< 10"
"20 - 21 School Year","63","Oakland Schools","63150","Troy School District","06366","Larson Middle School","63","Oakland","LEA School","Middle School","City: Small","Oakland Region","5","07","Science","Asian","< 10","< 10","< 10","< 10","< 10","< 10","< 10","< 10"
"20 - 21 School Year","63","Oakland Schools","63150","Troy School District","06366","Larson Middle School","63","Oakland","LEA School","Middle School","City: Small","Oakland Region","5","07","Science","White, not of Hispanic origin","< 10","< 10","< 10","< 10","< 10","< 10","< 10","< 10"
"20 - 21 School Year","63","Oakland Schools","63150","Troy School District","06366","Larson Middle School","63","Oakland","LEA School","Middle School","City: Small","Oakland Region","5","All Grades","Science","Asian","< 10","< 10","< 10","< 10","< 10","< 10","< 10","< 10"
"20 - 21 School Year","63","Oakland Schools","63150","Troy School District","06366","Larson Middle School","63","Oakland","LEA School","Middle School","City: Small","Oakland Region","5","All Grades","Science","Male","< 10","< 10","< 10","< 10","< 10","< 10","< 10","< 10"
"20 - 21 School Year","63","Oakland Schools","63150","Troy School District","06366","Larson Middle School","63","Oakland","LEA School","Middle School","City: Small","Oakland Region","5","All Grades","Science","Female","< 10","< 10","< 10","< 10","< 10","< 10","< 10","< 10"
"20 - 21 School Year","63","Oakland Schools","63150","Troy School District","06366","Larson Middle School","63","Oakland","LEA School","Middle School","City: Small","Oakland Region","5","All Grades","Science","Not English Learners","< 10","< 10","< 10","< 10","< 10","< 10","< 10","< 10"
"20 - 21 School Year","63","Oakland Schools","63150","Troy School District","06366","Larson Middle School","63","Oakland","LEA School","Middle School","City: Small","Oakland Region","5","All Grades","Science","Not Migrant","< 10","< 10","< 10","< 10","< 10","< 10","< 10","< 10"
"20 - 21 School Year","63","Oakland Schools","63150","Troy School District","06366","Larson Middle School","63","Oakland","LEA School","Middle School","City: Small","Oakland Region","5","07","Science","All Students","< 10","< 10","< 10","< 10","< 10","< 10","< 10","< 10"
"20 - 21 School Year","63","Oakland Schools","63150","Troy School District","06366","Larson Middle School","63","Oakland","LEA School","Middle School","City: Small","Oakland Region","5","07","Science","Economically Disadvantaged","< 10","< 10","< 10","< 10","< 10","< 10","< 10","< 10"
"20 - 21 School Year","63","Oakland Schools","63150","Troy School District","06366","Larson Middle School","63","Oakland","LEA School","Middle School","City: Small","Oakland Region","5","07","Science","Not Economically Disadvantaged","< 10","< 10","< 10","< 10","< 10","< 10","< 10","< 10"
"20 - 21 School Year","63","Oakland Schools","63150","Troy School District","06366","Larson Middle School","63","Oakland","LEA School","Middle School","City: Small","Oakland Region","5","All Grades","English Language Arts","Students without Disabilities","46","124","113","16.30","43.80","39.90","283","40.40"
"20 - 21 School Year","63","Oakland Schools","63150","Troy School District","06366","Larson Middle School","63","Oakland","LEA School","Middle School","City: Small","Oakland Region","5","08","Social Studies","All Students","23","39","26","26.10","44.30","29.50","88","48.10"
"20 - 21 School Year","63","Oakland Schools","63150","Troy School District","06366","Larson Middle School","63","Oakland","LEA School","Middle School","City: Small","Oakland Region","5","08","English Language Arts","Students without Disabilities","26","43","49","22.00","36.40","41.50","118","43.20"
"20 - 21 School Year","63","Oakland Schools","63150","Troy School District","06366","Larson Middle School","63","Oakland","LEA School","Middle School","City: Small","Oakland Region","5","06","English Language Arts","Students without Disabilities","< 10","36","39","9.60","43.40","47.00","83","33.80"
"20 - 21 School Year","63","Oakland Schools","63150","Troy School District","06366","Larson Middle School","63","Oakland","LEA School","Middle School","City: Small","Oakland Region","5","All Grades","Social Studies","All Students","23","39","26","26.10","44.30","29.50","88","48.10"
"20 - 21 School Year","63","Oakland Schools","63150","Troy School District","06366","Larson Middle School","63","Oakland","LEA School","Middle School","City: Small","Oakland Region","5","All Grades","Social Studies","Economically Disadvantaged","< 10","< 10","< 10","< 10","< 10","< 10","< 10","< 10"
"20 - 21 School Year","63","Oakland Schools","63150","Troy School District","06366","Larson Middle School","63","Oakland","LEA School","Middle School","City: Small","Oakland Region","5","All Grades","Social Studies","Not Economically Disadvantaged","21","38","25","25.00","45.20","29.80","84","47.60"
"20 - 21 School Year","63","Oakland Schools","63150","Troy School District","06366","Larson Middle School","63","Oakland","LEA School","Middle School","City: Small","Oakland Region","5","All Grades","Social Studies","Black, not of Hispanic origin","< 10","< 10","< 10","< 10","< 10","< 10","< 10","< 10"
"20 - 21 School Year","63","Oakland Schools","63150","Troy School District","06366","Larson Middle School","63","Oakland","LEA School","Middle School","City: Small","Oakland Region","5","All Grades","Social Studies","Hispanic","< 10","< 10","< 10","< 10","< 10","< 10","< 10","< 10"
"20 - 21 School Year","63","Oakland Schools","63150","Troy School District","06366","Larson Middle School","63","Oakland","LEA School","Middle School","City: Small","Oakland Region","5","All Grades","Social Studies","White, not of Hispanic origin","15","19","17","29.40","37.30","33.30","51","47.40"
"20 - 21 School Year","63","Oakland Schools","63150","Troy School District","06366","Larson Middle School","63","Oakland","LEA School","Middle School","City: Small","Oakland Region","5","All Grades","Social Studies","Two or More Races","< 10","< 10","< 10","< 10","< 10","< 10","< 10","< 10"
"20 - 21 School Year","63","Oakland Schools","63150","Troy School District","06366","Larson Middle School","63","Oakland","LEA School","Middle School","City: Small","Oakland Region","5","All Grades","Social Studies","Asian","< 10","18","< 10","18.80","56.30","25.00","32","49.00"
"20 - 21 School Year","63","Oakland Schools","63150","Troy School District","06366","Larson Middle School","63","Oakland","LEA School","Middle School","City: Small","Oakland Region","5","All Grades","Social Studies","Male","15","16","13","34.10","36.40","29.50","44","52.80"
"20 - 21 School Year","63","Oakland Schools","63150","Troy School District","06366","Larson Middle School","63","Oakland","LEA School","Middle School","City: Small","Oakland Region","5","All Grades","Social Studies","Female","< 10","23","13","18.20","52.30","29.50","44","43.30"
"20 - 21 School Year","63","Oakland Schools","63150","Troy School District","06366","Larson Middle School","63","Oakland","LEA School","Middle School","City: Small","Oakland Region","5","All Grades","Social Studies","English Learners","< 10","< 10","< 10","< 10","< 10","< 10","< 10","< 10"
"20 - 21 School Year","63","Oakland Schools","63150","Troy School District","06366","Larson Middle School","63","Oakland","LEA School","Middle School","City: Small","Oakland Region","5","All Grades","Social Studies","Not English Learners","23","38","26","26.40","43.70","29.90","87","48.10"
"20 - 21 School Year","63","Oakland Schools","63150","Troy School District","06366","Larson Middle School","63","Oakland","LEA School","Middle School","City: Small","Oakland Region","5","All Grades","Social Studies","Not Migrant","23","39","26","26.10","44.30","29.50","88","48.10"
"20 - 21 School Year","63","Oakland Schools","63150","Troy School District","06366","Larson Middle School","63","Oakland","LEA School","Middle School","City: Small","Oakland Region","5","08","Social Studies","Female","< 10","23","13","18.20","52.30","29.50","44","43.30"
"20 - 21 School Year","63","Oakland Schools","63150","Troy School District","06366","Larson Middle School","63","Oakland","LEA School","Middle School","City: Small","Oakland Region","5","08","Social Studies","English Learners","< 10","< 10","< 10","< 10","< 10","< 10","< 10","< 10"
"20 - 21 School Year","63","Oakland Schools","63150","Troy School District","06366","Larson Middle School","63","Oakland","LEA School","Middle School","City: Small","Oakland Region","5","08","Social Studies","Not English Learners","23","38","26","26.40","43.70","29.90","87","48.10"
"20 - 21 School Year","63","Oakland Schools","63150","Troy School District","06366","Larson Middle School","63","Oakland","LEA School","Middle School","City: Small","Oakland Region","5","08","Social Studies","Not Migrant","23","39","26","26.10","44.30","29.50","88","48.10"
"20 - 21 School Year","63","Oakland Schools","63150","Troy School District","06367","Boulan Park Middle School","63","Oakland","LEA School","Middle School","City: Small","Oakland Region","5","06","English Language Arts","Students without Disabilities","19","40","55","16.70","35.10","48.20","114","38.20"
"20 - 21 School Year","63","Oakland Schools","63150","Troy School District","06367","Boulan Park Middle School","63","Oakland","LEA School","Middle School","City: Small","Oakland Region","5","07","English Language Arts","Students without Disabilities","31","49","40","25.80","40.80","33.30","120","46.80"
"20 - 21 School Year","63","Oakland Schools","63150","Troy School District","06367","Boulan Park Middle School","63","Oakland","LEA School","Middle School","City: Small","Oakland Region","5","06","Mathematics","Students without Disabilities","54","35","31","45.00","29.20","25.80","120","59.10"
"20 - 21 School Year","63","Oakland Schools","63150","Troy School District","06367","Boulan Park Middle School","63","Oakland","LEA School","Middle School","City: Small","Oakland Region","5","08","Social Studies","Students with Disabilities","< 10","< 10","< 10","< 10","< 10","< 10","< 10","< 10"
"20 - 21 School Year","63","Oakland Schools","63150","Troy School District","06367","Boulan Park Middle School","63","Oakland","LEA School","Middle School","City: Small","Oakland Region","5","All Grades","Social Studies","Students with Disabilities","< 10","< 10","< 10","< 10","< 10","< 10","< 10","< 10"
"20 - 21 School Year","63","Oakland Schools","63150","Troy School District","06367","Boulan Park Middle School","63","Oakland","LEA School","Middle School","City: Small","Oakland Region","5","07","Mathematics","Students with Disabilities","< 10","< 10","< 10","< 10","< 10","< 10","< 10","< 10"
"20 - 21 School Year","63","Oakland Schools","63150","Troy School District","06367","Boulan Park Middle School","63","Oakland","LEA School","Middle School","City: Small","Oakland Region","5","06","English Language Arts","Students with Disabilities","< 10","< 10","< 10","< 10","< 10","< 10","< 10","< 10"
"20 - 21 School Year","63","Oakland Schools","63150","Troy School District","06367","Boulan Park Middle School","63","Oakland","LEA School","Middle School","City: Small","Oakland Region","5","08","Mathematics","Students without Disabilities","65","48","60","37.60","27.70","34.70","173","50.40"
"20 - 21 School Year","63","Oakland Schools","63150","Troy School District","06367","Boulan Park Middle School","63","Oakland","LEA School","Middle School","City: Small","Oakland Region","5","08","Mathematics","All Students","66","48","63","37.30","27.10","35.60","177","49.80"
"20 - 21 School Year","63","Oakland Schools","63150","Troy School District","06367","Boulan Park Middle School","63","Oakland","LEA School","Middle School","City: Small","Oakland Region","5","08","Mathematics","Economically Disadvantaged","< 10","< 10","< 10","< 10","< 10","< 10","< 10","< 10"
"20 - 21 School Year","63","Oakland Schools","63150","Troy School District","06367","Boulan Park Middle School","63","Oakland","LEA School","Middle School","City: Small","Oakland Region","5","08","Mathematics","Not Economically Disadvantaged","66","45","59","38.80","26.50","34.70","170","50.80"
"20 - 21 School Year","63","Oakland Schools","63150","Troy School District","06367","Boulan Park Middle School","63","Oakland","LEA School","Middle School","City: Small","Oakland Region","5","08","Mathematics","Black, not of Hispanic origin","< 10","< 10","< 10","< 10","< 10","< 10","< 10","< 10"
"20 - 21 School Year","63","Oakland Schools","63150","Troy School District","06367","Boulan Park Middle School","63","Oakland","LEA School","Middle School","City: Small","Oakland Region","5","08","Mathematics","Hispanic","< 10","< 10","< 10","< 10","< 10","< 10","< 10","< 10"
"20 - 21 School Year","63","Oakland Schools","63150","Troy School District","06367","Boulan Park Middle School","63","Oakland","LEA School","Middle School","City: Small","Oakland Region","5","08","Mathematics","White, not of Hispanic origin","< 10","12","30","8.70","26.10","65.20","46","24.90"
"20 - 21 School Year","63","Oakland Schools","63150","Troy School District","06367","Boulan Park Middle School","63","Oakland","LEA School","Middle School","City: Small","Oakland Region","5","08","Mathematics","Two or More Races","< 10","< 10","< 10","< 10","< 10","< 10","< 10","< 10"
"20 - 21 School Year","63","Oakland Schools","63150","Troy School District","06367","Boulan Park Middle School","63","Oakland","LEA School","Middle School","City: Small","Oakland Region","5","08","Mathematics","Asian","60","35","27","49.20","28.70","22.10","122","60.50"
"20 - 21 School Year","63","Oakland Schools","63150","Troy School District","06367","Boulan Park Middle School","63","Oakland","LEA School","Middle School","City: Small","Oakland Region","5","08","Mathematics","Male","36","21","28","42.40","24.70","32.90","85","51.20"
"20 - 21 School Year","63","Oakland Schools","63150","Troy School District","06367","Boulan Park Middle School","63","Oakland","LEA School","Middle School","City: Small","Oakland Region","5","08","Mathematics","Female","30","27","35","32.60","29.30","38.00","92","48.60"
"20 - 21 School Year","63","Oakland Schools","63150","Troy School District","06367","Boulan Park Middle School","63","Oakland","LEA School","Middle School","City: Small","Oakland Region","5","08","Mathematics","English Learners","< 10","< 10","< 10","< 10","< 10","< 10","< 10","< 10"
"20 - 21 School Year","63","Oakland Schools","63150","Troy School District","06367","Boulan Park Middle School","63","Oakland","LEA School","Middle School","City: Small","Oakland Region","5","08","Mathematics","Not English Learners","61","47","61","36.10","27.80","36.10","169","49.00"
"20 - 21 School Year","63","Oakland Schools","63150","Troy School District","06367","Boulan Park Middle School","63","Oakland","LEA School","Middle School","City: Small","Oakland Region","5","08","Mathematics","Not Migrant","66","48","63","37.30","27.10","35.60","177","49.80"
"20 - 21 School Year","63","Oakland Schools","63150","Troy School District","06367","Boulan Park Middle School","63","Oakland","LEA School","Middle School","City: Small","Oakland Region","5","All Grades","Mathematics","Two or More Races","< 10","< 10","< 10","< 10","< 10","< 10","< 10","< 10"
"20 - 21 School Year","63","Oakland Schools","63150","Troy School District","06367","Boulan Park Middle School","63","Oakland","LEA School","Middle School","City: Small","Oakland Region","5","All Grades","Mathematics","White, not of Hispanic origin","23","34","64","19.00","28.10","52.90","121","36.30"
"20 - 21 School Year","63","Oakland Schools","63150","Troy School District","06367","Boulan Park Middle School","63","Oakland","LEA School","Middle School","City: Small","Oakland Region","5","All Grades","Mathematics","Hispanic","< 10","< 10","< 10","< 10","< 10","< 10","< 10","< 10"
"20 - 21 School Year","63","Oakland Schools","63150","Troy School District","06367","Boulan Park Middle School","63","Oakland","LEA School","Middle School","City: Small","Oakland Region","5","All Grades","Mathematics","Black, not of Hispanic origin","< 10","< 10","< 10","< 10","< 10","< 10","< 10","< 10"
"20 - 21 School Year","63","Oakland Schools","63150","Troy School District","06367","Boulan Park Middle School","63","Oakland","LEA School","Middle School","City: Small","Oakland Region","5","All Grades","Mathematics","American Indian or Alaska Native","< 10","< 10","< 10","< 10","< 10","< 10","< 10","< 10"
"20 - 21 School Year","63","Oakland Schools","63150","Troy School District","06367","Boulan Park Middle School","63","Oakland","LEA School","Middle School","City: Small","Oakland Region","5","All Grades","Mathematics","Not Economically Disadvantaged","172","124","127","40.70","29.30","30.00","423","54.80"
"20 - 21 School Year","63","Oakland Schools","63150","Troy School District","06367","Boulan Park Middle School","63","Oakland","LEA School","Middle School","City: Small","Oakland Region","5","All Grades","Mathematics","Economically Disadvantaged","< 10","< 10","< 10","18.20","36.40","45.50","11","37.50"
"20 - 21 School Year","63","Oakland Schools","63150","Troy School District","06367","Boulan Park Middle School","63","Oakland","LEA School","Middle School","City: Small","Oakland Region","5","All Grades","Mathematics","All Students","174","128","132","40.10","29.50","30.40","434","54.40"
"20 - 21 School Year","63","Oakland Schools","63150","Troy School District","06367","Boulan Park Middle School","63","Oakland","LEA School","Middle School","City: Small","Oakland Region","5","06","Mathematics","Not Migrant","57","36","32","45.60","28.80","25.60","125","59.50"
"20 - 21 School Year","63","Oakland Schools","63150","Troy School District","06367","Boulan Park Middle School","63","Oakland","LEA School","Middle School","City: Small","Oakland Region","5","06","Mathematics","Not English Learners","54","36","30","45.00","30.00","25.00","120","59.70"
"20 - 21 School Year","63","Oakland Schools","63150","Troy School District","06367","Boulan Park Middle School","63","Oakland","LEA School","Middle School","City: Small","Oakland Region","5","06","Mathematics","English Learners","< 10","< 10","< 10","< 10","< 10","< 10","< 10","< 10"
"20 - 21 School Year","63","Oakland Schools","63150","Troy School District","06367","Boulan Park Middle School","63","Oakland","LEA School","Middle School","City: Small","Oakland Region","5","06","Mathematics","Female","26","15","16","45.60","26.30","28.10","57","58.50"
"20 - 21 School Year","63","Oakland Schools","63150","Troy School District","06367","Boulan Park Middle School","63","Oakland","LEA School","Middle School","City: Small","Oakland Region","5","06","Mathematics","Male","31","21","16","45.60","30.90","23.50","68","60.40"
"20 - 21 School Year","63","Oakland Schools","63150","Troy School District","06367","Boulan Park Middle School","63","Oakland","LEA School","Middle School","City: Small","Oakland Region","5","06","Mathematics","Asian","46","20","12","59.00","25.60","15.40","78","68.10"
"20 - 21 School Year","63","Oakland Schools","63150","Troy School District","06367","Boulan Park Middle School","63","Oakland","LEA School","Middle School","City: Small","Oakland Region","5","06","Mathematics","Two or More Races","< 10","< 10","< 10","< 10","< 10","< 10","< 10","< 10"
"20 - 21 School Year","63","Oakland Schools","63150","Troy School District","06367","Boulan Park Middle School","63","Oakland","LEA School","Middle School","City: Small","Oakland Region","5","06","Mathematics","White, not of Hispanic origin","11","15","18","25.00","34.10","40.90","44","45.90"
"20 - 21 School Year","63","Oakland Schools","63150","Troy School District","06367","Boulan Park Middle School","63","Oakland","LEA School","Middle School","City: Small","Oakland Region","5","06","Mathematics","Black, not of Hispanic origin","< 10","< 10","< 10","< 10","< 10","< 10","< 10","< 10"
"20 - 21 School Year","63","Oakland Schools","63150","Troy School District","06367","Boulan Park Middle School","63","Oakland","LEA School","Middle School","City: Small","Oakland Region","5","06","Mathematics","Not Economically Disadvantaged","56","36","32","45.20","29.00","25.80","124","59.40"
"20 - 21 School Year","63","Oakland Schools","63150","Troy School District","06367","Boulan Park Middle School","63","Oakland","LEA School","Middle School","City: Small","Oakland Region","5","06","Mathematics","Economically Disadvantaged","< 10","< 10","< 10","< 10","< 10","< 10","< 10","< 10"
"20 - 21 School Year","63","Oakland Schools","63150","Troy School District","06367","Boulan Park Middle School","63","Oakland","LEA School","Middle School","City: Small","Oakland Region","5","06","Mathematics","All Students","57","36","32","45.60","28.80","25.60","125","59.50"
"20 - 21 School Year","63","Oakland Schools","63150","Troy School District","06367","Boulan Park Middle School","63","Oakland","LEA School","Middle School","City: Small","Oakland Region","5","All Grades","Mathematics","Asian","148","90","58","50.00","30.40","19.60","296","62.90"
"20 - 21 School Year","63","Oakland Schools","63150","Troy School District","06367","Boulan Park Middle School","63","Oakland","LEA School","Middle School","City: Small","Oakland Region","5","All Grades","Mathematics","Male","93","65","69","41.00","28.60","30.40","227","53.90"
"20 - 21 School Year","63","Oakland Schools","63150","Troy School District","06367","Boulan Park Middle School","63","Oakland","LEA School","Middle School","City: Small","Oakland Region","5","All Grades","Mathematics","Female","81","63","63","39.10","30.40","30.40","207","55.00"
"20 - 21 School Year","63","Oakland Schools","63150","Troy School District","06367","Boulan Park Middle School","63","Oakland","LEA School","Middle School","City: Small","Oakland Region","5","All Grades","Mathematics","English Learners","14","< 10","< 10","70.00","10.00","20.00","20","69.80"
"20 - 21 School Year","63","Oakland Schools","63150","Troy School District","06367","Boulan Park Middle School","63","Oakland","LEA School","Middle School","City: Small","Oakland Region","5","All Grades","Mathematics","Not English Learners","160","126","128","38.60","30.40","30.90","414","53.60"
"20 - 21 School Year","63","Oakland Schools","63150","Troy School District","06367","Boulan Park Middle School","63","Oakland","LEA School","Middle School","City: Small","Oakland Region","5","All Grades","Mathematics","Not Migrant","174","128","132","40.10","29.50","30.40","434","54.40"
"20 - 21 School Year","63","Oakland Schools","63150","Troy School District","06367","Boulan Park Middle School","63","Oakland","LEA School","Middle School","City: Small","Oakland Region","5","All Grades","Mathematics","Students without Disabilities","167","125","127","39.90","29.80","30.30","419","54.30"
"20 - 21 School Year","63","Oakland Schools","63150","Troy School District","06367","Boulan Park Middle School","63","Oakland","LEA School","Middle School","City: Small","Oakland Region","5","All Grades","Social Studies","Students without Disabilities","33","52","47","25.00","39.40","35.60","132","46.70"
"20 - 21 School Year","63","Oakland Schools","63150","Troy School District","06367","Boulan Park Middle School","63","Oakland","LEA School","Middle School","City: Small","Oakland Region","5","08","Social Studies","Students without Disabilities","33","52","47","25.00","39.40","35.60","132","46.70"
"20 - 21 School Year","63","Oakland Schools","63150","Troy School District","06367","Boulan Park Middle School","63","Oakland","LEA School","Middle School","City: Small","Oakland Region","5","07","Mathematics","Students without Disabilities","48","42","36","38.10","33.30","28.60","126","55.30"
"20 - 21 School Year","63","Oakland Schools","63150","Troy School District","06367","Boulan Park Middle School","63","Oakland","LEA School","Middle School","City: Small","Oakland Region","5","All Grades","English Language Arts","Not Migrant","119","162","139","28.30","38.60","33.10","420","49.20"
"20 - 21 School Year","63","Oakland Schools","63150","Troy School District","06367","Boulan Park Middle School","63","Oakland","LEA School","Middle School","City: Small","Oakland Region","5","All Grades","English Language Arts","Not English Learners","116","157","134","28.50","38.60","32.90","407","49.30"
"20 - 21 School Year","63","Oakland Schools","63150","Troy School District","06367","Boulan Park Middle School","63","Oakland","LEA School","Middle School","City: Small","Oakland Region","5","All Grades","English Language Arts","English Learners","< 10","< 10","< 10","23.10","38.50","38.50","13","46.00"
"20 - 21 School Year","63","Oakland Schools","63150","Troy School District","06367","Boulan Park Middle School","63","Oakland","LEA School","Middle School","City: Small","Oakland Region","5","All Grades","English Language Arts","Female","63","74","63","31.50","37.00","31.50","200","51.50"
"20 - 21 School Year","63","Oakland Schools","63150","Troy School District","06367","Boulan Park Middle School","63","Oakland","LEA School","Middle School","City: Small","Oakland Region","5","All Grades","English Language Arts","Male","56","88","76","25.50","40.00","34.50","220","47.10"
"20 - 21 School Year","63","Oakland Schools","63150","Troy School District","06367","Boulan Park Middle School","63","Oakland","LEA School","Middle School","City: Small","Oakland Region","5","All Grades","English Language Arts","Asian","94","112","76","33.30","39.70","27.00","282","53.70"
"20 - 21 School Year","63","Oakland Schools","63150","Troy School District","06367","Boulan Park Middle School","63","Oakland","LEA School","Middle School","City: Small","Oakland Region","5","All Grades","English Language Arts","Two or More Races","< 10","< 10","< 10","< 10","< 10","< 10","< 10","< 10"
"20 - 21 School Year","63","Oakland Schools","63150","Troy School District","06367","Boulan Park Middle School","63","Oakland","LEA School","Middle School","City: Small","Oakland Region","5","All Grades","English Language Arts","White, not of Hispanic origin","18","45","58","14.90","37.20","47.90","121","38.00"
"20 - 21 School Year","63","Oakland Schools","63150","Troy School District","06367","Boulan Park Middle School","63","Oakland","LEA School","Middle School","City: Small","Oakland Region","5","All Grades","English Language Arts","Hispanic","< 10","< 10","< 10","< 10","< 10","< 10","< 10","< 10"
"20 - 21 School Year","63","Oakland Schools","63150","Troy School District","06367","Boulan Park Middle School","63","Oakland","LEA School","Middle School","City: Small","Oakland Region","5","All Grades","English Language Arts","Black, not of Hispanic origin","< 10","< 10","< 10","< 10","< 10","< 10","< 10","< 10"
"20 - 21 School Year","63","Oakland Schools","63150","Troy School District","06367","Boulan Park Middle School","63","Oakland","LEA School","Middle School","City: Small","Oakland Region","5","All Grades","English Language Arts","American Indian or Alaska Native","< 10","< 10","< 10","< 10","< 10","< 10","< 10","< 10"
"20 - 21 School Year","63","Oakland Schools","63150","Troy School District","06367","Boulan Park Middle School","63","Oakland","LEA School","Middle School","City: Small","Oakland Region","5","All Grades","English Language Arts","Not Economically Disadvantaged","118","158","133","28.90","38.60","32.50","409","49.50"
"20 - 21 School Year","63","Oakland Schools","63150","Troy School District","06367","Boulan Park Middle School","63","Oakland","LEA School","Middle School","City: Small","Oakland Region","5","08","English Language Arts","All Students","67","67","41","38.30","38.30","23.40","175","58.10"
"20 - 21 School Year","63","Oakland Schools","63150","Troy School District","06367","Boulan Park Middle School","63","Oakland","LEA School","Middle School","City: Small","Oakland Region","5","08","English Language Arts","Economically Disadvantaged","< 10","< 10","< 10","< 10","< 10","< 10","< 10","< 10"
"20 - 21 School Year","63","Oakland Schools","63150","Troy School District","06367","Boulan Park Middle School","63","Oakland","LEA School","Middle School","City: Small","Oakland Region","5","08","English Language Arts","Not Economically Disadvantaged","67","64","37","39.90","38.10","22.00","168","59.00"
"20 - 21 School Year","63","Oakland Schools","63150","Troy School District","06367","Boulan Park Middle School","63","Oakland","LEA School","Middle School","City: Small","Oakland Region","5","08","English Language Arts","Black, not of Hispanic origin","< 10","< 10","< 10","< 10","< 10","< 10","< 10","< 10"
"20 - 21 School Year","63","Oakland Schools","63150","Troy School District","06367","Boulan Park Middle School","63","Oakland","LEA School","Middle School","City: Small","Oakland Region","5","08","English Language Arts","Hispanic","< 10","< 10","< 10","< 10","< 10","< 10","< 10","< 10"
"20 - 21 School Year","63","Oakland Schools","63150","Troy School District","06367","Boulan Park Middle School","63","Oakland","LEA School","Middle School","City: Small","Oakland Region","5","07","English Language Arts","Not Migrant","33","52","41","26.20","41.30","32.50","126","47.20"
"20 - 21 School Year","63","Oakland Schools","63150","Troy School District","06367","Boulan Park Middle School","63","Oakland","LEA School","Middle School","City: Small","Oakland Region","5","07","English Language Arts","Not English Learners","33","50","40","26.80","40.70","32.50","123","47.50"
"20 - 21 School Year","63","Oakland Schools","63150","Troy School District","06367","Boulan Park Middle School","63","Oakland","LEA School","Middle School","City: Small","Oakland Region","5","07","English Language Arts","English Learners","< 10","< 10","< 10","< 10","< 10","< 10","< 10","< 10"
"20 - 21 School Year","63","Oakland Schools","63150","Troy School District","06367","Boulan Park Middle School","63","Oakland","LEA School","Middle School","City: Small","Oakland Region","5","07","English Language Arts","Female","14","19","20","26.40","35.80","37.70","53","46.30"
"20 - 21 School Year","63","Oakland Schools","63150","Troy School District","06367","Boulan Park Middle School","63","Oakland","LEA School","Middle School","City: Small","Oakland Region","5","07","English Language Arts","Male","19","33","21","26.00","45.20","28.80","73","47.80"
"20 - 21 School Year","63","Oakland Schools","63150","Troy School District","06367","Boulan Park Middle School","63","Oakland","LEA School","Middle School","City: Small","Oakland Region","5","07","English Language Arts","Asian","26","39","25","28.90","43.30","27.80","90","49.40"
"20 - 21 School Year","63","Oakland Schools","63150","Troy School District","06367","Boulan Park Middle School","63","Oakland","LEA School","Middle School","City: Small","Oakland Region","5","07","English Language Arts","Two or More Races","< 10","< 10","< 10","< 10","< 10","< 10","< 10","< 10"
"20 - 21 School Year","63","Oakland Schools","63150","Troy School District","06367","Boulan Park Middle School","63","Oakland","LEA School","Middle School","City: Small","Oakland Region","5","07","English Language Arts","White, not of Hispanic origin","< 10","11","16","12.90","35.50","51.60","31","37.20"
"20 - 21 School Year","63","Oakland Schools","63150","Troy School District","06367","Boulan Park Middle School","63","Oakland","LEA School","Middle School","City: Small","Oakland Region","5","07","English Language Arts","Hispanic","< 10","< 10","< 10","< 10","< 10","< 10","< 10","< 10"
"20 - 21 School Year","63","Oakland Schools","63150","Troy School District","06367","Boulan Park Middle School","63","Oakland","LEA School","Middle School","City: Small","Oakland Region","5","07","English Language Arts","American Indian or Alaska Native","< 10","< 10","< 10","< 10","< 10","< 10","< 10","< 10"
"20 - 21 School Year","63","Oakland Schools","63150","Troy School District","06367","Boulan Park Middle School","63","Oakland","LEA School","Middle School","City: Small","Oakland Region","5","07","English Language Arts","Not Economically Disadvantaged","32","51","40","26.00","41.50","32.50","123","47.10"
"20 - 21 School Year","63","Oakland Schools","63150","Troy School District","06367","Boulan Park Middle School","63","Oakland","LEA School","Middle School","City: Small","Oakland Region","5","07","English Language Arts","Economically Disadvantaged","< 10","< 10","< 10","< 10","< 10","< 10","< 10","< 10"
"20 - 21 School Year","63","Oakland Schools","63150","Troy School District","06367","Boulan Park Middle School","63","Oakland","LEA School","Middle School","City: Small","Oakland Region","5","07","English Language Arts","All Students","33","52","41","26.20","41.30","32.50","126","47.20"
"20 - 21 School Year","63","Oakland Schools","63150","Troy School District","06367","Boulan Park Middle School","63","Oakland","LEA School","Middle School","City: Small","Oakland Region","5","08","English Language Arts","Not Migrant","67","67","41","38.30","38.30","23.40","175","58.10"
"20 - 21 School Year","63","Oakland Schools","63150","Troy School District","06367","Boulan Park Middle School","63","Oakland","LEA School","Middle School","City: Small","Oakland Region","5","08","English Language Arts","Not English Learners","65","65","39","38.50","38.50","23.10","169","58.30"
"20 - 21 School Year","63","Oakland Schools","63150","Troy School District","06367","Boulan Park Middle School","63","Oakland","LEA School","Middle School","City: Small","Oakland Region","5","08","English Language Arts","English Learners","< 10","< 10","< 10","< 10","< 10","< 10","< 10","< 10"
"20 - 21 School Year","63","Oakland Schools","63150","Troy School District","06367","Boulan Park Middle School","63","Oakland","LEA School","Middle School","City: Small","Oakland Region","5","08","English Language Arts","Female","36","31","25","39.10","33.70","27.20","92","57.50"
"20 - 21 School Year","63","Oakland Schools","63150","Troy School District","06367","Boulan Park Middle School","63","Oakland","LEA School","Middle School","City: Small","Oakland Region","5","08","English Language Arts","Male","31","36","16","37.30","43.40","19.30","83","58.70"
"20 - 21 School Year","63","Oakland Schools","63150","Troy School District","06367","Boulan Park Middle School","63","Oakland","LEA School","Middle School","City: Small","Oakland Region","5","08","English Language Arts","Asian","57","44","19","47.50","36.70","15.80","120","65.20"
"20 - 21 School Year","63","Oakland Schools","63150","Troy School District","06367","Boulan Park Middle School","63","Oakland","LEA School","Middle School","City: Small","Oakland Region","5","08","English Language Arts","Two or More Races","< 10","< 10","< 10","< 10","< 10","< 10","< 10","< 10"
"20 - 21 School Year","63","Oakland Schools","63150","Troy School District","06367","Boulan Park Middle School","63","Oakland","LEA School","Middle School","City: Small","Oakland Region","5","08","English Language Arts","White, not of Hispanic origin","< 10","21","19","13.00","45.70","41.30","46","40.20"
"20 - 21 School Year","63","Oakland Schools","63150","Troy School District","06367","Boulan Park Middle School","63","Oakland","LEA School","Middle School","City: Small","Oakland Region","5","All Grades","English Language Arts","Students with Disabilities","< 10","< 10","< 10","20.00","53.30","26.70","15","48.10"
"20 - 21 School Year","63","Oakland Schools","63150","Troy School District","06367","Boulan Park Middle School","63","Oakland","LEA School","Middle School","City: Small","Oakland Region","5","08","English Language Arts","Students with Disabilities","< 10","< 10","< 10","< 10","< 10","< 10","< 10","< 10"
"20 - 21 School Year","63","Oakland Schools","63150","Troy School District","06367","Boulan Park Middle School","63","Oakland","LEA School","Middle School","City: Small","Oakland Region","5","07","English Language Arts","Students with Disabilities","< 10","< 10","< 10","< 10","< 10","< 10","< 10","< 10"
"20 - 21 School Year","63","Oakland Schools","63150","Troy School District","06367","Boulan Park Middle School","63","Oakland","LEA School","Middle School","City: Small","Oakland Region","5","06","English Language Arts","Not Migrant","19","43","57","16.00","36.10","47.90","119","38.20"
"20 - 21 School Year","63","Oakland Schools","63150","Troy School District","06367","Boulan Park Middle School","63","Oakland","LEA School","Middle School","City: Small","Oakland Region","5","06","English Language Arts","Not English Learners","18","42","55","15.70","36.50","47.80","115","38.10"
"20 - 21 School Year","63","Oakland Schools","63150","Troy School District","06367","Boulan Park Middle School","63","Oakland","LEA School","Middle School","City: Small","Oakland Region","5","06","English Language Arts","English Learners","< 10","< 10","< 10","< 10","< 10","< 10","< 10","< 10"
"20 - 21 School Year","63","Oakland Schools","63150","Troy School District","06367","Boulan Park Middle School","63","Oakland","LEA School","Middle School","City: Small","Oakland Region","5","06","English Language Arts","Female","13","24","18","23.60","43.60","32.70","55","46.50"
"20 - 21 School Year","63","Oakland Schools","63150","Troy School District","06367","Boulan Park Middle School","63","Oakland","LEA School","Middle School","City: Small","Oakland Region","5","06","English Language Arts","Male","< 10","19","39","9.40","29.70","60.90","64","31.10"
"20 - 21 School Year","63","Oakland Schools","63150","Troy School District","06367","Boulan Park Middle School","63","Oakland","LEA School","Middle School","City: Small","Oakland Region","5","06","English Language Arts","Asian","11","29","32","15.30","40.30","44.40","72","39.80"
"20 - 21 School Year","63","Oakland Schools","63150","Troy School District","06367","Boulan Park Middle School","63","Oakland","LEA School","Middle School","City: Small","Oakland Region","5","06","English Language Arts","Two or More Races","< 10","< 10","< 10","< 10","< 10","< 10","< 10","< 10"
"20 - 21 School Year","63","Oakland Schools","63150","Troy School District","06367","Boulan Park Middle School","63","Oakland","LEA School","Middle School","City: Small","Oakland Region","5","06","English Language Arts","White, not of Hispanic origin","< 10","13","23","18.20","29.50","52.30","44","36.20"
"20 - 21 School Year","63","Oakland Schools","63150","Troy School District","06367","Boulan Park Middle School","63","Oakland","LEA School","Middle School","City: Small","Oakland Region","5","06","English Language Arts","Black, not of Hispanic origin","< 10","< 10","< 10","< 10","< 10","< 10","< 10","< 10"
"20 - 21 School Year","63","Oakland Schools","63150","Troy School District","06367","Boulan Park Middle School","63","Oakland","LEA School","Middle School","City: Small","Oakland Region","5","06","English Language Arts","Not Economically Disadvantaged","19","43","56","16.10","36.40","47.50","118","38.40"
"20 - 21 School Year","63","Oakland Schools","63150","Troy School District","06367","Boulan Park Middle School","63","Oakland","LEA School","Middle School","City: Small","Oakland Region","5","06","English Language Arts","Economically Disadvantaged","< 10","< 10","< 10","< 10","< 10","< 10","< 10","< 10"
"20 - 21 School Year","63","Oakland Schools","63150","Troy School District","06367","Boulan Park Middle School","63","Oakland","LEA School","Middle School","City: Small","Oakland Region","5","06","English Language Arts","All Students","19","43","57","16.00","36.10","47.90","119","38.20"
"20 - 21 School Year","63","Oakland Schools","63150","Troy School District","06367","Boulan Park Middle School","63","Oakland","LEA School","Middle School","City: Small","Oakland Region","5","All Grades","English Language Arts","All Students","119","162","139","28.30","38.60","33.10","420","49.20"
"20 - 21 School Year","63","Oakland Schools","63150","Troy School District","06367","Boulan Park Middle School","63","Oakland","LEA School","Middle School","City: Small","Oakland Region","5","All Grades","English Language Arts","Economically Disadvantaged","< 10","< 10","< 10","9.10","36.40","54.50","11","38.50"
"20 - 21 School Year","63","Oakland Schools","63150","Troy School District","06367","Boulan Park Middle School","63","Oakland","LEA School","Middle School","City: Small","Oakland Region","5","08","Mathematics","Students with Disabilities","< 10","< 10","< 10","< 10","< 10","< 10","< 10","< 10"
"20 - 21 School Year","63","Oakland Schools","63150","Troy School District","06367","Boulan Park Middle School","63","Oakland","LEA School","Middle School","City: Small","Oakland Region","5","All Grades","Mathematics","Students with Disabilities","< 10","< 10","< 10","46.70","20.00","33.30","15","55.60"
"20 - 21 School Year","63","Oakland Schools","63150","Troy School District","06367","Boulan Park Middle School","63","Oakland","LEA School","Middle School","City: Small","Oakland Region","5","06","Mathematics","Students with Disabilities","< 10","< 10","< 10","< 10","< 10","< 10","< 10","< 10"
"20 - 21 School Year","63","Oakland Schools","63150","Troy School District","06367","Boulan Park Middle School","63","Oakland","LEA School","Middle School","City: Small","Oakland Region","5","07","Mathematics","Not Migrant","51","44","37","38.60","33.30","28.00","132","55.70"
"20 - 21 School Year","63","Oakland Schools","63150","Troy School District","06367","Boulan Park Middle School","63","Oakland","LEA School","Middle School","City: Small","Oakland Region","5","07","Mathematics","Not English Learners","45","43","37","36.00","34.40","29.60","125","54.10"
"20 - 21 School Year","63","Oakland Schools","63150","Troy School District","06367","Boulan Park Middle School","63","Oakland","LEA School","Middle School","City: Small","Oakland Region","5","07","Mathematics","English Learners","< 10","< 10","< 10","< 10","< 10","< 10","< 10","< 10"
"20 - 21 School Year","63","Oakland Schools","63150","Troy School District","06367","Boulan Park Middle School","63","Oakland","LEA School","Middle School","City: Small","Oakland Region","5","07","Mathematics","Female","25","21","12","43.10","36.20","20.70","58","61.60"
"20 - 21 School Year","63","Oakland Schools","63150","Troy School District","06367","Boulan Park Middle School","63","Oakland","LEA School","Middle School","City: Small","Oakland Region","5","07","Mathematics","Male","26","23","25","35.10","31.10","33.80","74","51.00"
"20 - 21 School Year","63","Oakland Schools","63150","Troy School District","06367","Boulan Park Middle School","63","Oakland","LEA School","Middle School","City: Small","Oakland Region","5","07","Mathematics","Asian","42","35","19","43.80","36.50","19.80","96","61.60"
"20 - 21 School Year","63","Oakland Schools","63150","Troy School District","06367","Boulan Park Middle School","63","Oakland","LEA School","Middle School","City: Small","Oakland Region","5","07","Mathematics","Two or More Races","< 10","< 10","< 10","< 10","< 10","< 10","< 10","< 10"
"20 - 21 School Year","63","Oakland Schools","63150","Troy School District","06367","Boulan Park Middle School","63","Oakland","LEA School","Middle School","City: Small","Oakland Region","5","07","Mathematics","White, not of Hispanic origin","< 10","< 10","16","25.80","22.60","51.60","31","39.80"
"20 - 21 School Year","63","Oakland Schools","63150","Troy School District","06367","Boulan Park Middle School","63","Oakland","LEA School","Middle School","City: Small","Oakland Region","5","07","Mathematics","Hispanic","< 10","< 10","< 10","< 10","< 10","< 10","< 10","< 10"
"20 - 21 School Year","63","Oakland Schools","63150","Troy School District","06367","Boulan Park Middle School","63","Oakland","LEA School","Middle School","City: Small","Oakland Region","5","07","Mathematics","American Indian or Alaska Native","< 10","< 10","< 10","< 10","< 10","< 10","< 10","< 10"
"20 - 21 School Year","63","Oakland Schools","63150","Troy School District","06367","Boulan Park Middle School","63","Oakland","LEA School","Middle School","City: Small","Oakland Region","5","07","Mathematics","Not Economically Disadvantaged","50","43","36","38.80","33.30","27.90","129","55.70"
"20 - 21 School Year","63","Oakland Schools","63150","Troy School District","06367","Boulan Park Middle School","63","Oakland","LEA School","Middle School","City: Small","Oakland Region","5","07","Mathematics","Economically Disadvantaged","< 10","< 10","< 10","< 10","< 10","< 10","< 10","< 10"
"20 - 21 School Year","63","Oakland Schools","63150","Troy School District","06367","Boulan Park Middle School","63","Oakland","LEA School","Middle School","City: Small","Oakland Region","5","07","Mathematics","All Students","51","44","37","38.60","33.30","28.00","132","55.70"
"20 - 21 School Year","63","Oakland Schools","63150","Troy School District","06367","Boulan Park Middle School","63","Oakland","LEA School","Middle School","City: Small","Oakland Region","5","08","Social Studies","Two or More Races","< 10","< 10","< 10","< 10","< 10","< 10","< 10","< 10"
"20 - 21 School Year","63","Oakland Schools","63150","Troy School District","06367","Boulan Park Middle School","63","Oakland","LEA School","Middle School","City: Small","Oakland Region","5","08","Social Studies","White, not of Hispanic origin","< 10","10","20","6.30","31.30","62.50","32","29.50"
"20 - 21 School Year","63","Oakland Schools","63150","Troy School District","06367","Boulan Park Middle School","63","Oakland","LEA School","Middle School","City: Small","Oakland Region","5","08","Social Studies","Hispanic","< 10","< 10","< 10","< 10","< 10","< 10","< 10","< 10"
"20 - 21 School Year","63","Oakland Schools","63150","Troy School District","06367","Boulan Park Middle School","63","Oakland","LEA School","Middle School","City: Small","Oakland Region","5","08","Social Studies","Black, not of Hispanic origin","< 10","< 10","< 10","< 10","< 10","< 10","< 10","< 10"
"20 - 21 School Year","63","Oakland Schools","63150","Troy School District","06367","Boulan Park Middle School","63","Oakland","LEA School","Middle School","City: Small","Oakland Region","5","08","Social Studies","Not Economically Disadvantaged","33","50","49","25.00","37.90","37.10","132","46.10"
"20 - 21 School Year","63","Oakland Schools","63150","Troy School District","06367","Boulan Park Middle School","63","Oakland","LEA School","Middle School","City: Small","Oakland Region","5","08","Social Studies","Economically Disadvantaged","< 10","< 10","< 10","< 10","< 10","< 10","< 10","< 10"
"20 - 21 School Year","63","Oakland Schools","63150","Troy School District","06367","Boulan Park Middle School","63","Oakland","LEA School","Middle School","City: Small","Oakland Region","5","08","Social Studies","All Students","33","52","50","24.40","38.50","37.00","135","45.80"
"20 - 21 School Year","63","Oakland Schools","63150","Troy School District","06367","Boulan Park Middle School","63","Oakland","LEA School","Middle School","City: Small","Oakland Region","5","All Grades","Social Studies","Two or More Races","< 10","< 10","< 10","< 10","< 10","< 10","< 10","< 10"
"20 - 21 School Year","63","Oakland Schools","63150","Troy School District","06367","Boulan Park Middle School","63","Oakland","LEA School","Middle School","City: Small","Oakland Region","5","All Grades","Social Studies","White, not of Hispanic origin","< 10","10","20","6.30","31.30","62.50","32","29.50"
"20 - 21 School Year","63","Oakland Schools","63150","Troy School District","06367","Boulan Park Middle School","63","Oakland","LEA School","Middle School","City: Small","Oakland Region","5","All Grades","Social Studies","Hispanic","< 10","< 10","< 10","< 10","< 10","< 10","< 10","< 10"
"20 - 21 School Year","63","Oakland Schools","63150","Troy School District","06367","Boulan Park Middle School","63","Oakland","LEA School","Middle School","City: Small","Oakland Region","5","All Grades","Social Studies","Black, not of Hispanic origin","< 10","< 10","< 10","< 10","< 10","< 10","< 10","< 10"
"20 - 21 School Year","63","Oakland Schools","63150","Troy School District","06367","Boulan Park Middle School","63","Oakland","LEA School","Middle School","City: Small","Oakland Region","5","All Grades","Social Studies","Not Economically Disadvantaged","33","50","49","25.00","37.90","37.10","132","46.10"
"20 - 21 School Year","63","Oakland Schools","63150","Troy School District","06367","Boulan Park Middle School","63","Oakland","LEA School","Middle School","City: Small","Oakland Region","5","All Grades","Social Studies","Economically Disadvantaged","< 10","< 10","< 10","< 10","< 10","< 10","< 10","< 10"
"20 - 21 School Year","63","Oakland Schools","63150","Troy School District","06367","Boulan Park Middle School","63","Oakland","LEA School","Middle School","City: Small","Oakland Region","5","All Grades","Social Studies","All Students","33","52","50","24.40","38.50","37.00","135","45.80"
"20 - 21 School Year","63","Oakland Schools","63150","Troy School District","06367","Boulan Park Middle School","63","Oakland","LEA School","Middle School","City: Small","Oakland Region","5","All Grades","Social Studies","Asian","29","42","27","29.60","42.90","27.60","98","51.60"
"20 - 21 School Year","63","Oakland Schools","63150","Troy School District","06367","Boulan Park Middle School","63","Oakland","LEA School","Middle School","City: Small","Oakland Region","5","All Grades","Social Studies","Not Migrant","33","52","50","24.40","38.50","37.00","135","45.80"
"20 - 21 School Year","63","Oakland Schools","63150","Troy School District","06367","Boulan Park Middle School","63","Oakland","LEA School","Middle School","City: Small","Oakland Region","5","All Grades","Social Studies","Not English Learners","32","49","49","24.60","37.70","37.70","130","45.50"
"20 - 21 School Year","63","Oakland Schools","63150","Troy School District","06367","Boulan Park Middle School","63","Oakland","LEA School","Middle School","City: Small","Oakland Region","5","All Grades","Social Studies","English Learners","< 10","< 10","< 10","< 10","< 10","< 10","< 10","< 10"
"20 - 21 School Year","63","Oakland Schools","63150","Troy School District","06367","Boulan Park Middle School","63","Oakland","LEA School","Middle School","City: Small","Oakland Region","5","All Grades","Social Studies","Female","11","27","23","18.00","44.30","37.70","61","44.40"
"20 - 21 School Year","63","Oakland Schools","63150","Troy School District","06367","Boulan Park Middle School","63","Oakland","LEA School","Middle School","City: Small","Oakland Region","5","All Grades","Social Studies","Male","22","25","27","29.70","33.80","36.50","74","47.00"
"20 - 21 School Year","63","Oakland Schools","63150","Troy School District","06367","Boulan Park Middle School","63","Oakland","LEA School","Middle School","City: Small","Oakland Region","5","All Grades","English Language Arts","Students without Disabilities","116","154","135","28.60","38.00","33.30","405","49.20"
"20 - 21 School Year","63","Oakland Schools","63150","Troy School District","06367","Boulan Park Middle School","63","Oakland","LEA School","Middle School","City: Small","Oakland Region","5","08","English Language Arts","Students without Disabilities","66","65","40","38.60","38.00","23.40","171","58.30"
"20 - 21 School Year","63","Oakland Schools","63150","Troy School District","06367","Boulan Park Middle School","63","Oakland","LEA School","Middle School","City: Small","Oakland Region","5","08","Social Studies","Not Migrant","33","52","50","24.40","38.50","37.00","135","45.80"
"20 - 21 School Year","63","Oakland Schools","63150","Troy School District","06367","Boulan Park Middle School","63","Oakland","LEA School","Middle School","City: Small","Oakland Region","5","08","Social Studies","Not English Learners","32","49","49","24.60","37.70","37.70","130","45.50"
"20 - 21 School Year","63","Oakland Schools","63150","Troy School District","06367","Boulan Park Middle School","63","Oakland","LEA School","Middle School","City: Small","Oakland Region","5","08","Social Studies","English Learners","< 10","< 10","< 10","< 10","< 10","< 10","< 10","< 10"
"20 - 21 School Year","63","Oakland Schools","63150","Troy School District","06367","Boulan Park Middle School","63","Oakland","LEA School","Middle School","City: Small","Oakland Region","5","08","Social Studies","Female","11","27","23","18.00","44.30","37.70","61","44.40"
"20 - 21 School Year","63","Oakland Schools","63150","Troy School District","06367","Boulan Park Middle School","63","Oakland","LEA School","Middle School","City: Small","Oakland Region","5","08","Social Studies","Male","22","25","27","29.70","33.80","36.50","74","47.00"
"20 - 21 School Year","63","Oakland Schools","63150","Troy School District","06367","Boulan Park Middle School","63","Oakland","LEA School","Middle School","City: Small","Oakland Region","5","08","Social Studies","Asian","29","42","27","29.60","42.90","27.60","98","51.60"
"20 - 21 School Year","63","Oakland Schools","63150","Troy School District","06393","Athens High School","63","Oakland","LEA School","High School","City: Small","Oakland Region","5","All Grades","English Language Arts","Students without Disabilities","139","91","57","48.40","31.70","19.90","287","62.00"
"20 - 21 School Year","63","Oakland Schools","63150","Troy School District","06393","Athens High School","63","Oakland","LEA School","High School","City: Small","Oakland Region","5","All Grades","Social Studies","Students with Disabilities","< 10","< 10","< 10","< 10","< 10","< 10","< 10","< 10"
"20 - 21 School Year","63","Oakland Schools","63150","Troy School District","06393","Athens High School","63","Oakland","LEA School","High School","City: Small","Oakland Region","5","All Grades","Science","Students with Disabilities","< 10","< 10","< 10","< 10","< 10","< 10","< 10","< 10"
"20 - 21 School Year","63","Oakland Schools","63150","Troy School District","06393","Athens High School","63","Oakland","LEA School","High School","City: Small","Oakland Region","5","11","Science","Students with Disabilities","< 10","< 10","< 10","< 10","< 10","< 10","< 10","< 10"
"20 - 21 School Year","63","Oakland Schools","63150","Troy School District","06393","Athens High School","63","Oakland","LEA School","High School","City: Small","Oakland Region","5","11","Mathematics","Students with Disabilities","< 10","< 10","< 10","35.70","35.70","28.60","14","61.20"
"20 - 21 School Year","63","Oakland Schools","63150","Troy School District","06393","Athens High School","63","Oakland","LEA School","High School","City: Small","Oakland Region","5","All Grades","Mathematics","Students with Disabilities","< 10","< 10","< 10","35.70","35.70","28.60","14","61.20"
"20 - 21 School Year","63","Oakland Schools","63150","Troy School District","06393","Athens High School","63","Oakland","LEA School","High School","City: Small","Oakland Region","5","All Grades","Mathematics","Students without Disabilities","78","123","88","27.00","42.60","30.40","289","50.10"
"20 - 21 School Year","63","Oakland Schools","63150","Troy School District","06393","Athens High School","63","Oakland","LEA School","High School","City: Small","Oakland Region","5","All Grades","Mathematics","All Students","83","128","92","27.40","42.20","30.40","303","50.70"
"20 - 21 School Year","63","Oakland Schools","63150","Troy School District","06393","Athens High School","63","Oakland","LEA School","High School","City: Small","Oakland Region","5","All Grades","English Language Arts","Not Economically Disadvantaged","129","89","53","47.60","32.80","19.60","271","62.20"
"20 - 21 School Year","63","Oakland Schools","63150","Troy School District","06393","Athens High School","63","Oakland","LEA School","High School","City: Small","Oakland Region","5","All Grades","English Language Arts","Economically Disadvantaged","17","< 10","< 10","54.80","29.00","16.10","31","63.60"
"20 - 21 School Year","63","Oakland Schools","63150","Troy School District","06393","Athens High School","63","Oakland","LEA School","High School","City: Small","Oakland Region","5","All Grades","English Language Arts","Black, not of Hispanic origin","< 10","< 10","< 10","30.00","50.00","20.00","10","58.80"
"20 - 21 School Year","63","Oakland Schools","63150","Troy School District","06393","Athens High School","63","Oakland","LEA School","High School","City: Small","Oakland Region","5","All Grades","English Language Arts","Hispanic","< 10","< 10","< 10","38.50","38.50","23.10","13","59.90"
"20 - 21 School Year","63","Oakland Schools","63150","Troy School District","06393","Athens High School","63","Oakland","LEA School","High School","City: Small","Oakland Region","5","All Grades","English Language Arts","White, not of Hispanic origin","89","68","41","44.90","34.30","20.70","198","59.60"
"20 - 21 School Year","63","Oakland Schools","63150","Troy School District","06393","Athens High School","63","Oakland","LEA School","High School","City: Small","Oakland Region","5","All Grades","English Language Arts","Two or More Races","< 10","< 10","< 10","45.50","18.20","36.40","11","58.90"
"20 - 21 School Year","63","Oakland Schools","63150","Troy School District","06393","Athens High School","63","Oakland","LEA School","High School","City: Small","Oakland Region","5","All Grades","English Language Arts","Asian","44","18","< 10","62.90","25.70","11.40","70","71.70"
"20 - 21 School Year","63","Oakland Schools","63150","Troy School District","06393","Athens High School","63","Oakland","LEA School","High School","City: Small","Oakland Region","5","All Grades","English Language Arts","Male","83","52","27","51.20","32.10","16.70","162","64.30"
"20 - 21 School Year","63","Oakland Schools","63150","Troy School District","06393","Athens High School","63","Oakland","LEA School","High School","City: Small","Oakland Region","5","All Grades","English Language Arts","Female","63","46","31","45.00","32.90","22.10","140","60.10"
"20 - 21 School Year","63","Oakland Schools","63150","Troy School District","06393","Athens High School","63","Oakland","LEA School","High School","City: Small","Oakland Region","5","All Grades","English Language Arts","English Learners","< 10","< 10","< 10","41.70","41.70","16.70","12","65.80"
"20 - 21 School Year","63","Oakland Schools","63150","Troy School District","06393","Athens High School","63","Oakland","LEA School","High School","City: Small","Oakland Region","5","All Grades","English Language Arts","Not English Learners","141","93","56","48.60","32.10","19.30","290","62.20"
"20 - 21 School Year","63","Oakland Schools","63150","Troy School District","06393","Athens High School","63","Oakland","LEA School","High School","City: Small","Oakland Region","5","All Grades","English Language Arts","Not Migrant","146","98","58","48.30","32.50","19.20","302","62.40"
"20 - 21 School Year","63","Oakland Schools","63150","Troy School District","06393","Athens High School","63","Oakland","LEA School","High School","City: Small","Oakland Region","5","11","Mathematics","English Learners","< 10","< 10","< 10","46.20","38.50","15.40","13","67.80"
"20 - 21 School Year","63","Oakland Schools","63150","Troy School District","06393","Athens High School","63","Oakland","LEA School","High School","City: Small","Oakland Region","5","11","Mathematics","Female","37","61","43","26.20","43.30","30.50","141","49.70"
"20 - 21 School Year","63","Oakland Schools","63150","Troy School District","06393","Athens High School","63","Oakland","LEA School","High School","City: Small","Oakland Region","5","11","Mathematics","Male","46","67","49","28.40","41.40","30.20","162","51.50"
"20 - 21 School Year","63","Oakland Schools","63150","Troy School District","06393","Athens High School","63","Oakland","LEA School","High School","City: Small","Oakland Region","5","All Grades","Social Studies","Students without Disabilities","< 10","15","15","23.10","38.50","38.50","39","45.20"
"20 - 21 School Year","63","Oakland Schools","63150","Troy School District","06393","Athens High School","63","Oakland","LEA School","High School","City: Small","Oakland Region","5","11","Mathematics","Students without Disabilities","78","123","88","27.00","42.60","30.40","289","50.10"
"20 - 21 School Year","63","Oakland Schools","63150","Troy School District","06393","Athens High School","63","Oakland","LEA School","High School","City: Small","Oakland Region","5","11","English Language Arts","Not English Learners","141","93","56","48.60","32.10","19.30","290","62.20"
"20 - 21 School Year","63","Oakland Schools","63150","Troy School District","06393","Athens High School","63","Oakland","LEA School","High School","City: Small","Oakland Region","5","11","English Language Arts","Not Migrant","146","98","58","48.30","32.50","19.20","302","62.40"
"20 - 21 School Year","63","Oakland Schools","63150","Troy School District","06393","Athens High School","63","Oakland","LEA School","High School","City: Small","Oakland Region","5","11","English Language Arts","English Learners","< 10","< 10","< 10","41.70","41.70","16.70","12","65.80"
"20 - 21 School Year","63","Oakland Schools","63150","Troy School District","06393","Athens High School","63","Oakland","LEA School","High School","City: Small","Oakland Region","5","11","English Language Arts","Female","63","46","31","45.00","32.90","22.10","140","60.10"
"20 - 21 School Year","63","Oakland Schools","63150","Troy School District","06393","Athens High School","63","Oakland","LEA School","High School","City: Small","Oakland Region","5","11","English Language Arts","Male","83","52","27","51.20","32.10","16.70","162","64.30"
"20 - 21 School Year","63","Oakland Schools","63150","Troy School District","06393","Athens High School","63","Oakland","LEA School","High School","City: Small","Oakland Region","5","11","English Language Arts","Asian","44","18","< 10","62.90","25.70","11.40","70","71.70"
"20 - 21 School Year","63","Oakland Schools","63150","Troy School District","06393","Athens High School","63","Oakland","LEA School","High School","City: Small","Oakland Region","5","11","English Language Arts","Two or More Races","< 10","< 10","< 10","45.50","18.20","36.40","11","58.90"
"20 - 21 School Year","63","Oakland Schools","63150","Troy School District","06393","Athens High School","63","Oakland","LEA School","High School","City: Small","Oakland Region","5","11","English Language Arts","White, not of Hispanic origin","89","68","41","44.90","34.30","20.70","198","59.60"
"20 - 21 School Year","63","Oakland Schools","63150","Troy School District","06393","Athens High School","63","Oakland","LEA School","High School","City: Small","Oakland Region","5","11","English Language Arts","Hispanic","< 10","< 10","< 10","38.50","38.50","23.10","13","59.90"
"20 - 21 School Year","63","Oakland Schools","63150","Troy School District","06393","Athens High School","63","Oakland","LEA School","High School","City: Small","Oakland Region","5","11","English Language Arts","Black, not of Hispanic origin","< 10","< 10","< 10","30.00","50.00","20.00","10","58.80"
"20 - 21 School Year","63","Oakland Schools","63150","Troy School District","06393","Athens High School","63","Oakland","LEA School","High School","City: Small","Oakland Region","5","11","English Language Arts","Not Economically Disadvantaged","129","89","53","47.60","32.80","19.60","271","62.20"
"20 - 21 School Year","63","Oakland Schools","63150","Troy School District","06393","Athens High School","63","Oakland","LEA School","High School","City: Small","Oakland Region","5","11","English Language Arts","Economically Disadvantaged","17","< 10","< 10","54.80","29.00","16.10","31","63.60"
"20 - 21 School Year","63","Oakland Schools","63150","Troy School District","06393","Athens High School","63","Oakland","LEA School","High School","City: Small","Oakland Region","5","11","English Language Arts","All Students","146","98","58","48.30","32.50","19.20","302","62.40"
"20 - 21 School Year","63","Oakland Schools","63150","Troy School District","06393","Athens High School","63","Oakland","LEA School","High School","City: Small","Oakland Region","5","11","English Language Arts","Students with Disabilities","< 10","< 10","< 10","46.70","46.70","6.70","15","69.40"
"20 - 21 School Year","63","Oakland Schools","63150","Troy School District","06393","Athens High School","63","Oakland","LEA School","High School","City: Small","Oakland Region","5","All Grades","English Language Arts","Students with Disabilities","< 10","< 10","< 10","46.70","46.70","6.70","15","69.40"
"20 - 21 School Year","63","Oakland Schools","63150","Troy School District","06393","Athens High School","63","Oakland","LEA School","High School","City: Small","Oakland Region","5","All Grades","English Language Arts","All Students","146","98","58","48.30","32.50","19.20","302","62.40"
"20 - 21 School Year","63","Oakland Schools","63150","Troy School District","06393","Athens High School","63","Oakland","LEA School","High School","City: Small","Oakland Region","5","All Grades","Mathematics","Not Migrant","83","128","92","27.40","42.20","30.40","303","50.70"
"20 - 21 School Year","63","Oakland Schools","63150","Troy School District","06393","Athens High School","63","Oakland","LEA School","High School","City: Small","Oakland Region","5","All Grades","Mathematics","Not English Learners","77","123","90","26.60","42.40","31.00","290","49.90"
"20 - 21 School Year","63","Oakland Schools","63150","Troy School District","06393","Athens High School","63","Oakland","LEA School","High School","City: Small","Oakland Region","5","All Grades","Mathematics","English Learners","< 10","< 10","< 10","46.20","38.50","15.40","13","67.80"
"20 - 21 School Year","63","Oakland Schools","63150","Troy School District","06393","Athens High School","63","Oakland","LEA School","High School","City: Small","Oakland Region","5","All Grades","Mathematics","Female","37","61","43","26.20","43.30","30.50","141","49.70"
"20 - 21 School Year","63","Oakland Schools","63150","Troy School District","06393","Athens High School","63","Oakland","LEA School","High School","City: Small","Oakland Region","5","All Grades","Mathematics","Male","46","67","49","28.40","41.40","30.20","162","51.50"
"20 - 21 School Year","63","Oakland Schools","63150","Troy School District","06393","Athens High School","63","Oakland","LEA School","High School","City: Small","Oakland Region","5","All Grades","Mathematics","Economically Disadvantaged","11","14","< 10","35.50","45.20","19.40","31","57.70"
"20 - 21 School Year","63","Oakland Schools","63150","Troy School District","06393","Athens High School","63","Oakland","LEA School","High School","City: Small","Oakland Region","5","All Grades","Mathematics","Not Economically Disadvantaged","72","114","86","26.50","41.90","31.60","272","49.90"
"20 - 21 School Year","63","Oakland Schools","63150","Troy School District","06393","Athens High School","63","Oakland","LEA School","High School","City: Small","Oakland Region","5","All Grades","Mathematics","Black, not of Hispanic origin","< 10","< 10","< 10","50.00","20.00","30.00","10","64.30"
"20 - 21 School Year","63","Oakland Schools","63150","Troy School District","06393","Athens High School","63","Oakland","LEA School","High School","City: Small","Oakland Region","5","All Grades","Mathematics","Hispanic","< 10","< 10","< 10","21.40","50.00","28.60","14","49.10"
"20 - 21 School Year","63","Oakland Schools","63150","Troy School District","06393","Athens High School","63","Oakland","LEA School","High School","City: Small","Oakland Region","5","All Grades","Mathematics","White, not of Hispanic origin","42","89","66","21.30","45.20","33.50","197","46.60"
"20 - 21 School Year","63","Oakland Schools","63150","Troy School District","06393","Athens High School","63","Oakland","LEA School","High School","City: Small","Oakland Region","5","All Grades","Mathematics","Two or More Races","< 10","< 10","< 10","27.30","36.40","36.40","11","47.70"
"20 - 21 School Year","63","Oakland Schools","63150","Troy School District","06393","Athens High School","63","Oakland","LEA School","High School","City: Small","Oakland Region","5","All Grades","Mathematics","Asian","30","26","15","42.30","36.60","21.10","71","60.90"
"20 - 21 School Year","63","Oakland Schools","63150","Troy School District","06393","Athens High School","63","Oakland","LEA School","High School","City: Small","Oakland Region","5","11","Social Studies","Two or More Races","< 10","< 10","< 10","< 10","< 10","< 10","< 10","< 10"
"20 - 21 School Year","63","Oakland Schools","63150","Troy School District","06393","Athens High School","63","Oakland","LEA School","High School","City: Small","Oakland Region","5","11","Social Studies","Asian","< 10","< 10","< 10","13.30","33.30","53.30","15","35.50"
"20 - 21 School Year","63","Oakland Schools","63150","Troy School District","06393","Athens High School","63","Oakland","LEA School","High School","City: Small","Oakland Region","5","11","Social Studies","Male","< 10","13","< 10","21.40","46.40","32.10","28","49.10"
"20 - 21 School Year","63","Oakland Schools","63150","Troy School District","06393","Athens High School","63","Oakland","LEA School","High School","City: Small","Oakland Region","5","11","Social Studies","Female","< 10","< 10","< 10","29.40","29.40","41.20","17","41.60"
"20 - 21 School Year","63","Oakland Schools","63150","Troy School District","06393","Athens High School","63","Oakland","LEA School","High School","City: Small","Oakland Region","5","11","Social Studies","English Learners","< 10","< 10","< 10","< 10","< 10","< 10","< 10","< 10"
"20 - 21 School Year","63","Oakland Schools","63150","Troy School District","06393","Athens High School","63","Oakland","LEA School","High School","City: Small","Oakland Region","5","11","Social Studies","Not English Learners","11","18","15","25.00","40.90","34.10","44","47.00"
"20 - 21 School Year","63","Oakland Schools","63150","Troy School District","06393","Athens High School","63","Oakland","LEA School","High School","City: Small","Oakland Region","5","11","Social Studies","Not Migrant","11","18","16","24.40","40.00","35.60","45","46.30"
"20 - 21 School Year","63","Oakland Schools","63150","Troy School District","06393","Athens High School","63","Oakland","LEA School","High School","City: Small","Oakland Region","5","11","Social Studies","Students with Disabilities","< 10","< 10","< 10","< 10","< 10","< 10","< 10","< 10"
"20 - 21 School Year","63","Oakland Schools","63150","Troy School District","06393","Athens High School","63","Oakland","LEA School","High School","City: Small","Oakland Region","5","11","Mathematics","Asian","30","26","15","42.30","36.60","21.10","71","60.90"
"20 - 21 School Year","63","Oakland Schools","63150","Troy School District","06393","Athens High School","63","Oakland","LEA School","High School","City: Small","Oakland Region","5","11","Mathematics","Two or More Races","< 10","< 10","< 10","27.30","36.40","36.40","11","47.70"
"20 - 21 School Year","63","Oakland Schools","63150","Troy School District","06393","Athens High School","63","Oakland","LEA School","High School","City: Small","Oakland Region","5","11","Mathematics","White, not of Hispanic origin","42","89","66","21.30","45.20","33.50","197","46.60"
"20 - 21 School Year","63","Oakland Schools","63150","Troy School District","06393","Athens High School","63","Oakland","LEA School","High School","City: Small","Oakland Region","5","11","Mathematics","Hispanic","< 10","< 10","< 10","21.40","50.00","28.60","14","49.10"
"20 - 21 School Year","63","Oakland Schools","63150","Troy School District","06393","Athens High School","63","Oakland","LEA School","High School","City: Small","Oakland Region","5","11","Mathematics","Black, not of Hispanic origin","< 10","< 10","< 10","50.00","20.00","30.00","10","64.30"
"20 - 21 School Year","63","Oakland Schools","63150","Troy School District","06393","Athens High School","63","Oakland","LEA School","High School","City: Small","Oakland Region","5","11","Mathematics","Not Economically Disadvantaged","72","114","86","26.50","41.90","31.60","272","49.90"
"20 - 21 School Year","63","Oakland Schools","63150","Troy School District","06393","Athens High School","63","Oakland","LEA School","High School","City: Small","Oakland Region","5","11","Mathematics","Economically Disadvantaged","11","14","< 10","35.50","45.20","19.40","31","57.70"
"20 - 21 School Year","63","Oakland Schools","63150","Troy School District","06393","Athens High School","63","Oakland","LEA School","High School","City: Small","Oakland Region","5","11","Mathematics","All Students","83","128","92","27.40","42.20","30.40","303","50.70"
"20 - 21 School Year","63","Oakland Schools","63150","Troy School District","06393","Athens High School","63","Oakland","LEA School","High School","City: Small","Oakland Region","5","11","Mathematics","Not English Learners","77","123","90","26.60","42.40","31.00","290","49.90"
"20 - 21 School Year","63","Oakland Schools","63150","Troy School District","06393","Athens High School","63","Oakland","LEA School","High School","City: Small","Oakland Region","5","11","Mathematics","Not Migrant","83","128","92","27.40","42.20","30.40","303","50.70"
"20 - 21 School Year","63","Oakland Schools","63150","Troy School District","06393","Athens High School","63","Oakland","LEA School","High School","City: Small","Oakland Region","5","All Grades","Science","Not Migrant","< 10","< 10","< 10","< 10","< 10","< 10","< 10","< 10"
"20 - 21 School Year","63","Oakland Schools","63150","Troy School District","06393","Athens High School","63","Oakland","LEA School","High School","City: Small","Oakland Region","5","All Grades","Science","Not English Learners","< 10","< 10","< 10","< 10","< 10","< 10","< 10","< 10"
"20 - 21 School Year","63","Oakland Schools","63150","Troy School District","06393","Athens High School","63","Oakland","LEA School","High School","City: Small","Oakland Region","5","All Grades","Science","Female","< 10","< 10","< 10","< 10","< 10","< 10","< 10","< 10"
"20 - 21 School Year","63","Oakland Schools","63150","Troy School District","06393","Athens High School","63","Oakland","LEA School","High School","City: Small","Oakland Region","5","All Grades","Science","White, not of Hispanic origin","< 10","< 10","< 10","< 10","< 10","< 10","< 10","< 10"
"20 - 21 School Year","63","Oakland Schools","63150","Troy School District","06393","Athens High School","63","Oakland","LEA School","High School","City: Small","Oakland Region","5","All Grades","Science","Not Economically Disadvantaged","< 10","< 10","< 10","< 10","< 10","< 10","< 10","< 10"
"20 - 21 School Year","63","Oakland Schools","63150","Troy School District","06393","Athens High School","63","Oakland","LEA School","High School","City: Small","Oakland Region","5","All Grades","Science","All Students","< 10","< 10","< 10","< 10","< 10","< 10","< 10","< 10"
"20 - 21 School Year","63","Oakland Schools","63150","Troy School District","06393","Athens High School","63","Oakland","LEA School","High School","City: Small","Oakland Region","5","11","Science","Not Migrant","< 10","< 10","< 10","< 10","< 10","< 10","< 10","< 10"
"20 - 21 School Year","63","Oakland Schools","63150","Troy School District","06393","Athens High School","63","Oakland","LEA School","High School","City: Small","Oakland Region","5","11","Science","Not English Learners","< 10","< 10","< 10","< 10","< 10","< 10","< 10","< 10"
"20 - 21 School Year","63","Oakland Schools","63150","Troy School District","06393","Athens High School","63","Oakland","LEA School","High School","City: Small","Oakland Region","5","11","Science","Female","< 10","< 10","< 10","< 10","< 10","< 10","< 10","< 10"
"20 - 21 School Year","63","Oakland Schools","63150","Troy School District","06393","Athens High School","63","Oakland","LEA School","High School","City: Small","Oakland Region","5","11","Science","White, not of Hispanic origin","< 10","< 10","< 10","< 10","< 10","< 10","< 10","< 10"
"20 - 21 School Year","63","Oakland Schools","63150","Troy School District","06393","Athens High School","63","Oakland","LEA School","High School","City: Small","Oakland Region","5","11","Science","Not Economically Disadvantaged","< 10","< 10","< 10","< 10","< 10","< 10","< 10","< 10"
"20 - 21 School Year","63","Oakland Schools","63150","Troy School District","06393","Athens High School","63","Oakland","LEA School","High School","City: Small","Oakland Region","5","11","Science","All Students","< 10","< 10","< 10","< 10","< 10","< 10","< 10","< 10"
"20 - 21 School Year","63","Oakland Schools","63150","Troy School District","06393","Athens High School","63","Oakland","LEA School","High School","City: Small","Oakland Region","5","11","Social Studies","Economically Disadvantaged","< 10","< 10","< 10","< 10","< 10","< 10","< 10","< 10"
"20 - 21 School Year","63","Oakland Schools","63150","Troy School District","06393","Athens High School","63","Oakland","LEA School","High School","City: Small","Oakland Region","5","11","Social Studies","Not Economically Disadvantaged","10","16","13","25.60","41.00","33.30","39","48.60"
"20 - 21 School Year","63","Oakland Schools","63150","Troy School District","06393","Athens High School","63","Oakland","LEA School","High School","City: Small","Oakland Region","5","11","Social Studies","Black, not of Hispanic origin","< 10","< 10","< 10","< 10","< 10","< 10","< 10","< 10"
"20 - 21 School Year","63","Oakland Schools","63150","Troy School District","06393","Athens High School","63","Oakland","LEA School","High School","City: Small","Oakland Region","5","11","Social Studies","Hispanic","< 10","< 10","< 10","< 10","< 10","< 10","< 10","< 10"
"20 - 21 School Year","63","Oakland Schools","63150","Troy School District","06393","Athens High School","63","Oakland","LEA School","High School","City: Small","Oakland Region","5","11","Social Studies","White, not of Hispanic origin","< 10","10","< 10","30.80","38.50","30.80","26","50.10"
"20 - 21 School Year","63","Oakland Schools","63150","Troy School District","06393","Athens High School","63","Oakland","LEA School","High School","City: Small","Oakland Region","5","11","Social Studies","All Students","11","18","16","24.40","40.00","35.60","45","46.30"
"20 - 21 School Year","63","Oakland Schools","63150","Troy School District","06393","Athens High School","63","Oakland","LEA School","High School","City: Small","Oakland Region","5","All Grades","Social Studies","Not Migrant","11","18","16","24.40","40.00","35.60","45","46.30"
"20 - 21 School Year","63","Oakland Schools","63150","Troy School District","06393","Athens High School","63","Oakland","LEA School","High School","City: Small","Oakland Region","5","All Grades","Social Studies","Not English Learners","11","18","15","25.00","40.90","34.10","44","47.00"
"20 - 21 School Year","63","Oakland Schools","63150","Troy School District","06393","Athens High School","63","Oakland","LEA School","High School","City: Small","Oakland Region","5","All Grades","Social Studies","Two or More Races","< 10","< 10","< 10","< 10","< 10","< 10","< 10","< 10"
"20 - 21 School Year","63","Oakland Schools","63150","Troy School District","06393","Athens High School","63","Oakland","LEA School","High School","City: Small","Oakland Region","5","All Grades","Social Studies","White, not of Hispanic origin","< 10","10","< 10","30.80","38.50","30.80","26","50.10"
"20 - 21 School Year","63","Oakland Schools","63150","Troy School District","06393","Athens High School","63","Oakland","LEA School","High School","City: Small","Oakland Region","5","All Grades","Social Studies","Hispanic","< 10","< 10","< 10","< 10","< 10","< 10","< 10","< 10"
"20 - 21 School Year","63","Oakland Schools","63150","Troy School District","06393","Athens High School","63","Oakland","LEA School","High School","City: Small","Oakland Region","5","All Grades","Social Studies","Black, not of Hispanic origin","< 10","< 10","< 10","< 10","< 10","< 10","< 10","< 10"
"20 - 21 School Year","63","Oakland Schools","63150","Troy School District","06393","Athens High School","63","Oakland","LEA School","High School","City: Small","Oakland Region","5","All Grades","Social Studies","Not Economically Disadvantaged","10","16","13","25.60","41.00","33.30","39","48.60"
"20 - 21 School Year","63","Oakland Schools","63150","Troy School District","06393","Athens High School","63","Oakland","LEA School","High School","City: Small","Oakland Region","5","All Grades","Social Studies","Economically Disadvantaged","< 10","< 10","< 10","< 10","< 10","< 10","< 10","< 10"
"20 - 21 School Year","63","Oakland Schools","63150","Troy School District","06393","Athens High School","63","Oakland","LEA School","High School","City: Small","Oakland Region","5","All Grades","Social Studies","All Students","11","18","16","24.40","40.00","35.60","45","46.30"
"20 - 21 School Year","63","Oakland Schools","63150","Troy School District","06393","Athens High School","63","Oakland","LEA School","High School","City: Small","Oakland Region","5","11","English Language Arts","Students without Disabilities","139","91","57","48.40","31.70","19.90","287","62.00"
"20 - 21 School Year","63","Oakland Schools","63150","Troy School District","06393","Athens High School","63","Oakland","LEA School","High School","City: Small","Oakland Region","5","All Grades","Social Studies","English Learners","< 10","< 10","< 10","< 10","< 10","< 10","< 10","< 10"
"20 - 21 School Year","63","Oakland Schools","63150","Troy School District","06393","Athens High School","63","Oakland","LEA School","High School","City: Small","Oakland Region","5","All Grades","Social Studies","Female","< 10","< 10","< 10","29.40","29.40","41.20","17","41.60"
"20 - 21 School Year","63","Oakland Schools","63150","Troy School District","06393","Athens High School","63","Oakland","LEA School","High School","City: Small","Oakland Region","5","All Grades","Social Studies","Male","< 10","13","< 10","21.40","46.40","32.10","28","49.10"
"20 - 21 School Year","63","Oakland Schools","63150","Troy School District","06393","Athens High School","63","Oakland","LEA School","High School","City: Small","Oakland Region","5","All Grades","Social Studies","Asian","< 10","< 10","< 10","13.30","33.30","53.30","15","35.50"
"20 - 21 School Year","63","Oakland Schools","63150","Troy School District","06393","Athens High School","63","Oakland","LEA School","High School","City: Small","Oakland Region","5","11","Social Studies","Students without Disabilities","< 10","15","15","23.10","38.50","38.50","39","45.20"
"20 - 21 School Year","63","Oakland Schools","63150","Troy School District","06939","Wass Elementary School","63","Oakland","LEA School","Elementary","City: Small","Oakland Region","5","05","English Language Arts","Students without Disabilities","< 10","20","18","17.40","43.50","39.10","46","40.60"
"20 - 21 School Year","63","Oakland Schools","63150","Troy School District","06939","Wass Elementary School","63","Oakland","LEA School","Elementary","City: Small","Oakland Region","5","All Grades","Mathematics","Students without Disabilities","10","11","25","21.70","23.90","54.30","46","37.50"
"20 - 21 School Year","63","Oakland Schools","63150","Troy School District","06939","Wass Elementary School","63","Oakland","LEA School","Elementary","City: Small","Oakland Region","5","05","Mathematics","Students without Disabilities","10","11","25","21.70","23.90","54.30","46","37.50"
"20 - 21 School Year","63","Oakland Schools","63150","Troy School District","06939","Wass Elementary School","63","Oakland","LEA School","Elementary","City: Small","Oakland Region","5","05","English Language Arts","Students with Disabilities","< 10","< 10","< 10","< 10","< 10","< 10","< 10","< 10"
"20 - 21 School Year","63","Oakland Schools","63150","Troy School District","06939","Wass Elementary School","63","Oakland","LEA School","Elementary","City: Small","Oakland Region","5","05","English Language Arts","Black, not of Hispanic origin","< 10","< 10","< 10","< 10","< 10","< 10","< 10","< 10"
"20 - 21 School Year","63","Oakland Schools","63150","Troy School District","06939","Wass Elementary School","63","Oakland","LEA School","Elementary","City: Small","Oakland Region","5","05","English Language Arts","Not Economically Disadvantaged","12","21","17","24.00","42.00","34.00","50","45.30"
"20 - 21 School Year","63","Oakland Schools","63150","Troy School District","06939","Wass Elementary School","63","Oakland","LEA School","Elementary","City: Small","Oakland Region","5","05","English Language Arts","Economically Disadvantaged","< 10","< 10","< 10","< 10","< 10","< 10","< 10","< 10"
"20 - 21 School Year","63","Oakland Schools","63150","Troy School District","06939","Wass Elementary School","63","Oakland","LEA School","Elementary","City: Small","Oakland Region","5","05","English Language Arts","All Students","12","22","20","22.20","40.70","37.00","54","43.40"
"20 - 21 School Year","63","Oakland Schools","63150","Troy School District","06939","Wass Elementary School","63","Oakland","LEA School","Elementary","City: Small","Oakland Region","5","All Grades","English Language Arts","Not Migrant","12","22","20","22.20","40.70","37.00","54","43.40"
"20 - 21 School Year","63","Oakland Schools","63150","Troy School District","06939","Wass Elementary School","63","Oakland","LEA School","Elementary","City: Small","Oakland Region","5","All Grades","English Language Arts","Not English Learners","12","22","19","22.60","41.50","35.80","53","43.70"
"20 - 21 School Year","63","Oakland Schools","63150","Troy School District","06939","Wass Elementary School","63","Oakland","LEA School","Elementary","City: Small","Oakland Region","5","All Grades","English Language Arts","English Learners","< 10","< 10","< 10","< 10","< 10","< 10","< 10","< 10"
"20 - 21 School Year","63","Oakland Schools","63150","Troy School District","06939","Wass Elementary School","63","Oakland","LEA School","Elementary","City: Small","Oakland Region","5","All Grades","English Language Arts","Female","< 10","11","11","12.00","44.00","44.00","25","36.00"
"20 - 21 School Year","63","Oakland Schools","63150","Troy School District","06939","Wass Elementary School","63","Oakland","LEA School","Elementary","City: Small","Oakland Region","5","All Grades","English Language Arts","Male","< 10","11","< 10","31.00","37.90","31.00","29","49.80"
"20 - 21 School Year","63","Oakland Schools","63150","Troy School District","06939","Wass Elementary School","63","Oakland","LEA School","Elementary","City: Small","Oakland Region","5","All Grades","English Language Arts","Asian","< 10","< 10","< 10","28.60","35.70","35.70","14","49.00"
"20 - 21 School Year","63","Oakland Schools","63150","Troy School District","06939","Wass Elementary School","63","Oakland","LEA School","Elementary","City: Small","Oakland Region","5","All Grades","English Language Arts","Two or More Races","< 10","< 10","< 10","< 10","< 10","< 10","< 10","< 10"
"20 - 21 School Year","63","Oakland Schools","63150","Troy School District","06939","Wass Elementary School","63","Oakland","LEA School","Elementary","City: Small","Oakland Region","5","All Grades","English Language Arts","White, not of Hispanic origin","< 10","14","12","21.20","42.40","36.40","33","41.40"
"20 - 21 School Year","63","Oakland Schools","63150","Troy School District","06939","Wass Elementary School","63","Oakland","LEA School","Elementary","City: Small","Oakland Region","5","All Grades","English Language Arts","Hispanic","< 10","< 10","< 10","< 10","< 10","< 10","< 10","< 10"
"20 - 21 School Year","63","Oakland Schools","63150","Troy School District","06939","Wass Elementary School","63","Oakland","LEA School","Elementary","City: Small","Oakland Region","5","All Grades","Mathematics","All Students","13","14","27","24.10","25.90","50.00","54","39.80"
"20 - 21 School Year","63","Oakland Schools","63150","Troy School District","06939","Wass Elementary School","63","Oakland","LEA School","Elementary","City: Small","Oakland Region","5","All Grades","Mathematics","Economically Disadvantaged","< 10","< 10","< 10","< 10","< 10","< 10","< 10","< 10"
"20 - 21 School Year","63","Oakland Schools","63150","Troy School District","06939","Wass Elementary School","63","Oakland","LEA School","Elementary","City: Small","Oakland Region","5","All Grades","Mathematics","Not Economically Disadvantaged","13","12","25","26.00","24.00","50.00","50","40.60"
"20 - 21 School Year","63","Oakland Schools","63150","Troy School District","06939","Wass Elementary School","63","Oakland","LEA School","Elementary","City: Small","Oakland Region","5","All Grades","Mathematics","Black, not of Hispanic origin","< 10","< 10","< 10","< 10","< 10","< 10","< 10","< 10"
"20 - 21 School Year","63","Oakland Schools","63150","Troy School District","06939","Wass Elementary School","63","Oakland","LEA School","Elementary","City: Small","Oakland Region","5","All Grades","Mathematics","Hispanic","< 10","< 10","< 10","< 10","< 10","< 10","< 10","< 10"
"20 - 21 School Year","63","Oakland Schools","63150","Troy School District","06939","Wass Elementary School","63","Oakland","LEA School","Elementary","City: Small","Oakland Region","5","All Grades","Mathematics","White, not of Hispanic origin","< 10","< 10","19","21.20","21.20","57.60","33","35.50"
"20 - 21 School Year","63","Oakland Schools","63150","Troy School District","06939","Wass Elementary School","63","Oakland","LEA School","Elementary","City: Small","Oakland Region","5","All Grades","Mathematics","Two or More Races","< 10","< 10","< 10","< 10","< 10","< 10","< 10","< 10"
"20 - 21 School Year","63","Oakland Schools","63150","Troy School District","06939","Wass Elementary School","63","Oakland","LEA School","Elementary","City: Small","Oakland Region","5","All Grades","Mathematics","Asian","< 10","< 10","< 10","35.70","21.40","42.90","14","48.50"
"20 - 21 School Year","63","Oakland Schools","63150","Troy School District","06939","Wass Elementary School","63","Oakland","LEA School","Elementary","City: Small","Oakland Region","5","All Grades","Mathematics","Male","12","< 10","10","41.40","24.10","34.50","29","50.60"
"20 - 21 School Year","63","Oakland Schools","63150","Troy School District","06939","Wass Elementary School","63","Oakland","LEA School","Elementary","City: Small","Oakland Region","5","All Grades","Mathematics","Female","< 10","< 10","17","< 5","28.00","68.00","25","27.30"
"20 - 21 School Year","63","Oakland Schools","63150","Troy School District","06939","Wass Elementary School","63","Oakland","LEA School","Elementary","City: Small","Oakland Region","5","All Grades","Mathematics","English Learners","< 10","< 10","< 10","< 10","< 10","< 10","< 10","< 10"
"20 - 21 School Year","63","Oakland Schools","63150","Troy School District","06939","Wass Elementary School","63","Oakland","LEA School","Elementary","City: Small","Oakland Region","5","All Grades","Mathematics","Not English Learners","13","13","27","24.50","24.50","50.90","53","39.90"
"20 - 21 School Year","63","Oakland Schools","63150","Troy School District","06939","Wass Elementary School","63","Oakland","LEA School","Elementary","City: Small","Oakland Region","5","All Grades","Mathematics","Not Migrant","13","14","27","24.10","25.90","50.00","54","39.80"
"20 - 21 School Year","63","Oakland Schools","63150","Troy School District","06939","Wass Elementary School","63","Oakland","LEA School","Elementary","City: Small","Oakland Region","5","05","Mathematics","Not Migrant","13","14","27","24.10","25.90","50.00","54","39.80"
"20 - 21 School Year","63","Oakland Schools","63150","Troy School District","06939","Wass Elementary School","63","Oakland","LEA School","Elementary","City: Small","Oakland Region","5","05","Mathematics","Not English Learners","13","13","27","24.50","24.50","50.90","53","39.90"
"20 - 21 School Year","63","Oakland Schools","63150","Troy School District","06939","Wass Elementary School","63","Oakland","LEA School","Elementary","City: Small","Oakland Region","5","05","Mathematics","English Learners","< 10","< 10","< 10","< 10","< 10","< 10","< 10","< 10"
"20 - 21 School Year","63","Oakland Schools","63150","Troy School District","06939","Wass Elementary School","63","Oakland","LEA School","Elementary","City: Small","Oakland Region","5","05","Mathematics","Female","< 10","< 10","17","< 5","28.00","68.00","25","27.30"
"20 - 21 School Year","63","Oakland Schools","63150","Troy School District","06939","Wass Elementary School","63","Oakland","LEA School","Elementary","City: Small","Oakland Region","5","05","Mathematics","Male","12","< 10","10","41.40","24.10","34.50","29","50.60"
"20 - 21 School Year","63","Oakland Schools","63150","Troy School District","06939","Wass Elementary School","63","Oakland","LEA School","Elementary","City: Small","Oakland Region","5","05","Mathematics","Asian","< 10","< 10","< 10","35.70","21.40","42.90","14","48.50"
"20 - 21 School Year","63","Oakland Schools","63150","Troy School District","06939","Wass Elementary School","63","Oakland","LEA School","Elementary","City: Small","Oakland Region","5","05","Mathematics","Two or More Races","< 10","< 10","< 10","< 10","< 10","< 10","< 10","< 10"
"20 - 21 School Year","63","Oakland Schools","63150","Troy School District","06939","Wass Elementary School","63","Oakland","LEA School","Elementary","City: Small","Oakland Region","5","05","Mathematics","White, not of Hispanic origin","< 10","< 10","19","21.20","21.20","57.60","33","35.50"
"20 - 21 School Year","63","Oakland Schools","63150","Troy School District","06939","Wass Elementary School","63","Oakland","LEA School","Elementary","City: Small","Oakland Region","5","05","Mathematics","Hispanic","< 10","< 10","< 10","< 10","< 10","< 10","< 10","< 10"
"20 - 21 School Year","63","Oakland Schools","63150","Troy School District","06939","Wass Elementary School","63","Oakland","LEA School","Elementary","City: Small","Oakland Region","5","05","Mathematics","Black, not of Hispanic origin","< 10","< 10","< 10","< 10","< 10","< 10","< 10","< 10"
"20 - 21 School Year","63","Oakland Schools","63150","Troy School District","06939","Wass Elementary School","63","Oakland","LEA School","Elementary","City: Small","Oakland Region","5","05","Mathematics","Not Economically Disadvantaged","13","12","25","26.00","24.00","50.00","50","40.60"
"20 - 21 School Year","63","Oakland Schools","63150","Troy School District","06939","Wass Elementary School","63","Oakland","LEA School","Elementary","City: Small","Oakland Region","5","05","Mathematics","Economically Disadvantaged","< 10","< 10","< 10","< 10","< 10","< 10","< 10","< 10"
"20 - 21 School Year","63","Oakland Schools","63150","Troy School District","06939","Wass Elementary School","63","Oakland","LEA School","Elementary","City: Small","Oakland Region","5","05","Mathematics","All Students","13","14","27","24.10","25.90","50.00","54","39.80"
"20 - 21 School Year","63","Oakland Schools","63150","Troy School District","06939","Wass Elementary School","63","Oakland","LEA School","Elementary","City: Small","Oakland Region","5","All Grades","English Language Arts","All Students","12","22","20","22.20","40.70","37.00","54","43.40"
"20 - 21 School Year","63","Oakland Schools","63150","Troy School District","06939","Wass Elementary School","63","Oakland","LEA School","Elementary","City: Small","Oakland Region","5","All Grades","English Language Arts","Black, not of Hispanic origin","< 10","< 10","< 10","< 10","< 10","< 10","< 10","< 10"
"20 - 21 School Year","63","Oakland Schools","63150","Troy School District","06939","Wass Elementary School","63","Oakland","LEA School","Elementary","City: Small","Oakland Region","5","All Grades","English Language Arts","Not Economically Disadvantaged","12","21","17","24.00","42.00","34.00","50","45.30"
"20 - 21 School Year","63","Oakland Schools","63150","Troy School District","06939","Wass Elementary School","63","Oakland","LEA School","Elementary","City: Small","Oakland Region","5","All Grades","English Language Arts","Economically Disadvantaged","< 10","< 10","< 10","< 10","< 10","< 10","< 10","< 10"
"20 - 21 School Year","63","Oakland Schools","63150","Troy School District","06939","Wass Elementary School","63","Oakland","LEA School","Elementary","City: Small","Oakland Region","5","05","English Language Arts","Two or More Races","< 10","< 10","< 10","< 10","< 10","< 10","< 10","< 10"
"20 - 21 School Year","63","Oakland Schools","63150","Troy School District","06939","Wass Elementary School","63","Oakland","LEA School","Elementary","City: Small","Oakland Region","5","05","English Language Arts","White, not of Hispanic origin","< 10","14","12","21.20","42.40","36.40","33","41.40"
"20 - 21 School Year","63","Oakland Schools","63150","Troy School District","06939","Wass Elementary School","63","Oakland","LEA School","Elementary","City: Small","Oakland Region","5","05","English Language Arts","Hispanic","< 10","< 10","< 10","< 10","< 10","< 10","< 10","< 10"
"20 - 21 School Year","63","Oakland Schools","63150","Troy School District","06939","Wass Elementary School","63","Oakland","LEA School","Elementary","City: Small","Oakland Region","5","05","English Language Arts","Not Migrant","12","22","20","22.20","40.70","37.00","54","43.40"
"20 - 21 School Year","63","Oakland Schools","63150","Troy School District","06939","Wass Elementary School","63","Oakland","LEA School","Elementary","City: Small","Oakland Region","5","05","English Language Arts","Not English Learners","12","22","19","22.60","41.50","35.80","53","43.70"
"20 - 21 School Year","63","Oakland Schools","63150","Troy School District","06939","Wass Elementary School","63","Oakland","LEA School","Elementary","City: Small","Oakland Region","5","05","English Language Arts","English Learners","< 10","< 10","< 10","< 10","< 10","< 10","< 10","< 10"
"20 - 21 School Year","63","Oakland Schools","63150","Troy School District","06939","Wass Elementary School","63","Oakland","LEA School","Elementary","City: Small","Oakland Region","5","05","English Language Arts","Female","< 10","11","11","12.00","44.00","44.00","25","36.00"
"20 - 21 School Year","63","Oakland Schools","63150","Troy School District","06939","Wass Elementary School","63","Oakland","LEA School","Elementary","City: Small","Oakland Region","5","05","English Language Arts","Male","< 10","11","< 10","31.00","37.90","31.00","29","49.80"
"20 - 21 School Year","63","Oakland Schools","63150","Troy School District","06939","Wass Elementary School","63","Oakland","LEA School","Elementary","City: Small","Oakland Region","5","05","English Language Arts","Asian","< 10","< 10","< 10","28.60","35.70","35.70","14","49.00"
"20 - 21 School Year","63","Oakland Schools","63150","Troy School District","06939","Wass Elementary School","63","Oakland","LEA School","Elementary","City: Small","Oakland Region","5","All Grades","English Language Arts","Students with Disabilities","< 10","< 10","< 10","< 10","< 10","< 10","< 10","< 10"
"20 - 21 School Year","63","Oakland Schools","63150","Troy School District","06939","Wass Elementary School","63","Oakland","LEA School","Elementary","City: Small","Oakland Region","5","All Grades","Mathematics","Students with Disabilities","< 10","< 10","< 10","< 10","< 10","< 10","< 10","< 10"
"20 - 21 School Year","63","Oakland Schools","63150","Troy School District","06939","Wass Elementary School","63","Oakland","LEA School","Elementary","City: Small","Oakland Region","5","05","Mathematics","Students with Disabilities","< 10","< 10","< 10","< 10","< 10","< 10","< 10","< 10"
"20 - 21 School Year","63","Oakland Schools","63150","Troy School District","06939","Wass Elementary School","63","Oakland","LEA School","Elementary","City: Small","Oakland Region","5","All Grades","English Language Arts","Students without Disabilities","< 10","20","18","17.40","43.50","39.10","46","40.60"
"20 - 21 School Year","63","Oakland Schools","63150","Troy School District","06940","Bemis Elementary School","63","Oakland","LEA School","Elementary","City: Small","Oakland Region","5","All Grades","English Language Arts","Students without Disabilities","16","18","11","35.60","40.00","24.40","45","53.60"
"20 - 21 School Year","63","Oakland Schools","63150","Troy School District","06940","Bemis Elementary School","63","Oakland","LEA School","Elementary","City: Small","Oakland Region","5","All Grades","Mathematics","Students with Disabilities","< 10","< 10","< 10","< 10","< 10","< 10","< 10","< 10"
"20 - 21 School Year","63","Oakland Schools","63150","Troy School District","06940","Bemis Elementary School","63","Oakland","LEA School","Elementary","City: Small","Oakland Region","5","05","English Language Arts","All Students","17","20","12","34.70","40.80","24.50","49","53.50"
"20 - 21 School Year","63","Oakland Schools","63150","Troy School District","06940","Bemis Elementary School","63","Oakland","LEA School","Elementary","City: Small","Oakland Region","5","05","English Language Arts","Economically Disadvantaged","< 10","< 10","< 10","< 10","< 10","< 10","< 10","< 10"
"20 - 21 School Year","63","Oakland Schools","63150","Troy School District","06940","Bemis Elementary School","63","Oakland","LEA School","Elementary","City: Small","Oakland Region","5","05","English Language Arts","Not Economically Disadvantaged","17","19","12","35.40","39.60","25.00","48","53.20"
"20 - 21 School Year","63","Oakland Schools","63150","Troy School District","06940","Bemis Elementary School","63","Oakland","LEA School","Elementary","City: Small","Oakland Region","5","05","Mathematics","Not Migrant","16","16","17","32.70","32.70","34.70","49","47.70"
"20 - 21 School Year","63","Oakland Schools","63150","Troy School District","06940","Bemis Elementary School","63","Oakland","LEA School","Elementary","City: Small","Oakland Region","5","05","Mathematics","White, not of Hispanic origin","< 10","< 10","< 10","25.00","30.00","45.00","20","40.60"
"20 - 21 School Year","63","Oakland Schools","63150","Troy School District","06940","Bemis Elementary School","63","Oakland","LEA School","Elementary","City: Small","Oakland Region","5","05","Mathematics","Two or More Races","< 10","< 10","< 10","< 10","< 10","< 10","< 10","< 10"
"20 - 21 School Year","63","Oakland Schools","63150","Troy School District","06940","Bemis Elementary School","63","Oakland","LEA School","Elementary","City: Small","Oakland Region","5","05","Mathematics","Asian","11","10","< 10","42.30","38.50","19.20","26","57.00"
"20 - 21 School Year","63","Oakland Schools","63150","Troy School District","06940","Bemis Elementary School","63","Oakland","LEA School","Elementary","City: Small","Oakland Region","5","05","Mathematics","Male","< 10","< 10","< 10","34.60","30.80","34.60","26","46.90"
"20 - 21 School Year","63","Oakland Schools","63150","Troy School District","06940","Bemis Elementary School","63","Oakland","LEA School","Elementary","City: Small","Oakland Region","5","05","Mathematics","Female","< 10","< 10","< 10","30.40","34.80","34.80","23","48.70"
"20 - 21 School Year","63","Oakland Schools","63150","Troy School District","06940","Bemis Elementary School","63","Oakland","LEA School","Elementary","City: Small","Oakland Region","5","05","Mathematics","English Learners","< 10","< 10","< 10","< 10","< 10","< 10","< 10","< 10"
"20 - 21 School Year","63","Oakland Schools","63150","Troy School District","06940","Bemis Elementary School","63","Oakland","LEA School","Elementary","City: Small","Oakland Region","5","05","Mathematics","Not English Learners","16","15","14","35.60","33.30","31.10","45","49.70"
"20 - 21 School Year","63","Oakland Schools","63150","Troy School District","06940","Bemis Elementary School","63","Oakland","LEA School","Elementary","City: Small","Oakland Region","5","05","Mathematics","Students without Disabilities","14","16","15","31.10","35.60","33.30","45","47.70"
"20 - 21 School Year","63","Oakland Schools","63150","Troy School District","06940","Bemis Elementary School","63","Oakland","LEA School","Elementary","City: Small","Oakland Region","5","All Grades","Mathematics","Students without Disabilities","14","16","15","31.10","35.60","33.30","45","47.70"
"20 - 21 School Year","63","Oakland Schools","63150","Troy School District","06940","Bemis Elementary School","63","Oakland","LEA School","Elementary","City: Small","Oakland Region","5","All Grades","English Language Arts","Not Migrant","17","20","12","34.70","40.80","24.50","49","53.50"
"20 - 21 School Year","63","Oakland Schools","63150","Troy School District","06940","Bemis Elementary School","63","Oakland","LEA School","Elementary","City: Small","Oakland Region","5","All Grades","English Language Arts","Not English Learners","15","18","12","33.30","40.00","26.70","45","51.60"
"20 - 21 School Year","63","Oakland Schools","63150","Troy School District","06940","Bemis Elementary School","63","Oakland","LEA School","Elementary","City: Small","Oakland Region","5","All Grades","English Language Arts","English Learners","< 10","< 10","< 10","< 10","< 10","< 10","< 10","< 10"
"20 - 21 School Year","63","Oakland Schools","63150","Troy School District","06940","Bemis Elementary School","63","Oakland","LEA School","Elementary","City: Small","Oakland Region","5","All Grades","English Language Arts","Female","11","10","< 10","47.80","43.50","8.70","23","62.00"
"20 - 21 School Year","63","Oakland Schools","63150","Troy School District","06940","Bemis Elementary School","63","Oakland","LEA School","Elementary","City: Small","Oakland Region","5","All Grades","English Language Arts","Male","< 10","10","10","23.10","38.50","38.50","26","45.90"
"20 - 21 School Year","63","Oakland Schools","63150","Troy School District","06940","Bemis Elementary School","63","Oakland","LEA School","Elementary","City: Small","Oakland Region","5","All Grades","English Language Arts","Asian","< 10","12","< 10","26.90","46.20","26.90","26","49.20"
"20 - 21 School Year","63","Oakland Schools","63150","Troy School District","06940","Bemis Elementary School","63","Oakland","LEA School","Elementary","City: Small","Oakland Region","5","All Grades","English Language Arts","Two or More Races","< 10","< 10","< 10","< 10","< 10","< 10","< 10","< 10"
"20 - 21 School Year","63","Oakland Schools","63150","Troy School District","06940","Bemis Elementary School","63","Oakland","LEA School","Elementary","City: Small","Oakland Region","5","All Grades","English Language Arts","White, not of Hispanic origin","10","< 10","< 10","50.00","30.00","20.00","20","60.90"
"20 - 21 School Year","63","Oakland Schools","63150","Troy School District","06940","Bemis Elementary School","63","Oakland","LEA School","Elementary","City: Small","Oakland Region","5","All Grades","English Language Arts","Hispanic","< 10","< 10","< 10","< 10","< 10","< 10","< 10","< 10"
"20 - 21 School Year","63","Oakland Schools","63150","Troy School District","06940","Bemis Elementary School","63","Oakland","LEA School","Elementary","City: Small","Oakland Region","5","All Grades","English Language Arts","Native Hawaiian or Other Pacific Islander","< 10","< 10","< 10","< 10","< 10","< 10","< 10","< 10"
"20 - 21 School Year","63","Oakland Schools","63150","Troy School District","06940","Bemis Elementary School","63","Oakland","LEA School","Elementary","City: Small","Oakland Region","5","05","English Language Arts","Not Migrant","17","20","12","34.70","40.80","24.50","49","53.50"
"20 - 21 School Year","63","Oakland Schools","63150","Troy School District","06940","Bemis Elementary School","63","Oakland","LEA School","Elementary","City: Small","Oakland Region","5","05","English Language Arts","Not English Learners","15","18","12","33.30","40.00","26.70","45","51.60"
"20 - 21 School Year","63","Oakland Schools","63150","Troy School District","06940","Bemis Elementary School","63","Oakland","LEA School","Elementary","City: Small","Oakland Region","5","05","English Language Arts","English Learners","< 10","< 10","< 10","< 10","< 10","< 10","< 10","< 10"
"20 - 21 School Year","63","Oakland Schools","63150","Troy School District","06940","Bemis Elementary School","63","Oakland","LEA School","Elementary","City: Small","Oakland Region","5","05","English Language Arts","Female","11","10","< 10","47.80","43.50","8.70","23","62.00"
"20 - 21 School Year","63","Oakland Schools","63150","Troy School District","06940","Bemis Elementary School","63","Oakland","LEA School","Elementary","City: Small","Oakland Region","5","05","English Language Arts","Male","< 10","10","10","23.10","38.50","38.50","26","45.90"
"20 - 21 School Year","63","Oakland Schools","63150","Troy School District","06940","Bemis Elementary School","63","Oakland","LEA School","Elementary","City: Small","Oakland Region","5","05","English Language Arts","Asian","< 10","12","< 10","26.90","46.20","26.90","26","49.20"
"20 - 21 School Year","63","Oakland Schools","63150","Troy School District","06940","Bemis Elementary School","63","Oakland","LEA School","Elementary","City: Small","Oakland Region","5","05","English Language Arts","Students with Disabilities","< 10","< 10","< 10","< 10","< 10","< 10","< 10","< 10"
"20 - 21 School Year","63","Oakland Schools","63150","Troy School District","06940","Bemis Elementary School","63","Oakland","LEA School","Elementary","City: Small","Oakland Region","5","All Grades","English Language Arts","Students with Disabilities","< 10","< 10","< 10","< 10","< 10","< 10","< 10","< 10"
"20 - 21 School Year","63","Oakland Schools","63150","Troy School District","06940","Bemis Elementary School","63","Oakland","LEA School","Elementary","City: Small","Oakland Region","5","All Grades","English Language Arts","Not Economically Disadvantaged","17","19","12","35.40","39.60","25.00","48","53.20"
"20 - 21 School Year","63","Oakland Schools","63150","Troy School District","06940","Bemis Elementary School","63","Oakland","LEA School","Elementary","City: Small","Oakland Region","5","All Grades","English Language Arts","Economically Disadvantaged","< 10","< 10","< 10","< 10","< 10","< 10","< 10","< 10"
"20 - 21 School Year","63","Oakland Schools","63150","Troy School District","06940","Bemis Elementary School","63","Oakland","LEA School","Elementary","City: Small","Oakland Region","5","All Grades","English Language Arts","All Students","17","20","12","34.70","40.80","24.50","49","53.50"
"20 - 21 School Year","63","Oakland Schools","63150","Troy School District","06940","Bemis Elementary School","63","Oakland","LEA School","Elementary","City: Small","Oakland Region","5","05","English Language Arts","Native Hawaiian or Other Pacific Islander","< 10","< 10","< 10","< 10","< 10","< 10","< 10","< 10"
"20 - 21 School Year","63","Oakland Schools","63150","Troy School District","06940","Bemis Elementary School","63","Oakland","LEA School","Elementary","City: Small","Oakland Region","5","05","English Language Arts","Hispanic","< 10","< 10","< 10","< 10","< 10","< 10","< 10","< 10"
"20 - 21 School Year","63","Oakland Schools","63150","Troy School District","06940","Bemis Elementary School","63","Oakland","LEA School","Elementary","City: Small","Oakland Region","5","05","English Language Arts","White, not of Hispanic origin","10","< 10","< 10","50.00","30.00","20.00","20","60.90"
"20 - 21 School Year","63","Oakland Schools","63150","Troy School District","06940","Bemis Elementary School","63","Oakland","LEA School","Elementary","City: Small","Oakland Region","5","05","English Language Arts","Two or More Races","< 10","< 10","< 10","< 10","< 10","< 10","< 10","< 10"
"20 - 21 School Year","63","Oakland Schools","63150","Troy School District","06940","Bemis Elementary School","63","Oakland","LEA School","Elementary","City: Small","Oakland Region","5","05","Mathematics","Students with Disabilities","< 10","< 10","< 10","< 10","< 10","< 10","< 10","< 10"
"20 - 21 School Year","63","Oakland Schools","63150","Troy School District","06940","Bemis Elementary School","63","Oakland","LEA School","Elementary","City: Small","Oakland Region","5","All Grades","Mathematics","Economically Disadvantaged","< 10","< 10","< 10","< 10","< 10","< 10","< 10","< 10"
"20 - 21 School Year","63","Oakland Schools","63150","Troy School District","06940","Bemis Elementary School","63","Oakland","LEA School","Elementary","City: Small","Oakland Region","5","All Grades","Mathematics","All Students","16","16","17","32.70","32.70","34.70","49","47.70"
"20 - 21 School Year","63","Oakland Schools","63150","Troy School District","06940","Bemis Elementary School","63","Oakland","LEA School","Elementary","City: Small","Oakland Region","5","All Grades","Mathematics","Not Economically Disadvantaged","16","16","16","33.30","33.30","33.30","48","48.70"
"20 - 21 School Year","63","Oakland Schools","63150","Troy School District","06940","Bemis Elementary School","63","Oakland","LEA School","Elementary","City: Small","Oakland Region","5","All Grades","Mathematics","Native Hawaiian or Other Pacific Islander","< 10","< 10","< 10","< 10","< 10","< 10","< 10","< 10"
"20 - 21 School Year","63","Oakland Schools","63150","Troy School District","06940","Bemis Elementary School","63","Oakland","LEA School","Elementary","City: Small","Oakland Region","5","All Grades","Mathematics","Hispanic","< 10","< 10","< 10","< 10","< 10","< 10","< 10","< 10"
"20 - 21 School Year","63","Oakland Schools","63150","Troy School District","06940","Bemis Elementary School","63","Oakland","LEA School","Elementary","City: Small","Oakland Region","5","All Grades","Mathematics","White, not of Hispanic origin","< 10","< 10","< 10","25.00","30.00","45.00","20","40.60"
"20 - 21 School Year","63","Oakland Schools","63150","Troy School District","06940","Bemis Elementary School","63","Oakland","LEA School","Elementary","City: Small","Oakland Region","5","All Grades","Mathematics","Two or More Races","< 10","< 10","< 10","< 10","< 10","< 10","< 10","< 10"
"20 - 21 School Year","63","Oakland Schools","63150","Troy School District","06940","Bemis Elementary School","63","Oakland","LEA School","Elementary","City: Small","Oakland Region","5","All Grades","Mathematics","Asian","11","10","< 10","42.30","38.50","19.20","26","57.00"
"20 - 21 School Year","63","Oakland Schools","63150","Troy School District","06940","Bemis Elementary School","63","Oakland","LEA School","Elementary","City: Small","Oakland Region","5","All Grades","Mathematics","Male","< 10","< 10","< 10","34.60","30.80","34.60","26","46.90"
"20 - 21 School Year","63","Oakland Schools","63150","Troy School District","06940","Bemis Elementary School","63","Oakland","LEA School","Elementary","City: Small","Oakland Region","5","All Grades","Mathematics","Female","< 10","< 10","< 10","30.40","34.80","34.80","23","48.70"
"20 - 21 School Year","63","Oakland Schools","63150","Troy School District","06940","Bemis Elementary School","63","Oakland","LEA School","Elementary","City: Small","Oakland Region","5","All Grades","Mathematics","English Learners","< 10","< 10","< 10","< 10","< 10","< 10","< 10","< 10"
"20 - 21 School Year","63","Oakland Schools","63150","Troy School District","06940","Bemis Elementary School","63","Oakland","LEA School","Elementary","City: Small","Oakland Region","5","All Grades","Mathematics","Not English Learners","16","15","14","35.60","33.30","31.10","45","49.70"
"20 - 21 School Year","63","Oakland Schools","63150","Troy School District","06940","Bemis Elementary School","63","Oakland","LEA School","Elementary","City: Small","Oakland Region","5","All Grades","Mathematics","Not Migrant","16","16","17","32.70","32.70","34.70","49","47.70"
"20 - 21 School Year","63","Oakland Schools","63150","Troy School District","06940","Bemis Elementary School","63","Oakland","LEA School","Elementary","City: Small","Oakland Region","5","05","Mathematics","All Students","16","16","17","32.70","32.70","34.70","49","47.70"
"20 - 21 School Year","63","Oakland Schools","63150","Troy School District","06940","Bemis Elementary School","63","Oakland","LEA School","Elementary","City: Small","Oakland Region","5","05","Mathematics","Economically Disadvantaged","< 10","< 10","< 10","< 10","< 10","< 10","< 10","< 10"
"20 - 21 School Year","63","Oakland Schools","63150","Troy School District","06940","Bemis Elementary School","63","Oakland","LEA School","Elementary","City: Small","Oakland Region","5","05","Mathematics","Not Economically Disadvantaged","16","16","16","33.30","33.30","33.30","48","48.70"
"20 - 21 School Year","63","Oakland Schools","63150","Troy School District","06940","Bemis Elementary School","63","Oakland","LEA School","Elementary","City: Small","Oakland Region","5","05","Mathematics","Native Hawaiian or Other Pacific Islander","< 10","< 10","< 10","< 10","< 10","< 10","< 10","< 10"
"20 - 21 School Year","63","Oakland Schools","63150","Troy School District","06940","Bemis Elementary School","63","Oakland","LEA School","Elementary","City: Small","Oakland Region","5","05","Mathematics","Hispanic","< 10","< 10","< 10","< 10","< 10","< 10","< 10","< 10"
"20 - 21 School Year","63","Oakland Schools","63150","Troy School District","06940","Bemis Elementary School","63","Oakland","LEA School","Elementary","City: Small","Oakland Region","5","05","English Language Arts","Students without Disabilities","16","18","11","35.60","40.00","24.40","45","53.60"
"20 - 21 School Year","63","Oakland Schools","63150","Troy School District","06941","Barnard Elementary School","63","Oakland","LEA School","Elementary","City: Small","Oakland Region","5","All Grades","English Language Arts","Students without Disabilities","< 10","18","21","17.00","38.30","44.70","47","39.80"
"20 - 21 School Year","63","Oakland Schools","63150","Troy School District","06941","Barnard Elementary School","63","Oakland","LEA School","Elementary","City: Small","Oakland Region","5","05","Mathematics","Students without Disabilities","< 10","19","21","13.00","41.30","45.70","46","38.80"
"20 - 21 School Year","63","Oakland Schools","63150","Troy School District","06941","Barnard Elementary School","63","Oakland","LEA School","Elementary","City: Small","Oakland Region","5","All Grades","Mathematics","Students with Disabilities","< 10","< 10","< 10","< 10","< 10","< 10","< 10","< 10"
"20 - 21 School Year","63","Oakland Schools","63150","Troy School District","06941","Barnard Elementary School","63","Oakland","LEA School","Elementary","City: Small","Oakland Region","5","05","English Language Arts","Students with Disabilities","< 10","< 10","< 10","< 10","< 10","< 10","< 10","< 10"
"20 - 21 School Year","63","Oakland Schools","63150","Troy School District","06941","Barnard Elementary School","63","Oakland","LEA School","Elementary","City: Small","Oakland Region","5","05","Mathematics","Not Migrant","< 10","23","22","11.80","45.10","43.10","51","38.80"
"20 - 21 School Year","63","Oakland Schools","63150","Troy School District","06941","Barnard Elementary School","63","Oakland","LEA School","Elementary","City: Small","Oakland Region","5","05","Mathematics","Not English Learners","< 10","18","20","11.60","41.90","46.50","43","37.80"
"20 - 21 School Year","63","Oakland Schools","63150","Troy School District","06941","Barnard Elementary School","63","Oakland","LEA School","Elementary","City: Small","Oakland Region","5","05","Mathematics","English Learners","< 10","< 10","< 10","< 10","< 10","< 10","< 10","< 10"
"20 - 21 School Year","63","Oakland Schools","63150","Troy School District","06941","Barnard Elementary School","63","Oakland","LEA School","Elementary","City: Small","Oakland Region","5","05","Mathematics","Female","< 10","< 10","< 10","23.80","38.10","38.10","21","48.30"
"20 - 21 School Year","63","Oakland Schools","63150","Troy School District","06941","Barnard Elementary School","63","Oakland","LEA School","Elementary","City: Small","Oakland Region","5","05","Mathematics","Male","< 10","15","14","< 5","50.00","46.70","30","32.10"
"20 - 21 School Year","63","Oakland Schools","63150","Troy School District","06941","Barnard Elementary School","63","Oakland","LEA School","Elementary","City: Small","Oakland Region","5","05","Mathematics","Asian","< 10","< 10","< 10","22.20","50.00","27.80","18","46.10"
"20 - 21 School Year","63","Oakland Schools","63150","Troy School District","06941","Barnard Elementary School","63","Oakland","LEA School","Elementary","City: Small","Oakland Region","5","05","Mathematics","Two or More Races","< 10","< 10","< 10","< 10","< 10","< 10","< 10","< 10"
"20 - 21 School Year","63","Oakland Schools","63150","Troy School District","06941","Barnard Elementary School","63","Oakland","LEA School","Elementary","City: Small","Oakland Region","5","05","Mathematics","White, not of Hispanic origin","< 10","11","14","7.40","40.70","51.90","27","36.10"
"20 - 21 School Year","63","Oakland Schools","63150","Troy School District","06941","Barnard Elementary School","63","Oakland","LEA School","Elementary","City: Small","Oakland Region","5","05","Mathematics","Hispanic","< 10","< 10","< 10","< 10","< 10","< 10","< 10","< 10"
"20 - 21 School Year","63","Oakland Schools","63150","Troy School District","06941","Barnard Elementary School","63","Oakland","LEA School","Elementary","City: Small","Oakland Region","5","05","Mathematics","Not Economically Disadvantaged","< 10","20","16","12.20","48.80","39.00","41","40.10"
"20 - 21 School Year","63","Oakland Schools","63150","Troy School District","06941","Barnard Elementary School","63","Oakland","LEA School","Elementary","City: Small","Oakland Region","5","05","Mathematics","Economically Disadvantaged","< 10","< 10","< 10","10.00","30.00","60.00","10","33.20"
"20 - 21 School Year","63","Oakland Schools","63150","Troy School District","06941","Barnard Elementary School","63","Oakland","LEA School","Elementary","City: Small","Oakland Region","5","05","Mathematics","All Students","< 10","23","22","11.80","45.10","43.10","51","38.80"
"20 - 21 School Year","63","Oakland Schools","63150","Troy School District","06941","Barnard Elementary School","63","Oakland","LEA School","Elementary","City: Small","Oakland Region","5","All Grades","Mathematics","Students without Disabilities","< 10","19","21","13.00","41.30","45.70","46","38.80"
"20 - 21 School Year","63","Oakland Schools","63150","Troy School District","06941","Barnard Elementary School","63","Oakland","LEA School","Elementary","City: Small","Oakland Region","5","All Grades","English Language Arts","Not Economically Disadvantaged","< 10","14","22","14.30","33.30","52.40","42","37.60"
"20 - 21 School Year","63","Oakland Schools","63150","Troy School District","06941","Barnard Elementary School","63","Oakland","LEA School","Elementary","City: Small","Oakland Region","5","All Grades","English Language Arts","Hispanic","< 10","< 10","< 10","< 10","< 10","< 10","< 10","< 10"
"20 - 21 School Year","63","Oakland Schools","63150","Troy School District","06941","Barnard Elementary School","63","Oakland","LEA School","Elementary","City: Small","Oakland Region","5","All Grades","English Language Arts","White, not of Hispanic origin","< 10","13","13","10.30","44.80","44.80","29","36.30"
"20 - 21 School Year","63","Oakland Schools","63150","Troy School District","06941","Barnard Elementary School","63","Oakland","LEA School","Elementary","City: Small","Oakland Region","5","All Grades","English Language Arts","Two or More Races","< 10","< 10","< 10","< 10","< 10","< 10","< 10","< 10"
"20 - 21 School Year","63","Oakland Schools","63150","Troy School District","06941","Barnard Elementary School","63","Oakland","LEA School","Elementary","City: Small","Oakland Region","5","All Grades","English Language Arts","Asian","< 10","< 10","< 10","27.80","27.80","44.40","18","45.70"
"20 - 21 School Year","63","Oakland Schools","63150","Troy School District","06941","Barnard Elementary School","63","Oakland","LEA School","Elementary","City: Small","Oakland Region","5","All Grades","English Language Arts","Male","< 10","11","17","9.70","35.50","54.80","31","32.80"
"20 - 21 School Year","63","Oakland Schools","63150","Troy School District","06941","Barnard Elementary School","63","Oakland","LEA School","Elementary","City: Small","Oakland Region","5","All Grades","English Language Arts","Female","< 10","< 10","< 10","23.80","42.90","33.30","21","47.90"
"20 - 21 School Year","63","Oakland Schools","63150","Troy School District","06941","Barnard Elementary School","63","Oakland","LEA School","Elementary","City: Small","Oakland Region","5","All Grades","English Language Arts","English Learners","< 10","< 10","< 10","< 10","< 10","< 10","< 10","< 10"
"20 - 21 School Year","63","Oakland Schools","63150","Troy School District","06941","Barnard Elementary School","63","Oakland","LEA School","Elementary","City: Small","Oakland Region","5","All Grades","English Language Arts","Not English Learners","< 10","16","19","18.60","37.20","44.20","43","41.30"
"20 - 21 School Year","63","Oakland Schools","63150","Troy School District","06941","Barnard Elementary School","63","Oakland","LEA School","Elementary","City: Small","Oakland Region","5","All Grades","English Language Arts","Not Migrant","< 10","20","24","15.40","38.50","46.20","52","38.90"
"20 - 21 School Year","63","Oakland Schools","63150","Troy School District","06941","Barnard Elementary School","63","Oakland","LEA School","Elementary","City: Small","Oakland Region","5","05","English Language Arts","All Students","< 10","20","24","15.40","38.50","46.20","52","38.90"
"20 - 21 School Year","63","Oakland Schools","63150","Troy School District","06941","Barnard Elementary School","63","Oakland","LEA School","Elementary","City: Small","Oakland Region","5","05","English Language Arts","Economically Disadvantaged","< 10","< 10","< 10","20.00","60.00","20.00","10","44.40"
"20 - 21 School Year","63","Oakland Schools","63150","Troy School District","06941","Barnard Elementary School","63","Oakland","LEA School","Elementary","City: Small","Oakland Region","5","05","English Language Arts","Not Economically Disadvantaged","< 10","14","22","14.30","33.30","52.40","42","37.60"
"20 - 21 School Year","63","Oakland Schools","63150","Troy School District","06941","Barnard Elementary School","63","Oakland","LEA School","Elementary","City: Small","Oakland Region","5","05","English Language Arts","Hispanic","< 10","< 10","< 10","< 10","< 10","< 10","< 10","< 10"
"20 - 21 School Year","63","Oakland Schools","63150","Troy School District","06941","Barnard Elementary School","63","Oakland","LEA School","Elementary","City: Small","Oakland Region","5","All Grades","English Language Arts","Students with Disabilities","< 10","< 10","< 10","< 10","< 10","< 10","< 10","< 10"
"20 - 21 School Year","63","Oakland Schools","63150","Troy School District","06941","Barnard Elementary School","63","Oakland","LEA School","Elementary","City: Small","Oakland Region","5","All Grades","English Language Arts","Economically Disadvantaged","< 10","< 10","< 10","20.00","60.00","20.00","10","44.40"
"20 - 21 School Year","63","Oakland Schools","63150","Troy School District","06941","Barnard Elementary School","63","Oakland","LEA School","Elementary","City: Small","Oakland Region","5","All Grades","English Language Arts","All Students","< 10","20","24","15.40","38.50","46.20","52","38.90"
"20 - 21 School Year","63","Oakland Schools","63150","Troy School District","06941","Barnard Elementary School","63","Oakland","LEA School","Elementary","City: Small","Oakland Region","5","05","English Language Arts","Not Migrant","< 10","20","24","15.40","38.50","46.20","52","38.90"
"20 - 21 School Year","63","Oakland Schools","63150","Troy School District","06941","Barnard Elementary School","63","Oakland","LEA School","Elementary","City: Small","Oakland Region","5","05","English Language Arts","Not English Learners","< 10","16","19","18.60","37.20","44.20","43","41.30"
"20 - 21 School Year","63","Oakland Schools","63150","Troy School District","06941","Barnard Elementary School","63","Oakland","LEA School","Elementary","City: Small","Oakland Region","5","05","English Language Arts","English Learners","< 10","< 10","< 10","< 10","< 10","< 10","< 10","< 10"
"20 - 21 School Year","63","Oakland Schools","63150","Troy School District","06941","Barnard Elementary School","63","Oakland","LEA School","Elementary","City: Small","Oakland Region","5","05","English Language Arts","Female","< 10","< 10","< 10","23.80","42.90","33.30","21","47.90"
"20 - 21 School Year","63","Oakland Schools","63150","Troy School District","06941","Barnard Elementary School","63","Oakland","LEA School","Elementary","City: Small","Oakland Region","5","05","English Language Arts","Male","< 10","11","17","9.70","35.50","54.80","31","32.80"
"20 - 21 School Year","63","Oakland Schools","63150","Troy School District","06941","Barnard Elementary School","63","Oakland","LEA School","Elementary","City: Small","Oakland Region","5","05","English Language Arts","Asian","< 10","< 10","< 10","27.80","27.80","44.40","18","45.70"
"20 - 21 School Year","63","Oakland Schools","63150","Troy School District","06941","Barnard Elementary School","63","Oakland","LEA School","Elementary","City: Small","Oakland Region","5","05","English Language Arts","Two or More Races","< 10","< 10","< 10","< 10","< 10","< 10","< 10","< 10"
"20 - 21 School Year","63","Oakland Schools","63150","Troy School District","06941","Barnard Elementary School","63","Oakland","LEA School","Elementary","City: Small","Oakland Region","5","05","English Language Arts","White, not of Hispanic origin","< 10","13","13","10.30","44.80","44.80","29","36.30"
"20 - 21 School Year","63","Oakland Schools","63150","Troy School District","06941","Barnard Elementary School","63","Oakland","LEA School","Elementary","City: Small","Oakland Region","5","05","Mathematics","Students with Disabilities","< 10","< 10","< 10","< 10","< 10","< 10","< 10","< 10"
"20 - 21 School Year","63","Oakland Schools","63150","Troy School District","06941","Barnard Elementary School","63","Oakland","LEA School","Elementary","City: Small","Oakland Region","5","All Grades","Mathematics","Not Economically Disadvantaged","< 10","20","16","12.20","48.80","39.00","41","40.10"
"20 - 21 School Year","63","Oakland Schools","63150","Troy School District","06941","Barnard Elementary School","63","Oakland","LEA School","Elementary","City: Small","Oakland Region","5","All Grades","Mathematics","Hispanic","< 10","< 10","< 10","< 10","< 10","< 10","< 10","< 10"
"20 - 21 School Year","63","Oakland Schools","63150","Troy School District","06941","Barnard Elementary School","63","Oakland","LEA School","Elementary","City: Small","Oakland Region","5","All Grades","Mathematics","White, not of Hispanic origin","< 10","11","14","7.40","40.70","51.90","27","36.10"
"20 - 21 School Year","63","Oakland Schools","63150","Troy School District","06941","Barnard Elementary School","63","Oakland","LEA School","Elementary","City: Small","Oakland Region","5","All Grades","Mathematics","Two or More Races","< 10","< 10","< 10","< 10","< 10","< 10","< 10","< 10"
"20 - 21 School Year","63","Oakland Schools","63150","Troy School District","06941","Barnard Elementary School","63","Oakland","LEA School","Elementary","City: Small","Oakland Region","5","All Grades","Mathematics","Asian","< 10","< 10","< 10","22.20","50.00","27.80","18","46.10"
"20 - 21 School Year","63","Oakland Schools","63150","Troy School District","06941","Barnard Elementary School","63","Oakland","LEA School","Elementary","City: Small","Oakland Region","5","All Grades","Mathematics","Male","< 10","15","14","< 5","50.00","46.70","30","32.10"
"20 - 21 School Year","63","Oakland Schools","63150","Troy School District","06941","Barnard Elementary School","63","Oakland","LEA School","Elementary","City: Small","Oakland Region","5","All Grades","Mathematics","Female","< 10","< 10","< 10","23.80","38.10","38.10","21","48.30"
"20 - 21 School Year","63","Oakland Schools","63150","Troy School District","06941","Barnard Elementary School","63","Oakland","LEA School","Elementary","City: Small","Oakland Region","5","All Grades","Mathematics","English Learners","< 10","< 10","< 10","< 10","< 10","< 10","< 10","< 10"
"20 - 21 School Year","63","Oakland Schools","63150","Troy School District","06941","Barnard Elementary School","63","Oakland","LEA School","Elementary","City: Small","Oakland Region","5","All Grades","Mathematics","Not English Learners","< 10","18","20","11.60","41.90","46.50","43","37.80"
"20 - 21 School Year","63","Oakland Schools","63150","Troy School District","06941","Barnard Elementary School","63","Oakland","LEA School","Elementary","City: Small","Oakland Region","5","All Grades","Mathematics","Not Migrant","< 10","23","22","11.80","45.10","43.10","51","38.80"
"20 - 21 School Year","63","Oakland Schools","63150","Troy School District","06941","Barnard Elementary School","63","Oakland","LEA School","Elementary","City: Small","Oakland Region","5","All Grades","Mathematics","All Students","< 10","23","22","11.80","45.10","43.10","51","38.80"
"20 - 21 School Year","63","Oakland Schools","63150","Troy School District","06941","Barnard Elementary School","63","Oakland","LEA School","Elementary","City: Small","Oakland Region","5","All Grades","Mathematics","Economically Disadvantaged","< 10","< 10","< 10","10.00","30.00","60.00","10","33.20"
"20 - 21 School Year","63","Oakland Schools","63150","Troy School District","06941","Barnard Elementary School","63","Oakland","LEA School","Elementary","City: Small","Oakland Region","5","05","English Language Arts","Students without Disabilities","< 10","18","21","17.00","38.30","44.70","47","39.80"
"20 - 21 School Year","63","Oakland Schools","63150","Troy School District","08286","Troy College and Career High School","63","Oakland","LEA School","Middle_High School","City: Small","Oakland Region","5","08","English Language Arts","Students without Disabilities","< 10","< 10","< 10","< 10","< 10","< 10","< 10","< 10"
"20 - 21 School Year","63","Oakland Schools","63150","Troy School District","08286","Troy College and Career High School","63","Oakland","LEA School","Middle_High School","City: Small","Oakland Region","5","All Grades","English Language Arts","Students without Disabilities","< 10","< 10","< 10","< 10","< 10","< 10","< 10","< 10"
"20 - 21 School Year","63","Oakland Schools","63150","Troy School District","08286","Troy College and Career High School","63","Oakland","LEA School","Middle_High School","City: Small","Oakland Region","5","08","Mathematics","Students without Disabilities","< 10","< 10","< 10","< 10","< 10","< 10","< 10","< 10"
"20 - 21 School Year","63","Oakland Schools","63150","Troy School District","08286","Troy College and Career High School","63","Oakland","LEA School","Middle_High School","City: Small","Oakland Region","5","11","Mathematics","Students without Disabilities","< 10","< 10","< 10","< 10","< 10","< 10","< 10","< 10"
"20 - 21 School Year","63","Oakland Schools","63150","Troy School District","08286","Troy College and Career High School","63","Oakland","LEA School","Middle_High School","City: Small","Oakland Region","5","All Grades","Mathematics","Students without Disabilities","< 10","< 10","< 10","< 10","< 10","< 10","< 10","< 10"
"20 - 21 School Year","63","Oakland Schools","63150","Troy School District","08286","Troy College and Career High School","63","Oakland","LEA School","Middle_High School","City: Small","Oakland Region","5","08","Social Studies","Students with Disabilities","< 10","< 10","< 10","< 10","< 10","< 10","< 10","< 10"
"20 - 21 School Year","63","Oakland Schools","63150","Troy School District","08286","Troy College and Career High School","63","Oakland","LEA School","Middle_High School","City: Small","Oakland Region","5","07","Mathematics","Male","< 10","< 10","< 10","< 10","< 10","< 10","< 10","< 10"
"20 - 21 School Year","63","Oakland Schools","63150","Troy School District","08286","Troy College and Career High School","63","Oakland","LEA School","Middle_High School","City: Small","Oakland Region","5","11","Mathematics","Students with Disabilities","< 10","< 10","< 10","< 10","< 10","< 10","< 10","< 10"
"20 - 21 School Year","63","Oakland Schools","63150","Troy School District","08286","Troy College and Career High School","63","Oakland","LEA School","Middle_High School","City: Small","Oakland Region","5","08","English Language Arts","Male","< 10","< 10","< 10","< 10","< 10","< 10","< 10","< 10"
"20 - 21 School Year","63","Oakland Schools","63150","Troy School District","08286","Troy College and Career High School","63","Oakland","LEA School","Middle_High School","City: Small","Oakland Region","5","08","English Language Arts","White, not of Hispanic origin","< 10","< 10","< 10","< 10","< 10","< 10","< 10","< 10"
"20 - 21 School Year","63","Oakland Schools","63150","Troy School District","08286","Troy College and Career High School","63","Oakland","LEA School","Middle_High School","City: Small","Oakland Region","5","08","English Language Arts","Not Economically Disadvantaged","< 10","< 10","< 10","< 10","< 10","< 10","< 10","< 10"
"20 - 21 School Year","63","Oakland Schools","63150","Troy School District","08286","Troy College and Career High School","63","Oakland","LEA School","Middle_High School","City: Small","Oakland Region","5","08","English Language Arts","Economically Disadvantaged","< 10","< 10","< 10","< 10","< 10","< 10","< 10","< 10"
"20 - 21 School Year","63","Oakland Schools","63150","Troy School District","08286","Troy College and Career High School","63","Oakland","LEA School","Middle_High School","City: Small","Oakland Region","5","08","English Language Arts","All Students","< 10","< 10","< 10","< 10","< 10","< 10","< 10","< 10"
"20 - 21 School Year","63","Oakland Schools","63150","Troy School District","08286","Troy College and Career High School","63","Oakland","LEA School","Middle_High School","City: Small","Oakland Region","5","11","English Language Arts","Not Migrant","< 10","< 10","< 10","< 10","< 10","< 10","< 10","< 10"
"20 - 21 School Year","63","Oakland Schools","63150","Troy School District","08286","Troy College and Career High School","63","Oakland","LEA School","Middle_High School","City: Small","Oakland Region","5","11","English Language Arts","Not English Learners","< 10","< 10","< 10","< 10","< 10","< 10","< 10","< 10"
"20 - 21 School Year","63","Oakland Schools","63150","Troy School District","08286","Troy College and Career High School","63","Oakland","LEA School","Middle_High School","City: Small","Oakland Region","5","11","English Language Arts","Female","< 10","< 10","< 10","< 10","< 10","< 10","< 10","< 10"
"20 - 21 School Year","63","Oakland Schools","63150","Troy School District","08286","Troy College and Career High School","63","Oakland","LEA School","Middle_High School","City: Small","Oakland Region","5","All Grades","English Language Arts","All Students","< 10","< 10","< 10","23.10","46.20","30.80","13","50.80"
"20 - 21 School Year","63","Oakland Schools","63150","Troy School District","08286","Troy College and Career High School","63","Oakland","LEA School","Middle_High School","City: Small","Oakland Region","5","All Grades","English Language Arts","Economically Disadvantaged","< 10","< 10","< 10","< 10","< 10","< 10","< 10","< 10"
"20 - 21 School Year","63","Oakland Schools","63150","Troy School District","08286","Troy College and Career High School","63","Oakland","LEA School","Middle_High School","City: Small","Oakland Region","5","All Grades","English Language Arts","Not Economically Disadvantaged","< 10","< 10","< 10","18.20","45.50","36.40","11","46.90"
"20 - 21 School Year","63","Oakland Schools","63150","Troy School District","08286","Troy College and Career High School","63","Oakland","LEA School","Middle_High School","City: Small","Oakland Region","5","All Grades","English Language Arts","Native Hawaiian or Other Pacific Islander","< 10","< 10","< 10","< 10","< 10","< 10","< 10","< 10"
"20 - 21 School Year","63","Oakland Schools","63150","Troy School District","08286","Troy College and Career High School","63","Oakland","LEA School","Middle_High School","City: Small","Oakland Region","5","All Grades","English Language Arts","Black, not of Hispanic origin","< 10","< 10","< 10","< 10","< 10","< 10","< 10","< 10"
"20 - 21 School Year","63","Oakland Schools","63150","Troy School District","08286","Troy College and Career High School","63","Oakland","LEA School","Middle_High School","City: Small","Oakland Region","5","08","English Language Arts","Female","< 10","< 10","< 10","< 10","< 10","< 10","< 10","< 10"
"20 - 21 School Year","63","Oakland Schools","63150","Troy School District","08286","Troy College and Career High School","63","Oakland","LEA School","Middle_High School","City: Small","Oakland Region","5","08","English Language Arts","Not English Learners","< 10","< 10","< 10","< 10","< 10","< 10","< 10","< 10"
"20 - 21 School Year","63","Oakland Schools","63150","Troy School District","08286","Troy College and Career High School","63","Oakland","LEA School","Middle_High School","City: Small","Oakland Region","5","08","English Language Arts","Not Migrant","< 10","< 10","< 10","< 10","< 10","< 10","< 10","< 10"
"20 - 21 School Year","63","Oakland Schools","63150","Troy School District","08286","Troy College and Career High School","63","Oakland","LEA School","Middle_High School","City: Small","Oakland Region","5","All Grades","English Language Arts","Female","< 10","< 10","< 10","< 10","< 10","< 10","< 10","< 10"
"20 - 21 School Year","63","Oakland Schools","63150","Troy School District","08286","Troy College and Career High School","63","Oakland","LEA School","Middle_High School","City: Small","Oakland Region","5","All Grades","English Language Arts","Male","< 10","< 10","< 10","< 10","< 10","< 10","< 10","< 10"
"20 - 21 School Year","63","Oakland Schools","63150","Troy School District","08286","Troy College and Career High School","63","Oakland","LEA School","Middle_High School","City: Small","Oakland Region","5","All Grades","English Language Arts","Asian","< 10","< 10","< 10","< 10","< 10","< 10","< 10","< 10"
"20 - 21 School Year","63","Oakland Schools","63150","Troy School District","08286","Troy College and Career High School","63","Oakland","LEA School","Middle_High School","City: Small","Oakland Region","5","All Grades","English Language Arts","White, not of Hispanic origin","< 10","< 10","< 10","< 10","< 10","< 10","< 10","< 10"
"20 - 21 School Year","63","Oakland Schools","63150","Troy School District","08286","Troy College and Career High School","63","Oakland","LEA School","Middle_High School","City: Small","Oakland Region","5","11","English Language Arts","Male","< 10","< 10","< 10","< 10","< 10","< 10","< 10","< 10"
"20 - 21 School Year","63","Oakland Schools","63150","Troy School District","08286","Troy College and Career High School","63","Oakland","LEA School","Middle_High School","City: Small","Oakland Region","5","11","English Language Arts","Asian","< 10","< 10","< 10","< 10","< 10","< 10","< 10","< 10"
"20 - 21 School Year","63","Oakland Schools","63150","Troy School District","08286","Troy College and Career High School","63","Oakland","LEA School","Middle_High School","City: Small","Oakland Region","5","11","English Language Arts","White, not of Hispanic origin","< 10","< 10","< 10","< 10","< 10","< 10","< 10","< 10"
"20 - 21 School Year","63","Oakland Schools","63150","Troy School District","08286","Troy College and Career High School","63","Oakland","LEA School","Middle_High School","City: Small","Oakland Region","5","11","English Language Arts","Black, not of Hispanic origin","< 10","< 10","< 10","< 10","< 10","< 10","< 10","< 10"
"20 - 21 School Year","63","Oakland Schools","63150","Troy School District","08286","Troy College and Career High School","63","Oakland","LEA School","Middle_High School","City: Small","Oakland Region","5","All Grades","English Language Arts","Not English Learners","< 10","< 10","< 10","23.10","46.20","30.80","13","50.80"
"20 - 21 School Year","63","Oakland Schools","63150","Troy School District","08286","Troy College and Career High School","63","Oakland","LEA School","Middle_High School","City: Small","Oakland Region","5","All Grades","English Language Arts","Not Migrant","< 10","< 10","< 10","23.10","46.20","30.80","13","50.80"
"20 - 21 School Year","63","Oakland Schools","63150","Troy School District","08286","Troy College and Career High School","63","Oakland","LEA School","Middle_High School","City: Small","Oakland Region","5","11","Mathematics","White, not of Hispanic origin","< 10","< 10","< 10","< 10","< 10","< 10","< 10","< 10"
"20 - 21 School Year","63","Oakland Schools","63150","Troy School District","08286","Troy College and Career High School","63","Oakland","LEA School","Middle_High School","City: Small","Oakland Region","5","11","Mathematics","Asian","< 10","< 10","< 10","< 10","< 10","< 10","< 10","< 10"
"20 - 21 School Year","63","Oakland Schools","63150","Troy School District","08286","Troy College and Career High School","63","Oakland","LEA School","Middle_High School","City: Small","Oakland Region","5","11","Mathematics","All Students","< 10","< 10","< 10","< 10","< 10","< 10","< 10","< 10"
"20 - 21 School Year","63","Oakland Schools","63150","Troy School District","08286","Troy College and Career High School","63","Oakland","LEA School","Middle_High School","City: Small","Oakland Region","5","11","Mathematics","Economically Disadvantaged","< 10","< 10","< 10","< 10","< 10","< 10","< 10","< 10"
"20 - 21 School Year","63","Oakland Schools","63150","Troy School District","08286","Troy College and Career High School","63","Oakland","LEA School","Middle_High School","City: Small","Oakland Region","5","11","Mathematics","Not Economically Disadvantaged","< 10","< 10","< 10","< 10","< 10","< 10","< 10","< 10"
"20 - 21 School Year","63","Oakland Schools","63150","Troy School District","08286","Troy College and Career High School","63","Oakland","LEA School","Middle_High School","City: Small","Oakland Region","5","11","Mathematics","Black, not of Hispanic origin","< 10","< 10","< 10","< 10","< 10","< 10","< 10","< 10"
"20 - 21 School Year","63","Oakland Schools","63150","Troy School District","08286","Troy College and Career High School","63","Oakland","LEA School","Middle_High School","City: Small","Oakland Region","5","11","Mathematics","Native Hawaiian or Other Pacific Islander","< 10","< 10","< 10","< 10","< 10","< 10","< 10","< 10"
"20 - 21 School Year","63","Oakland Schools","63150","Troy School District","08286","Troy College and Career High School","63","Oakland","LEA School","Middle_High School","City: Small","Oakland Region","5","07","Mathematics","Not Migrant","< 10","< 10","< 10","< 10","< 10","< 10","< 10","< 10"
"20 - 21 School Year","63","Oakland Schools","63150","Troy School District","08286","Troy College and Career High School","63","Oakland","LEA School","Middle_High School","City: Small","Oakland Region","5","07","Mathematics","Not English Learners","< 10","< 10","< 10","< 10","< 10","< 10","< 10","< 10"
"20 - 21 School Year","63","Oakland Schools","63150","Troy School District","08286","Troy College and Career High School","63","Oakland","LEA School","Middle_High School","City: Small","Oakland Region","5","07","Mathematics","Female","< 10","< 10","< 10","< 10","< 10","< 10","< 10","< 10"
"20 - 21 School Year","63","Oakland Schools","63150","Troy School District","08286","Troy College and Career High School","63","Oakland","LEA School","Middle_High School","City: Small","Oakland Region","5","08","Mathematics","White, not of Hispanic origin","< 10","< 10","< 10","< 10","< 10","< 10","< 10","< 10"
"20 - 21 School Year","63","Oakland Schools","63150","Troy School District","08286","Troy College and Career High School","63","Oakland","LEA School","Middle_High School","City: Small","Oakland Region","5","08","Mathematics","Not Economically Disadvantaged","< 10","< 10","< 10","< 10","< 10","< 10","< 10","< 10"
"20 - 21 School Year","63","Oakland Schools","63150","Troy School District","08286","Troy College and Career High School","63","Oakland","LEA School","Middle_High School","City: Small","Oakland Region","5","08","Mathematics","Economically Disadvantaged","< 10","< 10","< 10","< 10","< 10","< 10","< 10","< 10"
"20 - 21 School Year","63","Oakland Schools","63150","Troy School District","08286","Troy College and Career High School","63","Oakland","LEA School","Middle_High School","City: Small","Oakland Region","5","08","Mathematics","All Students","< 10","< 10","< 10","< 10","< 10","< 10","< 10","< 10"
"20 - 21 School Year","63","Oakland Schools","63150","Troy School District","08286","Troy College and Career High School","63","Oakland","LEA School","Middle_High School","City: Small","Oakland Region","5","08","Mathematics","Not Migrant","< 10","< 10","< 10","< 10","< 10","< 10","< 10","< 10"
"20 - 21 School Year","63","Oakland Schools","63150","Troy School District","08286","Troy College and Career High School","63","Oakland","LEA School","Middle_High School","City: Small","Oakland Region","5","08","Mathematics","Not English Learners","< 10","< 10","< 10","< 10","< 10","< 10","< 10","< 10"
"20 - 21 School Year","63","Oakland Schools","63150","Troy School District","08286","Troy College and Career High School","63","Oakland","LEA School","Middle_High School","City: Small","Oakland Region","5","08","Mathematics","Female","< 10","< 10","< 10","< 10","< 10","< 10","< 10","< 10"
"20 - 21 School Year","63","Oakland Schools","63150","Troy School District","08286","Troy College and Career High School","63","Oakland","LEA School","Middle_High School","City: Small","Oakland Region","5","08","Mathematics","Male","< 10","< 10","< 10","< 10","< 10","< 10","< 10","< 10"
"20 - 21 School Year","63","Oakland Schools","63150","Troy School District","08286","Troy College and Career High School","63","Oakland","LEA School","Middle_High School","City: Small","Oakland Region","5","All Grades","Mathematics","All Students","< 10","< 10","< 10","15.40","15.40","69.20","13","28.70"
"20 - 21 School Year","63","Oakland Schools","63150","Troy School District","08286","Troy College and Career High School","63","Oakland","LEA School","Middle_High School","City: Small","Oakland Region","5","All Grades","Mathematics","Economically Disadvantaged","< 10","< 10","< 10","< 10","< 10","< 10","< 10","< 10"
"20 - 21 School Year","63","Oakland Schools","63150","Troy School District","08286","Troy College and Career High School","63","Oakland","LEA School","Middle_High School","City: Small","Oakland Region","5","All Grades","Mathematics","Not Economically Disadvantaged","< 10","< 10","< 10","18.20","18.20","63.60","11","31.70"
"20 - 21 School Year","63","Oakland Schools","63150","Troy School District","08286","Troy College and Career High School","63","Oakland","LEA School","Middle_High School","City: Small","Oakland Region","5","All Grades","Mathematics","Native Hawaiian or Other Pacific Islander","< 10","< 10","< 10","< 10","< 10","< 10","< 10","< 10"
"20 - 21 School Year","63","Oakland Schools","63150","Troy School District","08286","Troy College and Career High School","63","Oakland","LEA School","Middle_High School","City: Small","Oakland Region","5","All Grades","Mathematics","Black, not of Hispanic origin","< 10","< 10","< 10","< 10","< 10","< 10","< 10","< 10"
"20 - 21 School Year","63","Oakland Schools","63150","Troy School District","08286","Troy College and Career High School","63","Oakland","LEA School","Middle_High School","City: Small","Oakland Region","5","All Grades","Mathematics","White, not of Hispanic origin","< 10","< 10","< 10","< 10","< 10","< 10","< 10","< 10"
"20 - 21 School Year","63","Oakland Schools","63150","Troy School District","08286","Troy College and Career High School","63","Oakland","LEA School","Middle_High School","City: Small","Oakland Region","5","All Grades","Mathematics","Asian","< 10","< 10","< 10","< 10","< 10","< 10","< 10","< 10"
"20 - 21 School Year","63","Oakland Schools","63150","Troy School District","08286","Troy College and Career High School","63","Oakland","LEA School","Middle_High School","City: Small","Oakland Region","5","All Grades","Mathematics","Male","< 10","< 10","< 10","< 10","< 10","< 10","< 10","< 10"
"20 - 21 School Year","63","Oakland Schools","63150","Troy School District","08286","Troy College and Career High School","63","Oakland","LEA School","Middle_High School","City: Small","Oakland Region","5","All Grades","Mathematics","Female","< 10","< 10","< 10","< 10","< 10","< 10","< 10","< 10"
"20 - 21 School Year","63","Oakland Schools","63150","Troy School District","08286","Troy College and Career High School","63","Oakland","LEA School","Middle_High School","City: Small","Oakland Region","5","All Grades","Mathematics","Not English Learners","< 10","< 10","< 10","15.40","15.40","69.20","13","28.70"
"20 - 21 School Year","63","Oakland Schools","63150","Troy School District","08286","Troy College and Career High School","63","Oakland","LEA School","Middle_High School","City: Small","Oakland Region","5","All Grades","Mathematics","Not Migrant","< 10","< 10","< 10","15.40","15.40","69.20","13","28.70"
"20 - 21 School Year","63","Oakland Schools","63150","Troy School District","08286","Troy College and Career High School","63","Oakland","LEA School","Middle_High School","City: Small","Oakland Region","5","07","Mathematics","Asian","< 10","< 10","< 10","< 10","< 10","< 10","< 10","< 10"
"20 - 21 School Year","63","Oakland Schools","63150","Troy School District","08286","Troy College and Career High School","63","Oakland","LEA School","Middle_High School","City: Small","Oakland Region","5","07","Mathematics","White, not of Hispanic origin","< 10","< 10","< 10","< 10","< 10","< 10","< 10","< 10"
"20 - 21 School Year","63","Oakland Schools","63150","Troy School District","08286","Troy College and Career High School","63","Oakland","LEA School","Middle_High School","City: Small","Oakland Region","5","All Grades","Social Studies","Students without Disabilities","< 10","< 10","< 10","< 10","< 10","< 10","< 10","< 10"
"20 - 21 School Year","63","Oakland Schools","63150","Troy School District","08286","Troy College and Career High School","63","Oakland","LEA School","Middle_High School","City: Small","Oakland Region","5","11","Social Studies","Students without Disabilities","< 10","< 10","< 10","< 10","< 10","< 10","< 10","< 10"
"20 - 21 School Year","63","Oakland Schools","63150","Troy School District","08286","Troy College and Career High School","63","Oakland","LEA School","Middle_High School","City: Small","Oakland Region","5","06","Mathematics","Students without Disabilities","< 10","< 10","< 10","< 10","< 10","< 10","< 10","< 10"
"20 - 21 School Year","63","Oakland Schools","63150","Troy School District","08286","Troy College and Career High School","63","Oakland","LEA School","Middle_High School","City: Small","Oakland Region","5","11","English Language Arts","All Students","< 10","< 10","< 10","< 10","< 10","< 10","< 10","< 10"
"20 - 21 School Year","63","Oakland Schools","63150","Troy School District","08286","Troy College and Career High School","63","Oakland","LEA School","Middle_High School","City: Small","Oakland Region","5","11","English Language Arts","Economically Disadvantaged","< 10","< 10","< 10","< 10","< 10","< 10","< 10","< 10"
"20 - 21 School Year","63","Oakland Schools","63150","Troy School District","08286","Troy College and Career High School","63","Oakland","LEA School","Middle_High School","City: Small","Oakland Region","5","11","English Language Arts","Not Economically Disadvantaged","< 10","< 10","< 10","< 10","< 10","< 10","< 10","< 10"
"20 - 21 School Year","63","Oakland Schools","63150","Troy School District","08286","Troy College and Career High School","63","Oakland","LEA School","Middle_High School","City: Small","Oakland Region","5","11","English Language Arts","Native Hawaiian or Other Pacific Islander","< 10","< 10","< 10","< 10","< 10","< 10","< 10","< 10"
"20 - 21 School Year","63","Oakland Schools","63150","Troy School District","08286","Troy College and Career High School","63","Oakland","LEA School","Middle_High School","City: Small","Oakland Region","5","07","Mathematics","Students without Disabilities","< 10","< 10","< 10","< 10","< 10","< 10","< 10","< 10"
"20 - 21 School Year","63","Oakland Schools","63150","Troy School District","08286","Troy College and Career High School","63","Oakland","LEA School","Middle_High School","City: Small","Oakland Region","5","05","Mathematics","Students without Disabilities","< 10","< 10","< 10","< 10","< 10","< 10","< 10","< 10"
"20 - 21 School Year","63","Oakland Schools","63150","Troy School District","08286","Troy College and Career High School","63","Oakland","LEA School","Middle_High School","City: Small","Oakland Region","5","05","English Language Arts","All Students","< 10","< 10","< 10","< 10","< 10","< 10","< 10","< 10"
"20 - 21 School Year","63","Oakland Schools","63150","Troy School District","08286","Troy College and Career High School","63","Oakland","LEA School","Middle_High School","City: Small","Oakland Region","5","05","English Language Arts","Not Economically Disadvantaged","< 10","< 10","< 10","< 10","< 10","< 10","< 10","< 10"
"20 - 21 School Year","63","Oakland Schools","63150","Troy School District","08286","Troy College and Career High School","63","Oakland","LEA School","Middle_High School","City: Small","Oakland Region","5","05","English Language Arts","White, not of Hispanic origin","< 10","< 10","< 10","< 10","< 10","< 10","< 10","< 10"
"20 - 21 School Year","63","Oakland Schools","63150","Troy School District","08286","Troy College and Career High School","63","Oakland","LEA School","Middle_High School","City: Small","Oakland Region","5","05","English Language Arts","Male","< 10","< 10","< 10","< 10","< 10","< 10","< 10","< 10"
"20 - 21 School Year","63","Oakland Schools","63150","Troy School District","08286","Troy College and Career High School","63","Oakland","LEA School","Middle_High School","City: Small","Oakland Region","5","05","English Language Arts","Female","< 10","< 10","< 10","< 10","< 10","< 10","< 10","< 10"
"20 - 21 School Year","63","Oakland Schools","63150","Troy School District","08286","Troy College and Career High School","63","Oakland","LEA School","Middle_High School","City: Small","Oakland Region","5","06","English Language Arts","Not Migrant","< 10","< 10","< 10","< 10","< 10","< 10","< 10","< 10"
"20 - 21 School Year","63","Oakland Schools","63150","Troy School District","08286","Troy College and Career High School","63","Oakland","LEA School","Middle_High School","City: Small","Oakland Region","5","06","English Language Arts","Not English Learners","< 10","< 10","< 10","< 10","< 10","< 10","< 10","< 10"
"20 - 21 School Year","63","Oakland Schools","63150","Troy School District","08286","Troy College and Career High School","63","Oakland","LEA School","Middle_High School","City: Small","Oakland Region","5","06","English Language Arts","Male","< 10","< 10","< 10","< 10","< 10","< 10","< 10","< 10"
"20 - 21 School Year","63","Oakland Schools","63150","Troy School District","08286","Troy College and Career High School","63","Oakland","LEA School","Middle_High School","City: Small","Oakland Region","5","06","English Language Arts","White, not of Hispanic origin","< 10","< 10","< 10","< 10","< 10","< 10","< 10","< 10"
"20 - 21 School Year","63","Oakland Schools","63150","Troy School District","08286","Troy College and Career High School","63","Oakland","LEA School","Middle_High School","City: Small","Oakland Region","5","06","English Language Arts","Not Economically Disadvantaged","< 10","< 10","< 10","< 10","< 10","< 10","< 10","< 10"
"20 - 21 School Year","63","Oakland Schools","63150","Troy School District","08286","Troy College and Career High School","63","Oakland","LEA School","Middle_High School","City: Small","Oakland Region","5","06","English Language Arts","All Students","< 10","< 10","< 10","< 10","< 10","< 10","< 10","< 10"
"20 - 21 School Year","63","Oakland Schools","63150","Troy School District","08286","Troy College and Career High School","63","Oakland","LEA School","Middle_High School","City: Small","Oakland Region","5","07","English Language Arts","Not Migrant","< 10","< 10","< 10","< 10","< 10","< 10","< 10","< 10"
"20 - 21 School Year","63","Oakland Schools","63150","Troy School District","08286","Troy College and Career High School","63","Oakland","LEA School","Middle_High School","City: Small","Oakland Region","5","07","English Language Arts","Not English Learners","< 10","< 10","< 10","< 10","< 10","< 10","< 10","< 10"
"20 - 21 School Year","63","Oakland Schools","63150","Troy School District","08286","Troy College and Career High School","63","Oakland","LEA School","Middle_High School","City: Small","Oakland Region","5","07","English Language Arts","Female","< 10","< 10","< 10","< 10","< 10","< 10","< 10","< 10"
"20 - 21 School Year","63","Oakland Schools","63150","Troy School District","08286","Troy College and Career High School","63","Oakland","LEA School","Middle_High School","City: Small","Oakland Region","5","07","English Language Arts","Male","< 10","< 10","< 10","< 10","< 10","< 10","< 10","< 10"
"20 - 21 School Year","63","Oakland Schools","63150","Troy School District","08286","Troy College and Career High School","63","Oakland","LEA School","Middle_High School","City: Small","Oakland Region","5","07","English Language Arts","Asian","< 10","< 10","< 10","< 10","< 10","< 10","< 10","< 10"
"20 - 21 School Year","63","Oakland Schools","63150","Troy School District","08286","Troy College and Career High School","63","Oakland","LEA School","Middle_High School","City: Small","Oakland Region","5","07","English Language Arts","White, not of Hispanic origin","< 10","< 10","< 10","< 10","< 10","< 10","< 10","< 10"
"20 - 21 School Year","63","Oakland Schools","63150","Troy School District","08286","Troy College and Career High School","63","Oakland","LEA School","Middle_High School","City: Small","Oakland Region","5","07","English Language Arts","Not Economically Disadvantaged","< 10","< 10","< 10","< 10","< 10","< 10","< 10","< 10"
"20 - 21 School Year","63","Oakland Schools","63150","Troy School District","08286","Troy College and Career High School","63","Oakland","LEA School","Middle_High School","City: Small","Oakland Region","5","07","English Language Arts","All Students","< 10","< 10","< 10","< 10","< 10","< 10","< 10","< 10"
"20 - 21 School Year","63","Oakland Schools","63150","Troy School District","08286","Troy College and Career High School","63","Oakland","LEA School","Middle_High School","City: Small","Oakland Region","5","05","English Language Arts","Not English Learners","< 10","< 10","< 10","< 10","< 10","< 10","< 10","< 10"
"20 - 21 School Year","63","Oakland Schools","63150","Troy School District","08286","Troy College and Career High School","63","Oakland","LEA School","Middle_High School","City: Small","Oakland Region","5","05","English Language Arts","Not Migrant","< 10","< 10","< 10","< 10","< 10","< 10","< 10","< 10"
"20 - 21 School Year","63","Oakland Schools","63150","Troy School District","08286","Troy College and Career High School","63","Oakland","LEA School","Middle_High School","City: Small","Oakland Region","5","07","English Language Arts","Students with Disabilities","< 10","< 10","< 10","< 10","< 10","< 10","< 10","< 10"
"20 - 21 School Year","63","Oakland Schools","63150","Troy School District","08286","Troy College and Career High School","63","Oakland","LEA School","Middle_High School","City: Small","Oakland Region","5","11","Social Studies","Not English Learners","< 10","< 10","< 10","< 10","< 10","< 10","< 10","< 10"
"20 - 21 School Year","63","Oakland Schools","63150","Troy School District","08286","Troy College and Career High School","63","Oakland","LEA School","Middle_High School","City: Small","Oakland Region","5","11","Social Studies","Not Migrant","< 10","< 10","< 10","< 10","< 10","< 10","< 10","< 10"
"20 - 21 School Year","63","Oakland Schools","63150","Troy School District","08286","Troy College and Career High School","63","Oakland","LEA School","Middle_High School","City: Small","Oakland Region","5","All Grades","English Language Arts","Students with Disabilities","< 10","< 10","< 10","< 10","< 10","< 10","< 10","< 10"
"20 - 21 School Year","63","Oakland Schools","63150","Troy School District","08286","Troy College and Career High School","63","Oakland","LEA School","Middle_High School","City: Small","Oakland Region","5","05","Mathematics","All Students","< 10","< 10","< 10","< 10","< 10","< 10","< 10","< 10"
"20 - 21 School Year","63","Oakland Schools","63150","Troy School District","08286","Troy College and Career High School","63","Oakland","LEA School","Middle_High School","City: Small","Oakland Region","5","05","Mathematics","Not Economically Disadvantaged","< 10","< 10","< 10","< 10","< 10","< 10","< 10","< 10"
"20 - 21 School Year","63","Oakland Schools","63150","Troy School District","08286","Troy College and Career High School","63","Oakland","LEA School","Middle_High School","City: Small","Oakland Region","5","05","Mathematics","White, not of Hispanic origin","< 10","< 10","< 10","< 10","< 10","< 10","< 10","< 10"
"20 - 21 School Year","63","Oakland Schools","63150","Troy School District","08286","Troy College and Career High School","63","Oakland","LEA School","Middle_High School","City: Small","Oakland Region","5","05","Mathematics","Male","< 10","< 10","< 10","< 10","< 10","< 10","< 10","< 10"
"20 - 21 School Year","63","Oakland Schools","63150","Troy School District","08286","Troy College and Career High School","63","Oakland","LEA School","Middle_High School","City: Small","Oakland Region","5","05","Mathematics","Female","< 10","< 10","< 10","< 10","< 10","< 10","< 10","< 10"
"20 - 21 School Year","63","Oakland Schools","63150","Troy School District","08286","Troy College and Career High School","63","Oakland","LEA School","Middle_High School","City: Small","Oakland Region","5","05","Mathematics","Not English Learners","< 10","< 10","< 10","< 10","< 10","< 10","< 10","< 10"
"20 - 21 School Year","63","Oakland Schools","63150","Troy School District","08286","Troy College and Career High School","63","Oakland","LEA School","Middle_High School","City: Small","Oakland Region","5","05","Mathematics","Not Migrant","< 10","< 10","< 10","< 10","< 10","< 10","< 10","< 10"
"20 - 21 School Year","63","Oakland Schools","63150","Troy School District","08286","Troy College and Career High School","63","Oakland","LEA School","Middle_High School","City: Small","Oakland Region","5","11","Social Studies","Female","< 10","< 10","< 10","< 10","< 10","< 10","< 10","< 10"
"20 - 21 School Year","63","Oakland Schools","63150","Troy School District","08286","Troy College and Career High School","63","Oakland","LEA School","Middle_High School","City: Small","Oakland Region","5","11","Social Studies","White, not of Hispanic origin","< 10","< 10","< 10","< 10","< 10","< 10","< 10","< 10"
"20 - 21 School Year","63","Oakland Schools","63150","Troy School District","08286","Troy College and Career High School","63","Oakland","LEA School","Middle_High School","City: Small","Oakland Region","5","11","Social Studies","Not Economically Disadvantaged","< 10","< 10","< 10","< 10","< 10","< 10","< 10","< 10"
"20 - 21 School Year","63","Oakland Schools","63150","Troy School District","08286","Troy College and Career High School","63","Oakland","LEA School","Middle_High School","City: Small","Oakland Region","5","11","Social Studies","All Students","< 10","< 10","< 10","< 10","< 10","< 10","< 10","< 10"
"20 - 21 School Year","63","Oakland Schools","63150","Troy School District","08286","Troy College and Career High School","63","Oakland","LEA School","Middle_High School","City: Small","Oakland Region","5","11","English Language Arts","Students with Disabilities","< 10","< 10","< 10","< 10","< 10","< 10","< 10","< 10"
"20 - 21 School Year","63","Oakland Schools","63150","Troy School District","08286","Troy College and Career High School","63","Oakland","LEA School","Middle_High School","City: Small","Oakland Region","5","08","English Language Arts","Students with Disabilities","< 10","< 10","< 10","< 10","< 10","< 10","< 10","< 10"
"20 - 21 School Year","63","Oakland Schools","63150","Troy School District","08286","Troy College and Career High School","63","Oakland","LEA School","Middle_High School","City: Small","Oakland Region","5","All Grades","Mathematics","Students with Disabilities","< 10","< 10","< 10","< 10","< 10","< 10","< 10","< 10"
"20 - 21 School Year","63","Oakland Schools","63150","Troy School District","08286","Troy College and Career High School","63","Oakland","LEA School","Middle_High School","City: Small","Oakland Region","5","08","Mathematics","Students with Disabilities","< 10","< 10","< 10","< 10","< 10","< 10","< 10","< 10"
"20 - 21 School Year","63","Oakland Schools","63150","Troy School District","08286","Troy College and Career High School","63","Oakland","LEA School","Middle_High School","City: Small","Oakland Region","5","07","Mathematics","Students with Disabilities","< 10","< 10","< 10","< 10","< 10","< 10","< 10","< 10"
"20 - 21 School Year","63","Oakland Schools","63150","Troy School District","08286","Troy College and Career High School","63","Oakland","LEA School","Middle_High School","City: Small","Oakland Region","5","All Grades","Social Studies","Students with Disabilities","< 10","< 10","< 10","< 10","< 10","< 10","< 10","< 10"
"20 - 21 School Year","63","Oakland Schools","63150","Troy School District","08286","Troy College and Career High School","63","Oakland","LEA School","Middle_High School","City: Small","Oakland Region","5","06","Mathematics","White, not of Hispanic origin","< 10","< 10","< 10","< 10","< 10","< 10","< 10","< 10"
"20 - 21 School Year","63","Oakland Schools","63150","Troy School District","08286","Troy College and Career High School","63","Oakland","LEA School","Middle_High School","City: Small","Oakland Region","5","06","Mathematics","Not Economically Disadvantaged","< 10","< 10","< 10","< 10","< 10","< 10","< 10","< 10"
"20 - 21 School Year","63","Oakland Schools","63150","Troy School District","08286","Troy College and Career High School","63","Oakland","LEA School","Middle_High School","City: Small","Oakland Region","5","06","Mathematics","All Students","< 10","< 10","< 10","< 10","< 10","< 10","< 10","< 10"
"20 - 21 School Year","63","Oakland Schools","63150","Troy School District","08286","Troy College and Career High School","63","Oakland","LEA School","Middle_High School","City: Small","Oakland Region","5","11","Mathematics","Not Migrant","< 10","< 10","< 10","< 10","< 10","< 10","< 10","< 10"
"20 - 21 School Year","63","Oakland Schools","63150","Troy School District","08286","Troy College and Career High School","63","Oakland","LEA School","Middle_High School","City: Small","Oakland Region","5","11","Mathematics","Not English Learners","< 10","< 10","< 10","< 10","< 10","< 10","< 10","< 10"
"20 - 21 School Year","63","Oakland Schools","63150","Troy School District","08286","Troy College and Career High School","63","Oakland","LEA School","Middle_High School","City: Small","Oakland Region","5","11","Mathematics","Female","< 10","< 10","< 10","< 10","< 10","< 10","< 10","< 10"
"20 - 21 School Year","63","Oakland Schools","63150","Troy School District","08286","Troy College and Career High School","63","Oakland","LEA School","Middle_High School","City: Small","Oakland Region","5","11","Mathematics","Male","< 10","< 10","< 10","< 10","< 10","< 10","< 10","< 10"
"20 - 21 School Year","63","Oakland Schools","63150","Troy School District","08286","Troy College and Career High School","63","Oakland","LEA School","Middle_High School","City: Small","Oakland Region","5","06","Mathematics","Male","< 10","< 10","< 10","< 10","< 10","< 10","< 10","< 10"
"20 - 21 School Year","63","Oakland Schools","63150","Troy School District","08286","Troy College and Career High School","63","Oakland","LEA School","Middle_High School","City: Small","Oakland Region","5","06","Mathematics","Not English Learners","< 10","< 10","< 10","< 10","< 10","< 10","< 10","< 10"
"20 - 21 School Year","63","Oakland Schools","63150","Troy School District","08286","Troy College and Career High School","63","Oakland","LEA School","Middle_High School","City: Small","Oakland Region","5","06","Mathematics","Not Migrant","< 10","< 10","< 10","< 10","< 10","< 10","< 10","< 10"
"20 - 21 School Year","63","Oakland Schools","63150","Troy School District","08286","Troy College and Career High School","63","Oakland","LEA School","Middle_High School","City: Small","Oakland Region","5","07","Mathematics","All Students","< 10","< 10","< 10","< 10","< 10","< 10","< 10","< 10"
"20 - 21 School Year","63","Oakland Schools","63150","Troy School District","08286","Troy College and Career High School","63","Oakland","LEA School","Middle_High School","City: Small","Oakland Region","5","07","Mathematics","Not Economically Disadvantaged","< 10","< 10","< 10","< 10","< 10","< 10","< 10","< 10"
"20 - 21 School Year","63","Oakland Schools","63150","Troy School District","08286","Troy College and Career High School","63","Oakland","LEA School","Middle_High School","City: Small","Oakland Region","5","08","Social Studies","All Students","< 10","< 10","< 10","< 10","< 10","< 10","< 10","< 10"
"20 - 21 School Year","63","Oakland Schools","63150","Troy School District","08286","Troy College and Career High School","63","Oakland","LEA School","Middle_High School","City: Small","Oakland Region","5","08","Social Studies","Economically Disadvantaged","< 10","< 10","< 10","< 10","< 10","< 10","< 10","< 10"
"20 - 21 School Year","63","Oakland Schools","63150","Troy School District","08286","Troy College and Career High School","63","Oakland","LEA School","Middle_High School","City: Small","Oakland Region","5","All Grades","Social Studies","Not Migrant","< 10","< 10","< 10","< 10","< 10","< 10","< 10","< 10"
"20 - 21 School Year","63","Oakland Schools","63150","Troy School District","08286","Troy College and Career High School","63","Oakland","LEA School","Middle_High School","City: Small","Oakland Region","5","All Grades","Social Studies","Not English Learners","< 10","< 10","< 10","< 10","< 10","< 10","< 10","< 10"
"20 - 21 School Year","63","Oakland Schools","63150","Troy School District","08286","Troy College and Career High School","63","Oakland","LEA School","Middle_High School","City: Small","Oakland Region","5","All Grades","Social Studies","Female","< 10","< 10","< 10","< 10","< 10","< 10","< 10","< 10"
"20 - 21 School Year","63","Oakland Schools","63150","Troy School District","08286","Troy College and Career High School","63","Oakland","LEA School","Middle_High School","City: Small","Oakland Region","5","All Grades","Social Studies","Male","< 10","< 10","< 10","< 10","< 10","< 10","< 10","< 10"
"20 - 21 School Year","63","Oakland Schools","63150","Troy School District","08286","Troy College and Career High School","63","Oakland","LEA School","Middle_High School","City: Small","Oakland Region","5","All Grades","Social Studies","White, not of Hispanic origin","< 10","< 10","< 10","< 10","< 10","< 10","< 10","< 10"
"20 - 21 School Year","63","Oakland Schools","63150","Troy School District","08286","Troy College and Career High School","63","Oakland","LEA School","Middle_High School","City: Small","Oakland Region","5","All Grades","Social Studies","Not Economically Disadvantaged","< 10","< 10","< 10","< 10","< 10","< 10","< 10","< 10"
"20 - 21 School Year","63","Oakland Schools","63150","Troy School District","08286","Troy College and Career High School","63","Oakland","LEA School","Middle_High School","City: Small","Oakland Region","5","All Grades","Social Studies","Economically Disadvantaged","< 10","< 10","< 10","< 10","< 10","< 10","< 10","< 10"
"20 - 21 School Year","63","Oakland Schools","63150","Troy School District","08286","Troy College and Career High School","63","Oakland","LEA School","Middle_High School","City: Small","Oakland Region","5","All Grades","Social Studies","All Students","< 10","< 10","< 10","< 10","< 10","< 10","< 10","< 10"
"20 - 21 School Year","63","Oakland Schools","63150","Troy School District","08286","Troy College and Career High School","63","Oakland","LEA School","Middle_High School","City: Small","Oakland Region","5","06","English Language Arts","Students without Disabilities","< 10","< 10","< 10","< 10","< 10","< 10","< 10","< 10"
"20 - 21 School Year","63","Oakland Schools","63150","Troy School District","08286","Troy College and Career High School","63","Oakland","LEA School","Middle_High School","City: Small","Oakland Region","5","05","English Language Arts","Students without Disabilities","< 10","< 10","< 10","< 10","< 10","< 10","< 10","< 10"
"20 - 21 School Year","63","Oakland Schools","63150","Troy School District","08286","Troy College and Career High School","63","Oakland","LEA School","Middle_High School","City: Small","Oakland Region","5","07","English Language Arts","Students without Disabilities","< 10","< 10","< 10","< 10","< 10","< 10","< 10","< 10"
"20 - 21 School Year","63","Oakland Schools","63150","Troy School District","08286","Troy College and Career High School","63","Oakland","LEA School","Middle_High School","City: Small","Oakland Region","5","08","Social Studies","Not Migrant","< 10","< 10","< 10","< 10","< 10","< 10","< 10","< 10"
"20 - 21 School Year","63","Oakland Schools","63150","Troy School District","08286","Troy College and Career High School","63","Oakland","LEA School","Middle_High School","City: Small","Oakland Region","5","08","Social Studies","Not English Learners","< 10","< 10","< 10","< 10","< 10","< 10","< 10","< 10"
"20 - 21 School Year","63","Oakland Schools","63150","Troy School District","08286","Troy College and Career High School","63","Oakland","LEA School","Middle_High School","City: Small","Oakland Region","5","08","Social Studies","Female","< 10","< 10","< 10","< 10","< 10","< 10","< 10","< 10"
"20 - 21 School Year","63","Oakland Schools","63150","Troy School District","08286","Troy College and Career High School","63","Oakland","LEA School","Middle_High School","City: Small","Oakland Region","5","08","Social Studies","Male","< 10","< 10","< 10","< 10","< 10","< 10","< 10","< 10"
"20 - 21 School Year","63","Oakland Schools","63150","Troy School District","08286","Troy College and Career High School","63","Oakland","LEA School","Middle_High School","City: Small","Oakland Region","5","08","Social Studies","White, not of Hispanic origin","< 10","< 10","< 10","< 10","< 10","< 10","< 10","< 10"
"20 - 21 School Year","63","Oakland Schools","63150","Troy School District","08286","Troy College and Career High School","63","Oakland","LEA School","Middle_High School","City: Small","Oakland Region","5","08","Social Studies","Not Economically Disadvantaged","< 10","< 10","< 10","< 10","< 10","< 10","< 10","< 10"
"20 - 21 School Year","63","Oakland Schools","63150","Troy School District","08286","Troy College and Career High School","63","Oakland","LEA School","Middle_High School","City: Small","Oakland Region","5","11","English Language Arts","Students without Disabilities","< 10","< 10","< 10","< 10","< 10","< 10","< 10","< 10"
