SchoolYear,ISDCode,ISDName,DistrictCode,DistrictName,SchoolCode,SchoolName,CountyCode,CountyName,EntityType,SchoolLevel,Locale,Subject,Category,Group,PercentBottom30,NumberBottom30,PercentMiddle40,NumberMiddle40,PercentTop30,NumberTop30,NumberOfStudents
"24 - 25 School Year","63","Oakland Schools","63150","Troy School District","00174","Baker Middle School","63","Oakland","LEA School","Middle School","City: Small","SocialStudies","Program Participation","English Learners","68.40","13","31.60","< 10","< 5","< 10","19"
"24 - 25 School Year","63","Oakland Schools","63150","Troy School District","00174","Baker Middle School","63","Oakland","LEA School","Middle School","City: Small","ELA","Program Participation","Economically Disadvantaged","51.00","75","34.70","51","14.30","21","147"
"24 - 25 School Year","63","Oakland Schools","63150","Troy School District","00174","Baker Middle School","63","Oakland","LEA School","Middle School","City: Small","Science","Program Participation","Homeless","< 10","< 10","< 10","< 10","< 10","< 10","< 10"
"24 - 25 School Year","63","Oakland Schools","63150","Troy School District","00174","Baker Middle School","63","Oakland","LEA School","Middle School","City: Small","Science","Program Participation","English Learners","70.00","14","30.00","< 10","< 5","< 10","20"
"24 - 25 School Year","63","Oakland Schools","63150","Troy School District","00174","Baker Middle School","63","Oakland","LEA School","Middle School","City: Small","Math","Program Participation","Homeless","< 10","< 10","< 10","< 10","< 10","< 10","< 10"
"24 - 25 School Year","63","Oakland Schools","63150","Troy School District","00174","Baker Middle School","63","Oakland","LEA School","Middle School","City: Small","Math","Program Participation","English Learners","63.20","43","32.40","22","< 5","< 10","68"
"24 - 25 School Year","63","Oakland Schools","63150","Troy School District","00174","Baker Middle School","63","Oakland","LEA School","Middle School","City: Small","Science","Program Participation","Students with Disabilities","84.20","16","15.80","< 10","< 5","< 10","19"
"24 - 25 School Year","63","Oakland Schools","63150","Troy School District","00174","Baker Middle School","63","Oakland","LEA School","Middle School","City: Small","ELA","Grade","06","30.30","59","43.10","84","26.70","52","195"
"24 - 25 School Year","63","Oakland Schools","63150","Troy School District","00174","Baker Middle School","63","Oakland","LEA School","Middle School","City: Small","Math","Grade","06","27.20","53","40.00","78","32.80","64","195"
"24 - 25 School Year","63","Oakland Schools","63150","Troy School District","00174","Baker Middle School","63","Oakland","LEA School","Middle School","City: Small","ELA","Grade","07","27.10","57","36.70","77","36.20","76","210"
"24 - 25 School Year","63","Oakland Schools","63150","Troy School District","00174","Baker Middle School","63","Oakland","LEA School","Middle School","City: Small","Math","Grade","07","25.70","54","45.20","95","29.00","61","210"
"24 - 25 School Year","63","Oakland Schools","63150","Troy School District","00174","Baker Middle School","63","Oakland","LEA School","Middle School","City: Small","ELA","Grade","08","32.80","67","40.20","82","27.00","55","204"
"24 - 25 School Year","63","Oakland Schools","63150","Troy School District","00174","Baker Middle School","63","Oakland","LEA School","Middle School","City: Small","SocialStudies","Grade","08","30.00","61","39.90","81","30.00","61","203"
"24 - 25 School Year","63","Oakland Schools","63150","Troy School District","00174","Baker Middle School","63","Oakland","LEA School","Middle School","City: Small","Math","Grade","08","37.30","76","34.30","70","28.40","58","204"
"24 - 25 School Year","63","Oakland Schools","63150","Troy School District","00174","Baker Middle School","63","Oakland","LEA School","Middle School","City: Small","Science","Grade","08","30.10","62","39.80","82","30.10","62","206"
"24 - 25 School Year","63","Oakland Schools","63150","Troy School District","00174","Baker Middle School","63","Oakland","LEA School","Middle School","City: Small","ELA","Race/Ethnicity","American Indian or Alaska Native","< 10","< 10","< 10","< 10","< 10","< 10","< 10"
"24 - 25 School Year","63","Oakland Schools","63150","Troy School District","00174","Baker Middle School","63","Oakland","LEA School","Middle School","City: Small","Math","Race/Ethnicity","American Indian or Alaska Native","< 10","< 10","< 10","< 10","< 10","< 10","< 10"
"24 - 25 School Year","63","Oakland Schools","63150","Troy School District","00174","Baker Middle School","63","Oakland","LEA School","Middle School","City: Small","Science","Race/Ethnicity","Asian","10.70","< 10","41.30","31","48.00","36","75"
"24 - 25 School Year","63","Oakland Schools","63150","Troy School District","00174","Baker Middle School","63","Oakland","LEA School","Middle School","City: Small","Math","Race/Ethnicity","Asian","13.30","31","32.60","76","54.10","126","233"
"24 - 25 School Year","63","Oakland Schools","63150","Troy School District","00174","Baker Middle School","63","Oakland","LEA School","Middle School","City: Small","ELA","Race/Ethnicity","Asian","15.50","36","40.30","94","44.20","103","233"
"24 - 25 School Year","63","Oakland Schools","63150","Troy School District","00174","Baker Middle School","63","Oakland","LEA School","Middle School","City: Small","SocialStudies","Race/Ethnicity","Asian","8.10","< 10","45.90","34","45.90","34","74"
"24 - 25 School Year","63","Oakland Schools","63150","Troy School District","00174","Baker Middle School","63","Oakland","LEA School","Middle School","City: Small","ELA","Race/Ethnicity","Black, not of Hispanic origin","64.80","35","25.90","14","9.30","< 10","54"
"24 - 25 School Year","63","Oakland Schools","63150","Troy School District","00174","Baker Middle School","63","Oakland","LEA School","Middle School","City: Small","Math","Race/Ethnicity","Black, not of Hispanic origin","68.50","37","31.50","17","< 5","< 10","54"
"24 - 25 School Year","63","Oakland Schools","63150","Troy School District","00174","Baker Middle School","63","Oakland","LEA School","Middle School","City: Small","SocialStudies","Race/Ethnicity","Black, not of Hispanic origin","70.00","14","20.00","< 10","10.00","< 10","20"
"24 - 25 School Year","63","Oakland Schools","63150","Troy School District","00174","Baker Middle School","63","Oakland","LEA School","Middle School","City: Small","Science","Race/Ethnicity","Black, not of Hispanic origin","71.40","15","23.80","< 10","< 5","< 10","21"
"24 - 25 School Year","63","Oakland Schools","63150","Troy School District","00174","Baker Middle School","63","Oakland","LEA School","Middle School","City: Small","Science","Gender","Female","31.60","30","37.90","36","30.50","29","95"
"24 - 25 School Year","63","Oakland Schools","63150","Troy School District","00174","Baker Middle School","63","Oakland","LEA School","Middle School","City: Small","Math","Gender","Female","29.90","88","40.10","118","29.90","88","294"
"24 - 25 School Year","63","Oakland Schools","63150","Troy School District","00174","Baker Middle School","63","Oakland","LEA School","Middle School","City: Small","SocialStudies","Gender","Female","30.10","28","35.50","33","34.40","32","93"
"24 - 25 School Year","63","Oakland Schools","63150","Troy School District","00174","Baker Middle School","63","Oakland","LEA School","Middle School","City: Small","ELA","Gender","Female","26.50","78","40.10","118","33.30","98","294"
"24 - 25 School Year","63","Oakland Schools","63150","Troy School District","00174","Baker Middle School","63","Oakland","LEA School","Middle School","City: Small","Math","Race/Ethnicity","Hispanic","52.10","25","37.50","18","10.40","< 10","48"
"24 - 25 School Year","63","Oakland Schools","63150","Troy School District","00174","Baker Middle School","63","Oakland","LEA School","Middle School","City: Small","ELA","Race/Ethnicity","Hispanic","56.30","27","25.00","12","18.80","< 10","48"
"24 - 25 School Year","63","Oakland Schools","63150","Troy School District","00174","Baker Middle School","63","Oakland","LEA School","Middle School","City: Small","SocialStudies","Race/Ethnicity","Hispanic","52.90","< 10","23.50","< 10","23.50","< 10","17"
"24 - 25 School Year","63","Oakland Schools","63150","Troy School District","00174","Baker Middle School","63","Oakland","LEA School","Middle School","City: Small","Science","Race/Ethnicity","Hispanic","50.00","< 10","38.90","< 10","11.10","< 10","18"
"24 - 25 School Year","63","Oakland Schools","63150","Troy School District","00174","Baker Middle School","63","Oakland","LEA School","Middle School","City: Small","Science","Gender","Male","28.80","32","41.40","46","29.70","33","111"
"24 - 25 School Year","63","Oakland Schools","63150","Troy School District","00174","Baker Middle School","63","Oakland","LEA School","Middle School","City: Small","Math","Gender","Male","30.20","95","39.70","125","30.20","95","315"
"24 - 25 School Year","63","Oakland Schools","63150","Troy School District","00174","Baker Middle School","63","Oakland","LEA School","Middle School","City: Small","SocialStudies","Gender","Male","30.00","33","43.60","48","26.40","29","110"
"24 - 25 School Year","63","Oakland Schools","63150","Troy School District","00174","Baker Middle School","63","Oakland","LEA School","Middle School","City: Small","ELA","Gender","Male","33.30","105","39.70","125","27.00","85","315"
"24 - 25 School Year","63","Oakland Schools","63150","Troy School District","00174","Baker Middle School","63","Oakland","LEA School","Middle School","City: Small","ELA","Race/Ethnicity","Native Hawaiian or Other Pacific Islander","< 10","< 10","< 10","< 10","< 10","< 10","< 10"
"24 - 25 School Year","63","Oakland Schools","63150","Troy School District","00174","Baker Middle School","63","Oakland","LEA School","Middle School","City: Small","Math","Race/Ethnicity","Native Hawaiian or Other Pacific Islander","< 10","< 10","< 10","< 10","< 10","< 10","< 10"
"24 - 25 School Year","63","Oakland Schools","63150","Troy School District","00174","Baker Middle School","63","Oakland","LEA School","Middle School","City: Small","SocialStudies","Race/Ethnicity","Native Hawaiian or Other Pacific Islander","< 10","< 10","< 10","< 10","< 10","< 10","< 10"
"24 - 25 School Year","63","Oakland Schools","63150","Troy School District","00174","Baker Middle School","63","Oakland","LEA School","Middle School","City: Small","Science","Race/Ethnicity","Native Hawaiian or Other Pacific Islander","< 10","< 10","< 10","< 10","< 10","< 10","< 10"
"24 - 25 School Year","63","Oakland Schools","63150","Troy School District","00174","Baker Middle School","63","Oakland","LEA School","Middle School","City: Small","Science","Program Participation","Not Homeless","29.80","61","40.00","82","30.20","62","205"
"24 - 25 School Year","63","Oakland Schools","63150","Troy School District","00174","Baker Middle School","63","Oakland","LEA School","Middle School","City: Small","Science","Program Participation","Not English Learners","25.80","48","40.90","76","33.30","62","186"
"24 - 25 School Year","63","Oakland Schools","63150","Troy School District","00174","Baker Middle School","63","Oakland","LEA School","Middle School","City: Small","Science","Program Participation","Not Migrant","30.10","62","39.80","82","30.10","62","206"
"24 - 25 School Year","63","Oakland Schools","63150","Troy School District","00174","Baker Middle School","63","Oakland","LEA School","Middle School","City: Small","Math","Program Participation","Not Homeless","29.90","181","39.90","242","30.20","183","606"
"24 - 25 School Year","63","Oakland Schools","63150","Troy School District","00174","Baker Middle School","63","Oakland","LEA School","Middle School","City: Small","Math","Program Participation","Not English Learners","25.90","140","40.90","221","33.30","180","541"
"24 - 25 School Year","63","Oakland Schools","63150","Troy School District","00174","Baker Middle School","63","Oakland","LEA School","Middle School","City: Small","Math","Program Participation","Not Migrant","30.00","183","39.90","243","30.00","183","609"
"24 - 25 School Year","63","Oakland Schools","63150","Troy School District","00174","Baker Middle School","63","Oakland","LEA School","Middle School","City: Small","Science","Program Participation","Students without IEP","24.60","46","42.20","79","33.20","62","187"
"24 - 25 School Year","63","Oakland Schools","63150","Troy School District","00174","Baker Middle School","63","Oakland","LEA School","Middle School","City: Small","ELA","Program Participation","Not Economically Disadvantaged","23.40","108","41.60","192","35.10","162","462"
"24 - 25 School Year","63","Oakland Schools","63150","Troy School District","00174","Baker Middle School","63","Oakland","LEA School","Middle School","City: Small","SocialStudies","Program Participation","Not English Learners","26.10","48","40.80","75","33.20","61","184"
"24 - 25 School Year","63","Oakland Schools","63150","Troy School District","00174","Baker Middle School","63","Oakland","LEA School","Middle School","City: Small","SocialStudies","Program Participation","Not Migrant","30.00","61","39.90","81","30.00","61","203"
"24 - 25 School Year","63","Oakland Schools","63150","Troy School District","00174","Baker Middle School","63","Oakland","LEA School","Middle School","City: Small","ELA","Program Participation","Students without IEP","23.40","127","43.20","234","33.40","181","542"
"24 - 25 School Year","63","Oakland Schools","63150","Troy School District","00174","Baker Middle School","63","Oakland","LEA School","Middle School","City: Small","SocialStudies","Program Participation","Students without IEP","25.80","48","41.40","77","32.80","61","186"
"24 - 25 School Year","63","Oakland Schools","63150","Troy School District","00174","Baker Middle School","63","Oakland","LEA School","Middle School","City: Small","SocialStudies","Program Participation","Not Economically Disadvantaged","21.20","33","41.70","65","37.20","58","156"
"24 - 25 School Year","63","Oakland Schools","63150","Troy School District","00174","Baker Middle School","63","Oakland","LEA School","Middle School","City: Small","SocialStudies","Program Participation","Not Homeless","29.70","60","40.10","81","30.20","61","202"
"24 - 25 School Year","63","Oakland Schools","63150","Troy School District","00174","Baker Middle School","63","Oakland","LEA School","Middle School","City: Small","ELA","Program Participation","Not Homeless","30.00","182","39.80","241","30.20","183","606"
"24 - 25 School Year","63","Oakland Schools","63150","Troy School District","00174","Baker Middle School","63","Oakland","LEA School","Middle School","City: Small","ELA","Program Participation","Not English Learners","24.40","132","41.80","226","33.80","183","541"
"24 - 25 School Year","63","Oakland Schools","63150","Troy School District","00174","Baker Middle School","63","Oakland","LEA School","Middle School","City: Small","ELA","Program Participation","Not Migrant","30.00","183","39.90","243","30.00","183","609"
"24 - 25 School Year","63","Oakland Schools","63150","Troy School District","00174","Baker Middle School","63","Oakland","LEA School","Middle School","City: Small","Math","Program Participation","Not Economically Disadvantaged","22.70","105","40.30","186","37.00","171","462"
"24 - 25 School Year","63","Oakland Schools","63150","Troy School District","00174","Baker Middle School","63","Oakland","LEA School","Middle School","City: Small","Math","Program Participation","Students without IEP","23.80","129","43.00","233","33.20","180","542"
"24 - 25 School Year","63","Oakland Schools","63150","Troy School District","00174","Baker Middle School","63","Oakland","LEA School","Middle School","City: Small","Science","Program Participation","Not Economically Disadvantaged","23.10","36","39.10","61","37.80","59","156"
"24 - 25 School Year","63","Oakland Schools","63150","Troy School District","00174","Baker Middle School","63","Oakland","LEA School","Middle School","City: Small","Math","Race/Ethnicity","Two or More Races","34.60","< 10","46.20","12","19.20","< 10","26"
"24 - 25 School Year","63","Oakland Schools","63150","Troy School District","00174","Baker Middle School","63","Oakland","LEA School","Middle School","City: Small","ELA","Race/Ethnicity","Two or More Races","26.90","< 10","46.20","12","26.90","< 10","26"
"24 - 25 School Year","63","Oakland Schools","63150","Troy School District","00174","Baker Middle School","63","Oakland","LEA School","Middle School","City: Small","SocialStudies","Race/Ethnicity","Two or More Races","54.50","< 10","27.30","< 10","18.20","< 10","11"
"24 - 25 School Year","63","Oakland Schools","63150","Troy School District","00174","Baker Middle School","63","Oakland","LEA School","Middle School","City: Small","Science","Race/Ethnicity","Two or More Races","54.50","< 10","27.30","< 10","18.20","< 10","11"
"24 - 25 School Year","63","Oakland Schools","63150","Troy School District","00174","Baker Middle School","63","Oakland","LEA School","Middle School","City: Small","Math","Race/Ethnicity","White, not of Hispanic origin","32.50","80","48.80","120","18.70","46","246"
"24 - 25 School Year","63","Oakland Schools","63150","Troy School District","00174","Baker Middle School","63","Oakland","LEA School","Middle School","City: Small","ELA","Race/Ethnicity","White, not of Hispanic origin","31.30","77","45.10","111","23.60","58","246"
"24 - 25 School Year","63","Oakland Schools","63150","Troy School District","00174","Baker Middle School","63","Oakland","LEA School","Middle School","City: Small","SocialStudies","Race/Ethnicity","White, not of Hispanic origin","32.50","26","45.00","36","22.50","18","80"
"24 - 25 School Year","63","Oakland Schools","63150","Troy School District","00174","Baker Middle School","63","Oakland","LEA School","Middle School","City: Small","Science","Race/Ethnicity","White, not of Hispanic origin","30.00","24","45.00","36","25.00","20","80"
"24 - 25 School Year","63","Oakland Schools","63150","Troy School District","00174","Baker Middle School","63","Oakland","LEA School","Middle School","City: Small","ELA","Program Participation","Students with Disabilities","83.60","56","13.40","< 10","< 5","< 10","67"
"24 - 25 School Year","63","Oakland Schools","63150","Troy School District","00174","Baker Middle School","63","Oakland","LEA School","Middle School","City: Small","SocialStudies","Program Participation","Economically Disadvantaged","59.60","28","34.00","16","6.40","< 10","47"
"24 - 25 School Year","63","Oakland Schools","63150","Troy School District","00174","Baker Middle School","63","Oakland","LEA School","Middle School","City: Small","SocialStudies","Program Participation","Homeless","< 10","< 10","< 10","< 10","< 10","< 10","< 10"
"24 - 25 School Year","63","Oakland Schools","63150","Troy School District","00174","Baker Middle School","63","Oakland","LEA School","Middle School","City: Small","SocialStudies","Program Participation","Students with Disabilities","76.50","13","23.50","< 10","< 5","< 10","17"
"24 - 25 School Year","63","Oakland Schools","63150","Troy School District","00174","Baker Middle School","63","Oakland","LEA School","Middle School","City: Small","Math","Program Participation","Students with Disabilities","80.60","54","14.90","10","< 5","< 10","67"
"24 - 25 School Year","63","Oakland Schools","63150","Troy School District","00174","Baker Middle School","63","Oakland","LEA School","Middle School","City: Small","Math","Program Participation","Economically Disadvantaged","53.10","78","38.80","57","8.20","12","147"
"24 - 25 School Year","63","Oakland Schools","63150","Troy School District","00174","Baker Middle School","63","Oakland","LEA School","Middle School","City: Small","ELA","Program Participation","English Learners","75.00","51","25.00","17","< 5","< 10","68"
"24 - 25 School Year","63","Oakland Schools","63150","Troy School District","00174","Baker Middle School","63","Oakland","LEA School","Middle School","City: Small","ELA","Program Participation","Homeless","< 10","< 10","< 10","< 10","< 10","< 10","< 10"
"24 - 25 School Year","63","Oakland Schools","63150","Troy School District","00174","Baker Middle School","63","Oakland","LEA School","Middle School","City: Small","Science","Program Participation","Economically Disadvantaged","52.00","26","42.00","21","6.00","< 10","50"
"24 - 25 School Year","63","Oakland Schools","63150","Troy School District","02161","Leonard Elementary School","63","Oakland","LEA School","Elementary","City: Small","SocialStudies","Program Participation","Students with Disabilities","< 10","< 10","< 10","< 10","< 10","< 10","< 10"
"24 - 25 School Year","63","Oakland Schools","63150","Troy School District","02161","Leonard Elementary School","63","Oakland","LEA School","Elementary","City: Small","SocialStudies","Program Participation","English Learners","46.20","< 10","53.80","< 10","< 5","< 10","13"
"24 - 25 School Year","63","Oakland Schools","63150","Troy School District","02161","Leonard Elementary School","63","Oakland","LEA School","Elementary","City: Small","SocialStudies","Program Participation","Economically Disadvantaged","< 10","< 10","< 10","< 10","< 10","< 10","< 10"
"24 - 25 School Year","63","Oakland Schools","63150","Troy School District","02161","Leonard Elementary School","63","Oakland","LEA School","Elementary","City: Small","Math","Program Participation","English Learners","42.30","22","38.50","20","19.20","10","52"
"24 - 25 School Year","63","Oakland Schools","63150","Troy School District","02161","Leonard Elementary School","63","Oakland","LEA School","Elementary","City: Small","Science","Program Participation","English Learners","53.80","< 10","23.10","< 10","23.10","< 10","13"
"24 - 25 School Year","63","Oakland Schools","63150","Troy School District","02161","Leonard Elementary School","63","Oakland","LEA School","Elementary","City: Small","Science","Program Participation","Students with Disabilities","< 10","< 10","< 10","< 10","< 10","< 10","< 10"
"24 - 25 School Year","63","Oakland Schools","63150","Troy School District","02161","Leonard Elementary School","63","Oakland","LEA School","Elementary","City: Small","Science","Program Participation","Economically Disadvantaged","< 10","< 10","< 10","< 10","< 10","< 10","< 10"
"24 - 25 School Year","63","Oakland Schools","63150","Troy School District","02161","Leonard Elementary School","63","Oakland","LEA School","Elementary","City: Small","ELA","Program Participation","Students with Disabilities","81.00","17","14.30","< 10","< 5","< 10","21"
"24 - 25 School Year","63","Oakland Schools","63150","Troy School District","02161","Leonard Elementary School","63","Oakland","LEA School","Elementary","City: Small","ELA","Program Participation","Economically Disadvantaged","47.60","10","42.90","< 10","9.50","< 10","21"
"24 - 25 School Year","63","Oakland Schools","63150","Troy School District","02161","Leonard Elementary School","63","Oakland","LEA School","Elementary","City: Small","Math","Program Participation","Economically Disadvantaged","57.10","12","28.60","< 10","14.30","< 10","21"
"24 - 25 School Year","63","Oakland Schools","63150","Troy School District","02161","Leonard Elementary School","63","Oakland","LEA School","Elementary","City: Small","ELA","Program Participation","English Learners","52.10","25","31.30","15","16.70","< 10","48"
"24 - 25 School Year","63","Oakland Schools","63150","Troy School District","02161","Leonard Elementary School","63","Oakland","LEA School","Elementary","City: Small","Math","Program Participation","Students with Disabilities","85.70","18","9.50","< 10","< 5","< 10","21"
"24 - 25 School Year","63","Oakland Schools","63150","Troy School District","02161","Leonard Elementary School","63","Oakland","LEA School","Elementary","City: Small","SocialStudies","Race/Ethnicity","White, not of Hispanic origin","32.30","10","41.90","13","25.80","< 10","31"
"24 - 25 School Year","63","Oakland Schools","63150","Troy School District","02161","Leonard Elementary School","63","Oakland","LEA School","Elementary","City: Small","Science","Race/Ethnicity","White, not of Hispanic origin","32.30","10","29.00","< 10","38.70","12","31"
"24 - 25 School Year","63","Oakland Schools","63150","Troy School District","02161","Leonard Elementary School","63","Oakland","LEA School","Elementary","City: Small","Math","Race/Ethnicity","White, not of Hispanic origin","37.20","35","37.20","35","25.50","24","94"
"24 - 25 School Year","63","Oakland Schools","63150","Troy School District","02161","Leonard Elementary School","63","Oakland","LEA School","Elementary","City: Small","ELA","Race/Ethnicity","White, not of Hispanic origin","31.90","30","37.20","35","30.90","29","94"
"24 - 25 School Year","63","Oakland Schools","63150","Troy School District","02161","Leonard Elementary School","63","Oakland","LEA School","Elementary","City: Small","SocialStudies","Race/Ethnicity","Two or More Races","< 10","< 10","< 10","< 10","< 10","< 10","< 10"
"24 - 25 School Year","63","Oakland Schools","63150","Troy School District","02161","Leonard Elementary School","63","Oakland","LEA School","Elementary","City: Small","Math","Race/Ethnicity","Two or More Races","26.70","< 10","60.00","< 10","13.30","< 10","15"
"24 - 25 School Year","63","Oakland Schools","63150","Troy School District","02161","Leonard Elementary School","63","Oakland","LEA School","Elementary","City: Small","Science","Race/Ethnicity","Two or More Races","< 10","< 10","< 10","< 10","< 10","< 10","< 10"
"24 - 25 School Year","63","Oakland Schools","63150","Troy School District","02161","Leonard Elementary School","63","Oakland","LEA School","Elementary","City: Small","ELA","Race/Ethnicity","Two or More Races","33.30","< 10","40.00","< 10","26.70","< 10","15"
"24 - 25 School Year","63","Oakland Schools","63150","Troy School District","02161","Leonard Elementary School","63","Oakland","LEA School","Elementary","City: Small","SocialStudies","Program Participation","Not Economically Disadvantaged","26.10","18","42.00","29","31.90","22","69"
"24 - 25 School Year","63","Oakland Schools","63150","Troy School District","02161","Leonard Elementary School","63","Oakland","LEA School","Elementary","City: Small","SocialStudies","Program Participation","Not Migrant","29.70","22","40.50","30","29.70","22","74"
"24 - 25 School Year","63","Oakland Schools","63150","Troy School District","02161","Leonard Elementary School","63","Oakland","LEA School","Elementary","City: Small","SocialStudies","Program Participation","Not English Learners","26.20","16","37.70","23","36.10","22","61"
"24 - 25 School Year","63","Oakland Schools","63150","Troy School District","02161","Leonard Elementary School","63","Oakland","LEA School","Elementary","City: Small","SocialStudies","Program Participation","Not Homeless","29.70","22","40.50","30","29.70","22","74"
"24 - 25 School Year","63","Oakland Schools","63150","Troy School District","02161","Leonard Elementary School","63","Oakland","LEA School","Elementary","City: Small","SocialStudies","Program Participation","Students without IEP","26.50","18","41.20","28","32.40","22","68"
"24 - 25 School Year","63","Oakland Schools","63150","Troy School District","02161","Leonard Elementary School","63","Oakland","LEA School","Elementary","City: Small","Science","Program Participation","Not Migrant","29.70","22","40.50","30","29.70","22","74"
"24 - 25 School Year","63","Oakland Schools","63150","Troy School District","02161","Leonard Elementary School","63","Oakland","LEA School","Elementary","City: Small","Science","Program Participation","Not English Learners","24.60","15","44.30","27","31.10","19","61"
"24 - 25 School Year","63","Oakland Schools","63150","Troy School District","02161","Leonard Elementary School","63","Oakland","LEA School","Elementary","City: Small","Science","Program Participation","Students without IEP","25.00","17","44.10","30","30.90","21","68"
"24 - 25 School Year","63","Oakland Schools","63150","Troy School District","02161","Leonard Elementary School","63","Oakland","LEA School","Elementary","City: Small","Science","Program Participation","Not Homeless","29.70","22","40.50","30","29.70","22","74"
"24 - 25 School Year","63","Oakland Schools","63150","Troy School District","02161","Leonard Elementary School","63","Oakland","LEA School","Elementary","City: Small","Science","Program Participation","Not Economically Disadvantaged","26.10","18","42.00","29","31.90","22","69"
"24 - 25 School Year","63","Oakland Schools","63150","Troy School District","02161","Leonard Elementary School","63","Oakland","LEA School","Elementary","City: Small","Math","Program Participation","Not Migrant","30.00","62","40.10","83","30.00","62","207"
"24 - 25 School Year","63","Oakland Schools","63150","Troy School District","02161","Leonard Elementary School","63","Oakland","LEA School","Elementary","City: Small","Math","Program Participation","Not English Learners","25.80","40","40.60","63","33.50","52","155"
"24 - 25 School Year","63","Oakland Schools","63150","Troy School District","02161","Leonard Elementary School","63","Oakland","LEA School","Elementary","City: Small","Math","Program Participation","Not Homeless","30.00","62","40.10","83","30.00","62","207"
"24 - 25 School Year","63","Oakland Schools","63150","Troy School District","02161","Leonard Elementary School","63","Oakland","LEA School","Elementary","City: Small","ELA","Program Participation","Students without IEP","24.20","44","42.90","78","33.00","60","182"
"24 - 25 School Year","63","Oakland Schools","63150","Troy School District","02161","Leonard Elementary School","63","Oakland","LEA School","Elementary","City: Small","ELA","Program Participation","Not Economically Disadvantaged","28.00","51","39.60","72","32.40","59","182"
"24 - 25 School Year","63","Oakland Schools","63150","Troy School District","02161","Leonard Elementary School","63","Oakland","LEA School","Elementary","City: Small","Math","Program Participation","Students without IEP","23.70","44","43.50","81","32.80","61","186"
"24 - 25 School Year","63","Oakland Schools","63150","Troy School District","02161","Leonard Elementary School","63","Oakland","LEA School","Elementary","City: Small","ELA","Program Participation","Not Migrant","30.00","61","39.90","81","30.00","61","203"
"24 - 25 School Year","63","Oakland Schools","63150","Troy School District","02161","Leonard Elementary School","63","Oakland","LEA School","Elementary","City: Small","ELA","Program Participation","Not English Learners","23.20","36","42.60","66","34.20","53","155"
"24 - 25 School Year","63","Oakland Schools","63150","Troy School District","02161","Leonard Elementary School","63","Oakland","LEA School","Elementary","City: Small","ELA","Program Participation","Not Homeless","30.00","61","39.90","81","30.00","61","203"
"24 - 25 School Year","63","Oakland Schools","63150","Troy School District","02161","Leonard Elementary School","63","Oakland","LEA School","Elementary","City: Small","Math","Program Participation","Not Economically Disadvantaged","26.90","50","41.40","77","31.70","59","186"
"24 - 25 School Year","63","Oakland Schools","63150","Troy School District","02161","Leonard Elementary School","63","Oakland","LEA School","Elementary","City: Small","SocialStudies","Gender","Male","27.50","11","40.00","16","32.50","13","40"
"24 - 25 School Year","63","Oakland Schools","63150","Troy School District","02161","Leonard Elementary School","63","Oakland","LEA School","Elementary","City: Small","Math","Gender","Male","24.50","25","39.20","40","36.30","37","102"
"24 - 25 School Year","63","Oakland Schools","63150","Troy School District","02161","Leonard Elementary School","63","Oakland","LEA School","Elementary","City: Small","Science","Gender","Male","30.00","12","32.50","13","37.50","15","40"
"24 - 25 School Year","63","Oakland Schools","63150","Troy School District","02161","Leonard Elementary School","63","Oakland","LEA School","Elementary","City: Small","ELA","Gender","Male","32.70","33","32.70","33","34.70","35","101"
"24 - 25 School Year","63","Oakland Schools","63150","Troy School District","02161","Leonard Elementary School","63","Oakland","LEA School","Elementary","City: Small","SocialStudies","Race/Ethnicity","Hispanic","< 10","< 10","< 10","< 10","< 10","< 10","< 10"
"24 - 25 School Year","63","Oakland Schools","63150","Troy School District","02161","Leonard Elementary School","63","Oakland","LEA School","Elementary","City: Small","Science","Race/Ethnicity","Hispanic","< 10","< 10","< 10","< 10","< 10","< 10","< 10"
"24 - 25 School Year","63","Oakland Schools","63150","Troy School District","02161","Leonard Elementary School","63","Oakland","LEA School","Elementary","City: Small","ELA","Race/Ethnicity","Hispanic","< 10","< 10","< 10","< 10","< 10","< 10","< 10"
"24 - 25 School Year","63","Oakland Schools","63150","Troy School District","02161","Leonard Elementary School","63","Oakland","LEA School","Elementary","City: Small","Math","Race/Ethnicity","Hispanic","< 10","< 10","< 10","< 10","< 10","< 10","< 10"
"24 - 25 School Year","63","Oakland Schools","63150","Troy School District","02161","Leonard Elementary School","63","Oakland","LEA School","Elementary","City: Small","SocialStudies","Gender","Female","32.40","11","41.20","14","26.50","< 10","34"
"24 - 25 School Year","63","Oakland Schools","63150","Troy School District","02161","Leonard Elementary School","63","Oakland","LEA School","Elementary","City: Small","Math","Gender","Female","35.20","37","41.00","43","23.80","25","105"
"24 - 25 School Year","63","Oakland Schools","63150","Troy School District","02161","Leonard Elementary School","63","Oakland","LEA School","Elementary","City: Small","Science","Gender","Female","29.40","10","50.00","17","20.60","< 10","34"
"24 - 25 School Year","63","Oakland Schools","63150","Troy School District","02161","Leonard Elementary School","63","Oakland","LEA School","Elementary","City: Small","ELA","Gender","Female","27.50","28","47.10","48","25.50","26","102"
"24 - 25 School Year","63","Oakland Schools","63150","Troy School District","02161","Leonard Elementary School","63","Oakland","LEA School","Elementary","City: Small","SocialStudies","Race/Ethnicity","Black, not of Hispanic origin","< 10","< 10","< 10","< 10","< 10","< 10","< 10"
"24 - 25 School Year","63","Oakland Schools","63150","Troy School District","02161","Leonard Elementary School","63","Oakland","LEA School","Elementary","City: Small","Science","Race/Ethnicity","Black, not of Hispanic origin","< 10","< 10","< 10","< 10","< 10","< 10","< 10"
"24 - 25 School Year","63","Oakland Schools","63150","Troy School District","02161","Leonard Elementary School","63","Oakland","LEA School","Elementary","City: Small","ELA","Race/Ethnicity","Black, not of Hispanic origin","< 10","< 10","< 10","< 10","< 10","< 10","< 10"
"24 - 25 School Year","63","Oakland Schools","63150","Troy School District","02161","Leonard Elementary School","63","Oakland","LEA School","Elementary","City: Small","Math","Race/Ethnicity","Black, not of Hispanic origin","< 10","< 10","< 10","< 10","< 10","< 10","< 10"
"24 - 25 School Year","63","Oakland Schools","63150","Troy School District","02161","Leonard Elementary School","63","Oakland","LEA School","Elementary","City: Small","SocialStudies","Race/Ethnicity","Asian","28.10","< 10","37.50","12","34.40","11","32"
"24 - 25 School Year","63","Oakland Schools","63150","Troy School District","02161","Leonard Elementary School","63","Oakland","LEA School","Elementary","City: Small","Math","Race/Ethnicity","Asian","20.70","19","40.20","37","39.10","36","92"
"24 - 25 School Year","63","Oakland Schools","63150","Troy School District","02161","Leonard Elementary School","63","Oakland","LEA School","Elementary","City: Small","Science","Race/Ethnicity","Asian","25.00","< 10","53.10","17","21.90","< 10","32"
"24 - 25 School Year","63","Oakland Schools","63150","Troy School District","02161","Leonard Elementary School","63","Oakland","LEA School","Elementary","City: Small","ELA","Race/Ethnicity","Asian","27.30","24","42.00","37","30.70","27","88"
"24 - 25 School Year","63","Oakland Schools","63150","Troy School District","02161","Leonard Elementary School","63","Oakland","LEA School","Elementary","City: Small","SocialStudies","Grade","05","29.70","22","40.50","30","29.70","22","74"
"24 - 25 School Year","63","Oakland Schools","63150","Troy School District","02161","Leonard Elementary School","63","Oakland","LEA School","Elementary","City: Small","Science","Grade","05","29.70","22","40.50","30","29.70","22","74"
"24 - 25 School Year","63","Oakland Schools","63150","Troy School District","02161","Leonard Elementary School","63","Oakland","LEA School","Elementary","City: Small","ELA","Grade","05","25.00","18","43.10","31","31.90","23","72"
"24 - 25 School Year","63","Oakland Schools","63150","Troy School District","02161","Leonard Elementary School","63","Oakland","LEA School","Elementary","City: Small","Math","Grade","05","27.00","20","39.20","29","33.80","25","74"
"24 - 25 School Year","63","Oakland Schools","63150","Troy School District","02161","Leonard Elementary School","63","Oakland","LEA School","Elementary","City: Small","ELA","Grade","04","34.80","24","42.00","29","23.20","16","69"
"24 - 25 School Year","63","Oakland Schools","63150","Troy School District","02161","Leonard Elementary School","63","Oakland","LEA School","Elementary","City: Small","Math","Grade","04","31.90","22","43.50","30","24.60","17","69"
"24 - 25 School Year","63","Oakland Schools","63150","Troy School District","02161","Leonard Elementary School","63","Oakland","LEA School","Elementary","City: Small","ELA","Grade","03","30.60","19","33.90","21","35.50","22","62"
"24 - 25 School Year","63","Oakland Schools","63150","Troy School District","02161","Leonard Elementary School","63","Oakland","LEA School","Elementary","City: Small","Math","Grade","03","31.30","20","37.50","24","31.30","20","64"
"24 - 25 School Year","63","Oakland Schools","63150","Troy School District","02618","Morse Elementary School","63","Oakland","LEA School","Elementary","City: Small","SocialStudies","Program Participation","Not Migrant","29.90","20","40.30","27","29.90","20","67"
"24 - 25 School Year","63","Oakland Schools","63150","Troy School District","02618","Morse Elementary School","63","Oakland","LEA School","Elementary","City: Small","Science","Program Participation","Not English Learners","26.20","11","33.30","14","40.50","17","42"
"24 - 25 School Year","63","Oakland Schools","63150","Troy School District","02618","Morse Elementary School","63","Oakland","LEA School","Elementary","City: Small","Science","Program Participation","Not Migrant","29.90","20","40.30","27","29.90","20","67"
"24 - 25 School Year","63","Oakland Schools","63150","Troy School District","02618","Morse Elementary School","63","Oakland","LEA School","Elementary","City: Small","SocialStudies","Program Participation","Students without IEP","25.00","15","41.70","25","33.30","20","60"
"24 - 25 School Year","63","Oakland Schools","63150","Troy School District","02618","Morse Elementary School","63","Oakland","LEA School","Elementary","City: Small","Math","Program Participation","Not Economically Disadvantaged","23.10","27","40.20","47","36.80","43","117"
"24 - 25 School Year","63","Oakland Schools","63150","Troy School District","02618","Morse Elementary School","63","Oakland","LEA School","Elementary","City: Small","ELA","Program Participation","Students without IEP","26.30","44","40.70","68","32.90","55","167"
"24 - 25 School Year","63","Oakland Schools","63150","Troy School District","02618","Morse Elementary School","63","Oakland","LEA School","Elementary","City: Small","ELA","Program Participation","Not Economically Disadvantaged","24.80","29","42.70","50","32.50","38","117"
"24 - 25 School Year","63","Oakland Schools","63150","Troy School District","02618","Morse Elementary School","63","Oakland","LEA School","Elementary","City: Small","Math","Program Participation","Students without IEP","25.60","43","41.10","69","33.30","56","168"
"24 - 25 School Year","63","Oakland Schools","63150","Troy School District","02618","Morse Elementary School","63","Oakland","LEA School","Elementary","City: Small","ELA","Program Participation","Not Homeless","30.00","57","40.00","76","30.00","57","190"
"24 - 25 School Year","63","Oakland Schools","63150","Troy School District","02618","Morse Elementary School","63","Oakland","LEA School","Elementary","City: Small","ELA","Program Participation","Not English Learners","24.20","30","37.10","46","38.70","48","124"
"24 - 25 School Year","63","Oakland Schools","63150","Troy School District","02618","Morse Elementary School","63","Oakland","LEA School","Elementary","City: Small","ELA","Program Participation","Not Migrant","30.10","58","39.90","77","30.10","58","193"
"24 - 25 School Year","63","Oakland Schools","63150","Troy School District","02618","Morse Elementary School","63","Oakland","LEA School","Elementary","City: Small","Science","Race/Ethnicity","Two or More Races","< 10","< 10","< 10","< 10","< 10","< 10","< 10"
"24 - 25 School Year","63","Oakland Schools","63150","Troy School District","02618","Morse Elementary School","63","Oakland","LEA School","Elementary","City: Small","SocialStudies","Race/Ethnicity","Two or More Races","< 10","< 10","< 10","< 10","< 10","< 10","< 10"
"24 - 25 School Year","63","Oakland Schools","63150","Troy School District","02618","Morse Elementary School","63","Oakland","LEA School","Elementary","City: Small","Math","Race/Ethnicity","Two or More Races","< 10","< 10","< 10","< 10","< 10","< 10","< 10"
"24 - 25 School Year","63","Oakland Schools","63150","Troy School District","02618","Morse Elementary School","63","Oakland","LEA School","Elementary","City: Small","ELA","Race/Ethnicity","Two or More Races","< 10","< 10","< 10","< 10","< 10","< 10","< 10"
"24 - 25 School Year","63","Oakland Schools","63150","Troy School District","02618","Morse Elementary School","63","Oakland","LEA School","Elementary","City: Small","Science","Race/Ethnicity","White, not of Hispanic origin","25.00","< 10","50.00","10","25.00","< 10","20"
"24 - 25 School Year","63","Oakland Schools","63150","Troy School District","02618","Morse Elementary School","63","Oakland","LEA School","Elementary","City: Small","SocialStudies","Race/Ethnicity","White, not of Hispanic origin","30.00","< 10","45.00","< 10","25.00","< 10","20"
"24 - 25 School Year","63","Oakland Schools","63150","Troy School District","02618","Morse Elementary School","63","Oakland","LEA School","Elementary","City: Small","Math","Race/Ethnicity","White, not of Hispanic origin","24.60","16","41.50","27","33.80","22","65"
"24 - 25 School Year","63","Oakland Schools","63150","Troy School District","02618","Morse Elementary School","63","Oakland","LEA School","Elementary","City: Small","ELA","Race/Ethnicity","White, not of Hispanic origin","28.80","19","37.90","25","33.30","22","66"
"24 - 25 School Year","63","Oakland Schools","63150","Troy School District","02618","Morse Elementary School","63","Oakland","LEA School","Elementary","City: Small","SocialStudies","Program Participation","Economically Disadvantaged","45.80","11","33.30","< 10","20.80","< 10","24"
"24 - 25 School Year","63","Oakland Schools","63150","Troy School District","02618","Morse Elementary School","63","Oakland","LEA School","Elementary","City: Small","Science","Program Participation","English Learners","36.00","< 10","52.00","13","12.00","< 10","25"
"24 - 25 School Year","63","Oakland Schools","63150","Troy School District","02618","Morse Elementary School","63","Oakland","LEA School","Elementary","City: Small","Science","Program Participation","Students with Disabilities","< 10","< 10","< 10","< 10","< 10","< 10","< 10"
"24 - 25 School Year","63","Oakland Schools","63150","Troy School District","02618","Morse Elementary School","63","Oakland","LEA School","Elementary","City: Small","Science","Program Participation","Economically Disadvantaged","45.80","11","33.30","< 10","20.80","< 10","24"
"24 - 25 School Year","63","Oakland Schools","63150","Troy School District","02618","Morse Elementary School","63","Oakland","LEA School","Elementary","City: Small","Math","Program Participation","English Learners","31.40","22","47.10","33","21.40","15","70"
"24 - 25 School Year","63","Oakland Schools","63150","Troy School District","02618","Morse Elementary School","63","Oakland","LEA School","Elementary","City: Small","Math","Program Participation","Homeless","< 10","< 10","< 10","< 10","< 10","< 10","< 10"
"24 - 25 School Year","63","Oakland Schools","63150","Troy School District","02618","Morse Elementary School","63","Oakland","LEA School","Elementary","City: Small","SocialStudies","Program Participation","English Learners","36.00","< 10","48.00","12","16.00","< 10","25"
"24 - 25 School Year","63","Oakland Schools","63150","Troy School District","02618","Morse Elementary School","63","Oakland","LEA School","Elementary","City: Small","Math","Program Participation","Economically Disadvantaged","41.30","31","38.70","29","20.00","15","75"
"24 - 25 School Year","63","Oakland Schools","63150","Troy School District","02618","Morse Elementary School","63","Oakland","LEA School","Elementary","City: Small","SocialStudies","Program Participation","Students with Disabilities","< 10","< 10","< 10","< 10","< 10","< 10","< 10"
"24 - 25 School Year","63","Oakland Schools","63150","Troy School District","02618","Morse Elementary School","63","Oakland","LEA School","Elementary","City: Small","ELA","Program Participation","Homeless","< 10","< 10","< 10","< 10","< 10","< 10","< 10"
"24 - 25 School Year","63","Oakland Schools","63150","Troy School District","02618","Morse Elementary School","63","Oakland","LEA School","Elementary","City: Small","ELA","Program Participation","English Learners","40.60","28","44.90","31","14.50","10","69"
"24 - 25 School Year","63","Oakland Schools","63150","Troy School District","02618","Morse Elementary School","63","Oakland","LEA School","Elementary","City: Small","Math","Program Participation","Students with Disabilities","62.50","15","29.20","< 10","8.30","< 10","24"
"24 - 25 School Year","63","Oakland Schools","63150","Troy School District","02618","Morse Elementary School","63","Oakland","LEA School","Elementary","City: Small","ELA","Program Participation","Economically Disadvantaged","38.20","29","35.50","27","26.30","20","76"
"24 - 25 School Year","63","Oakland Schools","63150","Troy School District","02618","Morse Elementary School","63","Oakland","LEA School","Elementary","City: Small","ELA","Program Participation","Students with Disabilities","53.80","14","34.60","< 10","11.50","< 10","26"
"24 - 25 School Year","63","Oakland Schools","63150","Troy School District","02618","Morse Elementary School","63","Oakland","LEA School","Elementary","City: Small","ELA","Grade","04","34.80","24","33.30","23","31.90","22","69"
"24 - 25 School Year","63","Oakland Schools","63150","Troy School District","02618","Morse Elementary School","63","Oakland","LEA School","Elementary","City: Small","Math","Grade","04","34.80","24","39.10","27","26.10","18","69"
"24 - 25 School Year","63","Oakland Schools","63150","Troy School District","02618","Morse Elementary School","63","Oakland","LEA School","Elementary","City: Small","SocialStudies","Program Participation","Not English Learners","26.20","11","35.70","15","38.10","16","42"
"24 - 25 School Year","63","Oakland Schools","63150","Troy School District","02618","Morse Elementary School","63","Oakland","LEA School","Elementary","City: Small","SocialStudies","Program Participation","Not Homeless","29.90","20","40.30","27","29.90","20","67"
"24 - 25 School Year","63","Oakland Schools","63150","Troy School District","02618","Morse Elementary School","63","Oakland","LEA School","Elementary","City: Small","Science","Program Participation","Not Homeless","29.90","20","40.30","27","29.90","20","67"
"24 - 25 School Year","63","Oakland Schools","63150","Troy School District","02618","Morse Elementary School","63","Oakland","LEA School","Elementary","City: Small","Science","Program Participation","Not Economically Disadvantaged","20.90","< 10","44.20","19","34.90","15","43"
"24 - 25 School Year","63","Oakland Schools","63150","Troy School District","02618","Morse Elementary School","63","Oakland","LEA School","Elementary","City: Small","Science","Program Participation","Students without IEP","25.00","15","41.70","25","33.30","20","60"
"24 - 25 School Year","63","Oakland Schools","63150","Troy School District","02618","Morse Elementary School","63","Oakland","LEA School","Elementary","City: Small","Math","Program Participation","Not Homeless","29.60","56","39.70","75","30.70","58","189"
"24 - 25 School Year","63","Oakland Schools","63150","Troy School District","02618","Morse Elementary School","63","Oakland","LEA School","Elementary","City: Small","Math","Program Participation","Not Migrant","30.20","58","39.60","76","30.20","58","192"
"24 - 25 School Year","63","Oakland Schools","63150","Troy School District","02618","Morse Elementary School","63","Oakland","LEA School","Elementary","City: Small","Math","Program Participation","Not English Learners","29.50","36","35.20","43","35.20","43","122"
"24 - 25 School Year","63","Oakland Schools","63150","Troy School District","02618","Morse Elementary School","63","Oakland","LEA School","Elementary","City: Small","SocialStudies","Program Participation","Not Economically Disadvantaged","20.90","< 10","44.20","19","34.90","15","43"
"24 - 25 School Year","63","Oakland Schools","63150","Troy School District","02618","Morse Elementary School","63","Oakland","LEA School","Elementary","City: Small","ELA","Race/Ethnicity","Native Hawaiian or Other Pacific Islander","< 10","< 10","< 10","< 10","< 10","< 10","< 10"
"24 - 25 School Year","63","Oakland Schools","63150","Troy School District","02618","Morse Elementary School","63","Oakland","LEA School","Elementary","City: Small","Math","Race/Ethnicity","Native Hawaiian or Other Pacific Islander","< 10","< 10","< 10","< 10","< 10","< 10","< 10"
"24 - 25 School Year","63","Oakland Schools","63150","Troy School District","02618","Morse Elementary School","63","Oakland","LEA School","Elementary","City: Small","ELA","Gender","Male","29.10","30","41.70","43","29.10","30","103"
"24 - 25 School Year","63","Oakland Schools","63150","Troy School District","02618","Morse Elementary School","63","Oakland","LEA School","Elementary","City: Small","Math","Gender","Male","27.70","28","36.60","37","35.60","36","101"
"24 - 25 School Year","63","Oakland Schools","63150","Troy School District","02618","Morse Elementary School","63","Oakland","LEA School","Elementary","City: Small","SocialStudies","Gender","Male","29.70","11","43.20","16","27.00","10","37"
"24 - 25 School Year","63","Oakland Schools","63150","Troy School District","02618","Morse Elementary School","63","Oakland","LEA School","Elementary","City: Small","Science","Gender","Male","35.10","13","43.20","16","21.60","< 10","37"
"24 - 25 School Year","63","Oakland Schools","63150","Troy School District","02618","Morse Elementary School","63","Oakland","LEA School","Elementary","City: Small","ELA","Race/Ethnicity","Hispanic","40.00","10","48.00","12","12.00","< 10","25"
"24 - 25 School Year","63","Oakland Schools","63150","Troy School District","02618","Morse Elementary School","63","Oakland","LEA School","Elementary","City: Small","Math","Race/Ethnicity","Hispanic","52.00","13","36.00","< 10","12.00","< 10","25"
"24 - 25 School Year","63","Oakland Schools","63150","Troy School District","02618","Morse Elementary School","63","Oakland","LEA School","Elementary","City: Small","Science","Race/Ethnicity","Hispanic","< 10","< 10","< 10","< 10","< 10","< 10","< 10"
"24 - 25 School Year","63","Oakland Schools","63150","Troy School District","02618","Morse Elementary School","63","Oakland","LEA School","Elementary","City: Small","SocialStudies","Race/Ethnicity","Hispanic","< 10","< 10","< 10","< 10","< 10","< 10","< 10"
"24 - 25 School Year","63","Oakland Schools","63150","Troy School District","02618","Morse Elementary School","63","Oakland","LEA School","Elementary","City: Small","ELA","Gender","Female","31.10","28","37.80","34","31.10","28","90"
"24 - 25 School Year","63","Oakland Schools","63150","Troy School District","02618","Morse Elementary School","63","Oakland","LEA School","Elementary","City: Small","Math","Gender","Female","33.00","30","42.90","39","24.20","22","91"
"24 - 25 School Year","63","Oakland Schools","63150","Troy School District","02618","Morse Elementary School","63","Oakland","LEA School","Elementary","City: Small","SocialStudies","Gender","Female","30.00","< 10","36.70","11","33.30","10","30"
"24 - 25 School Year","63","Oakland Schools","63150","Troy School District","02618","Morse Elementary School","63","Oakland","LEA School","Elementary","City: Small","Science","Gender","Female","23.30","< 10","36.70","11","40.00","12","30"
"24 - 25 School Year","63","Oakland Schools","63150","Troy School District","02618","Morse Elementary School","63","Oakland","LEA School","Elementary","City: Small","ELA","Race/Ethnicity","Black, not of Hispanic origin","46.20","12","42.30","11","11.50","< 10","26"
"24 - 25 School Year","63","Oakland Schools","63150","Troy School District","02618","Morse Elementary School","63","Oakland","LEA School","Elementary","City: Small","Math","Race/Ethnicity","Black, not of Hispanic origin","69.20","18","30.80","< 10","< 5","< 10","26"
"24 - 25 School Year","63","Oakland Schools","63150","Troy School District","02618","Morse Elementary School","63","Oakland","LEA School","Elementary","City: Small","Science","Race/Ethnicity","Black, not of Hispanic origin","< 10","< 10","< 10","< 10","< 10","< 10","< 10"
"24 - 25 School Year","63","Oakland Schools","63150","Troy School District","02618","Morse Elementary School","63","Oakland","LEA School","Elementary","City: Small","SocialStudies","Race/Ethnicity","Black, not of Hispanic origin","< 10","< 10","< 10","< 10","< 10","< 10","< 10"
"24 - 25 School Year","63","Oakland Schools","63150","Troy School District","02618","Morse Elementary School","63","Oakland","LEA School","Elementary","City: Small","ELA","Race/Ethnicity","Asian","22.40","15","38.80","26","38.80","26","67"
"24 - 25 School Year","63","Oakland Schools","63150","Troy School District","02618","Morse Elementary School","63","Oakland","LEA School","Elementary","City: Small","Math","Race/Ethnicity","Asian","14.90","10","41.80","28","43.30","29","67"
"24 - 25 School Year","63","Oakland Schools","63150","Troy School District","02618","Morse Elementary School","63","Oakland","LEA School","Elementary","City: Small","SocialStudies","Race/Ethnicity","Asian","22.20","< 10","33.30","< 10","44.40","12","27"
"24 - 25 School Year","63","Oakland Schools","63150","Troy School District","02618","Morse Elementary School","63","Oakland","LEA School","Elementary","City: Small","Science","Race/Ethnicity","Asian","29.60","< 10","29.60","< 10","40.70","11","27"
"24 - 25 School Year","63","Oakland Schools","63150","Troy School District","02618","Morse Elementary School","63","Oakland","LEA School","Elementary","City: Small","Math","Grade","05","34.30","23","40.30","27","25.40","17","67"
"24 - 25 School Year","63","Oakland Schools","63150","Troy School District","02618","Morse Elementary School","63","Oakland","LEA School","Elementary","City: Small","ELA","Grade","05","33.80","23","36.80","25","29.40","20","68"
"24 - 25 School Year","63","Oakland Schools","63150","Troy School District","02618","Morse Elementary School","63","Oakland","LEA School","Elementary","City: Small","Science","Grade","05","29.90","20","40.30","27","29.90","20","67"
"24 - 25 School Year","63","Oakland Schools","63150","Troy School District","02618","Morse Elementary School","63","Oakland","LEA School","Elementary","City: Small","SocialStudies","Grade","05","29.90","20","40.30","27","29.90","20","67"
"24 - 25 School Year","63","Oakland Schools","63150","Troy School District","02618","Morse Elementary School","63","Oakland","LEA School","Elementary","City: Small","Math","Grade","03","19.60","11","39.30","22","41.10","23","56"
"24 - 25 School Year","63","Oakland Schools","63150","Troy School District","02618","Morse Elementary School","63","Oakland","LEA School","Elementary","City: Small","ELA","Grade","03","19.60","11","51.80","29","28.60","16","56"
"24 - 25 School Year","63","Oakland Schools","63150","Troy School District","03715","Hamilton Elementary School","63","Oakland","LEA School","Elementary","City: Small","Science","Program Participation","Students with Disabilities","< 10","< 10","< 10","< 10","< 10","< 10","< 10"
"24 - 25 School Year","63","Oakland Schools","63150","Troy School District","03715","Hamilton Elementary School","63","Oakland","LEA School","Elementary","City: Small","Math","Program Participation","English Learners","54.30","19","37.10","13","8.60","< 10","35"
"24 - 25 School Year","63","Oakland Schools","63150","Troy School District","03715","Hamilton Elementary School","63","Oakland","LEA School","Elementary","City: Small","Science","Program Participation","English Learners","< 10","< 10","< 10","< 10","< 10","< 10","< 10"
"24 - 25 School Year","63","Oakland Schools","63150","Troy School District","03715","Hamilton Elementary School","63","Oakland","LEA School","Elementary","City: Small","Science","Program Participation","Economically Disadvantaged","< 10","< 10","< 10","< 10","< 10","< 10","< 10"
"24 - 25 School Year","63","Oakland Schools","63150","Troy School District","03715","Hamilton Elementary School","63","Oakland","LEA School","Elementary","City: Small","ELA","Program Participation","Economically Disadvantaged","50.00","11","36.40","< 10","13.60","< 10","22"
"24 - 25 School Year","63","Oakland Schools","63150","Troy School District","03715","Hamilton Elementary School","63","Oakland","LEA School","Elementary","City: Small","ELA","Program Participation","Students with Disabilities","81.00","17","19.00","< 10","< 5","< 10","21"
"24 - 25 School Year","63","Oakland Schools","63150","Troy School District","03715","Hamilton Elementary School","63","Oakland","LEA School","Elementary","City: Small","SocialStudies","Program Participation","Economically Disadvantaged","< 10","< 10","< 10","< 10","< 10","< 10","< 10"
"24 - 25 School Year","63","Oakland Schools","63150","Troy School District","03715","Hamilton Elementary School","63","Oakland","LEA School","Elementary","City: Small","SocialStudies","Program Participation","English Learners","< 10","< 10","< 10","< 10","< 10","< 10","< 10"
"24 - 25 School Year","63","Oakland Schools","63150","Troy School District","03715","Hamilton Elementary School","63","Oakland","LEA School","Elementary","City: Small","ELA","Program Participation","English Learners","64.70","22","32.40","11","< 5","< 10","34"
"24 - 25 School Year","63","Oakland Schools","63150","Troy School District","03715","Hamilton Elementary School","63","Oakland","LEA School","Elementary","City: Small","Math","Program Participation","Students with Disabilities","66.70","14","19.00","< 10","14.30","< 10","21"
"24 - 25 School Year","63","Oakland Schools","63150","Troy School District","03715","Hamilton Elementary School","63","Oakland","LEA School","Elementary","City: Small","Math","Program Participation","Economically Disadvantaged","54.50","12","27.30","< 10","18.20","< 10","22"
"24 - 25 School Year","63","Oakland Schools","63150","Troy School District","03715","Hamilton Elementary School","63","Oakland","LEA School","Elementary","City: Small","SocialStudies","Program Participation","Students with Disabilities","< 10","< 10","< 10","< 10","< 10","< 10","< 10"
"24 - 25 School Year","63","Oakland Schools","63150","Troy School District","03715","Hamilton Elementary School","63","Oakland","LEA School","Elementary","City: Small","Science","Race/Ethnicity","White, not of Hispanic origin","34.40","11","40.60","13","25.00","< 10","32"
"24 - 25 School Year","63","Oakland Schools","63150","Troy School District","03715","Hamilton Elementary School","63","Oakland","LEA School","Elementary","City: Small","SocialStudies","Race/Ethnicity","White, not of Hispanic origin","32.30","10","41.90","13","25.80","< 10","31"
"24 - 25 School Year","63","Oakland Schools","63150","Troy School District","03715","Hamilton Elementary School","63","Oakland","LEA School","Elementary","City: Small","Math","Race/Ethnicity","White, not of Hispanic origin","35.40","35","47.50","47","17.20","17","99"
"24 - 25 School Year","63","Oakland Schools","63150","Troy School District","03715","Hamilton Elementary School","63","Oakland","LEA School","Elementary","City: Small","ELA","Race/Ethnicity","White, not of Hispanic origin","32.30","32","44.40","44","23.20","23","99"
"24 - 25 School Year","63","Oakland Schools","63150","Troy School District","03715","Hamilton Elementary School","63","Oakland","LEA School","Elementary","City: Small","Science","Race/Ethnicity","Two or More Races","< 10","< 10","< 10","< 10","< 10","< 10","< 10"
"24 - 25 School Year","63","Oakland Schools","63150","Troy School District","03715","Hamilton Elementary School","63","Oakland","LEA School","Elementary","City: Small","SocialStudies","Race/Ethnicity","Two or More Races","< 10","< 10","< 10","< 10","< 10","< 10","< 10"
"24 - 25 School Year","63","Oakland Schools","63150","Troy School District","03715","Hamilton Elementary School","63","Oakland","LEA School","Elementary","City: Small","ELA","Race/Ethnicity","Two or More Races","30.80","< 10","38.50","< 10","30.80","< 10","13"
"24 - 25 School Year","63","Oakland Schools","63150","Troy School District","03715","Hamilton Elementary School","63","Oakland","LEA School","Elementary","City: Small","Math","Race/Ethnicity","Two or More Races","23.10","< 10","38.50","< 10","38.50","< 10","13"
"24 - 25 School Year","63","Oakland Schools","63150","Troy School District","03715","Hamilton Elementary School","63","Oakland","LEA School","Elementary","City: Small","Science","Program Participation","Students without IEP","26.50","18","39.70","27","33.80","23","68"
"24 - 25 School Year","63","Oakland Schools","63150","Troy School District","03715","Hamilton Elementary School","63","Oakland","LEA School","Elementary","City: Small","Math","Program Participation","Not Migrant","29.90","66","40.30","89","29.90","66","221"
"24 - 25 School Year","63","Oakland Schools","63150","Troy School District","03715","Hamilton Elementary School","63","Oakland","LEA School","Elementary","City: Small","Math","Program Participation","Not English Learners","25.30","47","40.90","76","33.90","63","186"
"24 - 25 School Year","63","Oakland Schools","63150","Troy School District","03715","Hamilton Elementary School","63","Oakland","LEA School","Elementary","City: Small","Math","Program Participation","Not Homeless","29.90","66","40.30","89","29.90","66","221"
"24 - 25 School Year","63","Oakland Schools","63150","Troy School District","03715","Hamilton Elementary School","63","Oakland","LEA School","Elementary","City: Small","Science","Program Participation","Not English Learners","27.10","19","40.00","28","32.90","23","70"
"24 - 25 School Year","63","Oakland Schools","63150","Troy School District","03715","Hamilton Elementary School","63","Oakland","LEA School","Elementary","City: Small","Science","Program Participation","Not Economically Disadvantaged","28.60","20","41.40","29","30.00","21","70"
"24 - 25 School Year","63","Oakland Schools","63150","Troy School District","03715","Hamilton Elementary School","63","Oakland","LEA School","Elementary","City: Small","Science","Program Participation","Not Homeless","29.90","23","40.30","31","29.90","23","77"
"24 - 25 School Year","63","Oakland Schools","63150","Troy School District","03715","Hamilton Elementary School","63","Oakland","LEA School","Elementary","City: Small","ELA","Program Participation","Not Economically Disadvantaged","27.80","55","40.40","80","31.80","63","198"
"24 - 25 School Year","63","Oakland Schools","63150","Troy School District","03715","Hamilton Elementary School","63","Oakland","LEA School","Elementary","City: Small","ELA","Program Participation","Students without IEP","24.60","49","42.20","84","33.20","66","199"
"24 - 25 School Year","63","Oakland Schools","63150","Troy School District","03715","Hamilton Elementary School","63","Oakland","LEA School","Elementary","City: Small","SocialStudies","Program Participation","Not Migrant","30.30","23","39.50","30","30.30","23","76"
"24 - 25 School Year","63","Oakland Schools","63150","Troy School District","03715","Hamilton Elementary School","63","Oakland","LEA School","Elementary","City: Small","SocialStudies","Program Participation","Not English Learners","24.30","17","42.90","30","32.90","23","70"
"24 - 25 School Year","63","Oakland Schools","63150","Troy School District","03715","Hamilton Elementary School","63","Oakland","LEA School","Elementary","City: Small","SocialStudies","Program Participation","Not Homeless","30.30","23","39.50","30","30.30","23","76"
"24 - 25 School Year","63","Oakland Schools","63150","Troy School District","03715","Hamilton Elementary School","63","Oakland","LEA School","Elementary","City: Small","SocialStudies","Program Participation","Not Economically Disadvantaged","28.60","20","40.00","28","31.40","22","70"
"24 - 25 School Year","63","Oakland Schools","63150","Troy School District","03715","Hamilton Elementary School","63","Oakland","LEA School","Elementary","City: Small","Math","Program Participation","Not Economically Disadvantaged","27.10","54","41.70","83","31.20","62","199"
"24 - 25 School Year","63","Oakland Schools","63150","Troy School District","03715","Hamilton Elementary School","63","Oakland","LEA School","Elementary","City: Small","Math","Program Participation","Students without IEP","26.00","52","42.50","85","31.50","63","200"
"24 - 25 School Year","63","Oakland Schools","63150","Troy School District","03715","Hamilton Elementary School","63","Oakland","LEA School","Elementary","City: Small","ELA","Program Participation","Not Migrant","30.00","66","40.00","88","30.00","66","220"
"24 - 25 School Year","63","Oakland Schools","63150","Troy School District","03715","Hamilton Elementary School","63","Oakland","LEA School","Elementary","City: Small","ELA","Program Participation","Not English Learners","23.70","44","41.40","77","34.90","65","186"
"24 - 25 School Year","63","Oakland Schools","63150","Troy School District","03715","Hamilton Elementary School","63","Oakland","LEA School","Elementary","City: Small","ELA","Program Participation","Not Homeless","30.00","66","40.00","88","30.00","66","220"
"24 - 25 School Year","63","Oakland Schools","63150","Troy School District","03715","Hamilton Elementary School","63","Oakland","LEA School","Elementary","City: Small","SocialStudies","Program Participation","Students without IEP","26.50","18","39.70","27","33.80","23","68"
"24 - 25 School Year","63","Oakland Schools","63150","Troy School District","03715","Hamilton Elementary School","63","Oakland","LEA School","Elementary","City: Small","Science","Program Participation","Not Migrant","29.90","23","40.30","31","29.90","23","77"
"24 - 25 School Year","63","Oakland Schools","63150","Troy School District","03715","Hamilton Elementary School","63","Oakland","LEA School","Elementary","City: Small","Science","Gender","Male","28.20","11","46.20","18","25.60","10","39"
"24 - 25 School Year","63","Oakland Schools","63150","Troy School District","03715","Hamilton Elementary School","63","Oakland","LEA School","Elementary","City: Small","SocialStudies","Gender","Male","33.30","13","38.50","15","28.20","11","39"
"24 - 25 School Year","63","Oakland Schools","63150","Troy School District","03715","Hamilton Elementary School","63","Oakland","LEA School","Elementary","City: Small","Math","Gender","Male","28.20","31","40.90","45","30.90","34","110"
"24 - 25 School Year","63","Oakland Schools","63150","Troy School District","03715","Hamilton Elementary School","63","Oakland","LEA School","Elementary","City: Small","ELA","Gender","Male","34.50","38","40.00","44","25.50","28","110"
"24 - 25 School Year","63","Oakland Schools","63150","Troy School District","03715","Hamilton Elementary School","63","Oakland","LEA School","Elementary","City: Small","Science","Race/Ethnicity","Hispanic","< 10","< 10","< 10","< 10","< 10","< 10","< 10"
"24 - 25 School Year","63","Oakland Schools","63150","Troy School District","03715","Hamilton Elementary School","63","Oakland","LEA School","Elementary","City: Small","SocialStudies","Race/Ethnicity","Hispanic","< 10","< 10","< 10","< 10","< 10","< 10","< 10"
"24 - 25 School Year","63","Oakland Schools","63150","Troy School District","03715","Hamilton Elementary School","63","Oakland","LEA School","Elementary","City: Small","ELA","Race/Ethnicity","Hispanic","30.00","< 10","30.00","< 10","40.00","< 10","10"
"24 - 25 School Year","63","Oakland Schools","63150","Troy School District","03715","Hamilton Elementary School","63","Oakland","LEA School","Elementary","City: Small","Math","Race/Ethnicity","Hispanic","40.00","< 10","40.00","< 10","20.00","< 10","10"
"24 - 25 School Year","63","Oakland Schools","63150","Troy School District","03715","Hamilton Elementary School","63","Oakland","LEA School","Elementary","City: Small","Science","Gender","Female","31.60","12","34.20","13","34.20","13","38"
"24 - 25 School Year","63","Oakland Schools","63150","Troy School District","03715","Hamilton Elementary School","63","Oakland","LEA School","Elementary","City: Small","SocialStudies","Gender","Female","27.00","10","40.50","15","32.40","12","37"
"24 - 25 School Year","63","Oakland Schools","63150","Troy School District","03715","Hamilton Elementary School","63","Oakland","LEA School","Elementary","City: Small","Math","Gender","Female","31.50","35","39.60","44","28.80","32","111"
"24 - 25 School Year","63","Oakland Schools","63150","Troy School District","03715","Hamilton Elementary School","63","Oakland","LEA School","Elementary","City: Small","ELA","Gender","Female","25.50","28","40.00","44","34.50","38","110"
"24 - 25 School Year","63","Oakland Schools","63150","Troy School District","03715","Hamilton Elementary School","63","Oakland","LEA School","Elementary","City: Small","Science","Race/Ethnicity","Black, not of Hispanic origin","< 10","< 10","< 10","< 10","< 10","< 10","< 10"
"24 - 25 School Year","63","Oakland Schools","63150","Troy School District","03715","Hamilton Elementary School","63","Oakland","LEA School","Elementary","City: Small","SocialStudies","Race/Ethnicity","Black, not of Hispanic origin","< 10","< 10","< 10","< 10","< 10","< 10","< 10"
"24 - 25 School Year","63","Oakland Schools","63150","Troy School District","03715","Hamilton Elementary School","63","Oakland","LEA School","Elementary","City: Small","ELA","Race/Ethnicity","Black, not of Hispanic origin","70.00","< 10","20.00","< 10","10.00","< 10","10"
"24 - 25 School Year","63","Oakland Schools","63150","Troy School District","03715","Hamilton Elementary School","63","Oakland","LEA School","Elementary","City: Small","Math","Race/Ethnicity","Black, not of Hispanic origin","70.00","< 10","20.00","< 10","10.00","< 10","10"
"24 - 25 School Year","63","Oakland Schools","63150","Troy School District","03715","Hamilton Elementary School","63","Oakland","LEA School","Elementary","City: Small","Science","Race/Ethnicity","Asian","18.80","< 10","40.60","13","40.60","13","32"
"24 - 25 School Year","63","Oakland Schools","63150","Troy School District","03715","Hamilton Elementary School","63","Oakland","LEA School","Elementary","City: Small","SocialStudies","Race/Ethnicity","Asian","25.00","< 10","34.40","11","40.60","13","32"
"24 - 25 School Year","63","Oakland Schools","63150","Troy School District","03715","Hamilton Elementary School","63","Oakland","LEA School","Elementary","City: Small","Math","Race/Ethnicity","Asian","19.10","17","34.80","31","46.10","41","89"
"24 - 25 School Year","63","Oakland Schools","63150","Troy School District","03715","Hamilton Elementary School","63","Oakland","LEA School","Elementary","City: Small","ELA","Race/Ethnicity","Asian","22.70","20","38.60","34","38.60","34","88"
"24 - 25 School Year","63","Oakland Schools","63150","Troy School District","03715","Hamilton Elementary School","63","Oakland","LEA School","Elementary","City: Small","Science","Grade","05","29.90","23","40.30","31","29.90","23","77"
"24 - 25 School Year","63","Oakland Schools","63150","Troy School District","03715","Hamilton Elementary School","63","Oakland","LEA School","Elementary","City: Small","ELA","Grade","05","22.10","17","39.00","30","39.00","30","77"
"24 - 25 School Year","63","Oakland Schools","63150","Troy School District","03715","Hamilton Elementary School","63","Oakland","LEA School","Elementary","City: Small","Math","Grade","05","18.20","14","41.60","32","40.30","31","77"
"24 - 25 School Year","63","Oakland Schools","63150","Troy School District","03715","Hamilton Elementary School","63","Oakland","LEA School","Elementary","City: Small","SocialStudies","Grade","05","30.30","23","39.50","30","30.30","23","76"
"24 - 25 School Year","63","Oakland Schools","63150","Troy School District","03715","Hamilton Elementary School","63","Oakland","LEA School","Elementary","City: Small","ELA","Grade","04","30.70","23","37.30","28","32.00","24","75"
"24 - 25 School Year","63","Oakland Schools","63150","Troy School District","03715","Hamilton Elementary School","63","Oakland","LEA School","Elementary","City: Small","Math","Grade","04","37.30","28","38.70","29","24.00","18","75"
"24 - 25 School Year","63","Oakland Schools","63150","Troy School District","03715","Hamilton Elementary School","63","Oakland","LEA School","Elementary","City: Small","ELA","Grade","03","38.20","26","44.10","30","17.60","12","68"
"24 - 25 School Year","63","Oakland Schools","63150","Troy School District","03715","Hamilton Elementary School","63","Oakland","LEA School","Elementary","City: Small","Math","Grade","03","34.80","24","40.60","28","24.60","17","69"
"24 - 25 School Year","63","Oakland Schools","63150","Troy School District","04226","Troy High School","63","Oakland","LEA School","High School","City: Small","Science","Program Participation","Students with Disabilities","63.60","28","29.50","13","6.80","< 10","44"
"24 - 25 School Year","63","Oakland Schools","63150","Troy School District","04226","Troy High School","63","Oakland","LEA School","High School","City: Small","Math","Program Participation","Homeless","< 10","< 10","< 10","< 10","< 10","< 10","< 10"
"24 - 25 School Year","63","Oakland Schools","63150","Troy School District","04226","Troy High School","63","Oakland","LEA School","High School","City: Small","SocialStudies","Grade","11","29.90","147","40.00","197","30.10","148","492"
"24 - 25 School Year","63","Oakland Schools","63150","Troy School District","04226","Troy High School","63","Oakland","LEA School","High School","City: Small","Science","Grade","11","29.60","147","40.30","200","30.00","149","496"
"24 - 25 School Year","63","Oakland Schools","63150","Troy School District","04226","Troy High School","63","Oakland","LEA School","High School","City: Small","Math","Grade","11","29.40","146","40.50","201","30.00","149","496"
"24 - 25 School Year","63","Oakland Schools","63150","Troy School District","04226","Troy High School","63","Oakland","LEA School","High School","City: Small","ELA","Grade","11","29.50","146","40.40","200","30.10","149","495"
"24 - 25 School Year","63","Oakland Schools","63150","Troy School District","04226","Troy High School","63","Oakland","LEA School","High School","City: Small","SocialStudies","Grade","12","< 10","< 10","< 10","< 10","< 10","< 10","< 10"
"24 - 25 School Year","63","Oakland Schools","63150","Troy School District","04226","Troy High School","63","Oakland","LEA School","High School","City: Small","Science","Grade","12","< 10","< 10","< 10","< 10","< 10","< 10","< 10"
"24 - 25 School Year","63","Oakland Schools","63150","Troy School District","04226","Troy High School","63","Oakland","LEA School","High School","City: Small","Math","Grade","12","< 10","< 10","< 10","< 10","< 10","< 10","< 10"
"24 - 25 School Year","63","Oakland Schools","63150","Troy School District","04226","Troy High School","63","Oakland","LEA School","High School","City: Small","ELA","Grade","12","< 10","< 10","< 10","< 10","< 10","< 10","< 10"
"24 - 25 School Year","63","Oakland Schools","63150","Troy School District","04226","Troy High School","63","Oakland","LEA School","High School","City: Small","SocialStudies","Race/Ethnicity","American Indian or Alaska Native","< 10","< 10","< 10","< 10","< 10","< 10","< 10"
"24 - 25 School Year","63","Oakland Schools","63150","Troy School District","04226","Troy High School","63","Oakland","LEA School","High School","City: Small","Science","Race/Ethnicity","American Indian or Alaska Native","< 10","< 10","< 10","< 10","< 10","< 10","< 10"
"24 - 25 School Year","63","Oakland Schools","63150","Troy School District","04226","Troy High School","63","Oakland","LEA School","High School","City: Small","Math","Race/Ethnicity","American Indian or Alaska Native","< 10","< 10","< 10","< 10","< 10","< 10","< 10"
"24 - 25 School Year","63","Oakland Schools","63150","Troy School District","04226","Troy High School","63","Oakland","LEA School","High School","City: Small","ELA","Race/Ethnicity","American Indian or Alaska Native","< 10","< 10","< 10","< 10","< 10","< 10","< 10"
"24 - 25 School Year","63","Oakland Schools","63150","Troy School District","04226","Troy High School","63","Oakland","LEA School","High School","City: Small","SocialStudies","Race/Ethnicity","Asian","19.20","45","42.30","99","38.50","90","234"
"24 - 25 School Year","63","Oakland Schools","63150","Troy School District","04226","Troy High School","63","Oakland","LEA School","High School","City: Small","Science","Race/Ethnicity","Asian","16.60","39","37.90","89","45.50","107","235"
"24 - 25 School Year","63","Oakland Schools","63150","Troy School District","04226","Troy High School","63","Oakland","LEA School","High School","City: Small","Math","Race/Ethnicity","Asian","8.50","20","38.10","90","53.40","126","236"
"24 - 25 School Year","63","Oakland Schools","63150","Troy School District","04226","Troy High School","63","Oakland","LEA School","High School","City: Small","ELA","Race/Ethnicity","Asian","13.10","31","39.00","92","47.90","113","236"
"24 - 25 School Year","63","Oakland Schools","63150","Troy School District","04226","Troy High School","63","Oakland","LEA School","High School","City: Small","SocialStudies","Race/Ethnicity","Black, not of Hispanic origin","50.00","11","31.80","< 10","18.20","< 10","22"
"24 - 25 School Year","63","Oakland Schools","63150","Troy School District","04226","Troy High School","63","Oakland","LEA School","High School","City: Small","Science","Race/Ethnicity","Black, not of Hispanic origin","56.50","13","34.80","< 10","8.70","< 10","23"
"24 - 25 School Year","63","Oakland Schools","63150","Troy School District","04226","Troy High School","63","Oakland","LEA School","High School","City: Small","Math","Race/Ethnicity","Black, not of Hispanic origin","78.30","18","21.70","< 10","< 5","< 10","23"
"24 - 25 School Year","63","Oakland Schools","63150","Troy School District","04226","Troy High School","63","Oakland","LEA School","High School","City: Small","ELA","Race/Ethnicity","Black, not of Hispanic origin","65.20","15","26.10","< 10","8.70","< 10","23"
"24 - 25 School Year","63","Oakland Schools","63150","Troy School District","04226","Troy High School","63","Oakland","LEA School","High School","City: Small","SocialStudies","Gender","Female","29.00","65","45.50","102","25.40","57","224"
"24 - 25 School Year","63","Oakland Schools","63150","Troy School District","04226","Troy High School","63","Oakland","LEA School","High School","City: Small","Science","Gender","Female","30.70","69","42.20","95","27.10","61","225"
"24 - 25 School Year","63","Oakland Schools","63150","Troy School District","04226","Troy High School","63","Oakland","LEA School","High School","City: Small","Math","Gender","Female","29.90","67","39.70","89","30.40","68","224"
"24 - 25 School Year","63","Oakland Schools","63150","Troy School District","04226","Troy High School","63","Oakland","LEA School","High School","City: Small","ELA","Gender","Female","26.30","59","40.60","91","33.00","74","224"
"24 - 25 School Year","63","Oakland Schools","63150","Troy School District","04226","Troy High School","63","Oakland","LEA School","High School","City: Small","SocialStudies","Race/Ethnicity","Hispanic","53.60","15","32.10","< 10","14.30","< 10","28"
"24 - 25 School Year","63","Oakland Schools","63150","Troy School District","04226","Troy High School","63","Oakland","LEA School","High School","City: Small","Science","Race/Ethnicity","Hispanic","42.90","12","42.90","12","14.30","< 10","28"
"24 - 25 School Year","63","Oakland Schools","63150","Troy School District","04226","Troy High School","63","Oakland","LEA School","High School","City: Small","Math","Race/Ethnicity","Hispanic","60.70","17","35.70","10","< 5","< 10","28"
"24 - 25 School Year","63","Oakland Schools","63150","Troy School District","04226","Troy High School","63","Oakland","LEA School","High School","City: Small","ELA","Race/Ethnicity","Hispanic","48.10","13","44.40","12","7.40","< 10","27"
"24 - 25 School Year","63","Oakland Schools","63150","Troy School District","04226","Troy High School","63","Oakland","LEA School","High School","City: Small","SocialStudies","Gender","Male","30.50","82","35.70","96","33.80","91","269"
"24 - 25 School Year","63","Oakland Schools","63150","Troy School District","04226","Troy High School","63","Oakland","LEA School","High School","City: Small","Science","Gender","Male","29.00","79","38.60","105","32.40","88","272"
"24 - 25 School Year","63","Oakland Schools","63150","Troy School District","04226","Troy High School","63","Oakland","LEA School","High School","City: Small","Math","Gender","Male","29.30","80","41.00","112","29.70","81","273"
"24 - 25 School Year","63","Oakland Schools","63150","Troy School District","04226","Troy High School","63","Oakland","LEA School","High School","City: Small","ELA","Gender","Male","32.40","88","40.10","109","27.60","75","272"
"24 - 25 School Year","63","Oakland Schools","63150","Troy School District","04226","Troy High School","63","Oakland","LEA School","High School","City: Small","SocialStudies","Program Participation","Not Homeless","29.70","146","40.20","198","30.10","148","492"
"24 - 25 School Year","63","Oakland Schools","63150","Troy School District","04226","Troy High School","63","Oakland","LEA School","High School","City: Small","SocialStudies","Program Participation","Not Economically Disadvantaged","28.90","129","40.00","179","31.10","139","447"
"24 - 25 School Year","63","Oakland Schools","63150","Troy School District","04226","Troy High School","63","Oakland","LEA School","High School","City: Small","SocialStudies","Program Participation","Students without IEP","27.60","125","40.40","183","32.00","145","453"
"24 - 25 School Year","63","Oakland Schools","63150","Troy School District","04226","Troy High School","63","Oakland","LEA School","High School","City: Small","SocialStudies","Program Participation","Not English Learners","26.10","118","41.40","187","32.50","147","452"
"24 - 25 School Year","63","Oakland Schools","63150","Troy School District","04226","Troy High School","63","Oakland","LEA School","High School","City: Small","SocialStudies","Program Participation","Not Migrant","29.80","147","40.20","198","30.00","148","493"
"24 - 25 School Year","63","Oakland Schools","63150","Troy School District","04226","Troy High School","63","Oakland","LEA School","High School","City: Small","Science","Program Participation","Not Economically Disadvantaged","29.00","130","39.20","176","31.80","143","449"
"24 - 25 School Year","63","Oakland Schools","63150","Troy School District","04226","Troy High School","63","Oakland","LEA School","High School","City: Small","Science","Program Participation","Not Homeless","29.60","147","40.30","200","30.00","149","496"
"24 - 25 School Year","63","Oakland Schools","63150","Troy School District","04226","Troy High School","63","Oakland","LEA School","High School","City: Small","Science","Program Participation","Not English Learners","26.10","119","41.70","190","32.20","147","456"
"24 - 25 School Year","63","Oakland Schools","63150","Troy School District","04226","Troy High School","63","Oakland","LEA School","High School","City: Small","Science","Program Participation","Not Migrant","29.80","148","40.20","200","30.00","149","497"
"24 - 25 School Year","63","Oakland Schools","63150","Troy School District","04226","Troy High School","63","Oakland","LEA School","High School","City: Small","Math","Program Participation","Not Homeless","29.40","146","40.50","201","30.00","149","496"
"24 - 25 School Year","63","Oakland Schools","63150","Troy School District","04226","Troy High School","63","Oakland","LEA School","High School","City: Small","Math","Program Participation","Not English Learners","26.80","122","40.80","186","32.50","148","456"
"24 - 25 School Year","63","Oakland Schools","63150","Troy School District","04226","Troy High School","63","Oakland","LEA School","High School","City: Small","Math","Program Participation","Not Migrant","29.60","147","40.40","201","30.00","149","497"
"24 - 25 School Year","63","Oakland Schools","63150","Troy School District","04226","Troy High School","63","Oakland","LEA School","High School","City: Small","Science","Program Participation","Students without IEP","26.50","120","41.30","187","32.20","146","453"
"24 - 25 School Year","63","Oakland Schools","63150","Troy School District","04226","Troy High School","63","Oakland","LEA School","High School","City: Small","ELA","Program Participation","Not Homeless","29.50","146","40.40","200","30.10","149","495"
"24 - 25 School Year","63","Oakland Schools","63150","Troy School District","04226","Troy High School","63","Oakland","LEA School","High School","City: Small","ELA","Program Participation","Not English Learners","25.40","116","41.90","191","32.70","149","456"
"24 - 25 School Year","63","Oakland Schools","63150","Troy School District","04226","Troy High School","63","Oakland","LEA School","High School","City: Small","ELA","Program Participation","Not Migrant","29.60","147","40.30","200","30.00","149","496"
"24 - 25 School Year","63","Oakland Schools","63150","Troy School District","04226","Troy High School","63","Oakland","LEA School","High School","City: Small","Math","Program Participation","Not Economically Disadvantaged","26.10","117","41.90","188","32.10","144","449"
"24 - 25 School Year","63","Oakland Schools","63150","Troy School District","04226","Troy High School","63","Oakland","LEA School","High School","City: Small","Math","Program Participation","Students without IEP","24.90","113","42.60","193","32.50","147","453"
"24 - 25 School Year","63","Oakland Schools","63150","Troy School District","04226","Troy High School","63","Oakland","LEA School","High School","City: Small","ELA","Program Participation","Not Economically Disadvantaged","27.90","125","40.00","179","32.10","144","448"
"24 - 25 School Year","63","Oakland Schools","63150","Troy School District","04226","Troy High School","63","Oakland","LEA School","High School","City: Small","ELA","Program Participation","Students without IEP","25.40","115","41.80","189","32.70","148","452"
"24 - 25 School Year","63","Oakland Schools","63150","Troy School District","04226","Troy High School","63","Oakland","LEA School","High School","City: Small","SocialStudies","Race/Ethnicity","Two or More Races","11.10","< 10","61.10","11","27.80","< 10","18"
"24 - 25 School Year","63","Oakland Schools","63150","Troy School District","04226","Troy High School","63","Oakland","LEA School","High School","City: Small","Science","Race/Ethnicity","Two or More Races","16.70","< 10","61.10","11","22.20","< 10","18"
"24 - 25 School Year","63","Oakland Schools","63150","Troy School District","04226","Troy High School","63","Oakland","LEA School","High School","City: Small","Math","Race/Ethnicity","Two or More Races","33.30","< 10","55.60","10","11.10","< 10","18"
"24 - 25 School Year","63","Oakland Schools","63150","Troy School District","04226","Troy High School","63","Oakland","LEA School","High School","City: Small","ELA","Race/Ethnicity","Two or More Races","22.20","< 10","66.70","12","11.10","< 10","18"
"24 - 25 School Year","63","Oakland Schools","63150","Troy School District","04226","Troy High School","63","Oakland","LEA School","High School","City: Small","SocialStudies","Race/Ethnicity","White, not of Hispanic origin","38.00","71","38.00","71","24.10","45","187"
"24 - 25 School Year","63","Oakland Schools","63150","Troy School District","04226","Troy High School","63","Oakland","LEA School","High School","City: Small","Science","Race/Ethnicity","White, not of Hispanic origin","41.80","79","41.30","78","16.90","32","189"
"24 - 25 School Year","63","Oakland Schools","63150","Troy School District","04226","Troy High School","63","Oakland","LEA School","High School","City: Small","Math","Race/Ethnicity","White, not of Hispanic origin","44.70","84","44.70","84","10.60","20","188"
"24 - 25 School Year","63","Oakland Schools","63150","Troy School District","04226","Troy High School","63","Oakland","LEA School","High School","City: Small","ELA","Race/Ethnicity","White, not of Hispanic origin","43.60","82","40.40","76","16.00","30","188"
"24 - 25 School Year","63","Oakland Schools","63150","Troy School District","04226","Troy High School","63","Oakland","LEA School","High School","City: Small","SocialStudies","Program Participation","Homeless","< 10","< 10","< 10","< 10","< 10","< 10","< 10"
"24 - 25 School Year","63","Oakland Schools","63150","Troy School District","04226","Troy High School","63","Oakland","LEA School","High School","City: Small","SocialStudies","Program Participation","Economically Disadvantaged","39.10","18","41.30","19","19.60","< 10","46"
"24 - 25 School Year","63","Oakland Schools","63150","Troy School District","04226","Troy High School","63","Oakland","LEA School","High School","City: Small","SocialStudies","Program Participation","Students with Disabilities","55.00","22","37.50","15","7.50","< 10","40"
"24 - 25 School Year","63","Oakland Schools","63150","Troy School District","04226","Troy High School","63","Oakland","LEA School","High School","City: Small","SocialStudies","Program Participation","English Learners","70.70","29","26.80","11","< 5","< 10","41"
"24 - 25 School Year","63","Oakland Schools","63150","Troy School District","04226","Troy High School","63","Oakland","LEA School","High School","City: Small","Science","Program Participation","English Learners","70.70","29","24.40","10","< 5","< 10","41"
"24 - 25 School Year","63","Oakland Schools","63150","Troy School District","04226","Troy High School","63","Oakland","LEA School","High School","City: Small","Science","Program Participation","Homeless","< 10","< 10","< 10","< 10","< 10","< 10","< 10"
"24 - 25 School Year","63","Oakland Schools","63150","Troy School District","04226","Troy High School","63","Oakland","LEA School","High School","City: Small","Science","Program Participation","Economically Disadvantaged","37.50","18","50.00","24","12.50","< 10","48"
"24 - 25 School Year","63","Oakland Schools","63150","Troy School District","04226","Troy High School","63","Oakland","LEA School","High School","City: Small","Math","Program Participation","English Learners","61.00","25","36.60","15","< 5","< 10","41"
"24 - 25 School Year","63","Oakland Schools","63150","Troy School District","04226","Troy High School","63","Oakland","LEA School","High School","City: Small","ELA","Program Participation","English Learners","77.50","31","22.50","< 10","< 5","< 10","40"
"24 - 25 School Year","63","Oakland Schools","63150","Troy School District","04226","Troy High School","63","Oakland","LEA School","High School","City: Small","ELA","Program Participation","Homeless","< 10","< 10","< 10","< 10","< 10","< 10","< 10"
"24 - 25 School Year","63","Oakland Schools","63150","Troy School District","04226","Troy High School","63","Oakland","LEA School","High School","City: Small","Math","Program Participation","Students with Disabilities","77.30","34","18.20","< 10","< 5","< 10","44"
"24 - 25 School Year","63","Oakland Schools","63150","Troy School District","04226","Troy High School","63","Oakland","LEA School","High School","City: Small","Math","Program Participation","Economically Disadvantaged","62.50","30","27.10","13","10.40","< 10","48"
"24 - 25 School Year","63","Oakland Schools","63150","Troy School District","04226","Troy High School","63","Oakland","LEA School","High School","City: Small","ELA","Program Participation","Economically Disadvantaged","45.80","22","43.80","21","10.40","< 10","48"
"24 - 25 School Year","63","Oakland Schools","63150","Troy School District","04226","Troy High School","63","Oakland","LEA School","High School","City: Small","ELA","Program Participation","Students with Disabilities","72.70","32","25.00","11","< 5","< 10","44"
"24 - 25 School Year","63","Oakland Schools","63150","Troy School District","04227","Troy Union Elementary School","63","Oakland","LEA School","Elementary","City: Small","Math","Program Participation","Economically Disadvantaged","48.80","21","27.90","12","23.30","10","43"
"24 - 25 School Year","63","Oakland Schools","63150","Troy School District","04227","Troy Union Elementary School","63","Oakland","LEA School","Elementary","City: Small","Science","Program Participation","Students with Disabilities","< 10","< 10","< 10","< 10","< 10","< 10","< 10"
"24 - 25 School Year","63","Oakland Schools","63150","Troy School District","04227","Troy Union Elementary School","63","Oakland","LEA School","Elementary","City: Small","Math","Program Participation","English Learners","40.00","20","38.00","19","22.00","11","50"
"24 - 25 School Year","63","Oakland Schools","63150","Troy School District","04227","Troy Union Elementary School","63","Oakland","LEA School","Elementary","City: Small","Science","Program Participation","Economically Disadvantaged","61.50","< 10","30.80","< 10","7.70","< 10","13"
"24 - 25 School Year","63","Oakland Schools","63150","Troy School District","04227","Troy Union Elementary School","63","Oakland","LEA School","Elementary","City: Small","ELA","Program Participation","Students with Disabilities","64.30","18","25.00","< 10","10.70","< 10","28"
"24 - 25 School Year","63","Oakland Schools","63150","Troy School District","04227","Troy Union Elementary School","63","Oakland","LEA School","Elementary","City: Small","ELA","Program Participation","Economically Disadvantaged","48.80","21","34.90","15","16.30","< 10","43"
"24 - 25 School Year","63","Oakland Schools","63150","Troy School District","04227","Troy Union Elementary School","63","Oakland","LEA School","Elementary","City: Small","ELA","Program Participation","English Learners","50.00","24","33.30","16","16.70","< 10","48"
"24 - 25 School Year","63","Oakland Schools","63150","Troy School District","04227","Troy Union Elementary School","63","Oakland","LEA School","Elementary","City: Small","Math","Program Participation","Students with Disabilities","60.70","17","28.60","< 10","10.70","< 10","28"
"24 - 25 School Year","63","Oakland Schools","63150","Troy School District","04227","Troy Union Elementary School","63","Oakland","LEA School","Elementary","City: Small","SocialStudies","Race/Ethnicity","White, not of Hispanic origin","31.70","13","34.10","14","34.10","14","41"
"24 - 25 School Year","63","Oakland Schools","63150","Troy School District","04227","Troy Union Elementary School","63","Oakland","LEA School","Elementary","City: Small","Science","Race/Ethnicity","White, not of Hispanic origin","34.10","14","39.00","16","26.80","11","41"
"24 - 25 School Year","63","Oakland Schools","63150","Troy School District","04227","Troy Union Elementary School","63","Oakland","LEA School","Elementary","City: Small","Math","Race/Ethnicity","White, not of Hispanic origin","31.30","31","44.40","44","24.20","24","99"
"24 - 25 School Year","63","Oakland Schools","63150","Troy School District","04227","Troy Union Elementary School","63","Oakland","LEA School","Elementary","City: Small","ELA","Race/Ethnicity","White, not of Hispanic origin","32.30","32","41.40","41","26.30","26","99"
"24 - 25 School Year","63","Oakland Schools","63150","Troy School District","04227","Troy Union Elementary School","63","Oakland","LEA School","Elementary","City: Small","SocialStudies","Race/Ethnicity","Two or More Races","< 10","< 10","< 10","< 10","< 10","< 10","< 10"
"24 - 25 School Year","63","Oakland Schools","63150","Troy School District","04227","Troy Union Elementary School","63","Oakland","LEA School","Elementary","City: Small","Math","Race/Ethnicity","Two or More Races","27.30","< 10","63.60","< 10","9.10","< 10","11"
"24 - 25 School Year","63","Oakland Schools","63150","Troy School District","04227","Troy Union Elementary School","63","Oakland","LEA School","Elementary","City: Small","Science","Race/Ethnicity","Two or More Races","< 10","< 10","< 10","< 10","< 10","< 10","< 10"
"24 - 25 School Year","63","Oakland Schools","63150","Troy School District","04227","Troy Union Elementary School","63","Oakland","LEA School","Elementary","City: Small","ELA","Race/Ethnicity","Two or More Races","< 10","< 10","< 10","< 10","< 10","< 10","< 10"
"24 - 25 School Year","63","Oakland Schools","63150","Troy School District","04227","Troy Union Elementary School","63","Oakland","LEA School","Elementary","City: Small","SocialStudies","Program Participation","Not Migrant","30.60","22","38.90","28","30.60","22","72"
"24 - 25 School Year","63","Oakland Schools","63150","Troy School District","04227","Troy Union Elementary School","63","Oakland","LEA School","Elementary","City: Small","SocialStudies","Program Participation","Not English Learners","21.10","12","42.10","24","36.80","21","57"
"24 - 25 School Year","63","Oakland Schools","63150","Troy School District","04227","Troy Union Elementary School","63","Oakland","LEA School","Elementary","City: Small","SocialStudies","Program Participation","Not Homeless","30.60","22","38.90","28","30.60","22","72"
"24 - 25 School Year","63","Oakland Schools","63150","Troy School District","04227","Troy Union Elementary School","63","Oakland","LEA School","Elementary","City: Small","SocialStudies","Program Participation","Not Economically Disadvantaged","28.80","17","33.90","20","37.30","22","59"
"24 - 25 School Year","63","Oakland Schools","63150","Troy School District","04227","Troy Union Elementary School","63","Oakland","LEA School","Elementary","City: Small","SocialStudies","Program Participation","Students without IEP","28.10","18","40.60","26","31.30","20","64"
"24 - 25 School Year","63","Oakland Schools","63150","Troy School District","04227","Troy Union Elementary School","63","Oakland","LEA School","Elementary","City: Small","Science","Program Participation","Not Migrant","30.60","22","38.90","28","30.60","22","72"
"24 - 25 School Year","63","Oakland Schools","63150","Troy School District","04227","Troy Union Elementary School","63","Oakland","LEA School","Elementary","City: Small","Science","Program Participation","Not English Learners","22.80","13","40.40","23","36.80","21","57"
"24 - 25 School Year","63","Oakland Schools","63150","Troy School District","04227","Troy Union Elementary School","63","Oakland","LEA School","Elementary","City: Small","Science","Program Participation","Not Homeless","30.60","22","38.90","28","30.60","22","72"
"24 - 25 School Year","63","Oakland Schools","63150","Troy School District","04227","Troy Union Elementary School","63","Oakland","LEA School","Elementary","City: Small","Science","Program Participation","Not Economically Disadvantaged","23.70","14","40.70","24","35.60","21","59"
"24 - 25 School Year","63","Oakland Schools","63150","Troy School District","04227","Troy Union Elementary School","63","Oakland","LEA School","Elementary","City: Small","Science","Program Participation","Students without IEP","28.10","18","40.60","26","31.30","20","64"
"24 - 25 School Year","63","Oakland Schools","63150","Troy School District","04227","Troy Union Elementary School","63","Oakland","LEA School","Elementary","City: Small","Math","Program Participation","Not Migrant","29.90","60","40.30","81","29.90","60","201"
"24 - 25 School Year","63","Oakland Schools","63150","Troy School District","04227","Troy Union Elementary School","63","Oakland","LEA School","Elementary","City: Small","Math","Program Participation","Not English Learners","26.50","40","41.10","62","32.50","49","151"
"24 - 25 School Year","63","Oakland Schools","63150","Troy School District","04227","Troy Union Elementary School","63","Oakland","LEA School","Elementary","City: Small","Math","Program Participation","Not Economically Disadvantaged","24.70","39","43.70","69","31.60","50","158"
"24 - 25 School Year","63","Oakland Schools","63150","Troy School District","04227","Troy Union Elementary School","63","Oakland","LEA School","Elementary","City: Small","Math","Program Participation","Not Homeless","29.90","60","40.30","81","29.90","60","201"
"24 - 25 School Year","63","Oakland Schools","63150","Troy School District","04227","Troy Union Elementary School","63","Oakland","LEA School","Elementary","City: Small","ELA","Program Participation","Not Migrant","30.20","60","39.70","79","30.20","60","199"
"24 - 25 School Year","63","Oakland Schools","63150","Troy School District","04227","Troy Union Elementary School","63","Oakland","LEA School","Elementary","City: Small","ELA","Program Participation","Not English Learners","23.80","36","41.70","63","34.40","52","151"
"24 - 25 School Year","63","Oakland Schools","63150","Troy School District","04227","Troy Union Elementary School","63","Oakland","LEA School","Elementary","City: Small","ELA","Program Participation","Not Homeless","30.20","60","39.70","79","30.20","60","199"
"24 - 25 School Year","63","Oakland Schools","63150","Troy School District","04227","Troy Union Elementary School","63","Oakland","LEA School","Elementary","City: Small","Math","Program Participation","Students without IEP","24.90","43","42.20","73","32.90","57","173"
"24 - 25 School Year","63","Oakland Schools","63150","Troy School District","04227","Troy Union Elementary School","63","Oakland","LEA School","Elementary","City: Small","ELA","Program Participation","Not Economically Disadvantaged","25.00","39","41.00","64","34.00","53","156"
"24 - 25 School Year","63","Oakland Schools","63150","Troy School District","04227","Troy Union Elementary School","63","Oakland","LEA School","Elementary","City: Small","ELA","Program Participation","Students without IEP","24.60","42","42.10","72","33.30","57","171"
"24 - 25 School Year","63","Oakland Schools","63150","Troy School District","04227","Troy Union Elementary School","63","Oakland","LEA School","Elementary","City: Small","SocialStudies","Gender","Male","29.70","11","35.10","13","35.10","13","37"
"24 - 25 School Year","63","Oakland Schools","63150","Troy School District","04227","Troy Union Elementary School","63","Oakland","LEA School","Elementary","City: Small","Science","Gender","Male","29.70","11","43.20","16","27.00","10","37"
"24 - 25 School Year","63","Oakland Schools","63150","Troy School District","04227","Troy Union Elementary School","63","Oakland","LEA School","Elementary","City: Small","Math","Gender","Male","29.60","29","39.80","39","30.60","30","98"
"24 - 25 School Year","63","Oakland Schools","63150","Troy School District","04227","Troy Union Elementary School","63","Oakland","LEA School","Elementary","City: Small","ELA","Gender","Male","35.10","34","38.10","37","26.80","26","97"
"24 - 25 School Year","63","Oakland Schools","63150","Troy School District","04227","Troy Union Elementary School","63","Oakland","LEA School","Elementary","City: Small","SocialStudies","Race/Ethnicity","Hispanic","< 10","< 10","< 10","< 10","< 10","< 10","< 10"
"24 - 25 School Year","63","Oakland Schools","63150","Troy School District","04227","Troy Union Elementary School","63","Oakland","LEA School","Elementary","City: Small","Math","Race/Ethnicity","Hispanic","33.30","< 10","50.00","< 10","16.70","< 10","12"
"24 - 25 School Year","63","Oakland Schools","63150","Troy School District","04227","Troy Union Elementary School","63","Oakland","LEA School","Elementary","City: Small","Science","Race/Ethnicity","Hispanic","< 10","< 10","< 10","< 10","< 10","< 10","< 10"
"24 - 25 School Year","63","Oakland Schools","63150","Troy School District","04227","Troy Union Elementary School","63","Oakland","LEA School","Elementary","City: Small","ELA","Race/Ethnicity","Hispanic","50.00","< 10","25.00","< 10","25.00","< 10","12"
"24 - 25 School Year","63","Oakland Schools","63150","Troy School District","04227","Troy Union Elementary School","63","Oakland","LEA School","Elementary","City: Small","SocialStudies","Gender","Female","31.40","11","42.90","15","25.70","< 10","35"
"24 - 25 School Year","63","Oakland Schools","63150","Troy School District","04227","Troy Union Elementary School","63","Oakland","LEA School","Elementary","City: Small","Science","Gender","Female","31.40","11","34.30","12","34.30","12","35"
"24 - 25 School Year","63","Oakland Schools","63150","Troy School District","04227","Troy Union Elementary School","63","Oakland","LEA School","Elementary","City: Small","Math","Gender","Female","30.10","31","40.80","42","29.10","30","103"
"24 - 25 School Year","63","Oakland Schools","63150","Troy School District","04227","Troy Union Elementary School","63","Oakland","LEA School","Elementary","City: Small","ELA","Gender","Female","25.50","26","41.20","42","33.30","34","102"
"24 - 25 School Year","63","Oakland Schools","63150","Troy School District","04227","Troy Union Elementary School","63","Oakland","LEA School","Elementary","City: Small","SocialStudies","Race/Ethnicity","Black, not of Hispanic origin","< 10","< 10","< 10","< 10","< 10","< 10","< 10"
"24 - 25 School Year","63","Oakland Schools","63150","Troy School District","04227","Troy Union Elementary School","63","Oakland","LEA School","Elementary","City: Small","Math","Race/Ethnicity","Black, not of Hispanic origin","73.30","11","20.00","< 10","6.70","< 10","15"
"24 - 25 School Year","63","Oakland Schools","63150","Troy School District","04227","Troy Union Elementary School","63","Oakland","LEA School","Elementary","City: Small","Science","Race/Ethnicity","Black, not of Hispanic origin","< 10","< 10","< 10","< 10","< 10","< 10","< 10"
"24 - 25 School Year","63","Oakland Schools","63150","Troy School District","04227","Troy Union Elementary School","63","Oakland","LEA School","Elementary","City: Small","ELA","Race/Ethnicity","Black, not of Hispanic origin","46.70","< 10","46.70","< 10","6.70","< 10","15"
"24 - 25 School Year","63","Oakland Schools","63150","Troy School District","04227","Troy Union Elementary School","63","Oakland","LEA School","Elementary","City: Small","SocialStudies","Race/Ethnicity","Asian","26.70","< 10","33.30","< 10","40.00","< 10","15"
"24 - 25 School Year","63","Oakland Schools","63150","Troy School District","04227","Troy Union Elementary School","63","Oakland","LEA School","Elementary","City: Small","Science","Race/Ethnicity","Asian","20.00","< 10","33.30","< 10","46.70","< 10","15"
"24 - 25 School Year","63","Oakland Schools","63150","Troy School District","04227","Troy Union Elementary School","63","Oakland","LEA School","Elementary","City: Small","Math","Race/Ethnicity","Asian","17.20","11","32.80","21","50.00","32","64"
"24 - 25 School Year","63","Oakland Schools","63150","Troy School District","04227","Troy Union Elementary School","63","Oakland","LEA School","Elementary","City: Small","ELA","Race/Ethnicity","Asian","23.40","15","35.90","23","40.60","26","64"
"24 - 25 School Year","63","Oakland Schools","63150","Troy School District","04227","Troy Union Elementary School","63","Oakland","LEA School","Elementary","City: Small","SocialStudies","Grade","05","30.60","22","38.90","28","30.60","22","72"
"24 - 25 School Year","63","Oakland Schools","63150","Troy School District","04227","Troy Union Elementary School","63","Oakland","LEA School","Elementary","City: Small","Science","Grade","05","30.60","22","38.90","28","30.60","22","72"
"24 - 25 School Year","63","Oakland Schools","63150","Troy School District","04227","Troy Union Elementary School","63","Oakland","LEA School","Elementary","City: Small","Math","Grade","05","31.90","23","43.10","31","25.00","18","72"
"24 - 25 School Year","63","Oakland Schools","63150","Troy School District","04227","Troy Union Elementary School","63","Oakland","LEA School","Elementary","City: Small","ELA","Grade","05","39.40","28","32.40","23","28.20","20","71"
"24 - 25 School Year","63","Oakland Schools","63150","Troy School District","04227","Troy Union Elementary School","63","Oakland","LEA School","Elementary","City: Small","Math","Grade","04","39.70","27","38.20","26","22.10","15","68"
"24 - 25 School Year","63","Oakland Schools","63150","Troy School District","04227","Troy Union Elementary School","63","Oakland","LEA School","Elementary","City: Small","ELA","Grade","04","29.40","20","47.10","32","23.50","16","68"
"24 - 25 School Year","63","Oakland Schools","63150","Troy School District","04227","Troy Union Elementary School","63","Oakland","LEA School","Elementary","City: Small","Math","Grade","03","16.40","10","39.30","24","44.30","27","61"
"24 - 25 School Year","63","Oakland Schools","63150","Troy School District","04227","Troy Union Elementary School","63","Oakland","LEA School","Elementary","City: Small","ELA","Grade","03","20.00","12","40.00","24","40.00","24","60"
"24 - 25 School Year","63","Oakland Schools","63150","Troy School District","04227","Troy Union Elementary School","63","Oakland","LEA School","Elementary","City: Small","SocialStudies","Program Participation","Students with Disabilities","< 10","< 10","< 10","< 10","< 10","< 10","< 10"
"24 - 25 School Year","63","Oakland Schools","63150","Troy School District","04227","Troy Union Elementary School","63","Oakland","LEA School","Elementary","City: Small","Science","Program Participation","English Learners","60.00","< 10","33.30","< 10","6.70","< 10","15"
"24 - 25 School Year","63","Oakland Schools","63150","Troy School District","04227","Troy Union Elementary School","63","Oakland","LEA School","Elementary","City: Small","SocialStudies","Program Participation","Economically Disadvantaged","38.50","< 10","61.50","< 10","< 5","< 10","13"
"24 - 25 School Year","63","Oakland Schools","63150","Troy School District","04227","Troy Union Elementary School","63","Oakland","LEA School","Elementary","City: Small","SocialStudies","Program Participation","English Learners","66.70","10","26.70","< 10","6.70","< 10","15"
"24 - 25 School Year","63","Oakland Schools","63150","Troy School District","05163","Hill Elementary School","63","Oakland","LEA School","Elementary","City: Small","ELA","Program Participation","Economically Disadvantaged","40.00","12","30.00","< 10","30.00","< 10","30"
"24 - 25 School Year","63","Oakland Schools","63150","Troy School District","05163","Hill Elementary School","63","Oakland","LEA School","Elementary","City: Small","ELA","Program Participation","Students with Disabilities","53.60","15","35.70","10","10.70","< 10","28"
"24 - 25 School Year","63","Oakland Schools","63150","Troy School District","05163","Hill Elementary School","63","Oakland","LEA School","Elementary","City: Small","ELA","Program Participation","English Learners","45.80","11","54.20","13","< 5","< 10","24"
"24 - 25 School Year","63","Oakland Schools","63150","Troy School District","05163","Hill Elementary School","63","Oakland","LEA School","Elementary","City: Small","Math","Program Participation","Students with Disabilities","57.10","16","21.40","< 10","21.40","< 10","28"
"24 - 25 School Year","63","Oakland Schools","63150","Troy School District","05163","Hill Elementary School","63","Oakland","LEA School","Elementary","City: Small","Math","Program Participation","Economically Disadvantaged","43.30","13","36.70","11","20.00","< 10","30"
"24 - 25 School Year","63","Oakland Schools","63150","Troy School District","05163","Hill Elementary School","63","Oakland","LEA School","Elementary","City: Small","Math","Program Participation","English Learners","38.50","10","53.80","14","7.70","< 10","26"
"24 - 25 School Year","63","Oakland Schools","63150","Troy School District","05163","Hill Elementary School","63","Oakland","LEA School","Elementary","City: Small","Science","Program Participation","Economically Disadvantaged","< 10","< 10","< 10","< 10","< 10","< 10","< 10"
"24 - 25 School Year","63","Oakland Schools","63150","Troy School District","05163","Hill Elementary School","63","Oakland","LEA School","Elementary","City: Small","Science","Program Participation","Students with Disabilities","40.00","< 10","20.00","< 10","40.00","< 10","10"
"24 - 25 School Year","63","Oakland Schools","63150","Troy School District","05163","Hill Elementary School","63","Oakland","LEA School","Elementary","City: Small","Science","Program Participation","English Learners","< 10","< 10","< 10","< 10","< 10","< 10","< 10"
"24 - 25 School Year","63","Oakland Schools","63150","Troy School District","05163","Hill Elementary School","63","Oakland","LEA School","Elementary","City: Small","SocialStudies","Program Participation","Students with Disabilities","40.00","< 10","30.00","< 10","30.00","< 10","10"
"24 - 25 School Year","63","Oakland Schools","63150","Troy School District","05163","Hill Elementary School","63","Oakland","LEA School","Elementary","City: Small","SocialStudies","Program Participation","Economically Disadvantaged","< 10","< 10","< 10","< 10","< 10","< 10","< 10"
"24 - 25 School Year","63","Oakland Schools","63150","Troy School District","05163","Hill Elementary School","63","Oakland","LEA School","Elementary","City: Small","SocialStudies","Program Participation","English Learners","< 10","< 10","< 10","< 10","< 10","< 10","< 10"
"24 - 25 School Year","63","Oakland Schools","63150","Troy School District","05163","Hill Elementary School","63","Oakland","LEA School","Elementary","City: Small","ELA","Race/Ethnicity","White, not of Hispanic origin","31.70","33","40.40","42","27.90","29","104"
"24 - 25 School Year","63","Oakland Schools","63150","Troy School District","05163","Hill Elementary School","63","Oakland","LEA School","Elementary","City: Small","Math","Race/Ethnicity","White, not of Hispanic origin","29.80","31","42.30","44","27.90","29","104"
"24 - 25 School Year","63","Oakland Schools","63150","Troy School District","05163","Hill Elementary School","63","Oakland","LEA School","Elementary","City: Small","Science","Race/Ethnicity","White, not of Hispanic origin","30.60","11","36.10","13","33.30","12","36"
"24 - 25 School Year","63","Oakland Schools","63150","Troy School District","05163","Hill Elementary School","63","Oakland","LEA School","Elementary","City: Small","SocialStudies","Race/Ethnicity","White, not of Hispanic origin","30.60","11","44.40","16","25.00","< 10","36"
"24 - 25 School Year","63","Oakland Schools","63150","Troy School District","05163","Hill Elementary School","63","Oakland","LEA School","Elementary","City: Small","ELA","Race/Ethnicity","Two or More Races","28.60","< 10","28.60","< 10","42.90","< 10","14"
"24 - 25 School Year","63","Oakland Schools","63150","Troy School District","05163","Hill Elementary School","63","Oakland","LEA School","Elementary","City: Small","Math","Race/Ethnicity","Two or More Races","35.70","< 10","21.40","< 10","42.90","< 10","14"
"24 - 25 School Year","63","Oakland Schools","63150","Troy School District","05163","Hill Elementary School","63","Oakland","LEA School","Elementary","City: Small","Science","Race/Ethnicity","Two or More Races","< 10","< 10","< 10","< 10","< 10","< 10","< 10"
"24 - 25 School Year","63","Oakland Schools","63150","Troy School District","05163","Hill Elementary School","63","Oakland","LEA School","Elementary","City: Small","SocialStudies","Race/Ethnicity","Two or More Races","< 10","< 10","< 10","< 10","< 10","< 10","< 10"
"24 - 25 School Year","63","Oakland Schools","63150","Troy School District","05163","Hill Elementary School","63","Oakland","LEA School","Elementary","City: Small","ELA","Program Participation","Students without IEP","25.60","40","41.00","64","33.30","52","156"
"24 - 25 School Year","63","Oakland Schools","63150","Troy School District","05163","Hill Elementary School","63","Oakland","LEA School","Elementary","City: Small","ELA","Program Participation","Not Economically Disadvantaged","27.90","43","42.20","65","29.90","46","154"
"24 - 25 School Year","63","Oakland Schools","63150","Troy School District","05163","Hill Elementary School","63","Oakland","LEA School","Elementary","City: Small","Math","Program Participation","Not Economically Disadvantaged","27.60","43","40.40","63","32.10","50","156"
"24 - 25 School Year","63","Oakland Schools","63150","Troy School District","05163","Hill Elementary School","63","Oakland","LEA School","Elementary","City: Small","Math","Program Participation","Not Migrant","30.10","56","39.80","74","30.10","56","186"
"24 - 25 School Year","63","Oakland Schools","63150","Troy School District","05163","Hill Elementary School","63","Oakland","LEA School","Elementary","City: Small","Math","Program Participation","Not English Learners","28.80","46","37.50","60","33.80","54","160"
"24 - 25 School Year","63","Oakland Schools","63150","Troy School District","05163","Hill Elementary School","63","Oakland","LEA School","Elementary","City: Small","Math","Program Participation","Not Homeless","30.10","56","39.80","74","30.10","56","186"
"24 - 25 School Year","63","Oakland Schools","63150","Troy School District","05163","Hill Elementary School","63","Oakland","LEA School","Elementary","City: Small","Math","Program Participation","Students without IEP","25.30","40","43.00","68","31.60","50","158"
"24 - 25 School Year","63","Oakland Schools","63150","Troy School District","05163","Hill Elementary School","63","Oakland","LEA School","Elementary","City: Small","ELA","Program Participation","Not Migrant","29.90","55","40.20","74","29.90","55","184"
"24 - 25 School Year","63","Oakland Schools","63150","Troy School District","05163","Hill Elementary School","63","Oakland","LEA School","Elementary","City: Small","ELA","Program Participation","Not English Learners","27.50","44","38.10","61","34.40","55","160"
"24 - 25 School Year","63","Oakland Schools","63150","Troy School District","05163","Hill Elementary School","63","Oakland","LEA School","Elementary","City: Small","ELA","Program Participation","Not Homeless","29.90","55","40.20","74","29.90","55","184"
"24 - 25 School Year","63","Oakland Schools","63150","Troy School District","05163","Hill Elementary School","63","Oakland","LEA School","Elementary","City: Small","Science","Program Participation","Students without IEP","28.00","14","44.00","22","28.00","14","50"
"24 - 25 School Year","63","Oakland Schools","63150","Troy School District","05163","Hill Elementary School","63","Oakland","LEA School","Elementary","City: Small","Science","Program Participation","Not Economically Disadvantaged","26.40","14","45.30","24","28.30","15","53"
"24 - 25 School Year","63","Oakland Schools","63150","Troy School District","05163","Hill Elementary School","63","Oakland","LEA School","Elementary","City: Small","SocialStudies","Program Participation","Not Economically Disadvantaged","28.30","15","37.70","20","34.00","18","53"
"24 - 25 School Year","63","Oakland Schools","63150","Troy School District","05163","Hill Elementary School","63","Oakland","LEA School","Elementary","City: Small","SocialStudies","Program Participation","Students without IEP","28.00","14","42.00","21","30.00","15","50"
"24 - 25 School Year","63","Oakland Schools","63150","Troy School District","05163","Hill Elementary School","63","Oakland","LEA School","Elementary","City: Small","Science","Program Participation","Not Migrant","30.00","18","40.00","24","30.00","18","60"
"24 - 25 School Year","63","Oakland Schools","63150","Troy School District","05163","Hill Elementary School","63","Oakland","LEA School","Elementary","City: Small","Science","Program Participation","Not English Learners","25.90","14","40.70","22","33.30","18","54"
"24 - 25 School Year","63","Oakland Schools","63150","Troy School District","05163","Hill Elementary School","63","Oakland","LEA School","Elementary","City: Small","Science","Program Participation","Not Homeless","30.00","18","40.00","24","30.00","18","60"
"24 - 25 School Year","63","Oakland Schools","63150","Troy School District","05163","Hill Elementary School","63","Oakland","LEA School","Elementary","City: Small","SocialStudies","Program Participation","Not Migrant","30.00","18","40.00","24","30.00","18","60"
"24 - 25 School Year","63","Oakland Schools","63150","Troy School District","05163","Hill Elementary School","63","Oakland","LEA School","Elementary","City: Small","SocialStudies","Program Participation","Not English Learners","27.80","15","40.70","22","31.50","17","54"
"24 - 25 School Year","63","Oakland Schools","63150","Troy School District","05163","Hill Elementary School","63","Oakland","LEA School","Elementary","City: Small","SocialStudies","Program Participation","Not Homeless","30.00","18","40.00","24","30.00","18","60"
"24 - 25 School Year","63","Oakland Schools","63150","Troy School District","05163","Hill Elementary School","63","Oakland","LEA School","Elementary","City: Small","Math","Gender","Male","24.00","25","34.60","36","41.30","43","104"
"24 - 25 School Year","63","Oakland Schools","63150","Troy School District","05163","Hill Elementary School","63","Oakland","LEA School","Elementary","City: Small","ELA","Gender","Male","32.00","33","35.00","36","33.00","34","103"
"24 - 25 School Year","63","Oakland Schools","63150","Troy School District","05163","Hill Elementary School","63","Oakland","LEA School","Elementary","City: Small","Science","Gender","Male","22.90","< 10","37.10","13","40.00","14","35"
"24 - 25 School Year","63","Oakland Schools","63150","Troy School District","05163","Hill Elementary School","63","Oakland","LEA School","Elementary","City: Small","SocialStudies","Gender","Male","17.10","< 10","51.40","18","31.40","11","35"
"24 - 25 School Year","63","Oakland Schools","63150","Troy School District","05163","Hill Elementary School","63","Oakland","LEA School","Elementary","City: Small","ELA","Race/Ethnicity","Hispanic","< 10","< 10","< 10","< 10","< 10","< 10","< 10"
"24 - 25 School Year","63","Oakland Schools","63150","Troy School District","05163","Hill Elementary School","63","Oakland","LEA School","Elementary","City: Small","Math","Race/Ethnicity","Hispanic","< 10","< 10","< 10","< 10","< 10","< 10","< 10"
"24 - 25 School Year","63","Oakland Schools","63150","Troy School District","05163","Hill Elementary School","63","Oakland","LEA School","Elementary","City: Small","Science","Race/Ethnicity","Hispanic","< 10","< 10","< 10","< 10","< 10","< 10","< 10"
"24 - 25 School Year","63","Oakland Schools","63150","Troy School District","05163","Hill Elementary School","63","Oakland","LEA School","Elementary","City: Small","SocialStudies","Race/Ethnicity","Hispanic","< 10","< 10","< 10","< 10","< 10","< 10","< 10"
"24 - 25 School Year","63","Oakland Schools","63150","Troy School District","05163","Hill Elementary School","63","Oakland","LEA School","Elementary","City: Small","Math","Gender","Female","37.80","31","46.30","38","15.90","13","82"
"24 - 25 School Year","63","Oakland Schools","63150","Troy School District","05163","Hill Elementary School","63","Oakland","LEA School","Elementary","City: Small","ELA","Gender","Female","27.20","22","46.90","38","25.90","21","81"
"24 - 25 School Year","63","Oakland Schools","63150","Troy School District","05163","Hill Elementary School","63","Oakland","LEA School","Elementary","City: Small","Science","Gender","Female","40.00","10","44.00","11","16.00","< 10","25"
"24 - 25 School Year","63","Oakland Schools","63150","Troy School District","05163","Hill Elementary School","63","Oakland","LEA School","Elementary","City: Small","SocialStudies","Gender","Female","48.00","12","24.00","< 10","28.00","< 10","25"
"24 - 25 School Year","63","Oakland Schools","63150","Troy School District","05163","Hill Elementary School","63","Oakland","LEA School","Elementary","City: Small","ELA","Race/Ethnicity","Black, not of Hispanic origin","50.00","< 10","37.50","< 10","12.50","< 10","16"
"24 - 25 School Year","63","Oakland Schools","63150","Troy School District","05163","Hill Elementary School","63","Oakland","LEA School","Elementary","City: Small","Math","Race/Ethnicity","Black, not of Hispanic origin","43.80","< 10","37.50","< 10","18.80","< 10","16"
"24 - 25 School Year","63","Oakland Schools","63150","Troy School District","05163","Hill Elementary School","63","Oakland","LEA School","Elementary","City: Small","Science","Race/Ethnicity","Black, not of Hispanic origin","< 10","< 10","< 10","< 10","< 10","< 10","< 10"
"24 - 25 School Year","63","Oakland Schools","63150","Troy School District","05163","Hill Elementary School","63","Oakland","LEA School","Elementary","City: Small","SocialStudies","Race/Ethnicity","Black, not of Hispanic origin","< 10","< 10","< 10","< 10","< 10","< 10","< 10"
"24 - 25 School Year","63","Oakland Schools","63150","Troy School District","05163","Hill Elementary School","63","Oakland","LEA School","Elementary","City: Small","ELA","Race/Ethnicity","Asian","16.70","< 10","45.20","19","38.10","16","42"
"24 - 25 School Year","63","Oakland Schools","63150","Troy School District","05163","Hill Elementary School","63","Oakland","LEA School","Elementary","City: Small","Math","Race/Ethnicity","Asian","20.90","< 10","39.50","17","39.50","17","43"
"24 - 25 School Year","63","Oakland Schools","63150","Troy School District","05163","Hill Elementary School","63","Oakland","LEA School","Elementary","City: Small","Science","Race/Ethnicity","Asian","25.00","< 10","33.30","< 10","41.70","< 10","12"
"24 - 25 School Year","63","Oakland Schools","63150","Troy School District","05163","Hill Elementary School","63","Oakland","LEA School","Elementary","City: Small","SocialStudies","Race/Ethnicity","Asian","16.70","< 10","25.00","< 10","58.30","< 10","12"
"24 - 25 School Year","63","Oakland Schools","63150","Troy School District","05163","Hill Elementary School","63","Oakland","LEA School","Elementary","City: Small","ELA","Grade","05","27.10","16","42.40","25","30.50","18","59"
"24 - 25 School Year","63","Oakland Schools","63150","Troy School District","05163","Hill Elementary School","63","Oakland","LEA School","Elementary","City: Small","Math","Grade","05","23.30","14","46.70","28","30.00","18","60"
"24 - 25 School Year","63","Oakland Schools","63150","Troy School District","05163","Hill Elementary School","63","Oakland","LEA School","Elementary","City: Small","Science","Grade","05","30.00","18","40.00","24","30.00","18","60"
"24 - 25 School Year","63","Oakland Schools","63150","Troy School District","05163","Hill Elementary School","63","Oakland","LEA School","Elementary","City: Small","SocialStudies","Grade","05","30.00","18","40.00","24","30.00","18","60"
"24 - 25 School Year","63","Oakland Schools","63150","Troy School District","05163","Hill Elementary School","63","Oakland","LEA School","Elementary","City: Small","ELA","Grade","04","23.30","14","46.70","28","30.00","18","60"
"24 - 25 School Year","63","Oakland Schools","63150","Troy School District","05163","Hill Elementary School","63","Oakland","LEA School","Elementary","City: Small","Math","Grade","04","30.00","18","38.30","23","31.70","19","60"
"24 - 25 School Year","63","Oakland Schools","63150","Troy School District","05163","Hill Elementary School","63","Oakland","LEA School","Elementary","City: Small","ELA","Grade","03","38.50","25","32.30","21","29.20","19","65"
"24 - 25 School Year","63","Oakland Schools","63150","Troy School District","05163","Hill Elementary School","63","Oakland","LEA School","Elementary","City: Small","Math","Grade","03","36.40","24","34.80","23","28.80","19","66"
"24 - 25 School Year","63","Oakland Schools","63150","Troy School District","05413","Smith Middle School","63","Oakland","LEA School","Middle School","City: Small","Math","Grade","08","29.70","62","41.10","86","29.20","61","209"
"24 - 25 School Year","63","Oakland Schools","63150","Troy School District","05413","Smith Middle School","63","Oakland","LEA School","Middle School","City: Small","Science","Grade","08","30.10","63","39.70","83","30.10","63","209"
"24 - 25 School Year","63","Oakland Schools","63150","Troy School District","05413","Smith Middle School","63","Oakland","LEA School","Middle School","City: Small","SocialStudies","Grade","08","30.10","63","39.70","83","30.10","63","209"
"24 - 25 School Year","63","Oakland Schools","63150","Troy School District","05413","Smith Middle School","63","Oakland","LEA School","Middle School","City: Small","ELA","Grade","08","25.80","54","43.10","90","31.10","65","209"
"24 - 25 School Year","63","Oakland Schools","63150","Troy School District","05413","Smith Middle School","63","Oakland","LEA School","Middle School","City: Small","Math","Grade","07","31.20","62","40.20","80","28.60","57","199"
"24 - 25 School Year","63","Oakland Schools","63150","Troy School District","05413","Smith Middle School","63","Oakland","LEA School","Middle School","City: Small","ELA","Grade","07","38.10","75","35.50","70","26.40","52","197"
"24 - 25 School Year","63","Oakland Schools","63150","Troy School District","05413","Smith Middle School","63","Oakland","LEA School","Middle School","City: Small","Math","Grade","06","29.10","52","38.50","69","32.40","58","179"
"24 - 25 School Year","63","Oakland Schools","63150","Troy School District","05413","Smith Middle School","63","Oakland","LEA School","Middle School","City: Small","ELA","Grade","06","26.00","46","41.20","73","32.80","58","177"
"24 - 25 School Year","63","Oakland Schools","63150","Troy School District","05413","Smith Middle School","63","Oakland","LEA School","Middle School","City: Small","ELA","Race/Ethnicity","Asian","17.30","34","41.80","82","40.80","80","196"
"24 - 25 School Year","63","Oakland Schools","63150","Troy School District","05413","Smith Middle School","63","Oakland","LEA School","Middle School","City: Small","SocialStudies","Race/Ethnicity","Asian","13.30","< 10","43.30","26","43.30","26","60"
"24 - 25 School Year","63","Oakland Schools","63150","Troy School District","05413","Smith Middle School","63","Oakland","LEA School","Middle School","City: Small","Science","Race/Ethnicity","Asian","18.30","11","36.70","22","45.00","27","60"
"24 - 25 School Year","63","Oakland Schools","63150","Troy School District","05413","Smith Middle School","63","Oakland","LEA School","Middle School","City: Small","Math","Race/Ethnicity","Asian","12.60","25","31.70","63","55.80","111","199"
"24 - 25 School Year","63","Oakland Schools","63150","Troy School District","05413","Smith Middle School","63","Oakland","LEA School","Middle School","City: Small","ELA","Race/Ethnicity","Black, not of Hispanic origin","67.50","27","25.00","10","7.50","< 10","40"
"24 - 25 School Year","63","Oakland Schools","63150","Troy School District","05413","Smith Middle School","63","Oakland","LEA School","Middle School","City: Small","SocialStudies","Race/Ethnicity","Black, not of Hispanic origin","53.80","< 10","38.50","< 10","7.70","< 10","13"
"24 - 25 School Year","63","Oakland Schools","63150","Troy School District","05413","Smith Middle School","63","Oakland","LEA School","Middle School","City: Small","Science","Race/Ethnicity","Black, not of Hispanic origin","53.80","< 10","38.50","< 10","7.70","< 10","13"
"24 - 25 School Year","63","Oakland Schools","63150","Troy School District","05413","Smith Middle School","63","Oakland","LEA School","Middle School","City: Small","Math","Race/Ethnicity","Black, not of Hispanic origin","70.00","28","25.00","10","5.00","< 10","40"
"24 - 25 School Year","63","Oakland Schools","63150","Troy School District","05413","Smith Middle School","63","Oakland","LEA School","Middle School","City: Small","ELA","Gender","Female","25.10","70","43.00","120","31.90","89","279"
"24 - 25 School Year","63","Oakland Schools","63150","Troy School District","05413","Smith Middle School","63","Oakland","LEA School","Middle School","City: Small","SocialStudies","Gender","Female","28.30","30","40.60","43","31.10","33","106"
"24 - 25 School Year","63","Oakland Schools","63150","Troy School District","05413","Smith Middle School","63","Oakland","LEA School","Middle School","City: Small","Science","Gender","Female","28.30","30","40.60","43","31.10","33","106"
"24 - 25 School Year","63","Oakland Schools","63150","Troy School District","05413","Smith Middle School","63","Oakland","LEA School","Middle School","City: Small","Math","Gender","Female","33.30","94","36.90","104","29.80","84","282"
"24 - 25 School Year","63","Oakland Schools","63150","Troy School District","05413","Smith Middle School","63","Oakland","LEA School","Middle School","City: Small","ELA","Race/Ethnicity","Hispanic","28.10","< 10","46.90","15","25.00","< 10","32"
"24 - 25 School Year","63","Oakland Schools","63150","Troy School District","05413","Smith Middle School","63","Oakland","LEA School","Middle School","City: Small","SocialStudies","Race/Ethnicity","Hispanic","33.30","< 10","33.30","< 10","33.30","< 10","12"
"24 - 25 School Year","63","Oakland Schools","63150","Troy School District","05413","Smith Middle School","63","Oakland","LEA School","Middle School","City: Small","Science","Race/Ethnicity","Hispanic","16.70","< 10","50.00","< 10","33.30","< 10","12"
"24 - 25 School Year","63","Oakland Schools","63150","Troy School District","05413","Smith Middle School","63","Oakland","LEA School","Middle School","City: Small","Math","Race/Ethnicity","Hispanic","40.60","13","46.90","15","12.50","< 10","32"
"24 - 25 School Year","63","Oakland Schools","63150","Troy School District","05413","Smith Middle School","63","Oakland","LEA School","Middle School","City: Small","ELA","Gender","Male","34.50","105","37.20","113","28.30","86","304"
"24 - 25 School Year","63","Oakland Schools","63150","Troy School District","05413","Smith Middle School","63","Oakland","LEA School","Middle School","City: Small","SocialStudies","Gender","Male","32.00","33","38.80","40","29.10","30","103"
"24 - 25 School Year","63","Oakland Schools","63150","Troy School District","05413","Smith Middle School","63","Oakland","LEA School","Middle School","City: Small","Science","Gender","Male","32.00","33","38.80","40","29.10","30","103"
"24 - 25 School Year","63","Oakland Schools","63150","Troy School District","05413","Smith Middle School","63","Oakland","LEA School","Middle School","City: Small","Math","Gender","Male","26.90","82","43.00","131","30.20","92","305"
"24 - 25 School Year","63","Oakland Schools","63150","Troy School District","05413","Smith Middle School","63","Oakland","LEA School","Middle School","City: Small","ELA","Race/Ethnicity","Native Hawaiian or Other Pacific Islander","< 10","< 10","< 10","< 10","< 10","< 10","< 10"
"24 - 25 School Year","63","Oakland Schools","63150","Troy School District","05413","Smith Middle School","63","Oakland","LEA School","Middle School","City: Small","SocialStudies","Race/Ethnicity","Native Hawaiian or Other Pacific Islander","< 10","< 10","< 10","< 10","< 10","< 10","< 10"
"24 - 25 School Year","63","Oakland Schools","63150","Troy School District","05413","Smith Middle School","63","Oakland","LEA School","Middle School","City: Small","Science","Race/Ethnicity","Native Hawaiian or Other Pacific Islander","< 10","< 10","< 10","< 10","< 10","< 10","< 10"
"24 - 25 School Year","63","Oakland Schools","63150","Troy School District","05413","Smith Middle School","63","Oakland","LEA School","Middle School","City: Small","Math","Race/Ethnicity","Native Hawaiian or Other Pacific Islander","< 10","< 10","< 10","< 10","< 10","< 10","< 10"
"24 - 25 School Year","63","Oakland Schools","63150","Troy School District","05413","Smith Middle School","63","Oakland","LEA School","Middle School","City: Small","ELA","Program Participation","Students without IEP","25.20","134","42.30","225","32.50","173","532"
"24 - 25 School Year","63","Oakland Schools","63150","Troy School District","05413","Smith Middle School","63","Oakland","LEA School","Middle School","City: Small","ELA","Program Participation","Not Economically Disadvantaged","25.60","131","41.20","211","33.20","170","512"
"24 - 25 School Year","63","Oakland Schools","63150","Troy School District","05413","Smith Middle School","63","Oakland","LEA School","Middle School","City: Small","ELA","Program Participation","Not Homeless","30.00","175","40.00","233","30.00","175","583"
"24 - 25 School Year","63","Oakland Schools","63150","Troy School District","05413","Smith Middle School","63","Oakland","LEA School","Middle School","City: Small","ELA","Program Participation","Not English Learners","25.60","132","41.00","211","33.40","172","515"
"24 - 25 School Year","63","Oakland Schools","63150","Troy School District","05413","Smith Middle School","63","Oakland","LEA School","Middle School","City: Small","ELA","Program Participation","Not Migrant","30.00","175","40.00","233","30.00","175","583"
"24 - 25 School Year","63","Oakland Schools","63150","Troy School District","05413","Smith Middle School","63","Oakland","LEA School","Middle School","City: Small","Math","Program Participation","Students without IEP","25.00","134","42.20","226","32.80","176","536"
"24 - 25 School Year","63","Oakland Schools","63150","Troy School District","05413","Smith Middle School","63","Oakland","LEA School","Middle School","City: Small","SocialStudies","Program Participation","Not Economically Disadvantaged","28.00","53","38.60","73","33.30","63","189"
"24 - 25 School Year","63","Oakland Schools","63150","Troy School District","05413","Smith Middle School","63","Oakland","LEA School","Middle School","City: Small","SocialStudies","Program Participation","Not Homeless","30.10","63","39.70","83","30.10","63","209"
"24 - 25 School Year","63","Oakland Schools","63150","Troy School District","05413","Smith Middle School","63","Oakland","LEA School","Middle School","City: Small","SocialStudies","Program Participation","Not English Learners","26.30","50","41.10","78","32.60","62","190"
"24 - 25 School Year","63","Oakland Schools","63150","Troy School District","05413","Smith Middle School","63","Oakland","LEA School","Middle School","City: Small","SocialStudies","Program Participation","Not Migrant","30.10","63","39.70","83","30.10","63","209"
"24 - 25 School Year","63","Oakland Schools","63150","Troy School District","05413","Smith Middle School","63","Oakland","LEA School","Middle School","City: Small","Science","Program Participation","Not Homeless","30.10","63","39.70","83","30.10","63","209"
"24 - 25 School Year","63","Oakland Schools","63150","Troy School District","05413","Smith Middle School","63","Oakland","LEA School","Middle School","City: Small","Science","Program Participation","Not English Learners","26.80","51","40.50","77","32.60","62","190"
"24 - 25 School Year","63","Oakland Schools","63150","Troy School District","05413","Smith Middle School","63","Oakland","LEA School","Middle School","City: Small","Science","Program Participation","Not Migrant","30.10","63","39.70","83","30.10","63","209"
"24 - 25 School Year","63","Oakland Schools","63150","Troy School District","05413","Smith Middle School","63","Oakland","LEA School","Middle School","City: Small","SocialStudies","Program Participation","Students without IEP","27.80","54","41.80","81","30.40","59","194"
"24 - 25 School Year","63","Oakland Schools","63150","Troy School District","05413","Smith Middle School","63","Oakland","LEA School","Middle School","City: Small","Science","Program Participation","Not Economically Disadvantaged","27.50","52","39.70","75","32.80","62","189"
"24 - 25 School Year","63","Oakland Schools","63150","Troy School District","05413","Smith Middle School","63","Oakland","LEA School","Middle School","City: Small","Math","Program Participation","Not English Learners","26.60","137","41.60","214","31.80","164","515"
"24 - 25 School Year","63","Oakland Schools","63150","Troy School District","05413","Smith Middle School","63","Oakland","LEA School","Middle School","City: Small","Math","Program Participation","Not Migrant","30.00","176","40.00","235","30.00","176","587"
"24 - 25 School Year","63","Oakland Schools","63150","Troy School District","05413","Smith Middle School","63","Oakland","LEA School","Middle School","City: Small","Science","Program Participation","Students without IEP","28.40","55","40.70","79","30.90","60","194"
"24 - 25 School Year","63","Oakland Schools","63150","Troy School District","05413","Smith Middle School","63","Oakland","LEA School","Middle School","City: Small","Math","Program Participation","Not Economically Disadvantaged","24.50","126","42.10","217","33.40","172","515"
"24 - 25 School Year","63","Oakland Schools","63150","Troy School District","05413","Smith Middle School","63","Oakland","LEA School","Middle School","City: Small","Math","Program Participation","Not Homeless","30.00","176","40.00","235","30.00","176","587"
"24 - 25 School Year","63","Oakland Schools","63150","Troy School District","05413","Smith Middle School","63","Oakland","LEA School","Middle School","City: Small","ELA","Race/Ethnicity","Two or More Races","15.00","< 10","45.00","< 10","40.00","< 10","20"
"24 - 25 School Year","63","Oakland Schools","63150","Troy School District","05413","Smith Middle School","63","Oakland","LEA School","Middle School","City: Small","SocialStudies","Race/Ethnicity","Two or More Races","< 10","< 10","< 10","< 10","< 10","< 10","< 10"
"24 - 25 School Year","63","Oakland Schools","63150","Troy School District","05413","Smith Middle School","63","Oakland","LEA School","Middle School","City: Small","Science","Race/Ethnicity","Two or More Races","< 10","< 10","< 10","< 10","< 10","< 10","< 10"
"24 - 25 School Year","63","Oakland Schools","63150","Troy School District","05413","Smith Middle School","63","Oakland","LEA School","Middle School","City: Small","Math","Race/Ethnicity","Two or More Races","28.60","< 10","38.10","< 10","33.30","< 10","21"
"24 - 25 School Year","63","Oakland Schools","63150","Troy School District","05413","Smith Middle School","63","Oakland","LEA School","Middle School","City: Small","ELA","Race/Ethnicity","White, not of Hispanic origin","34.90","102","39.70","116","25.30","74","292"
"24 - 25 School Year","63","Oakland Schools","63150","Troy School District","05413","Smith Middle School","63","Oakland","LEA School","Middle School","City: Small","SocialStudies","Race/Ethnicity","White, not of Hispanic origin","36.80","42","39.50","45","23.70","27","114"
"24 - 25 School Year","63","Oakland Schools","63150","Troy School District","05413","Smith Middle School","63","Oakland","LEA School","Middle School","City: Small","Science","Race/Ethnicity","White, not of Hispanic origin","36.80","42","39.50","45","23.70","27","114"
"24 - 25 School Year","63","Oakland Schools","63150","Troy School District","05413","Smith Middle School","63","Oakland","LEA School","Middle School","City: Small","Math","Race/Ethnicity","White, not of Hispanic origin","35.60","104","46.90","137","17.50","51","292"
"24 - 25 School Year","63","Oakland Schools","63150","Troy School District","05413","Smith Middle School","63","Oakland","LEA School","Middle School","City: Small","Math","Program Participation","Students with Disabilities","82.40","42","17.60","< 10","< 5","< 10","51"
"24 - 25 School Year","63","Oakland Schools","63150","Troy School District","05413","Smith Middle School","63","Oakland","LEA School","Middle School","City: Small","ELA","Program Participation","English Learners","63.20","43","32.40","22","< 5","< 10","68"
"24 - 25 School Year","63","Oakland Schools","63150","Troy School District","05413","Smith Middle School","63","Oakland","LEA School","Middle School","City: Small","ELA","Program Participation","Economically Disadvantaged","62.00","44","31.00","22","7.00","< 10","71"
"24 - 25 School Year","63","Oakland Schools","63150","Troy School District","05413","Smith Middle School","63","Oakland","LEA School","Middle School","City: Small","ELA","Program Participation","Students with Disabilities","80.40","41","15.70","< 10","< 5","< 10","51"
"24 - 25 School Year","63","Oakland Schools","63150","Troy School District","05413","Smith Middle School","63","Oakland","LEA School","Middle School","City: Small","SocialStudies","Program Participation","Economically Disadvantaged","50.00","10","50.00","10","< 5","< 10","20"
"24 - 25 School Year","63","Oakland Schools","63150","Troy School District","05413","Smith Middle School","63","Oakland","LEA School","Middle School","City: Small","SocialStudies","Program Participation","English Learners","68.40","13","26.30","< 10","5.30","< 10","19"
"24 - 25 School Year","63","Oakland Schools","63150","Troy School District","05413","Smith Middle School","63","Oakland","LEA School","Middle School","City: Small","SocialStudies","Program Participation","Students with Disabilities","60.00","< 10","13.30","< 10","26.70","< 10","15"
"24 - 25 School Year","63","Oakland Schools","63150","Troy School District","05413","Smith Middle School","63","Oakland","LEA School","Middle School","City: Small","Science","Program Participation","English Learners","63.20","12","31.60","< 10","5.30","< 10","19"
"24 - 25 School Year","63","Oakland Schools","63150","Troy School District","05413","Smith Middle School","63","Oakland","LEA School","Middle School","City: Small","Science","Program Participation","Economically Disadvantaged","55.00","11","40.00","< 10","5.00","< 10","20"
"24 - 25 School Year","63","Oakland Schools","63150","Troy School District","05413","Smith Middle School","63","Oakland","LEA School","Middle School","City: Small","Science","Program Participation","Students with Disabilities","53.30","< 10","26.70","< 10","20.00","< 10","15"
"24 - 25 School Year","63","Oakland Schools","63150","Troy School District","05413","Smith Middle School","63","Oakland","LEA School","Middle School","City: Small","Math","Program Participation","English Learners","54.20","39","29.20","21","16.70","12","72"
"24 - 25 School Year","63","Oakland Schools","63150","Troy School District","05413","Smith Middle School","63","Oakland","LEA School","Middle School","City: Small","Math","Program Participation","Economically Disadvantaged","69.40","50","25.00","18","5.60","< 10","72"
"24 - 25 School Year","63","Oakland Schools","63150","Troy School District","05537","Wattles Elementary School","63","Oakland","LEA School","Elementary","City: Small","Math","Grade","03","22.00","13","44.10","26","33.90","20","59"
"24 - 25 School Year","63","Oakland Schools","63150","Troy School District","05537","Wattles Elementary School","63","Oakland","LEA School","Elementary","City: Small","ELA","Grade","03","24.60","14","47.40","27","28.10","16","57"
"24 - 25 School Year","63","Oakland Schools","63150","Troy School District","05537","Wattles Elementary School","63","Oakland","LEA School","Elementary","City: Small","Math","Grade","04","30.60","22","34.70","25","34.70","25","72"
"24 - 25 School Year","63","Oakland Schools","63150","Troy School District","05537","Wattles Elementary School","63","Oakland","LEA School","Elementary","City: Small","ELA","Grade","04","26.80","19","39.40","28","33.80","24","71"
"24 - 25 School Year","63","Oakland Schools","63150","Troy School District","05537","Wattles Elementary School","63","Oakland","LEA School","Elementary","City: Small","Science","Grade","05","30.20","19","39.70","25","30.20","19","63"
"24 - 25 School Year","63","Oakland Schools","63150","Troy School District","05537","Wattles Elementary School","63","Oakland","LEA School","Elementary","City: Small","Math","Grade","05","36.50","23","42.90","27","20.60","13","63"
"24 - 25 School Year","63","Oakland Schools","63150","Troy School District","05537","Wattles Elementary School","63","Oakland","LEA School","Elementary","City: Small","SocialStudies","Grade","05","30.20","19","39.70","25","30.20","19","63"
"24 - 25 School Year","63","Oakland Schools","63150","Troy School District","05537","Wattles Elementary School","63","Oakland","LEA School","Elementary","City: Small","ELA","Grade","05","38.10","24","34.90","22","27.00","17","63"
"24 - 25 School Year","63","Oakland Schools","63150","Troy School District","05537","Wattles Elementary School","63","Oakland","LEA School","Elementary","City: Small","ELA","Race/Ethnicity","Asian","19.00","15","41.80","33","39.20","31","79"
"24 - 25 School Year","63","Oakland Schools","63150","Troy School District","05537","Wattles Elementary School","63","Oakland","LEA School","Elementary","City: Small","Science","Race/Ethnicity","Asian","20.00","< 10","36.00","< 10","44.00","11","25"
"24 - 25 School Year","63","Oakland Schools","63150","Troy School District","05537","Wattles Elementary School","63","Oakland","LEA School","Elementary","City: Small","Math","Race/Ethnicity","Asian","11.00","< 10","42.70","35","46.30","38","82"
"24 - 25 School Year","63","Oakland Schools","63150","Troy School District","05537","Wattles Elementary School","63","Oakland","LEA School","Elementary","City: Small","SocialStudies","Race/Ethnicity","Asian","20.00","< 10","40.00","10","40.00","10","25"
"24 - 25 School Year","63","Oakland Schools","63150","Troy School District","05537","Wattles Elementary School","63","Oakland","LEA School","Elementary","City: Small","ELA","Race/Ethnicity","Black, not of Hispanic origin","50.00","< 10","43.80","< 10","6.30","< 10","16"
"24 - 25 School Year","63","Oakland Schools","63150","Troy School District","05537","Wattles Elementary School","63","Oakland","LEA School","Elementary","City: Small","Science","Race/Ethnicity","Black, not of Hispanic origin","< 10","< 10","< 10","< 10","< 10","< 10","< 10"
"24 - 25 School Year","63","Oakland Schools","63150","Troy School District","05537","Wattles Elementary School","63","Oakland","LEA School","Elementary","City: Small","Math","Race/Ethnicity","Black, not of Hispanic origin","81.30","13","12.50","< 10","6.30","< 10","16"
"24 - 25 School Year","63","Oakland Schools","63150","Troy School District","05537","Wattles Elementary School","63","Oakland","LEA School","Elementary","City: Small","SocialStudies","Race/Ethnicity","Black, not of Hispanic origin","< 10","< 10","< 10","< 10","< 10","< 10","< 10"
"24 - 25 School Year","63","Oakland Schools","63150","Troy School District","05537","Wattles Elementary School","63","Oakland","LEA School","Elementary","City: Small","ELA","Gender","Female","30.50","29","37.90","36","31.60","30","95"
"24 - 25 School Year","63","Oakland Schools","63150","Troy School District","05537","Wattles Elementary School","63","Oakland","LEA School","Elementary","City: Small","Science","Gender","Female","31.40","11","34.30","12","34.30","12","35"
"24 - 25 School Year","63","Oakland Schools","63150","Troy School District","05537","Wattles Elementary School","63","Oakland","LEA School","Elementary","City: Small","Math","Gender","Female","30.20","29","44.80","43","25.00","24","96"
"24 - 25 School Year","63","Oakland Schools","63150","Troy School District","05537","Wattles Elementary School","63","Oakland","LEA School","Elementary","City: Small","SocialStudies","Gender","Female","34.30","12","37.10","13","28.60","10","35"
"24 - 25 School Year","63","Oakland Schools","63150","Troy School District","05537","Wattles Elementary School","63","Oakland","LEA School","Elementary","City: Small","ELA","Race/Ethnicity","Hispanic","50.00","< 10","35.70","< 10","14.30","< 10","14"
"24 - 25 School Year","63","Oakland Schools","63150","Troy School District","05537","Wattles Elementary School","63","Oakland","LEA School","Elementary","City: Small","Science","Race/Ethnicity","Hispanic","< 10","< 10","< 10","< 10","< 10","< 10","< 10"
"24 - 25 School Year","63","Oakland Schools","63150","Troy School District","05537","Wattles Elementary School","63","Oakland","LEA School","Elementary","City: Small","Math","Race/Ethnicity","Hispanic","64.30","< 10","14.30","< 10","21.40","< 10","14"
"24 - 25 School Year","63","Oakland Schools","63150","Troy School District","05537","Wattles Elementary School","63","Oakland","LEA School","Elementary","City: Small","SocialStudies","Race/Ethnicity","Hispanic","< 10","< 10","< 10","< 10","< 10","< 10","< 10"
"24 - 25 School Year","63","Oakland Schools","63150","Troy School District","05537","Wattles Elementary School","63","Oakland","LEA School","Elementary","City: Small","ELA","Gender","Male","29.20","28","42.70","41","28.10","27","96"
"24 - 25 School Year","63","Oakland Schools","63150","Troy School District","05537","Wattles Elementary School","63","Oakland","LEA School","Elementary","City: Small","Science","Gender","Male","28.60","< 10","46.40","13","25.00","< 10","28"
"24 - 25 School Year","63","Oakland Schools","63150","Troy School District","05537","Wattles Elementary School","63","Oakland","LEA School","Elementary","City: Small","Math","Gender","Male","29.60","29","35.70","35","34.70","34","98"
"24 - 25 School Year","63","Oakland Schools","63150","Troy School District","05537","Wattles Elementary School","63","Oakland","LEA School","Elementary","City: Small","SocialStudies","Gender","Male","25.00","< 10","42.90","12","32.10","< 10","28"
"24 - 25 School Year","63","Oakland Schools","63150","Troy School District","05537","Wattles Elementary School","63","Oakland","LEA School","Elementary","City: Small","ELA","Program Participation","Not Homeless","29.80","57","40.30","77","29.80","57","191"
"24 - 25 School Year","63","Oakland Schools","63150","Troy School District","05537","Wattles Elementary School","63","Oakland","LEA School","Elementary","City: Small","ELA","Program Participation","Not English Learners","23.50","32","41.90","57","34.60","47","136"
"24 - 25 School Year","63","Oakland Schools","63150","Troy School District","05537","Wattles Elementary School","63","Oakland","LEA School","Elementary","City: Small","ELA","Program Participation","Not Migrant","29.80","57","40.30","77","29.80","57","191"
"24 - 25 School Year","63","Oakland Schools","63150","Troy School District","05537","Wattles Elementary School","63","Oakland","LEA School","Elementary","City: Small","Math","Program Participation","Students without IEP","23.90","42","43.20","76","33.00","58","176"
"24 - 25 School Year","63","Oakland Schools","63150","Troy School District","05537","Wattles Elementary School","63","Oakland","LEA School","Elementary","City: Small","Science","Program Participation","Not Economically Disadvantaged","26.00","13","38.00","19","36.00","18","50"
"24 - 25 School Year","63","Oakland Schools","63150","Troy School District","05537","Wattles Elementary School","63","Oakland","LEA School","Elementary","City: Small","Science","Program Participation","Not Homeless","30.20","19","39.70","25","30.20","19","63"
"24 - 25 School Year","63","Oakland Schools","63150","Troy School District","05537","Wattles Elementary School","63","Oakland","LEA School","Elementary","City: Small","Science","Program Participation","Not English Learners","23.10","12","40.40","21","36.50","19","52"
"24 - 25 School Year","63","Oakland Schools","63150","Troy School District","05537","Wattles Elementary School","63","Oakland","LEA School","Elementary","City: Small","Science","Program Participation","Not Migrant","30.20","19","39.70","25","30.20","19","63"
"24 - 25 School Year","63","Oakland Schools","63150","Troy School District","05537","Wattles Elementary School","63","Oakland","LEA School","Elementary","City: Small","SocialStudies","Program Participation","Students without IEP","24.60","14","42.10","24","33.30","19","57"
"24 - 25 School Year","63","Oakland Schools","63150","Troy School District","05537","Wattles Elementary School","63","Oakland","LEA School","Elementary","City: Small","Math","Program Participation","Not Homeless","29.90","58","40.20","78","29.90","58","194"
"24 - 25 School Year","63","Oakland Schools","63150","Troy School District","05537","Wattles Elementary School","63","Oakland","LEA School","Elementary","City: Small","Math","Program Participation","Not English Learners","28.70","39","39.00","53","32.40","44","136"
"24 - 25 School Year","63","Oakland Schools","63150","Troy School District","05537","Wattles Elementary School","63","Oakland","LEA School","Elementary","City: Small","Math","Program Participation","Not Migrant","29.90","58","40.20","78","29.90","58","194"
"24 - 25 School Year","63","Oakland Schools","63150","Troy School District","05537","Wattles Elementary School","63","Oakland","LEA School","Elementary","City: Small","Science","Program Participation","Students without IEP","24.60","14","42.10","24","33.30","19","57"
"24 - 25 School Year","63","Oakland Schools","63150","Troy School District","05537","Wattles Elementary School","63","Oakland","LEA School","Elementary","City: Small","Math","Program Participation","Not Economically Disadvantaged","23.50","35","42.30","63","34.20","51","149"
"24 - 25 School Year","63","Oakland Schools","63150","Troy School District","05537","Wattles Elementary School","63","Oakland","LEA School","Elementary","City: Small","SocialStudies","Program Participation","Not Economically Disadvantaged","26.00","13","42.00","21","32.00","16","50"
"24 - 25 School Year","63","Oakland Schools","63150","Troy School District","05537","Wattles Elementary School","63","Oakland","LEA School","Elementary","City: Small","SocialStudies","Program Participation","Not Homeless","30.20","19","39.70","25","30.20","19","63"
"24 - 25 School Year","63","Oakland Schools","63150","Troy School District","05537","Wattles Elementary School","63","Oakland","LEA School","Elementary","City: Small","SocialStudies","Program Participation","Not English Learners","21.20","11","42.30","22","36.50","19","52"
"24 - 25 School Year","63","Oakland Schools","63150","Troy School District","05537","Wattles Elementary School","63","Oakland","LEA School","Elementary","City: Small","SocialStudies","Program Participation","Not Migrant","30.20","19","39.70","25","30.20","19","63"
"24 - 25 School Year","63","Oakland Schools","63150","Troy School District","05537","Wattles Elementary School","63","Oakland","LEA School","Elementary","City: Small","ELA","Program Participation","Not Economically Disadvantaged","25.90","38","40.80","60","33.30","49","147"
"24 - 25 School Year","63","Oakland Schools","63150","Troy School District","05537","Wattles Elementary School","63","Oakland","LEA School","Elementary","City: Small","ELA","Program Participation","Students without IEP","23.10","40","44.50","77","32.40","56","173"
"24 - 25 School Year","63","Oakland Schools","63150","Troy School District","05537","Wattles Elementary School","63","Oakland","LEA School","Elementary","City: Small","ELA","Race/Ethnicity","Two or More Races","45.50","< 10","27.30","< 10","27.30","< 10","11"
"24 - 25 School Year","63","Oakland Schools","63150","Troy School District","05537","Wattles Elementary School","63","Oakland","LEA School","Elementary","City: Small","Science","Race/Ethnicity","Two or More Races","< 10","< 10","< 10","< 10","< 10","< 10","< 10"
"24 - 25 School Year","63","Oakland Schools","63150","Troy School District","05537","Wattles Elementary School","63","Oakland","LEA School","Elementary","City: Small","Math","Race/Ethnicity","Two or More Races","36.40","< 10","54.50","< 10","9.10","< 10","11"
"24 - 25 School Year","63","Oakland Schools","63150","Troy School District","05537","Wattles Elementary School","63","Oakland","LEA School","Elementary","City: Small","SocialStudies","Race/Ethnicity","Two or More Races","< 10","< 10","< 10","< 10","< 10","< 10","< 10"
"24 - 25 School Year","63","Oakland Schools","63150","Troy School District","05537","Wattles Elementary School","63","Oakland","LEA School","Elementary","City: Small","ELA","Race/Ethnicity","White, not of Hispanic origin","31.00","22","40.80","29","28.20","20","71"
"24 - 25 School Year","63","Oakland Schools","63150","Troy School District","05537","Wattles Elementary School","63","Oakland","LEA School","Elementary","City: Small","Science","Race/Ethnicity","White, not of Hispanic origin","42.30","11","34.60","< 10","23.10","< 10","26"
"24 - 25 School Year","63","Oakland Schools","63150","Troy School District","05537","Wattles Elementary School","63","Oakland","LEA School","Elementary","City: Small","Math","Race/Ethnicity","White, not of Hispanic origin","32.40","23","46.50","33","21.10","15","71"
"24 - 25 School Year","63","Oakland Schools","63150","Troy School District","05537","Wattles Elementary School","63","Oakland","LEA School","Elementary","City: Small","SocialStudies","Race/Ethnicity","White, not of Hispanic origin","46.20","12","34.60","< 10","19.20","< 10","26"
"24 - 25 School Year","63","Oakland Schools","63150","Troy School District","05537","Wattles Elementary School","63","Oakland","LEA School","Elementary","City: Small","Math","Program Participation","Students with Disabilities","88.90","16","11.10","< 10","< 5","< 10","18"
"24 - 25 School Year","63","Oakland Schools","63150","Troy School District","05537","Wattles Elementary School","63","Oakland","LEA School","Elementary","City: Small","ELA","Program Participation","English Learners","45.50","25","36.40","20","18.20","10","55"
"24 - 25 School Year","63","Oakland Schools","63150","Troy School District","05537","Wattles Elementary School","63","Oakland","LEA School","Elementary","City: Small","SocialStudies","Program Participation","Students with Disabilities","< 10","< 10","< 10","< 10","< 10","< 10","< 10"
"24 - 25 School Year","63","Oakland Schools","63150","Troy School District","05537","Wattles Elementary School","63","Oakland","LEA School","Elementary","City: Small","Science","Program Participation","Economically Disadvantaged","46.20","< 10","46.20","< 10","7.70","< 10","13"
"24 - 25 School Year","63","Oakland Schools","63150","Troy School District","05537","Wattles Elementary School","63","Oakland","LEA School","Elementary","City: Small","Science","Program Participation","English Learners","63.60","< 10","36.40","< 10","< 5","< 10","11"
"24 - 25 School Year","63","Oakland Schools","63150","Troy School District","05537","Wattles Elementary School","63","Oakland","LEA School","Elementary","City: Small","Math","Program Participation","Economically Disadvantaged","51.10","23","33.30","15","15.60","< 10","45"
"24 - 25 School Year","63","Oakland Schools","63150","Troy School District","05537","Wattles Elementary School","63","Oakland","LEA School","Elementary","City: Small","Science","Program Participation","Students with Disabilities","< 10","< 10","< 10","< 10","< 10","< 10","< 10"
"24 - 25 School Year","63","Oakland Schools","63150","Troy School District","05537","Wattles Elementary School","63","Oakland","LEA School","Elementary","City: Small","Math","Program Participation","English Learners","32.80","19","43.10","25","24.10","14","58"
"24 - 25 School Year","63","Oakland Schools","63150","Troy School District","05537","Wattles Elementary School","63","Oakland","LEA School","Elementary","City: Small","SocialStudies","Program Participation","Economically Disadvantaged","46.20","< 10","30.80","< 10","23.10","< 10","13"
"24 - 25 School Year","63","Oakland Schools","63150","Troy School District","05537","Wattles Elementary School","63","Oakland","LEA School","Elementary","City: Small","SocialStudies","Program Participation","English Learners","72.70","< 10","27.30","< 10","< 5","< 10","11"
"24 - 25 School Year","63","Oakland Schools","63150","Troy School District","05537","Wattles Elementary School","63","Oakland","LEA School","Elementary","City: Small","ELA","Program Participation","Economically Disadvantaged","43.20","19","38.60","17","18.20","< 10","44"
"24 - 25 School Year","63","Oakland Schools","63150","Troy School District","05537","Wattles Elementary School","63","Oakland","LEA School","Elementary","City: Small","ELA","Program Participation","Students with Disabilities","94.40","17","< 5","< 10","5.60","< 10","18"
"24 - 25 School Year","63","Oakland Schools","63150","Troy School District","06124","Schroeder Elementary School","63","Oakland","LEA School","Elementary","City: Small","ELA","Race/Ethnicity","Asian","26.70","24","34.40","31","38.90","35","90"
"24 - 25 School Year","63","Oakland Schools","63150","Troy School District","06124","Schroeder Elementary School","63","Oakland","LEA School","Elementary","City: Small","Science","Race/Ethnicity","Asian","24.10","< 10","34.50","10","41.40","12","29"
"24 - 25 School Year","63","Oakland Schools","63150","Troy School District","06124","Schroeder Elementary School","63","Oakland","LEA School","Elementary","City: Small","Math","Race/Ethnicity","Asian","19.60","18","31.50","29","48.90","45","92"
"24 - 25 School Year","63","Oakland Schools","63150","Troy School District","06124","Schroeder Elementary School","63","Oakland","LEA School","Elementary","City: Small","SocialStudies","Race/Ethnicity","Asian","20.70","< 10","41.40","12","37.90","11","29"
"24 - 25 School Year","63","Oakland Schools","63150","Troy School District","06124","Schroeder Elementary School","63","Oakland","LEA School","Elementary","City: Small","Science","Race/Ethnicity","Black, not of Hispanic origin","< 10","< 10","< 10","< 10","< 10","< 10","< 10"
"24 - 25 School Year","63","Oakland Schools","63150","Troy School District","06124","Schroeder Elementary School","63","Oakland","LEA School","Elementary","City: Small","ELA","Race/Ethnicity","Black, not of Hispanic origin","< 10","< 10","< 10","< 10","< 10","< 10","< 10"
"24 - 25 School Year","63","Oakland Schools","63150","Troy School District","06124","Schroeder Elementary School","63","Oakland","LEA School","Elementary","City: Small","Math","Race/Ethnicity","Black, not of Hispanic origin","< 10","< 10","< 10","< 10","< 10","< 10","< 10"
"24 - 25 School Year","63","Oakland Schools","63150","Troy School District","06124","Schroeder Elementary School","63","Oakland","LEA School","Elementary","City: Small","SocialStudies","Race/Ethnicity","Black, not of Hispanic origin","< 10","< 10","< 10","< 10","< 10","< 10","< 10"
"24 - 25 School Year","63","Oakland Schools","63150","Troy School District","06124","Schroeder Elementary School","63","Oakland","LEA School","Elementary","City: Small","Science","Gender","Female","31.40","11","42.90","15","25.70","< 10","35"
"24 - 25 School Year","63","Oakland Schools","63150","Troy School District","06124","Schroeder Elementary School","63","Oakland","LEA School","Elementary","City: Small","ELA","Gender","Female","25.30","25","46.50","46","28.30","28","99"
"24 - 25 School Year","63","Oakland Schools","63150","Troy School District","06124","Schroeder Elementary School","63","Oakland","LEA School","Elementary","City: Small","Math","Gender","Female","31.70","32","47.50","48","20.80","21","101"
"24 - 25 School Year","63","Oakland Schools","63150","Troy School District","06124","Schroeder Elementary School","63","Oakland","LEA School","Elementary","City: Small","SocialStudies","Gender","Female","32.40","11","38.20","13","29.40","10","34"
"24 - 25 School Year","63","Oakland Schools","63150","Troy School District","06124","Schroeder Elementary School","63","Oakland","LEA School","Elementary","City: Small","Science","Race/Ethnicity","Hispanic","< 10","< 10","< 10","< 10","< 10","< 10","< 10"
"24 - 25 School Year","63","Oakland Schools","63150","Troy School District","06124","Schroeder Elementary School","63","Oakland","LEA School","Elementary","City: Small","ELA","Race/Ethnicity","Hispanic","46.20","< 10","38.50","< 10","15.40","< 10","13"
"24 - 25 School Year","63","Oakland Schools","63150","Troy School District","06124","Schroeder Elementary School","63","Oakland","LEA School","Elementary","City: Small","Math","Race/Ethnicity","Hispanic","23.10","< 10","69.20","< 10","7.70","< 10","13"
"24 - 25 School Year","63","Oakland Schools","63150","Troy School District","06124","Schroeder Elementary School","63","Oakland","LEA School","Elementary","City: Small","SocialStudies","Race/Ethnicity","Hispanic","< 10","< 10","< 10","< 10","< 10","< 10","< 10"
"24 - 25 School Year","63","Oakland Schools","63150","Troy School District","06124","Schroeder Elementary School","63","Oakland","LEA School","Elementary","City: Small","Science","Gender","Male","28.20","11","38.50","15","33.30","13","39"
"24 - 25 School Year","63","Oakland Schools","63150","Troy School District","06124","Schroeder Elementary School","63","Oakland","LEA School","Elementary","City: Small","ELA","Gender","Male","34.20","38","34.20","38","31.50","35","111"
"24 - 25 School Year","63","Oakland Schools","63150","Troy School District","06124","Schroeder Elementary School","63","Oakland","LEA School","Elementary","City: Small","Math","Gender","Male","28.80","32","32.40","36","38.70","43","111"
"24 - 25 School Year","63","Oakland Schools","63150","Troy School District","06124","Schroeder Elementary School","63","Oakland","LEA School","Elementary","City: Small","SocialStudies","Gender","Male","28.90","11","39.50","15","31.60","12","38"
"24 - 25 School Year","63","Oakland Schools","63150","Troy School District","06124","Schroeder Elementary School","63","Oakland","LEA School","Elementary","City: Small","Science","Program Participation","Not Economically Disadvantaged","23.10","15","43.10","28","33.80","22","65"
"24 - 25 School Year","63","Oakland Schools","63150","Troy School District","06124","Schroeder Elementary School","63","Oakland","LEA School","Elementary","City: Small","ELA","Program Participation","Not Economically Disadvantaged","28.00","54","39.90","77","32.10","62","193"
"24 - 25 School Year","63","Oakland Schools","63150","Troy School District","06124","Schroeder Elementary School","63","Oakland","LEA School","Elementary","City: Small","ELA","Program Participation","Students without IEP","25.30","48","43.20","82","31.60","60","190"
"24 - 25 School Year","63","Oakland Schools","63150","Troy School District","06124","Schroeder Elementary School","63","Oakland","LEA School","Elementary","City: Small","Math","Program Participation","Not Economically Disadvantaged","28.20","55","39.50","77","32.30","63","195"
"24 - 25 School Year","63","Oakland Schools","63150","Troy School District","06124","Schroeder Elementary School","63","Oakland","LEA School","Elementary","City: Small","Science","Program Participation","Not Homeless","29.70","22","40.50","30","29.70","22","74"
"24 - 25 School Year","63","Oakland Schools","63150","Troy School District","06124","Schroeder Elementary School","63","Oakland","LEA School","Elementary","City: Small","Math","Program Participation","Students without IEP","26.00","50","42.20","81","31.80","61","192"
"24 - 25 School Year","63","Oakland Schools","63150","Troy School District","06124","Schroeder Elementary School","63","Oakland","LEA School","Elementary","City: Small","ELA","Program Participation","Not English Learners","25.10","43","40.40","69","34.50","59","171"
"24 - 25 School Year","63","Oakland Schools","63150","Troy School District","06124","Schroeder Elementary School","63","Oakland","LEA School","Elementary","City: Small","ELA","Program Participation","Not Migrant","30.00","63","40.00","84","30.00","63","210"
"24 - 25 School Year","63","Oakland Schools","63150","Troy School District","06124","Schroeder Elementary School","63","Oakland","LEA School","Elementary","City: Small","ELA","Program Participation","Not Homeless","30.00","63","40.00","84","30.00","63","210"
"24 - 25 School Year","63","Oakland Schools","63150","Troy School District","06124","Schroeder Elementary School","63","Oakland","LEA School","Elementary","City: Small","Math","Program Participation","Not Homeless","30.20","64","39.60","84","30.20","64","212"
"24 - 25 School Year","63","Oakland Schools","63150","Troy School District","06124","Schroeder Elementary School","63","Oakland","LEA School","Elementary","City: Small","Math","Program Participation","Not English Learners","29.80","51","39.20","67","31.00","53","171"
"24 - 25 School Year","63","Oakland Schools","63150","Troy School District","06124","Schroeder Elementary School","63","Oakland","LEA School","Elementary","City: Small","Math","Program Participation","Not Migrant","30.20","64","39.60","84","30.20","64","212"
"24 - 25 School Year","63","Oakland Schools","63150","Troy School District","06124","Schroeder Elementary School","63","Oakland","LEA School","Elementary","City: Small","Science","Program Participation","Students without IEP","23.40","15","42.20","27","34.40","22","64"
"24 - 25 School Year","63","Oakland Schools","63150","Troy School District","06124","Schroeder Elementary School","63","Oakland","LEA School","Elementary","City: Small","SocialStudies","Program Participation","Not Economically Disadvantaged","22.20","14","42.90","27","34.90","22","63"
"24 - 25 School Year","63","Oakland Schools","63150","Troy School District","06124","Schroeder Elementary School","63","Oakland","LEA School","Elementary","City: Small","SocialStudies","Program Participation","Students without IEP","21.90","14","43.80","28","34.40","22","64"
"24 - 25 School Year","63","Oakland Schools","63150","Troy School District","06124","Schroeder Elementary School","63","Oakland","LEA School","Elementary","City: Small","Science","Program Participation","Not English Learners","27.00","17","39.70","25","33.30","21","63"
"24 - 25 School Year","63","Oakland Schools","63150","Troy School District","06124","Schroeder Elementary School","63","Oakland","LEA School","Elementary","City: Small","Science","Program Participation","Not Migrant","29.70","22","40.50","30","29.70","22","74"
"24 - 25 School Year","63","Oakland Schools","63150","Troy School District","06124","Schroeder Elementary School","63","Oakland","LEA School","Elementary","City: Small","SocialStudies","Program Participation","Not Homeless","30.60","22","38.90","28","30.60","22","72"
"24 - 25 School Year","63","Oakland Schools","63150","Troy School District","06124","Schroeder Elementary School","63","Oakland","LEA School","Elementary","City: Small","SocialStudies","Program Participation","Not English Learners","29.50","18","36.10","22","34.40","21","61"
"24 - 25 School Year","63","Oakland Schools","63150","Troy School District","06124","Schroeder Elementary School","63","Oakland","LEA School","Elementary","City: Small","SocialStudies","Program Participation","Not Migrant","30.60","22","38.90","28","30.60","22","72"
"24 - 25 School Year","63","Oakland Schools","63150","Troy School District","06124","Schroeder Elementary School","63","Oakland","LEA School","Elementary","City: Small","ELA","Race/Ethnicity","Two or More Races","30.80","< 10","38.50","< 10","30.80","< 10","13"
"24 - 25 School Year","63","Oakland Schools","63150","Troy School District","06124","Schroeder Elementary School","63","Oakland","LEA School","Elementary","City: Small","Math","Race/Ethnicity","Two or More Races","46.20","< 10","46.20","< 10","7.70","< 10","13"
"24 - 25 School Year","63","Oakland Schools","63150","Troy School District","06124","Schroeder Elementary School","63","Oakland","LEA School","Elementary","City: Small","Science","Race/Ethnicity","Two or More Races","< 10","< 10","< 10","< 10","< 10","< 10","< 10"
"24 - 25 School Year","63","Oakland Schools","63150","Troy School District","06124","Schroeder Elementary School","63","Oakland","LEA School","Elementary","City: Small","SocialStudies","Race/Ethnicity","Two or More Races","< 10","< 10","< 10","< 10","< 10","< 10","< 10"
"24 - 25 School Year","63","Oakland Schools","63150","Troy School District","06124","Schroeder Elementary School","63","Oakland","LEA School","Elementary","City: Small","ELA","Race/Ethnicity","White, not of Hispanic origin","30.20","26","44.20","38","25.60","22","86"
"24 - 25 School Year","63","Oakland Schools","63150","Troy School District","06124","Schroeder Elementary School","63","Oakland","LEA School","Elementary","City: Small","Math","Race/Ethnicity","White, not of Hispanic origin","34.90","30","45.30","39","19.80","17","86"
"24 - 25 School Year","63","Oakland Schools","63150","Troy School District","06124","Schroeder Elementary School","63","Oakland","LEA School","Elementary","City: Small","Science","Race/Ethnicity","White, not of Hispanic origin","31.30","10","46.90","15","21.90","< 10","32"
"24 - 25 School Year","63","Oakland Schools","63150","Troy School District","06124","Schroeder Elementary School","63","Oakland","LEA School","Elementary","City: Small","SocialStudies","Race/Ethnicity","White, not of Hispanic origin","36.70","11","40.00","12","23.30","< 10","30"
"24 - 25 School Year","63","Oakland Schools","63150","Troy School District","06124","Schroeder Elementary School","63","Oakland","LEA School","Elementary","City: Small","Science","Program Participation","Economically Disadvantaged","< 10","< 10","< 10","< 10","< 10","< 10","< 10"
"24 - 25 School Year","63","Oakland Schools","63150","Troy School District","06124","Schroeder Elementary School","63","Oakland","LEA School","Elementary","City: Small","ELA","Program Participation","Economically Disadvantaged","52.90","< 10","41.20","< 10","5.90","< 10","17"
"24 - 25 School Year","63","Oakland Schools","63150","Troy School District","06124","Schroeder Elementary School","63","Oakland","LEA School","Elementary","City: Small","Math","Program Participation","Economically Disadvantaged","52.90","< 10","41.20","< 10","5.90","< 10","17"
"24 - 25 School Year","63","Oakland Schools","63150","Troy School District","06124","Schroeder Elementary School","63","Oakland","LEA School","Elementary","City: Small","Science","Program Participation","English Learners","45.50","< 10","45.50","< 10","9.10","< 10","11"
"24 - 25 School Year","63","Oakland Schools","63150","Troy School District","06124","Schroeder Elementary School","63","Oakland","LEA School","Elementary","City: Small","ELA","Program Participation","English Learners","51.30","20","38.50","15","10.30","< 10","39"
"24 - 25 School Year","63","Oakland Schools","63150","Troy School District","06124","Schroeder Elementary School","63","Oakland","LEA School","Elementary","City: Small","Math","Program Participation","Students with Disabilities","70.00","14","15.00","< 10","15.00","< 10","20"
"24 - 25 School Year","63","Oakland Schools","63150","Troy School District","06124","Schroeder Elementary School","63","Oakland","LEA School","Elementary","City: Small","ELA","Program Participation","Students with Disabilities","75.00","15","10.00","< 10","15.00","< 10","20"
"24 - 25 School Year","63","Oakland Schools","63150","Troy School District","06124","Schroeder Elementary School","63","Oakland","LEA School","Elementary","City: Small","Science","Program Participation","Students with Disabilities","70.00","< 10","30.00","< 10","< 5","< 10","10"
"24 - 25 School Year","63","Oakland Schools","63150","Troy School District","06124","Schroeder Elementary School","63","Oakland","LEA School","Elementary","City: Small","Math","Program Participation","English Learners","31.70","13","41.50","17","26.80","11","41"
"24 - 25 School Year","63","Oakland Schools","63150","Troy School District","06124","Schroeder Elementary School","63","Oakland","LEA School","Elementary","City: Small","SocialStudies","Program Participation","Economically Disadvantaged","< 10","< 10","< 10","< 10","< 10","< 10","< 10"
"24 - 25 School Year","63","Oakland Schools","63150","Troy School District","06124","Schroeder Elementary School","63","Oakland","LEA School","Elementary","City: Small","SocialStudies","Program Participation","Students with Disabilities","< 10","< 10","< 10","< 10","< 10","< 10","< 10"
"24 - 25 School Year","63","Oakland Schools","63150","Troy School District","06124","Schroeder Elementary School","63","Oakland","LEA School","Elementary","City: Small","SocialStudies","Program Participation","English Learners","36.40","< 10","54.50","< 10","9.10","< 10","11"
"24 - 25 School Year","63","Oakland Schools","63150","Troy School District","06124","Schroeder Elementary School","63","Oakland","LEA School","Elementary","City: Small","SocialStudies","Grade","05","30.60","22","38.90","28","30.60","22","72"
"24 - 25 School Year","63","Oakland Schools","63150","Troy School District","06124","Schroeder Elementary School","63","Oakland","LEA School","Elementary","City: Small","Math","Grade","05","27.00","20","44.60","33","28.40","21","74"
"24 - 25 School Year","63","Oakland Schools","63150","Troy School District","06124","Schroeder Elementary School","63","Oakland","LEA School","Elementary","City: Small","ELA","Grade","05","31.50","23","32.90","24","35.60","26","73"
"24 - 25 School Year","63","Oakland Schools","63150","Troy School District","06124","Schroeder Elementary School","63","Oakland","LEA School","Elementary","City: Small","Science","Grade","05","29.70","22","40.50","30","29.70","22","74"
"24 - 25 School Year","63","Oakland Schools","63150","Troy School District","06124","Schroeder Elementary School","63","Oakland","LEA School","Elementary","City: Small","Math","Grade","04","40.30","29","30.60","22","29.20","21","72"
"24 - 25 School Year","63","Oakland Schools","63150","Troy School District","06124","Schroeder Elementary School","63","Oakland","LEA School","Elementary","City: Small","ELA","Grade","04","33.80","24","39.40","28","26.80","19","71"
"24 - 25 School Year","63","Oakland Schools","63150","Troy School District","06124","Schroeder Elementary School","63","Oakland","LEA School","Elementary","City: Small","Math","Grade","03","22.70","15","43.90","29","33.30","22","66"
"24 - 25 School Year","63","Oakland Schools","63150","Troy School District","06124","Schroeder Elementary School","63","Oakland","LEA School","Elementary","City: Small","ELA","Grade","03","24.20","16","48.50","32","27.30","18","66"
"24 - 25 School Year","63","Oakland Schools","63150","Troy School District","06364","Costello Elementary School","63","Oakland","LEA School","Elementary","City: Small","Math","Grade","03","24.60","16","41.50","27","33.80","22","65"
"24 - 25 School Year","63","Oakland Schools","63150","Troy School District","06364","Costello Elementary School","63","Oakland","LEA School","Elementary","City: Small","ELA","Grade","03","25.00","16","39.10","25","35.90","23","64"
"24 - 25 School Year","63","Oakland Schools","63150","Troy School District","06364","Costello Elementary School","63","Oakland","LEA School","Elementary","City: Small","Math","Grade","04","34.20","25","35.60","26","30.10","22","73"
"24 - 25 School Year","63","Oakland Schools","63150","Troy School District","06364","Costello Elementary School","63","Oakland","LEA School","Elementary","City: Small","ELA","Grade","04","30.10","22","38.40","28","31.50","23","73"
"24 - 25 School Year","63","Oakland Schools","63150","Troy School District","06364","Costello Elementary School","63","Oakland","LEA School","Elementary","City: Small","Math","Race/Ethnicity","American Indian or Alaska Native","< 10","< 10","< 10","< 10","< 10","< 10","< 10"
"24 - 25 School Year","63","Oakland Schools","63150","Troy School District","06364","Costello Elementary School","63","Oakland","LEA School","Elementary","City: Small","ELA","Race/Ethnicity","American Indian or Alaska Native","< 10","< 10","< 10","< 10","< 10","< 10","< 10"
"24 - 25 School Year","63","Oakland Schools","63150","Troy School District","06364","Costello Elementary School","63","Oakland","LEA School","Elementary","City: Small","SocialStudies","Race/Ethnicity","Asian","40.00","< 10","40.00","< 10","20.00","< 10","15"
"24 - 25 School Year","63","Oakland Schools","63150","Troy School District","06364","Costello Elementary School","63","Oakland","LEA School","Elementary","City: Small","Math","Race/Ethnicity","Asian","25.00","15","31.70","19","43.30","26","60"
"24 - 25 School Year","63","Oakland Schools","63150","Troy School District","06364","Costello Elementary School","63","Oakland","LEA School","Elementary","City: Small","ELA","Race/Ethnicity","Asian","30.50","18","28.80","17","40.70","24","59"
"24 - 25 School Year","63","Oakland Schools","63150","Troy School District","06364","Costello Elementary School","63","Oakland","LEA School","Elementary","City: Small","Science","Race/Ethnicity","Asian","26.70","< 10","53.30","< 10","20.00","< 10","15"
"24 - 25 School Year","63","Oakland Schools","63150","Troy School District","06364","Costello Elementary School","63","Oakland","LEA School","Elementary","City: Small","Math","Race/Ethnicity","Black, not of Hispanic origin","< 10","< 10","< 10","< 10","< 10","< 10","< 10"
"24 - 25 School Year","63","Oakland Schools","63150","Troy School District","06364","Costello Elementary School","63","Oakland","LEA School","Elementary","City: Small","ELA","Race/Ethnicity","Black, not of Hispanic origin","< 10","< 10","< 10","< 10","< 10","< 10","< 10"
"24 - 25 School Year","63","Oakland Schools","63150","Troy School District","06364","Costello Elementary School","63","Oakland","LEA School","Elementary","City: Small","SocialStudies","Gender","Female","27.50","11","45.00","18","27.50","11","40"
"24 - 25 School Year","63","Oakland Schools","63150","Troy School District","06364","Costello Elementary School","63","Oakland","LEA School","Elementary","City: Small","ELA","Gender","Female","25.50","28","44.50","49","30.00","33","110"
"24 - 25 School Year","63","Oakland Schools","63150","Troy School District","06364","Costello Elementary School","63","Oakland","LEA School","Elementary","City: Small","Math","Gender","Female","30.00","33","43.60","48","26.40","29","110"
"24 - 25 School Year","63","Oakland Schools","63150","Troy School District","06364","Costello Elementary School","63","Oakland","LEA School","Elementary","City: Small","Science","Gender","Female","22.50","< 10","55.00","22","22.50","< 10","40"
"24 - 25 School Year","63","Oakland Schools","63150","Troy School District","06364","Costello Elementary School","63","Oakland","LEA School","Elementary","City: Small","SocialStudies","Race/Ethnicity","Hispanic","< 10","< 10","< 10","< 10","< 10","< 10","< 10"
"24 - 25 School Year","63","Oakland Schools","63150","Troy School District","06364","Costello Elementary School","63","Oakland","LEA School","Elementary","City: Small","Math","Race/Ethnicity","Hispanic","30.80","< 10","30.80","< 10","38.50","< 10","13"
"24 - 25 School Year","63","Oakland Schools","63150","Troy School District","06364","Costello Elementary School","63","Oakland","LEA School","Elementary","City: Small","ELA","Race/Ethnicity","Hispanic","8.30","< 10","50.00","< 10","41.70","< 10","12"
"24 - 25 School Year","63","Oakland Schools","63150","Troy School District","06364","Costello Elementary School","63","Oakland","LEA School","Elementary","City: Small","Science","Race/Ethnicity","Hispanic","< 10","< 10","< 10","< 10","< 10","< 10","< 10"
"24 - 25 School Year","63","Oakland Schools","63150","Troy School District","06364","Costello Elementary School","63","Oakland","LEA School","Elementary","City: Small","SocialStudies","Gender","Male","34.30","12","31.40","11","34.30","12","35"
"24 - 25 School Year","63","Oakland Schools","63150","Troy School District","06364","Costello Elementary School","63","Oakland","LEA School","Elementary","City: Small","ELA","Gender","Male","34.70","35","35.60","36","29.70","30","101"
"24 - 25 School Year","63","Oakland Schools","63150","Troy School District","06364","Costello Elementary School","63","Oakland","LEA School","Elementary","City: Small","Math","Gender","Male","30.10","31","35.90","37","34.00","35","103"
"24 - 25 School Year","63","Oakland Schools","63150","Troy School District","06364","Costello Elementary School","63","Oakland","LEA School","Elementary","City: Small","Science","Gender","Male","40.00","14","20.00","< 10","40.00","14","35"
"24 - 25 School Year","63","Oakland Schools","63150","Troy School District","06364","Costello Elementary School","63","Oakland","LEA School","Elementary","City: Small","Science","Program Participation","Not English Learners","25.00","15","38.30","23","36.70","22","60"
"24 - 25 School Year","63","Oakland Schools","63150","Troy School District","06364","Costello Elementary School","63","Oakland","LEA School","Elementary","City: Small","Science","Program Participation","Not Migrant","30.70","23","38.70","29","30.70","23","75"
"24 - 25 School Year","63","Oakland Schools","63150","Troy School District","06364","Costello Elementary School","63","Oakland","LEA School","Elementary","City: Small","SocialStudies","Program Participation","Students without IEP","26.90","18","40.30","27","32.80","22","67"
"24 - 25 School Year","63","Oakland Schools","63150","Troy School District","06364","Costello Elementary School","63","Oakland","LEA School","Elementary","City: Small","SocialStudies","Program Participation","Not English Learners","21.70","13","41.70","25","36.70","22","60"
"24 - 25 School Year","63","Oakland Schools","63150","Troy School District","06364","Costello Elementary School","63","Oakland","LEA School","Elementary","City: Small","SocialStudies","Program Participation","Not Migrant","30.70","23","38.70","29","30.70","23","75"
"24 - 25 School Year","63","Oakland Schools","63150","Troy School District","06364","Costello Elementary School","63","Oakland","LEA School","Elementary","City: Small","SocialStudies","Program Participation","Not Economically Disadvantaged","30.00","21","37.10","26","32.90","23","70"
"24 - 25 School Year","63","Oakland Schools","63150","Troy School District","06364","Costello Elementary School","63","Oakland","LEA School","Elementary","City: Small","SocialStudies","Program Participation","Not Homeless","30.70","23","38.70","29","30.70","23","75"
"24 - 25 School Year","63","Oakland Schools","63150","Troy School District","06364","Costello Elementary School","63","Oakland","LEA School","Elementary","City: Small","ELA","Program Participation","Not Homeless","29.90","63","40.30","85","29.90","63","211"
"24 - 25 School Year","63","Oakland Schools","63150","Troy School District","06364","Costello Elementary School","63","Oakland","LEA School","Elementary","City: Small","ELA","Program Participation","Not English Learners","21.40","36","41.70","70","36.90","62","168"
"24 - 25 School Year","63","Oakland Schools","63150","Troy School District","06364","Costello Elementary School","63","Oakland","LEA School","Elementary","City: Small","ELA","Program Participation","Not Migrant","29.90","63","40.30","85","29.90","63","211"
"24 - 25 School Year","63","Oakland Schools","63150","Troy School District","06364","Costello Elementary School","63","Oakland","LEA School","Elementary","City: Small","Math","Program Participation","Students without IEP","25.70","49","40.80","78","33.50","64","191"
"24 - 25 School Year","63","Oakland Schools","63150","Troy School District","06364","Costello Elementary School","63","Oakland","LEA School","Elementary","City: Small","Math","Program Participation","Not Economically Disadvantaged","27.10","52","39.60","76","33.30","64","192"
"24 - 25 School Year","63","Oakland Schools","63150","Troy School District","06364","Costello Elementary School","63","Oakland","LEA School","Elementary","City: Small","Math","Program Participation","Not Homeless","30.00","64","39.90","85","30.00","64","213"
"24 - 25 School Year","63","Oakland Schools","63150","Troy School District","06364","Costello Elementary School","63","Oakland","LEA School","Elementary","City: Small","Math","Program Participation","Not English Learners","24.40","41","42.90","72","32.70","55","168"
"24 - 25 School Year","63","Oakland Schools","63150","Troy School District","06364","Costello Elementary School","63","Oakland","LEA School","Elementary","City: Small","Math","Program Participation","Not Migrant","30.00","64","39.90","85","30.00","64","213"
"24 - 25 School Year","63","Oakland Schools","63150","Troy School District","06364","Costello Elementary School","63","Oakland","LEA School","Elementary","City: Small","ELA","Program Participation","Not Economically Disadvantaged","26.80","51","40.00","76","33.20","63","190"
"24 - 25 School Year","63","Oakland Schools","63150","Troy School District","06364","Costello Elementary School","63","Oakland","LEA School","Elementary","City: Small","Science","Program Participation","Students without IEP","28.40","19","38.80","26","32.80","22","67"
"24 - 25 School Year","63","Oakland Schools","63150","Troy School District","06364","Costello Elementary School","63","Oakland","LEA School","Elementary","City: Small","Science","Program Participation","Not Economically Disadvantaged","30.00","21","37.10","26","32.90","23","70"
"24 - 25 School Year","63","Oakland Schools","63150","Troy School District","06364","Costello Elementary School","63","Oakland","LEA School","Elementary","City: Small","Science","Program Participation","Not Homeless","30.70","23","38.70","29","30.70","23","75"
"24 - 25 School Year","63","Oakland Schools","63150","Troy School District","06364","Costello Elementary School","63","Oakland","LEA School","Elementary","City: Small","ELA","Program Participation","Students without IEP","24.30","46","42.90","81","32.80","62","189"
"24 - 25 School Year","63","Oakland Schools","63150","Troy School District","06364","Costello Elementary School","63","Oakland","LEA School","Elementary","City: Small","SocialStudies","Race/Ethnicity","Two or More Races","< 10","< 10","< 10","< 10","< 10","< 10","< 10"
"24 - 25 School Year","63","Oakland Schools","63150","Troy School District","06364","Costello Elementary School","63","Oakland","LEA School","Elementary","City: Small","Math","Race/Ethnicity","Two or More Races","33.30","< 10","25.00","< 10","41.70","< 10","12"
"24 - 25 School Year","63","Oakland Schools","63150","Troy School District","06364","Costello Elementary School","63","Oakland","LEA School","Elementary","City: Small","ELA","Race/Ethnicity","Two or More Races","25.00","< 10","41.70","< 10","33.30","< 10","12"
"24 - 25 School Year","63","Oakland Schools","63150","Troy School District","06364","Costello Elementary School","63","Oakland","LEA School","Elementary","City: Small","Science","Race/Ethnicity","Two or More Races","< 10","< 10","< 10","< 10","< 10","< 10","< 10"
"24 - 25 School Year","63","Oakland Schools","63150","Troy School District","06364","Costello Elementary School","63","Oakland","LEA School","Elementary","City: Small","SocialStudies","Race/Ethnicity","White, not of Hispanic origin","27.10","13","43.80","21","29.20","14","48"
"24 - 25 School Year","63","Oakland Schools","63150","Troy School District","06364","Costello Elementary School","63","Oakland","LEA School","Elementary","City: Small","Math","Race/Ethnicity","White, not of Hispanic origin","32.50","41","45.20","57","22.20","28","126"
"24 - 25 School Year","63","Oakland Schools","63150","Troy School District","06364","Costello Elementary School","63","Oakland","LEA School","Elementary","City: Small","ELA","Race/Ethnicity","White, not of Hispanic origin","32.50","41","44.40","56","23.00","29","126"
"24 - 25 School Year","63","Oakland Schools","63150","Troy School District","06364","Costello Elementary School","63","Oakland","LEA School","Elementary","City: Small","Science","Race/Ethnicity","White, not of Hispanic origin","31.30","15","39.60","19","29.20","14","48"
"24 - 25 School Year","63","Oakland Schools","63150","Troy School District","06364","Costello Elementary School","63","Oakland","LEA School","Elementary","City: Small","SocialStudies","Program Participation","Students with Disabilities","< 10","< 10","< 10","< 10","< 10","< 10","< 10"
"24 - 25 School Year","63","Oakland Schools","63150","Troy School District","06364","Costello Elementary School","63","Oakland","LEA School","Elementary","City: Small","SocialStudies","Program Participation","English Learners","66.70","10","26.70","< 10","6.70","< 10","15"
"24 - 25 School Year","63","Oakland Schools","63150","Troy School District","06364","Costello Elementary School","63","Oakland","LEA School","Elementary","City: Small","SocialStudies","Program Participation","Economically Disadvantaged","< 10","< 10","< 10","< 10","< 10","< 10","< 10"
"24 - 25 School Year","63","Oakland Schools","63150","Troy School District","06364","Costello Elementary School","63","Oakland","LEA School","Elementary","City: Small","Math","Program Participation","Economically Disadvantaged","57.10","12","42.90","< 10","< 5","< 10","21"
"24 - 25 School Year","63","Oakland Schools","63150","Troy School District","06364","Costello Elementary School","63","Oakland","LEA School","Elementary","City: Small","Math","Program Participation","English Learners","51.10","23","28.90","13","20.00","< 10","45"
"24 - 25 School Year","63","Oakland Schools","63150","Troy School District","06364","Costello Elementary School","63","Oakland","LEA School","Elementary","City: Small","Math","Program Participation","Students with Disabilities","68.20","15","31.80","< 10","< 5","< 10","22"
"24 - 25 School Year","63","Oakland Schools","63150","Troy School District","06364","Costello Elementary School","63","Oakland","LEA School","Elementary","City: Small","ELA","Program Participation","English Learners","62.80","27","34.90","15","< 5","< 10","43"
"24 - 25 School Year","63","Oakland Schools","63150","Troy School District","06364","Costello Elementary School","63","Oakland","LEA School","Elementary","City: Small","ELA","Program Participation","Economically Disadvantaged","57.10","12","42.90","< 10","< 5","< 10","21"
"24 - 25 School Year","63","Oakland Schools","63150","Troy School District","06364","Costello Elementary School","63","Oakland","LEA School","Elementary","City: Small","Science","Program Participation","Economically Disadvantaged","< 10","< 10","< 10","< 10","< 10","< 10","< 10"
"24 - 25 School Year","63","Oakland Schools","63150","Troy School District","06364","Costello Elementary School","63","Oakland","LEA School","Elementary","City: Small","Science","Program Participation","English Learners","53.30","< 10","40.00","< 10","6.70","< 10","15"
"24 - 25 School Year","63","Oakland Schools","63150","Troy School District","06364","Costello Elementary School","63","Oakland","LEA School","Elementary","City: Small","Science","Program Participation","Students with Disabilities","< 10","< 10","< 10","< 10","< 10","< 10","< 10"
"24 - 25 School Year","63","Oakland Schools","63150","Troy School District","06364","Costello Elementary School","63","Oakland","LEA School","Elementary","City: Small","ELA","Program Participation","Students with Disabilities","77.30","17","18.20","< 10","< 5","< 10","22"
"24 - 25 School Year","63","Oakland Schools","63150","Troy School District","06364","Costello Elementary School","63","Oakland","LEA School","Elementary","City: Small","Science","Grade","05","30.70","23","38.70","29","30.70","23","75"
"24 - 25 School Year","63","Oakland Schools","63150","Troy School District","06364","Costello Elementary School","63","Oakland","LEA School","Elementary","City: Small","ELA","Grade","05","33.80","25","43.20","32","23.00","17","74"
"24 - 25 School Year","63","Oakland Schools","63150","Troy School District","06364","Costello Elementary School","63","Oakland","LEA School","Elementary","City: Small","Math","Grade","05","30.70","23","42.70","32","26.70","20","75"
"24 - 25 School Year","63","Oakland Schools","63150","Troy School District","06364","Costello Elementary School","63","Oakland","LEA School","Elementary","City: Small","SocialStudies","Grade","05","30.70","23","38.70","29","30.70","23","75"
"24 - 25 School Year","63","Oakland Schools","63150","Troy School District","06365","Martell Elementary School","63","Oakland","LEA School","Elementary","City: Small","Science","Program Participation","English Learners","50.00","< 10","50.00","< 10","< 5","< 10","14"
"24 - 25 School Year","63","Oakland Schools","63150","Troy School District","06365","Martell Elementary School","63","Oakland","LEA School","Elementary","City: Small","SocialStudies","Program Participation","Students with Disabilities","< 10","< 10","< 10","< 10","< 10","< 10","< 10"
"24 - 25 School Year","63","Oakland Schools","63150","Troy School District","06365","Martell Elementary School","63","Oakland","LEA School","Elementary","City: Small","SocialStudies","Program Participation","Economically Disadvantaged","72.70","< 10","18.20","< 10","9.10","< 10","11"
"24 - 25 School Year","63","Oakland Schools","63150","Troy School District","06365","Martell Elementary School","63","Oakland","LEA School","Elementary","City: Small","Math","Program Participation","Economically Disadvantaged","47.80","11","43.50","10","8.70","< 10","23"
"24 - 25 School Year","63","Oakland Schools","63150","Troy School District","06365","Martell Elementary School","63","Oakland","LEA School","Elementary","City: Small","ELA","Grade","03","26.60","17","46.90","30","26.60","17","64"
"24 - 25 School Year","63","Oakland Schools","63150","Troy School District","06365","Martell Elementary School","63","Oakland","LEA School","Elementary","City: Small","Math","Grade","03","23.40","15","48.40","31","28.10","18","64"
"24 - 25 School Year","63","Oakland Schools","63150","Troy School District","06365","Martell Elementary School","63","Oakland","LEA School","Elementary","City: Small","ELA","Grade","04","24.00","12","46.00","23","30.00","15","50"
"24 - 25 School Year","63","Oakland Schools","63150","Troy School District","06365","Martell Elementary School","63","Oakland","LEA School","Elementary","City: Small","Math","Grade","04","38.00","19","28.00","14","34.00","17","50"
"24 - 25 School Year","63","Oakland Schools","63150","Troy School District","06365","Martell Elementary School","63","Oakland","LEA School","Elementary","City: Small","ELA","Grade","05","37.00","27","30.10","22","32.90","24","73"
"24 - 25 School Year","63","Oakland Schools","63150","Troy School District","06365","Martell Elementary School","63","Oakland","LEA School","Elementary","City: Small","Science","Grade","05","30.10","22","39.70","29","30.10","22","73"
"24 - 25 School Year","63","Oakland Schools","63150","Troy School District","06365","Martell Elementary School","63","Oakland","LEA School","Elementary","City: Small","Math","Grade","05","30.10","22","41.10","30","28.80","21","73"
"24 - 25 School Year","63","Oakland Schools","63150","Troy School District","06365","Martell Elementary School","63","Oakland","LEA School","Elementary","City: Small","SocialStudies","Grade","05","30.10","22","39.70","29","30.10","22","73"
"24 - 25 School Year","63","Oakland Schools","63150","Troy School District","06365","Martell Elementary School","63","Oakland","LEA School","Elementary","City: Small","SocialStudies","Race/Ethnicity","Asian","24.00","< 10","36.00","< 10","40.00","10","25"
"24 - 25 School Year","63","Oakland Schools","63150","Troy School District","06365","Martell Elementary School","63","Oakland","LEA School","Elementary","City: Small","ELA","Race/Ethnicity","Asian","23.40","15","37.50","24","39.10","25","64"
"24 - 25 School Year","63","Oakland Schools","63150","Troy School District","06365","Martell Elementary School","63","Oakland","LEA School","Elementary","City: Small","Math","Race/Ethnicity","Asian","17.20","11","39.10","25","43.80","28","64"
"24 - 25 School Year","63","Oakland Schools","63150","Troy School District","06365","Martell Elementary School","63","Oakland","LEA School","Elementary","City: Small","Science","Race/Ethnicity","Asian","16.00","< 10","44.00","11","40.00","10","25"
"24 - 25 School Year","63","Oakland Schools","63150","Troy School District","06365","Martell Elementary School","63","Oakland","LEA School","Elementary","City: Small","SocialStudies","Race/Ethnicity","Black, not of Hispanic origin","< 10","< 10","< 10","< 10","< 10","< 10","< 10"
"24 - 25 School Year","63","Oakland Schools","63150","Troy School District","06365","Martell Elementary School","63","Oakland","LEA School","Elementary","City: Small","Science","Race/Ethnicity","Black, not of Hispanic origin","< 10","< 10","< 10","< 10","< 10","< 10","< 10"
"24 - 25 School Year","63","Oakland Schools","63150","Troy School District","06365","Martell Elementary School","63","Oakland","LEA School","Elementary","City: Small","ELA","Race/Ethnicity","Black, not of Hispanic origin","33.30","< 10","41.70","< 10","25.00","< 10","12"
"24 - 25 School Year","63","Oakland Schools","63150","Troy School District","06365","Martell Elementary School","63","Oakland","LEA School","Elementary","City: Small","Math","Race/Ethnicity","Black, not of Hispanic origin","41.70","< 10","25.00","< 10","33.30","< 10","12"
"24 - 25 School Year","63","Oakland Schools","63150","Troy School District","06365","Martell Elementary School","63","Oakland","LEA School","Elementary","City: Small","SocialStudies","Gender","Female","44.40","12","40.70","11","14.80","< 10","27"
"24 - 25 School Year","63","Oakland Schools","63150","Troy School District","06365","Martell Elementary School","63","Oakland","LEA School","Elementary","City: Small","Math","Gender","Female","37.20","32","41.90","36","20.90","18","86"
"24 - 25 School Year","63","Oakland Schools","63150","Troy School District","06365","Martell Elementary School","63","Oakland","LEA School","Elementary","City: Small","ELA","Gender","Female","32.60","28","39.50","34","27.90","24","86"
"24 - 25 School Year","63","Oakland Schools","63150","Troy School District","06365","Martell Elementary School","63","Oakland","LEA School","Elementary","City: Small","Science","Gender","Female","44.40","12","33.30","< 10","22.20","< 10","27"
"24 - 25 School Year","63","Oakland Schools","63150","Troy School District","06365","Martell Elementary School","63","Oakland","LEA School","Elementary","City: Small","SocialStudies","Race/Ethnicity","Hispanic","< 10","< 10","< 10","< 10","< 10","< 10","< 10"
"24 - 25 School Year","63","Oakland Schools","63150","Troy School District","06365","Martell Elementary School","63","Oakland","LEA School","Elementary","City: Small","ELA","Race/Ethnicity","Hispanic","< 10","< 10","< 10","< 10","< 10","< 10","< 10"
"24 - 25 School Year","63","Oakland Schools","63150","Troy School District","06365","Martell Elementary School","63","Oakland","LEA School","Elementary","City: Small","Math","Race/Ethnicity","Hispanic","< 10","< 10","< 10","< 10","< 10","< 10","< 10"
"24 - 25 School Year","63","Oakland Schools","63150","Troy School District","06365","Martell Elementary School","63","Oakland","LEA School","Elementary","City: Small","Science","Race/Ethnicity","Hispanic","< 10","< 10","< 10","< 10","< 10","< 10","< 10"
"24 - 25 School Year","63","Oakland Schools","63150","Troy School District","06365","Martell Elementary School","63","Oakland","LEA School","Elementary","City: Small","SocialStudies","Gender","Male","21.70","10","39.10","18","39.10","18","46"
"24 - 25 School Year","63","Oakland Schools","63150","Troy School District","06365","Martell Elementary School","63","Oakland","LEA School","Elementary","City: Small","ELA","Gender","Male","27.70","28","40.60","41","31.70","32","101"
"24 - 25 School Year","63","Oakland Schools","63150","Troy School District","06365","Martell Elementary School","63","Oakland","LEA School","Elementary","City: Small","Math","Gender","Male","23.80","24","38.60","39","37.60","38","101"
"24 - 25 School Year","63","Oakland Schools","63150","Troy School District","06365","Martell Elementary School","63","Oakland","LEA School","Elementary","City: Small","Science","Gender","Male","21.70","10","43.50","20","34.80","16","46"
"24 - 25 School Year","63","Oakland Schools","63150","Troy School District","06365","Martell Elementary School","63","Oakland","LEA School","Elementary","City: Small","ELA","Program Participation","Students without IEP","27.30","45","40.60","67","32.10","53","165"
"24 - 25 School Year","63","Oakland Schools","63150","Troy School District","06365","Martell Elementary School","63","Oakland","LEA School","Elementary","City: Small","SocialStudies","Program Participation","Not Homeless","30.10","22","39.70","29","30.10","22","73"
"24 - 25 School Year","63","Oakland Schools","63150","Troy School District","06365","Martell Elementary School","63","Oakland","LEA School","Elementary","City: Small","SocialStudies","Program Participation","Not English Learners","27.10","16","35.60","21","37.30","22","59"
"24 - 25 School Year","63","Oakland Schools","63150","Troy School District","06365","Martell Elementary School","63","Oakland","LEA School","Elementary","City: Small","SocialStudies","Program Participation","Not Migrant","30.10","22","39.70","29","30.10","22","73"
"24 - 25 School Year","63","Oakland Schools","63150","Troy School District","06365","Martell Elementary School","63","Oakland","LEA School","Elementary","City: Small","Math","Program Participation","Not Homeless","29.90","56","40.10","75","29.90","56","187"
"24 - 25 School Year","63","Oakland Schools","63150","Troy School District","06365","Martell Elementary School","63","Oakland","LEA School","Elementary","City: Small","Math","Program Participation","Not English Learners","29.30","43","36.70","54","34.00","50","147"
"24 - 25 School Year","63","Oakland Schools","63150","Troy School District","06365","Martell Elementary School","63","Oakland","LEA School","Elementary","City: Small","Math","Program Participation","Not Migrant","29.90","56","40.10","75","29.90","56","187"
"24 - 25 School Year","63","Oakland Schools","63150","Troy School District","06365","Martell Elementary School","63","Oakland","LEA School","Elementary","City: Small","Science","Program Participation","Students without IEP","25.40","17","43.30","29","31.30","21","67"
"24 - 25 School Year","63","Oakland Schools","63150","Troy School District","06365","Martell Elementary School","63","Oakland","LEA School","Elementary","City: Small","Science","Program Participation","Not Economically Disadvantaged","24.20","15","40.30","25","35.50","22","62"
"24 - 25 School Year","63","Oakland Schools","63150","Troy School District","06365","Martell Elementary School","63","Oakland","LEA School","Elementary","City: Small","ELA","Program Participation","Not Economically Disadvantaged","28.70","47","38.40","63","32.90","54","164"
"24 - 25 School Year","63","Oakland Schools","63150","Troy School District","06365","Martell Elementary School","63","Oakland","LEA School","Elementary","City: Small","Math","Program Participation","Students without IEP","24.80","41","43.00","71","32.10","53","165"
"24 - 25 School Year","63","Oakland Schools","63150","Troy School District","06365","Martell Elementary School","63","Oakland","LEA School","Elementary","City: Small","Math","Program Participation","Not Economically Disadvantaged","27.40","45","39.60","65","32.90","54","164"
"24 - 25 School Year","63","Oakland Schools","63150","Troy School District","06365","Martell Elementary School","63","Oakland","LEA School","Elementary","City: Small","ELA","Program Participation","Not English Learners","23.10","34","40.10","59","36.70","54","147"
"24 - 25 School Year","63","Oakland Schools","63150","Troy School District","06365","Martell Elementary School","63","Oakland","LEA School","Elementary","City: Small","ELA","Program Participation","Not Migrant","29.90","56","40.10","75","29.90","56","187"
"24 - 25 School Year","63","Oakland Schools","63150","Troy School District","06365","Martell Elementary School","63","Oakland","LEA School","Elementary","City: Small","ELA","Program Participation","Not Homeless","29.90","56","40.10","75","29.90","56","187"
"24 - 25 School Year","63","Oakland Schools","63150","Troy School District","06365","Martell Elementary School","63","Oakland","LEA School","Elementary","City: Small","Science","Program Participation","Not Homeless","30.10","22","39.70","29","30.10","22","73"
"24 - 25 School Year","63","Oakland Schools","63150","Troy School District","06365","Martell Elementary School","63","Oakland","LEA School","Elementary","City: Small","Science","Program Participation","Not English Learners","25.40","15","37.30","22","37.30","22","59"
"24 - 25 School Year","63","Oakland Schools","63150","Troy School District","06365","Martell Elementary School","63","Oakland","LEA School","Elementary","City: Small","Science","Program Participation","Not Migrant","30.10","22","39.70","29","30.10","22","73"
"24 - 25 School Year","63","Oakland Schools","63150","Troy School District","06365","Martell Elementary School","63","Oakland","LEA School","Elementary","City: Small","SocialStudies","Program Participation","Students without IEP","26.90","18","40.30","27","32.80","22","67"
"24 - 25 School Year","63","Oakland Schools","63150","Troy School District","06365","Martell Elementary School","63","Oakland","LEA School","Elementary","City: Small","SocialStudies","Program Participation","Not Economically Disadvantaged","22.60","14","43.50","27","33.90","21","62"
"24 - 25 School Year","63","Oakland Schools","63150","Troy School District","06365","Martell Elementary School","63","Oakland","LEA School","Elementary","City: Small","SocialStudies","Race/Ethnicity","Two or More Races","< 10","< 10","< 10","< 10","< 10","< 10","< 10"
"24 - 25 School Year","63","Oakland Schools","63150","Troy School District","06365","Martell Elementary School","63","Oakland","LEA School","Elementary","City: Small","Math","Race/Ethnicity","Two or More Races","66.70","< 10","16.70","< 10","16.70","< 10","12"
"24 - 25 School Year","63","Oakland Schools","63150","Troy School District","06365","Martell Elementary School","63","Oakland","LEA School","Elementary","City: Small","ELA","Race/Ethnicity","Two or More Races","58.30","< 10","8.30","< 10","33.30","< 10","12"
"24 - 25 School Year","63","Oakland Schools","63150","Troy School District","06365","Martell Elementary School","63","Oakland","LEA School","Elementary","City: Small","Science","Race/Ethnicity","Two or More Races","< 10","< 10","< 10","< 10","< 10","< 10","< 10"
"24 - 25 School Year","63","Oakland Schools","63150","Troy School District","06365","Martell Elementary School","63","Oakland","LEA School","Elementary","City: Small","SocialStudies","Race/Ethnicity","White, not of Hispanic origin","33.30","11","39.40","13","27.30","< 10","33"
"24 - 25 School Year","63","Oakland Schools","63150","Troy School District","06365","Martell Elementary School","63","Oakland","LEA School","Elementary","City: Small","ELA","Race/Ethnicity","White, not of Hispanic origin","28.60","26","48.40","44","23.10","21","91"
"24 - 25 School Year","63","Oakland Schools","63150","Troy School District","06365","Martell Elementary School","63","Oakland","LEA School","Elementary","City: Small","Math","Race/Ethnicity","White, not of Hispanic origin","33.00","30","45.10","41","22.00","20","91"
"24 - 25 School Year","63","Oakland Schools","63150","Troy School District","06365","Martell Elementary School","63","Oakland","LEA School","Elementary","City: Small","Science","Race/Ethnicity","White, not of Hispanic origin","36.40","12","36.40","12","27.30","< 10","33"
"24 - 25 School Year","63","Oakland Schools","63150","Troy School District","06365","Martell Elementary School","63","Oakland","LEA School","Elementary","City: Small","SocialStudies","Program Participation","English Learners","42.90","< 10","57.10","< 10","< 5","< 10","14"
"24 - 25 School Year","63","Oakland Schools","63150","Troy School District","06365","Martell Elementary School","63","Oakland","LEA School","Elementary","City: Small","ELA","Program Participation","Economically Disadvantaged","39.10","< 10","52.20","12","8.70","< 10","23"
"24 - 25 School Year","63","Oakland Schools","63150","Troy School District","06365","Martell Elementary School","63","Oakland","LEA School","Elementary","City: Small","ELA","Program Participation","Students with Disabilities","50.00","11","36.40","< 10","13.60","< 10","22"
"24 - 25 School Year","63","Oakland Schools","63150","Troy School District","06365","Martell Elementary School","63","Oakland","LEA School","Elementary","City: Small","Science","Program Participation","Economically Disadvantaged","63.60","< 10","36.40","< 10","< 5","< 10","11"
"24 - 25 School Year","63","Oakland Schools","63150","Troy School District","06365","Martell Elementary School","63","Oakland","LEA School","Elementary","City: Small","Science","Program Participation","Students with Disabilities","< 10","< 10","< 10","< 10","< 10","< 10","< 10"
"24 - 25 School Year","63","Oakland Schools","63150","Troy School District","06365","Martell Elementary School","63","Oakland","LEA School","Elementary","City: Small","Math","Program Participation","English Learners","32.50","13","52.50","21","15.00","< 10","40"
"24 - 25 School Year","63","Oakland Schools","63150","Troy School District","06365","Martell Elementary School","63","Oakland","LEA School","Elementary","City: Small","ELA","Program Participation","English Learners","55.00","22","40.00","16","5.00","< 10","40"
"24 - 25 School Year","63","Oakland Schools","63150","Troy School District","06365","Martell Elementary School","63","Oakland","LEA School","Elementary","City: Small","Math","Program Participation","Students with Disabilities","68.20","15","18.20","< 10","13.60","< 10","22"
"24 - 25 School Year","63","Oakland Schools","63150","Troy School District","06366","Larson Middle School","63","Oakland","LEA School","Middle School","City: Small","Math","Program Participation","English Learners","47.90","35","35.60","26","16.40","12","73"
"24 - 25 School Year","63","Oakland Schools","63150","Troy School District","06366","Larson Middle School","63","Oakland","LEA School","Middle School","City: Small","Math","Program Participation","Homeless","< 10","< 10","< 10","< 10","< 10","< 10","< 10"
"24 - 25 School Year","63","Oakland Schools","63150","Troy School District","06366","Larson Middle School","63","Oakland","LEA School","Middle School","City: Small","Math","Program Participation","Economically Disadvantaged","44.20","46","38.50","40","17.30","18","104"
"24 - 25 School Year","63","Oakland Schools","63150","Troy School District","06366","Larson Middle School","63","Oakland","LEA School","Middle School","City: Small","SocialStudies","Program Participation","English Learners","81.80","18","18.20","< 10","< 5","< 10","22"
"24 - 25 School Year","63","Oakland Schools","63150","Troy School District","06366","Larson Middle School","63","Oakland","LEA School","Middle School","City: Small","SocialStudies","Program Participation","Homeless","< 10","< 10","< 10","< 10","< 10","< 10","< 10"
"24 - 25 School Year","63","Oakland Schools","63150","Troy School District","06366","Larson Middle School","63","Oakland","LEA School","Middle School","City: Small","SocialStudies","Program Participation","Economically Disadvantaged","41.90","13","38.70","12","19.40","< 10","31"
"24 - 25 School Year","63","Oakland Schools","63150","Troy School District","06366","Larson Middle School","63","Oakland","LEA School","Middle School","City: Small","Science","Program Participation","Students with Disabilities","78.60","11","14.30","< 10","7.10","< 10","14"
"24 - 25 School Year","63","Oakland Schools","63150","Troy School District","06366","Larson Middle School","63","Oakland","LEA School","Middle School","City: Small","ELA","Program Participation","Homeless","< 10","< 10","< 10","< 10","< 10","< 10","< 10"
"24 - 25 School Year","63","Oakland Schools","63150","Troy School District","06366","Larson Middle School","63","Oakland","LEA School","Middle School","City: Small","ELA","Program Participation","English Learners","72.20","52","23.60","17","< 5","< 10","72"
"24 - 25 School Year","63","Oakland Schools","63150","Troy School District","06366","Larson Middle School","63","Oakland","LEA School","Middle School","City: Small","Math","Program Participation","Students with Disabilities","70.80","46","24.60","16","< 5","< 10","65"
"24 - 25 School Year","63","Oakland Schools","63150","Troy School District","06366","Larson Middle School","63","Oakland","LEA School","Middle School","City: Small","ELA","Program Participation","Students with Disabilities","67.70","44","24.60","16","7.70","< 10","65"
"24 - 25 School Year","63","Oakland Schools","63150","Troy School District","06366","Larson Middle School","63","Oakland","LEA School","Middle School","City: Small","ELA","Program Participation","Economically Disadvantaged","50.50","52","34.00","35","15.50","16","103"
"24 - 25 School Year","63","Oakland Schools","63150","Troy School District","06366","Larson Middle School","63","Oakland","LEA School","Middle School","City: Small","Science","Program Participation","Homeless","< 10","< 10","< 10","< 10","< 10","< 10","< 10"
"24 - 25 School Year","63","Oakland Schools","63150","Troy School District","06366","Larson Middle School","63","Oakland","LEA School","Middle School","City: Small","Science","Program Participation","English Learners","63.60","14","36.40","< 10","< 5","< 10","22"
"24 - 25 School Year","63","Oakland Schools","63150","Troy School District","06366","Larson Middle School","63","Oakland","LEA School","Middle School","City: Small","SocialStudies","Program Participation","Students with Disabilities","75.00","< 10","25.00","< 10","< 5","< 10","12"
"24 - 25 School Year","63","Oakland Schools","63150","Troy School District","06366","Larson Middle School","63","Oakland","LEA School","Middle School","City: Small","Science","Program Participation","Economically Disadvantaged","31.30","10","43.80","14","25.00","< 10","32"
"24 - 25 School Year","63","Oakland Schools","63150","Troy School District","06366","Larson Middle School","63","Oakland","LEA School","Middle School","City: Small","SocialStudies","Race/Ethnicity","White, not of Hispanic origin","29.40","45","46.40","71","24.20","37","153"
"24 - 25 School Year","63","Oakland Schools","63150","Troy School District","06366","Larson Middle School","63","Oakland","LEA School","Middle School","City: Small","Math","Race/Ethnicity","White, not of Hispanic origin","38.10","184","43.30","209","18.60","90","483"
"24 - 25 School Year","63","Oakland Schools","63150","Troy School District","06366","Larson Middle School","63","Oakland","LEA School","Middle School","City: Small","ELA","Race/Ethnicity","White, not of Hispanic origin","35.10","169","41.70","201","23.20","112","482"
"24 - 25 School Year","63","Oakland Schools","63150","Troy School District","06366","Larson Middle School","63","Oakland","LEA School","Middle School","City: Small","Science","Race/Ethnicity","White, not of Hispanic origin","34.80","54","36.10","56","29.00","45","155"
"24 - 25 School Year","63","Oakland Schools","63150","Troy School District","06366","Larson Middle School","63","Oakland","LEA School","Middle School","City: Small","SocialStudies","Race/Ethnicity","Two or More Races","53.80","< 10","23.10","< 10","23.10","< 10","13"
"24 - 25 School Year","63","Oakland Schools","63150","Troy School District","06366","Larson Middle School","63","Oakland","LEA School","Middle School","City: Small","Math","Race/Ethnicity","Two or More Races","33.30","11","48.50","16","18.20","< 10","33"
"24 - 25 School Year","63","Oakland Schools","63150","Troy School District","06366","Larson Middle School","63","Oakland","LEA School","Middle School","City: Small","ELA","Race/Ethnicity","Two or More Races","36.40","12","36.40","12","27.30","< 10","33"
"24 - 25 School Year","63","Oakland Schools","63150","Troy School District","06366","Larson Middle School","63","Oakland","LEA School","Middle School","City: Small","Science","Race/Ethnicity","Two or More Races","46.20","< 10","38.50","< 10","15.40","< 10","13"
"24 - 25 School Year","63","Oakland Schools","63150","Troy School District","06366","Larson Middle School","63","Oakland","LEA School","Middle School","City: Small","SocialStudies","Program Participation","Not Migrant","29.90","79","40.20","106","29.90","79","264"
"24 - 25 School Year","63","Oakland Schools","63150","Troy School District","06366","Larson Middle School","63","Oakland","LEA School","Middle School","City: Small","SocialStudies","Program Participation","Not English Learners","25.20","61","42.10","102","32.60","79","242"
"24 - 25 School Year","63","Oakland Schools","63150","Troy School District","06366","Larson Middle School","63","Oakland","LEA School","Middle School","City: Small","SocialStudies","Program Participation","Not Homeless","29.70","78","40.30","106","30.00","79","263"
"24 - 25 School Year","63","Oakland Schools","63150","Troy School District","06366","Larson Middle School","63","Oakland","LEA School","Middle School","City: Small","SocialStudies","Program Participation","Not Economically Disadvantaged","28.30","66","40.30","94","31.30","73","233"
"24 - 25 School Year","63","Oakland Schools","63150","Troy School District","06366","Larson Middle School","63","Oakland","LEA School","Middle School","City: Small","Math","Program Participation","Students without IEP","26.60","209","41.30","325","32.10","252","786"
"24 - 25 School Year","63","Oakland Schools","63150","Troy School District","06366","Larson Middle School","63","Oakland","LEA School","Middle School","City: Small","Science","Program Participation","Students without IEP","27.30","69","41.50","105","31.20","79","253"
"24 - 25 School Year","63","Oakland Schools","63150","Troy School District","06366","Larson Middle School","63","Oakland","LEA School","Middle School","City: Small","Math","Program Participation","Not Migrant","30.00","255","40.10","341","30.00","255","851"
"24 - 25 School Year","63","Oakland Schools","63150","Troy School District","06366","Larson Middle School","63","Oakland","LEA School","Middle School","City: Small","Math","Program Participation","Not English Learners","28.30","220","40.50","315","31.20","243","778"
"24 - 25 School Year","63","Oakland Schools","63150","Troy School District","06366","Larson Middle School","63","Oakland","LEA School","Middle School","City: Small","Math","Program Participation","Not Homeless","29.90","254","40.00","340","30.00","255","849"
"24 - 25 School Year","63","Oakland Schools","63150","Troy School District","06366","Larson Middle School","63","Oakland","LEA School","Middle School","City: Small","Math","Program Participation","Not Economically Disadvantaged","28.00","209","40.30","301","31.70","237","747"
"24 - 25 School Year","63","Oakland Schools","63150","Troy School District","06366","Larson Middle School","63","Oakland","LEA School","Middle School","City: Small","ELA","Program Participation","Not Migrant","30.00","255","39.90","339","30.00","255","849"
"24 - 25 School Year","63","Oakland Schools","63150","Troy School District","06366","Larson Middle School","63","Oakland","LEA School","Middle School","City: Small","ELA","Program Participation","Not English Learners","26.10","203","41.40","322","32.40","252","777"
"24 - 25 School Year","63","Oakland Schools","63150","Troy School District","06366","Larson Middle School","63","Oakland","LEA School","Middle School","City: Small","ELA","Program Participation","Not Homeless","29.90","253","40.00","339","30.10","255","847"
"24 - 25 School Year","63","Oakland Schools","63150","Troy School District","06366","Larson Middle School","63","Oakland","LEA School","Middle School","City: Small","ELA","Program Participation","Students without IEP","26.90","211","41.20","323","31.90","250","784"
"24 - 25 School Year","63","Oakland Schools","63150","Troy School District","06366","Larson Middle School","63","Oakland","LEA School","Middle School","City: Small","ELA","Program Participation","Not Economically Disadvantaged","27.20","203","40.80","304","32.00","239","746"
"24 - 25 School Year","63","Oakland Schools","63150","Troy School District","06366","Larson Middle School","63","Oakland","LEA School","Middle School","City: Small","SocialStudies","Program Participation","Students without IEP","27.80","70","40.90","103","31.30","79","252"
"24 - 25 School Year","63","Oakland Schools","63150","Troy School District","06366","Larson Middle School","63","Oakland","LEA School","Middle School","City: Small","Science","Program Participation","Not Migrant","30.00","80","40.10","107","30.00","80","267"
"24 - 25 School Year","63","Oakland Schools","63150","Troy School District","06366","Larson Middle School","63","Oakland","LEA School","Middle School","City: Small","Science","Program Participation","Not English Learners","26.90","66","40.40","99","32.70","80","245"
"24 - 25 School Year","63","Oakland Schools","63150","Troy School District","06366","Larson Middle School","63","Oakland","LEA School","Middle School","City: Small","Science","Program Participation","Not Homeless","29.70","79","40.20","107","30.10","80","266"
"24 - 25 School Year","63","Oakland Schools","63150","Troy School District","06366","Larson Middle School","63","Oakland","LEA School","Middle School","City: Small","Science","Program Participation","Not Economically Disadvantaged","29.80","70","39.60","93","30.60","72","235"
"24 - 25 School Year","63","Oakland Schools","63150","Troy School District","06366","Larson Middle School","63","Oakland","LEA School","Middle School","City: Small","SocialStudies","Race/Ethnicity","Native Hawaiian or Other Pacific Islander","< 10","< 10","< 10","< 10","< 10","< 10","< 10"
"24 - 25 School Year","63","Oakland Schools","63150","Troy School District","06366","Larson Middle School","63","Oakland","LEA School","Middle School","City: Small","Math","Race/Ethnicity","Native Hawaiian or Other Pacific Islander","< 10","< 10","< 10","< 10","< 10","< 10","< 10"
"24 - 25 School Year","63","Oakland Schools","63150","Troy School District","06366","Larson Middle School","63","Oakland","LEA School","Middle School","City: Small","ELA","Race/Ethnicity","Native Hawaiian or Other Pacific Islander","< 10","< 10","< 10","< 10","< 10","< 10","< 10"
"24 - 25 School Year","63","Oakland Schools","63150","Troy School District","06366","Larson Middle School","63","Oakland","LEA School","Middle School","City: Small","Science","Race/Ethnicity","Native Hawaiian or Other Pacific Islander","< 10","< 10","< 10","< 10","< 10","< 10","< 10"
"24 - 25 School Year","63","Oakland Schools","63150","Troy School District","06366","Larson Middle School","63","Oakland","LEA School","Middle School","City: Small","SocialStudies","Gender","Male","26.50","31","37.60","44","35.90","42","117"
"24 - 25 School Year","63","Oakland Schools","63150","Troy School District","06366","Larson Middle School","63","Oakland","LEA School","Middle School","City: Small","Math","Gender","Male","25.90","106","36.70","150","37.40","153","409"
"24 - 25 School Year","63","Oakland Schools","63150","Troy School District","06366","Larson Middle School","63","Oakland","LEA School","Middle School","City: Small","ELA","Gender","Male","29.90","122","36.50","149","33.60","137","408"
"24 - 25 School Year","63","Oakland Schools","63150","Troy School District","06366","Larson Middle School","63","Oakland","LEA School","Middle School","City: Small","Science","Gender","Male","24.60","29","38.10","45","37.30","44","118"
"24 - 25 School Year","63","Oakland Schools","63150","Troy School District","06366","Larson Middle School","63","Oakland","LEA School","Middle School","City: Small","SocialStudies","Race/Ethnicity","Hispanic","33.30","< 10","33.30","< 10","33.30","< 10","12"
"24 - 25 School Year","63","Oakland Schools","63150","Troy School District","06366","Larson Middle School","63","Oakland","LEA School","Middle School","City: Small","Math","Race/Ethnicity","Hispanic","31.00","13","40.50","17","28.60","12","42"
"24 - 25 School Year","63","Oakland Schools","63150","Troy School District","06366","Larson Middle School","63","Oakland","LEA School","Middle School","City: Small","ELA","Race/Ethnicity","Hispanic","31.70","13","26.80","11","41.50","17","41"
"24 - 25 School Year","63","Oakland Schools","63150","Troy School District","06366","Larson Middle School","63","Oakland","LEA School","Middle School","City: Small","Science","Race/Ethnicity","Hispanic","33.30","< 10","25.00","< 10","41.70","< 10","12"
"24 - 25 School Year","63","Oakland Schools","63150","Troy School District","06366","Larson Middle School","63","Oakland","LEA School","Middle School","City: Small","SocialStudies","Gender","Female","32.70","48","42.20","62","25.20","37","147"
"24 - 25 School Year","63","Oakland Schools","63150","Troy School District","06366","Larson Middle School","63","Oakland","LEA School","Middle School","City: Small","Math","Gender","Female","33.70","149","43.20","191","23.10","102","442"
"24 - 25 School Year","63","Oakland Schools","63150","Troy School District","06366","Larson Middle School","63","Oakland","LEA School","Middle School","City: Small","ELA","Gender","Female","30.20","133","43.10","190","26.80","118","441"
"24 - 25 School Year","63","Oakland Schools","63150","Troy School District","06366","Larson Middle School","63","Oakland","LEA School","Middle School","City: Small","Science","Gender","Female","34.20","51","41.60","62","24.20","36","149"
"24 - 25 School Year","63","Oakland Schools","63150","Troy School District","06366","Larson Middle School","63","Oakland","LEA School","Middle School","City: Small","SocialStudies","Race/Ethnicity","Black, not of Hispanic origin","69.20","< 10","23.10","< 10","7.70","< 10","13"
"24 - 25 School Year","63","Oakland Schools","63150","Troy School District","06366","Larson Middle School","63","Oakland","LEA School","Middle School","City: Small","Math","Race/Ethnicity","Black, not of Hispanic origin","71.90","23","25.00","< 10","< 5","< 10","32"
"24 - 25 School Year","63","Oakland Schools","63150","Troy School District","06366","Larson Middle School","63","Oakland","LEA School","Middle School","City: Small","ELA","Race/Ethnicity","Black, not of Hispanic origin","59.40","19","34.40","11","6.30","< 10","32"
"24 - 25 School Year","63","Oakland Schools","63150","Troy School District","06366","Larson Middle School","63","Oakland","LEA School","Middle School","City: Small","Science","Race/Ethnicity","Black, not of Hispanic origin","53.80","< 10","46.20","< 10","< 5","< 10","13"
"24 - 25 School Year","63","Oakland Schools","63150","Troy School District","06366","Larson Middle School","63","Oakland","LEA School","Middle School","City: Small","SocialStudies","Race/Ethnicity","Asian","19.40","14","33.30","24","47.20","34","72"
"24 - 25 School Year","63","Oakland Schools","63150","Troy School District","06366","Larson Middle School","63","Oakland","LEA School","Middle School","City: Small","Math","Race/Ethnicity","Asian","9.20","24","34.60","90","56.20","146","260"
"24 - 25 School Year","63","Oakland Schools","63150","Troy School District","06366","Larson Middle School","63","Oakland","LEA School","Middle School","City: Small","ELA","Race/Ethnicity","Asian","16.20","42","40.00","104","43.80","114","260"
"24 - 25 School Year","63","Oakland Schools","63150","Troy School District","06366","Larson Middle School","63","Oakland","LEA School","Middle School","City: Small","Science","Race/Ethnicity","Asian","12.30","< 10","49.30","36","38.40","28","73"
"24 - 25 School Year","63","Oakland Schools","63150","Troy School District","06366","Larson Middle School","63","Oakland","LEA School","Middle School","City: Small","SocialStudies","Grade","08","29.90","79","40.20","106","29.90","79","264"
"24 - 25 School Year","63","Oakland Schools","63150","Troy School District","06366","Larson Middle School","63","Oakland","LEA School","Middle School","City: Small","Math","Grade","08","35.80","96","36.20","97","28.00","75","268"
"24 - 25 School Year","63","Oakland Schools","63150","Troy School District","06366","Larson Middle School","63","Oakland","LEA School","Middle School","City: Small","ELA","Grade","08","35.40","95","39.90","107","24.60","66","268"
"24 - 25 School Year","63","Oakland Schools","63150","Troy School District","06366","Larson Middle School","63","Oakland","LEA School","Middle School","City: Small","Science","Grade","08","30.00","80","40.10","107","30.00","80","267"
"24 - 25 School Year","63","Oakland Schools","63150","Troy School District","06366","Larson Middle School","63","Oakland","LEA School","Middle School","City: Small","Math","Grade","07","28.40","85","41.50","124","30.10","90","299"
"24 - 25 School Year","63","Oakland Schools","63150","Troy School District","06366","Larson Middle School","63","Oakland","LEA School","Middle School","City: Small","ELA","Grade","07","26.60","79","43.40","129","30.00","89","297"
"24 - 25 School Year","63","Oakland Schools","63150","Troy School District","06366","Larson Middle School","63","Oakland","LEA School","Middle School","City: Small","Math","Grade","06","26.10","74","42.30","120","31.70","90","284"
"24 - 25 School Year","63","Oakland Schools","63150","Troy School District","06366","Larson Middle School","63","Oakland","LEA School","Middle School","City: Small","ELA","Grade","06","28.50","81","36.30","103","35.20","100","284"
"24 - 25 School Year","63","Oakland Schools","63150","Troy School District","06367","Boulan Park Middle School","63","Oakland","LEA School","Middle School","City: Small","ELA","Grade","06","27.80","73","41.40","109","30.80","81","263"
"24 - 25 School Year","63","Oakland Schools","63150","Troy School District","06367","Boulan Park Middle School","63","Oakland","LEA School","Middle School","City: Small","Math","Grade","06","32.50","86","37.70","100","29.80","79","265"
"24 - 25 School Year","63","Oakland Schools","63150","Troy School District","06367","Boulan Park Middle School","63","Oakland","LEA School","Middle School","City: Small","Science","Race/Ethnicity","Black, not of Hispanic origin","69.20","< 10","30.80","< 10","< 5","< 10","13"
"24 - 25 School Year","63","Oakland Schools","63150","Troy School District","06367","Boulan Park Middle School","63","Oakland","LEA School","Middle School","City: Small","SocialStudies","Race/Ethnicity","Black, not of Hispanic origin","75.00","< 10","< 5","< 10","25.00","< 10","12"
"24 - 25 School Year","63","Oakland Schools","63150","Troy School District","06367","Boulan Park Middle School","63","Oakland","LEA School","Middle School","City: Small","Math","Race/Ethnicity","Asian","17.80","86","39.70","192","42.60","206","484"
"24 - 25 School Year","63","Oakland Schools","63150","Troy School District","06367","Boulan Park Middle School","63","Oakland","LEA School","Middle School","City: Small","ELA","Race/Ethnicity","Asian","23.00","110","39.30","188","37.70","180","478"
"24 - 25 School Year","63","Oakland Schools","63150","Troy School District","06367","Boulan Park Middle School","63","Oakland","LEA School","Middle School","City: Small","Science","Race/Ethnicity","Asian","20.70","35","46.20","78","33.10","56","169"
"24 - 25 School Year","63","Oakland Schools","63150","Troy School District","06367","Boulan Park Middle School","63","Oakland","LEA School","Middle School","City: Small","SocialStudies","Race/Ethnicity","Asian","23.10","39","40.80","69","36.10","61","169"
"24 - 25 School Year","63","Oakland Schools","63150","Troy School District","06367","Boulan Park Middle School","63","Oakland","LEA School","Middle School","City: Small","ELA","Grade","08","31.00","88","39.40","112","29.60","84","284"
"24 - 25 School Year","63","Oakland Schools","63150","Troy School District","06367","Boulan Park Middle School","63","Oakland","LEA School","Middle School","City: Small","Science","Grade","08","30.10","86","39.90","114","30.10","86","286"
"24 - 25 School Year","63","Oakland Schools","63150","Troy School District","06367","Boulan Park Middle School","63","Oakland","LEA School","Middle School","City: Small","Math","Grade","08","27.40","78","41.40","118","31.20","89","285"
"24 - 25 School Year","63","Oakland Schools","63150","Troy School District","06367","Boulan Park Middle School","63","Oakland","LEA School","Middle School","City: Small","SocialStudies","Grade","08","30.00","85","39.90","113","30.00","85","283"
"24 - 25 School Year","63","Oakland Schools","63150","Troy School District","06367","Boulan Park Middle School","63","Oakland","LEA School","Middle School","City: Small","ELA","Grade","07","31.10","85","39.20","107","29.70","81","273"
"24 - 25 School Year","63","Oakland Schools","63150","Troy School District","06367","Boulan Park Middle School","63","Oakland","LEA School","Middle School","City: Small","Math","Grade","07","30.40","84","40.60","112","29.00","80","276"
"24 - 25 School Year","63","Oakland Schools","63150","Troy School District","06367","Boulan Park Middle School","63","Oakland","LEA School","Middle School","City: Small","ELA","Race/Ethnicity","Black, not of Hispanic origin","58.10","18","35.50","11","6.50","< 10","31"
"24 - 25 School Year","63","Oakland Schools","63150","Troy School District","06367","Boulan Park Middle School","63","Oakland","LEA School","Middle School","City: Small","Math","Race/Ethnicity","Black, not of Hispanic origin","74.20","23","19.40","< 10","6.50","< 10","31"
"24 - 25 School Year","63","Oakland Schools","63150","Troy School District","06367","Boulan Park Middle School","63","Oakland","LEA School","Middle School","City: Small","SocialStudies","Gender","Female","37.70","57","40.40","61","21.90","33","151"
"24 - 25 School Year","63","Oakland Schools","63150","Troy School District","06367","Boulan Park Middle School","63","Oakland","LEA School","Middle School","City: Small","ELA","Gender","Female","30.40","124","39.00","159","30.60","125","408"
"24 - 25 School Year","63","Oakland Schools","63150","Troy School District","06367","Boulan Park Middle School","63","Oakland","LEA School","Middle School","City: Small","Science","Gender","Female","33.30","51","39.20","60","27.50","42","153"
"24 - 25 School Year","63","Oakland Schools","63150","Troy School District","06367","Boulan Park Middle School","63","Oakland","LEA School","Middle School","City: Small","Math","Gender","Female","35.20","145","39.30","162","25.50","105","412"
"24 - 25 School Year","63","Oakland Schools","63150","Troy School District","06367","Boulan Park Middle School","63","Oakland","LEA School","Middle School","City: Small","SocialStudies","Race/Ethnicity","Hispanic","63.60","< 10","36.40","< 10","< 5","< 10","11"
"24 - 25 School Year","63","Oakland Schools","63150","Troy School District","06367","Boulan Park Middle School","63","Oakland","LEA School","Middle School","City: Small","Science","Race/Ethnicity","Hispanic","63.60","< 10","27.30","< 10","9.10","< 10","11"
"24 - 25 School Year","63","Oakland Schools","63150","Troy School District","06367","Boulan Park Middle School","63","Oakland","LEA School","Middle School","City: Small","ELA","Race/Ethnicity","Hispanic","56.70","17","26.70","< 10","16.70","< 10","30"
"24 - 25 School Year","63","Oakland Schools","63150","Troy School District","06367","Boulan Park Middle School","63","Oakland","LEA School","Middle School","City: Small","Math","Race/Ethnicity","Hispanic","56.70","17","33.30","10","10.00","< 10","30"
"24 - 25 School Year","63","Oakland Schools","63150","Troy School District","06367","Boulan Park Middle School","63","Oakland","LEA School","Middle School","City: Small","SocialStudies","Gender","Male","21.20","28","39.40","52","39.40","52","132"
"24 - 25 School Year","63","Oakland Schools","63150","Troy School District","06367","Boulan Park Middle School","63","Oakland","LEA School","Middle School","City: Small","Science","Gender","Male","26.30","35","40.60","54","33.10","44","133"
"24 - 25 School Year","63","Oakland Schools","63150","Troy School District","06367","Boulan Park Middle School","63","Oakland","LEA School","Middle School","City: Small","ELA","Gender","Male","29.60","122","41.00","169","29.40","121","412"
"24 - 25 School Year","63","Oakland Schools","63150","Troy School District","06367","Boulan Park Middle School","63","Oakland","LEA School","Middle School","City: Small","Math","Gender","Male","24.90","103","40.60","168","34.50","143","414"
"24 - 25 School Year","63","Oakland Schools","63150","Troy School District","06367","Boulan Park Middle School","63","Oakland","LEA School","Middle School","City: Small","Math","Race/Ethnicity","Native Hawaiian or Other Pacific Islander","< 10","< 10","< 10","< 10","< 10","< 10","< 10"
"24 - 25 School Year","63","Oakland Schools","63150","Troy School District","06367","Boulan Park Middle School","63","Oakland","LEA School","Middle School","City: Small","ELA","Race/Ethnicity","Native Hawaiian or Other Pacific Islander","< 10","< 10","< 10","< 10","< 10","< 10","< 10"
"24 - 25 School Year","63","Oakland Schools","63150","Troy School District","06367","Boulan Park Middle School","63","Oakland","LEA School","Middle School","City: Small","SocialStudies","Program Participation","Not Homeless","29.80","84","40.10","113","30.10","85","282"
"24 - 25 School Year","63","Oakland Schools","63150","Troy School District","06367","Boulan Park Middle School","63","Oakland","LEA School","Middle School","City: Small","SocialStudies","Program Participation","Not English Learners","24.20","60","41.90","104","33.90","84","248"
"24 - 25 School Year","63","Oakland Schools","63150","Troy School District","06367","Boulan Park Middle School","63","Oakland","LEA School","Middle School","City: Small","SocialStudies","Program Participation","Not Economically Disadvantaged","27.10","70","41.10","106","31.80","82","258"
"24 - 25 School Year","63","Oakland Schools","63150","Troy School District","06367","Boulan Park Middle School","63","Oakland","LEA School","Middle School","City: Small","Math","Program Participation","Not Economically Disadvantaged","27.40","207","40.30","305","32.30","244","756"
"24 - 25 School Year","63","Oakland Schools","63150","Troy School District","06367","Boulan Park Middle School","63","Oakland","LEA School","Middle School","City: Small","ELA","Program Participation","Not English Learners","23.00","164","42.80","305","34.20","244","713"
"24 - 25 School Year","63","Oakland Schools","63150","Troy School District","06367","Boulan Park Middle School","63","Oakland","LEA School","Middle School","City: Small","ELA","Program Participation","Not Migrant","30.00","246","40.00","328","30.00","246","820"
"24 - 25 School Year","63","Oakland Schools","63150","Troy School District","06367","Boulan Park Middle School","63","Oakland","LEA School","Middle School","City: Small","Math","Program Participation","Students without IEP","27.00","209","41.30","319","31.70","245","773"
"24 - 25 School Year","63","Oakland Schools","63150","Troy School District","06367","Boulan Park Middle School","63","Oakland","LEA School","Middle School","City: Small","ELA","Program Participation","Not Homeless","29.80","244","40.10","328","30.10","246","818"
"24 - 25 School Year","63","Oakland Schools","63150","Troy School District","06367","Boulan Park Middle School","63","Oakland","LEA School","Middle School","City: Small","SocialStudies","Program Participation","Students without IEP","28.90","79","41.00","112","30.00","82","273"
"24 - 25 School Year","63","Oakland Schools","63150","Troy School District","06367","Boulan Park Middle School","63","Oakland","LEA School","Middle School","City: Small","Science","Program Participation","Not English Learners","23.60","59","42.40","106","34.00","85","250"
"24 - 25 School Year","63","Oakland Schools","63150","Troy School District","06367","Boulan Park Middle School","63","Oakland","LEA School","Middle School","City: Small","Science","Program Participation","Not Migrant","30.10","86","39.90","114","30.10","86","286"
"24 - 25 School Year","63","Oakland Schools","63150","Troy School District","06367","Boulan Park Middle School","63","Oakland","LEA School","Middle School","City: Small","Math","Program Participation","Homeless","< 10","< 10","< 10","< 10","< 10","< 10","< 10"
"24 - 25 School Year","63","Oakland Schools","63150","Troy School District","06367","Boulan Park Middle School","63","Oakland","LEA School","Middle School","City: Small","Math","Program Participation","English Learners","58.90","66","29.50","33","11.60","13","112"
"24 - 25 School Year","63","Oakland Schools","63150","Troy School District","06367","Boulan Park Middle School","63","Oakland","LEA School","Middle School","City: Small","Science","Program Participation","Students with Disabilities","69.20","< 10","23.10","< 10","7.70","< 10","13"
"24 - 25 School Year","63","Oakland Schools","63150","Troy School District","06367","Boulan Park Middle School","63","Oakland","LEA School","Middle School","City: Small","ELA","Program Participation","Economically Disadvantaged","51.40","36","32.90","23","15.70","11","70"
"24 - 25 School Year","63","Oakland Schools","63150","Troy School District","06367","Boulan Park Middle School","63","Oakland","LEA School","Middle School","City: Small","Science","Program Participation","Economically Disadvantaged","65.40","17","30.80","< 10","< 5","< 10","26"
"24 - 25 School Year","63","Oakland Schools","63150","Troy School District","06367","Boulan Park Middle School","63","Oakland","LEA School","Middle School","City: Small","ELA","Program Participation","Students with Disabilities","64.20","34","28.30","15","7.50","< 10","53"
"24 - 25 School Year","63","Oakland Schools","63150","Troy School District","06367","Boulan Park Middle School","63","Oakland","LEA School","Middle School","City: Small","SocialStudies","Program Participation","Students with Disabilities","60.00","< 10","10.00","< 10","30.00","< 10","10"
"24 - 25 School Year","63","Oakland Schools","63150","Troy School District","06367","Boulan Park Middle School","63","Oakland","LEA School","Middle School","City: Small","Science","Program Participation","Homeless","< 10","< 10","< 10","< 10","< 10","< 10","< 10"
"24 - 25 School Year","63","Oakland Schools","63150","Troy School District","06367","Boulan Park Middle School","63","Oakland","LEA School","Middle School","City: Small","Science","Program Participation","English Learners","75.00","27","22.20","< 10","< 5","< 10","36"
"24 - 25 School Year","63","Oakland Schools","63150","Troy School District","06367","Boulan Park Middle School","63","Oakland","LEA School","Middle School","City: Small","Math","Program Participation","Students with Disabilities","73.60","39","20.80","11","5.70","< 10","53"
"24 - 25 School Year","63","Oakland Schools","63150","Troy School District","06367","Boulan Park Middle School","63","Oakland","LEA School","Middle School","City: Small","ELA","Program Participation","Homeless","< 10","< 10","< 10","< 10","< 10","< 10","< 10"
"24 - 25 School Year","63","Oakland Schools","63150","Troy School District","06367","Boulan Park Middle School","63","Oakland","LEA School","Middle School","City: Small","ELA","Program Participation","English Learners","76.60","82","21.50","23","< 5","< 10","107"
"24 - 25 School Year","63","Oakland Schools","63150","Troy School District","06367","Boulan Park Middle School","63","Oakland","LEA School","Middle School","City: Small","Math","Program Participation","Economically Disadvantaged","58.60","41","35.70","25","5.70","< 10","70"
"24 - 25 School Year","63","Oakland Schools","63150","Troy School District","06367","Boulan Park Middle School","63","Oakland","LEA School","Middle School","City: Small","SocialStudies","Program Participation","Homeless","< 10","< 10","< 10","< 10","< 10","< 10","< 10"
"24 - 25 School Year","63","Oakland Schools","63150","Troy School District","06367","Boulan Park Middle School","63","Oakland","LEA School","Middle School","City: Small","SocialStudies","Program Participation","English Learners","71.40","25","25.70","< 10","< 5","< 10","35"
"24 - 25 School Year","63","Oakland Schools","63150","Troy School District","06367","Boulan Park Middle School","63","Oakland","LEA School","Middle School","City: Small","SocialStudies","Program Participation","Economically Disadvantaged","60.00","15","28.00","< 10","12.00","< 10","25"
"24 - 25 School Year","63","Oakland Schools","63150","Troy School District","06367","Boulan Park Middle School","63","Oakland","LEA School","Middle School","City: Small","Math","Race/Ethnicity","White, not of Hispanic origin","43.70","107","43.70","107","12.70","31","245"
"24 - 25 School Year","63","Oakland Schools","63150","Troy School District","06367","Boulan Park Middle School","63","Oakland","LEA School","Middle School","City: Small","ELA","Race/Ethnicity","White, not of Hispanic origin","37.10","91","41.20","101","21.60","53","245"
"24 - 25 School Year","63","Oakland Schools","63150","Troy School District","06367","Boulan Park Middle School","63","Oakland","LEA School","Middle School","City: Small","Science","Race/Ethnicity","White, not of Hispanic origin","40.20","33","29.30","24","30.50","25","82"
"24 - 25 School Year","63","Oakland Schools","63150","Troy School District","06367","Boulan Park Middle School","63","Oakland","LEA School","Middle School","City: Small","SocialStudies","Race/Ethnicity","White, not of Hispanic origin","36.30","29","42.50","34","21.30","17","80"
"24 - 25 School Year","63","Oakland Schools","63150","Troy School District","06367","Boulan Park Middle School","63","Oakland","LEA School","Middle School","City: Small","Math","Race/Ethnicity","Two or More Races","42.90","15","40.00","14","17.10","< 10","35"
"24 - 25 School Year","63","Oakland Schools","63150","Troy School District","06367","Boulan Park Middle School","63","Oakland","LEA School","Middle School","City: Small","ELA","Race/Ethnicity","Two or More Races","28.60","10","54.30","19","17.10","< 10","35"
"24 - 25 School Year","63","Oakland Schools","63150","Troy School District","06367","Boulan Park Middle School","63","Oakland","LEA School","Middle School","City: Small","Science","Race/Ethnicity","Two or More Races","18.20","< 10","45.50","< 10","36.40","< 10","11"
"24 - 25 School Year","63","Oakland Schools","63150","Troy School District","06367","Boulan Park Middle School","63","Oakland","LEA School","Middle School","City: Small","SocialStudies","Race/Ethnicity","Two or More Races","9.10","< 10","54.50","< 10","36.40","< 10","11"
"24 - 25 School Year","63","Oakland Schools","63150","Troy School District","06367","Boulan Park Middle School","63","Oakland","LEA School","Middle School","City: Small","SocialStudies","Program Participation","Not Migrant","30.00","85","39.90","113","30.00","85","283"
"24 - 25 School Year","63","Oakland Schools","63150","Troy School District","06367","Boulan Park Middle School","63","Oakland","LEA School","Middle School","City: Small","Math","Program Participation","Not Migrant","30.00","248","40.00","330","30.00","248","826"
"24 - 25 School Year","63","Oakland Schools","63150","Troy School District","06367","Boulan Park Middle School","63","Oakland","LEA School","Middle School","City: Small","Math","Program Participation","Not English Learners","25.50","182","41.60","297","32.90","235","714"
"24 - 25 School Year","63","Oakland Schools","63150","Troy School District","06367","Boulan Park Middle School","63","Oakland","LEA School","Middle School","City: Small","Math","Program Participation","Not Homeless","29.90","246","40.00","330","30.10","248","824"
"24 - 25 School Year","63","Oakland Schools","63150","Troy School District","06367","Boulan Park Middle School","63","Oakland","LEA School","Middle School","City: Small","ELA","Program Participation","Students without IEP","27.60","212","40.80","313","31.60","242","767"
"24 - 25 School Year","63","Oakland Schools","63150","Troy School District","06367","Boulan Park Middle School","63","Oakland","LEA School","Middle School","City: Small","ELA","Program Participation","Not Economically Disadvantaged","28.00","210","40.70","305","31.30","235","750"
"24 - 25 School Year","63","Oakland Schools","63150","Troy School District","06367","Boulan Park Middle School","63","Oakland","LEA School","Middle School","City: Small","Science","Program Participation","Not Economically Disadvantaged","26.50","69","40.80","106","32.70","85","260"
"24 - 25 School Year","63","Oakland Schools","63150","Troy School District","06367","Boulan Park Middle School","63","Oakland","LEA School","Middle School","City: Small","Science","Program Participation","Students without IEP","28.20","77","40.70","111","31.10","85","273"
"24 - 25 School Year","63","Oakland Schools","63150","Troy School District","06367","Boulan Park Middle School","63","Oakland","LEA School","Middle School","City: Small","Science","Program Participation","Not Homeless","29.80","85","40.00","114","30.20","86","285"
"24 - 25 School Year","63","Oakland Schools","63150","Troy School District","06393","Athens High School","63","Oakland","LEA School","High School","City: Small","Science","Program Participation","Not Economically Disadvantaged","25.50","73","40.90","117","33.60","96","286"
"24 - 25 School Year","63","Oakland Schools","63150","Troy School District","06393","Athens High School","63","Oakland","LEA School","High School","City: Small","SocialStudies","Program Participation","Not Homeless","29.90","105","39.90","140","30.20","106","351"
"24 - 25 School Year","63","Oakland Schools","63150","Troy School District","06393","Athens High School","63","Oakland","LEA School","High School","City: Small","SocialStudies","Program Participation","Not English Learners","27.80","92","40.20","133","32.00","106","331"
"24 - 25 School Year","63","Oakland Schools","63150","Troy School District","06393","Athens High School","63","Oakland","LEA School","High School","City: Small","SocialStudies","Program Participation","Not Migrant","30.10","106","39.80","140","30.10","106","352"
"24 - 25 School Year","63","Oakland Schools","63150","Troy School District","06393","Athens High School","63","Oakland","LEA School","High School","City: Small","SocialStudies","Program Participation","Students without IEP","28.40","94","39.60","131","32.00","106","331"
"24 - 25 School Year","63","Oakland Schools","63150","Troy School District","06393","Athens High School","63","Oakland","LEA School","High School","City: Small","Math","Program Participation","Students without IEP","26.70","88","41.50","137","31.80","105","330"
"24 - 25 School Year","63","Oakland Schools","63150","Troy School District","06393","Athens High School","63","Oakland","LEA School","High School","City: Small","ELA","Program Participation","Not Homeless","29.90","104","39.90","139","30.20","105","348"
"24 - 25 School Year","63","Oakland Schools","63150","Troy School District","06393","Athens High School","63","Oakland","LEA School","High School","City: Small","ELA","Program Participation","Not English Learners","27.40","90","40.50","133","32.00","105","328"
"24 - 25 School Year","63","Oakland Schools","63150","Troy School District","06393","Athens High School","63","Oakland","LEA School","High School","City: Small","ELA","Program Participation","Not Migrant","30.10","105","39.80","139","30.10","105","349"
"24 - 25 School Year","63","Oakland Schools","63150","Troy School District","06393","Athens High School","63","Oakland","LEA School","High School","City: Small","ELA","Program Participation","Not Economically Disadvantaged","25.30","72","41.40","118","33.30","95","285"
"24 - 25 School Year","63","Oakland Schools","63150","Troy School District","06393","Athens High School","63","Oakland","LEA School","High School","City: Small","ELA","Program Participation","Students without IEP","27.00","89","41.80","138","31.20","103","330"
"24 - 25 School Year","63","Oakland Schools","63150","Troy School District","06393","Athens High School","63","Oakland","LEA School","High School","City: Small","Science","Program Participation","Not English Learners","27.20","90","41.10","136","31.70","105","331"
"24 - 25 School Year","63","Oakland Schools","63150","Troy School District","06393","Athens High School","63","Oakland","LEA School","High School","City: Small","Science","Program Participation","Not Migrant","29.80","105","40.10","141","30.10","106","352"
"24 - 25 School Year","63","Oakland Schools","63150","Troy School District","06393","Athens High School","63","Oakland","LEA School","High School","City: Small","Science","Program Participation","Not Homeless","29.60","104","40.20","141","30.20","106","351"
"24 - 25 School Year","63","Oakland Schools","63150","Troy School District","06393","Athens High School","63","Oakland","LEA School","High School","City: Small","Math","Race/Ethnicity","Two or More Races","50.00","< 10","20.00","< 10","30.00","< 10","10"
"24 - 25 School Year","63","Oakland Schools","63150","Troy School District","06393","Athens High School","63","Oakland","LEA School","High School","City: Small","SocialStudies","Race/Ethnicity","Two or More Races","20.00","< 10","50.00","< 10","30.00","< 10","10"
"24 - 25 School Year","63","Oakland Schools","63150","Troy School District","06393","Athens High School","63","Oakland","LEA School","High School","City: Small","ELA","Race/Ethnicity","Two or More Races","10.00","< 10","70.00","< 10","20.00","< 10","10"
"24 - 25 School Year","63","Oakland Schools","63150","Troy School District","06393","Athens High School","63","Oakland","LEA School","High School","City: Small","Science","Race/Ethnicity","Two or More Races","20.00","< 10","50.00","< 10","30.00","< 10","10"
"24 - 25 School Year","63","Oakland Schools","63150","Troy School District","06393","Athens High School","63","Oakland","LEA School","High School","City: Small","Math","Race/Ethnicity","White, not of Hispanic origin","32.00","70","45.20","99","22.80","50","219"
"24 - 25 School Year","63","Oakland Schools","63150","Troy School District","06393","Athens High School","63","Oakland","LEA School","High School","City: Small","SocialStudies","Race/Ethnicity","White, not of Hispanic origin","33.50","74","41.20","91","25.30","56","221"
"24 - 25 School Year","63","Oakland Schools","63150","Troy School District","06393","Athens High School","63","Oakland","LEA School","High School","City: Small","ELA","Race/Ethnicity","White, not of Hispanic origin","32.90","72","43.80","96","23.30","51","219"
"24 - 25 School Year","63","Oakland Schools","63150","Troy School District","06393","Athens High School","63","Oakland","LEA School","High School","City: Small","Science","Race/Ethnicity","White, not of Hispanic origin","33.00","73","40.70","90","26.20","58","221"
"24 - 25 School Year","63","Oakland Schools","63150","Troy School District","06393","Athens High School","63","Oakland","LEA School","High School","City: Small","Science","Program Participation","Economically Disadvantaged","48.50","32","36.40","24","15.20","10","66"
"24 - 25 School Year","63","Oakland Schools","63150","Troy School District","06393","Athens High School","63","Oakland","LEA School","High School","City: Small","Science","Program Participation","Students with Disabilities","71.40","15","19.00","< 10","9.50","< 10","21"
"24 - 25 School Year","63","Oakland Schools","63150","Troy School District","06393","Athens High School","63","Oakland","LEA School","High School","City: Small","Math","Program Participation","Economically Disadvantaged","53.10","34","34.40","22","12.50","< 10","64"
"24 - 25 School Year","63","Oakland Schools","63150","Troy School District","06393","Athens High School","63","Oakland","LEA School","High School","City: Small","Math","Program Participation","English Learners","57.10","12","42.90","< 10","< 5","< 10","21"
"24 - 25 School Year","63","Oakland Schools","63150","Troy School District","06393","Athens High School","63","Oakland","LEA School","High School","City: Small","Math","Program Participation","Homeless","< 10","< 10","< 10","< 10","< 10","< 10","< 10"
"24 - 25 School Year","63","Oakland Schools","63150","Troy School District","06393","Athens High School","63","Oakland","LEA School","High School","City: Small","SocialStudies","Program Participation","English Learners","66.70","14","33.30","< 10","< 5","< 10","21"
"24 - 25 School Year","63","Oakland Schools","63150","Troy School District","06393","Athens High School","63","Oakland","LEA School","High School","City: Small","SocialStudies","Program Participation","Homeless","< 10","< 10","< 10","< 10","< 10","< 10","< 10"
"24 - 25 School Year","63","Oakland Schools","63150","Troy School District","06393","Athens High School","63","Oakland","LEA School","High School","City: Small","SocialStudies","Program Participation","Students with Disabilities","57.10","12","42.90","< 10","< 5","< 10","21"
"24 - 25 School Year","63","Oakland Schools","63150","Troy School District","06393","Athens High School","63","Oakland","LEA School","High School","City: Small","SocialStudies","Program Participation","Economically Disadvantaged","43.90","29","40.90","27","15.20","10","66"
"24 - 25 School Year","63","Oakland Schools","63150","Troy School District","06393","Athens High School","63","Oakland","LEA School","High School","City: Small","Math","Program Participation","Students with Disabilities","84.20","16","15.80","< 10","< 5","< 10","19"
"24 - 25 School Year","63","Oakland Schools","63150","Troy School District","06393","Athens High School","63","Oakland","LEA School","High School","City: Small","ELA","Program Participation","English Learners","71.40","15","28.60","< 10","< 5","< 10","21"
"24 - 25 School Year","63","Oakland Schools","63150","Troy School District","06393","Athens High School","63","Oakland","LEA School","High School","City: Small","ELA","Program Participation","Homeless","< 10","< 10","< 10","< 10","< 10","< 10","< 10"
"24 - 25 School Year","63","Oakland Schools","63150","Troy School District","06393","Athens High School","63","Oakland","LEA School","High School","City: Small","ELA","Program Participation","Students with Disabilities","84.20","16","5.30","< 10","10.50","< 10","19"
"24 - 25 School Year","63","Oakland Schools","63150","Troy School District","06393","Athens High School","63","Oakland","LEA School","High School","City: Small","ELA","Program Participation","Economically Disadvantaged","51.60","33","32.80","21","15.60","10","64"
"24 - 25 School Year","63","Oakland Schools","63150","Troy School District","06393","Athens High School","63","Oakland","LEA School","High School","City: Small","Science","Program Participation","English Learners","71.40","15","23.80","< 10","< 5","< 10","21"
"24 - 25 School Year","63","Oakland Schools","63150","Troy School District","06393","Athens High School","63","Oakland","LEA School","High School","City: Small","Science","Program Participation","Homeless","< 10","< 10","< 10","< 10","< 10","< 10","< 10"
"24 - 25 School Year","63","Oakland Schools","63150","Troy School District","06393","Athens High School","63","Oakland","LEA School","High School","City: Small","Science","Program Participation","Students without IEP","27.20","90","41.40","137","31.40","104","331"
"24 - 25 School Year","63","Oakland Schools","63150","Troy School District","06393","Athens High School","63","Oakland","LEA School","High School","City: Small","Math","Program Participation","Not Migrant","29.80","104","40.10","140","30.10","105","349"
"24 - 25 School Year","63","Oakland Schools","63150","Troy School District","06393","Athens High School","63","Oakland","LEA School","High School","City: Small","Math","Program Participation","Not English Learners","28.00","92","39.90","131","32.00","105","328"
"24 - 25 School Year","63","Oakland Schools","63150","Troy School District","06393","Athens High School","63","Oakland","LEA School","High School","City: Small","Math","Program Participation","Not Homeless","29.60","103","40.20","140","30.20","105","348"
"24 - 25 School Year","63","Oakland Schools","63150","Troy School District","06393","Athens High School","63","Oakland","LEA School","High School","City: Small","Math","Program Participation","Not Economically Disadvantaged","24.60","70","41.40","118","34.00","97","285"
"24 - 25 School Year","63","Oakland Schools","63150","Troy School District","06393","Athens High School","63","Oakland","LEA School","High School","City: Small","SocialStudies","Program Participation","Not Economically Disadvantaged","26.90","77","39.50","113","33.60","96","286"
"24 - 25 School Year","63","Oakland Schools","63150","Troy School District","06393","Athens High School","63","Oakland","LEA School","High School","City: Small","ELA","Race/Ethnicity","Native Hawaiian or Other Pacific Islander","< 10","< 10","< 10","< 10","< 10","< 10","< 10"
"24 - 25 School Year","63","Oakland Schools","63150","Troy School District","06393","Athens High School","63","Oakland","LEA School","High School","City: Small","SocialStudies","Race/Ethnicity","Native Hawaiian or Other Pacific Islander","< 10","< 10","< 10","< 10","< 10","< 10","< 10"
"24 - 25 School Year","63","Oakland Schools","63150","Troy School District","06393","Athens High School","63","Oakland","LEA School","High School","City: Small","Math","Race/Ethnicity","Native Hawaiian or Other Pacific Islander","< 10","< 10","< 10","< 10","< 10","< 10","< 10"
"24 - 25 School Year","63","Oakland Schools","63150","Troy School District","06393","Athens High School","63","Oakland","LEA School","High School","City: Small","Science","Race/Ethnicity","Native Hawaiian or Other Pacific Islander","< 10","< 10","< 10","< 10","< 10","< 10","< 10"
"24 - 25 School Year","63","Oakland Schools","63150","Troy School District","06393","Athens High School","63","Oakland","LEA School","High School","City: Small","Science","Gender","Male","31.60","61","33.70","65","34.70","67","193"
"24 - 25 School Year","63","Oakland Schools","63150","Troy School District","06393","Athens High School","63","Oakland","LEA School","High School","City: Small","ELA","Gender","Male","32.30","62","35.90","69","31.80","61","192"
"24 - 25 School Year","63","Oakland Schools","63150","Troy School District","06393","Athens High School","63","Oakland","LEA School","High School","City: Small","SocialStudies","Gender","Male","32.10","62","32.60","63","35.20","68","193"
"24 - 25 School Year","63","Oakland Schools","63150","Troy School District","06393","Athens High School","63","Oakland","LEA School","High School","City: Small","Math","Gender","Male","26.00","50","38.00","73","35.90","69","192"
"24 - 25 School Year","63","Oakland Schools","63150","Troy School District","06393","Athens High School","63","Oakland","LEA School","High School","City: Small","ELA","Race/Ethnicity","Hispanic","40.00","< 10","40.00","< 10","20.00","< 10","15"
"24 - 25 School Year","63","Oakland Schools","63150","Troy School District","06393","Athens High School","63","Oakland","LEA School","High School","City: Small","SocialStudies","Race/Ethnicity","Hispanic","33.30","< 10","26.70","< 10","40.00","< 10","15"
"24 - 25 School Year","63","Oakland Schools","63150","Troy School District","06393","Athens High School","63","Oakland","LEA School","High School","City: Small","Math","Race/Ethnicity","Hispanic","60.00","< 10","13.30","< 10","26.70","< 10","15"
"24 - 25 School Year","63","Oakland Schools","63150","Troy School District","06393","Athens High School","63","Oakland","LEA School","High School","City: Small","Science","Race/Ethnicity","Hispanic","33.30","< 10","40.00","< 10","26.70","< 10","15"
"24 - 25 School Year","63","Oakland Schools","63150","Troy School District","06393","Athens High School","63","Oakland","LEA School","High School","City: Small","Science","Gender","Female","27.70","44","47.80","76","24.50","39","159"
"24 - 25 School Year","63","Oakland Schools","63150","Troy School District","06393","Athens High School","63","Oakland","LEA School","High School","City: Small","ELA","Gender","Female","27.40","43","44.60","70","28.00","44","157"
"24 - 25 School Year","63","Oakland Schools","63150","Troy School District","06393","Athens High School","63","Oakland","LEA School","High School","City: Small","SocialStudies","Gender","Female","27.70","44","48.40","77","23.90","38","159"
"24 - 25 School Year","63","Oakland Schools","63150","Troy School District","06393","Athens High School","63","Oakland","LEA School","High School","City: Small","Math","Gender","Female","34.40","54","42.70","67","22.90","36","157"
"24 - 25 School Year","63","Oakland Schools","63150","Troy School District","06393","Athens High School","63","Oakland","LEA School","High School","City: Small","ELA","Race/Ethnicity","Black, not of Hispanic origin","65.20","15","26.10","< 10","8.70","< 10","23"
"24 - 25 School Year","63","Oakland Schools","63150","Troy School District","06393","Athens High School","63","Oakland","LEA School","High School","City: Small","SocialStudies","Race/Ethnicity","Black, not of Hispanic origin","37.50","< 10","45.80","11","16.70","< 10","24"
"24 - 25 School Year","63","Oakland Schools","63150","Troy School District","06393","Athens High School","63","Oakland","LEA School","High School","City: Small","Math","Race/Ethnicity","Black, not of Hispanic origin","65.20","15","34.80","< 10","< 5","< 10","23"
"24 - 25 School Year","63","Oakland Schools","63150","Troy School District","06393","Athens High School","63","Oakland","LEA School","High School","City: Small","Science","Race/Ethnicity","Black, not of Hispanic origin","54.20","13","33.30","< 10","12.50","< 10","24"
"24 - 25 School Year","63","Oakland Schools","63150","Troy School District","06393","Athens High School","63","Oakland","LEA School","High School","City: Small","Science","Race/Ethnicity","Asian","13.60","11","39.50","32","46.90","38","81"
"24 - 25 School Year","63","Oakland Schools","63150","Troy School District","06393","Athens High School","63","Oakland","LEA School","High School","City: Small","ELA","Race/Ethnicity","Asian","12.30","10","29.60","24","58.00","47","81"
"24 - 25 School Year","63","Oakland Schools","63150","Troy School District","06393","Athens High School","63","Oakland","LEA School","High School","City: Small","SocialStudies","Race/Ethnicity","Asian","18.50","15","35.80","29","45.70","37","81"
"24 - 25 School Year","63","Oakland Schools","63150","Troy School District","06393","Athens High School","63","Oakland","LEA School","High School","City: Small","Math","Race/Ethnicity","Asian","6.20","< 10","34.60","28","59.30","48","81"
"24 - 25 School Year","63","Oakland Schools","63150","Troy School District","06393","Athens High School","63","Oakland","LEA School","High School","City: Small","ELA","Grade","12","< 10","< 10","< 10","< 10","< 10","< 10","< 10"
"24 - 25 School Year","63","Oakland Schools","63150","Troy School District","06393","Athens High School","63","Oakland","LEA School","High School","City: Small","SocialStudies","Grade","12","< 10","< 10","< 10","< 10","< 10","< 10","< 10"
"24 - 25 School Year","63","Oakland Schools","63150","Troy School District","06393","Athens High School","63","Oakland","LEA School","High School","City: Small","Science","Grade","11","29.40","102","40.30","140","30.30","105","347"
"24 - 25 School Year","63","Oakland Schools","63150","Troy School District","06393","Athens High School","63","Oakland","LEA School","High School","City: Small","SocialStudies","Grade","11","29.70","103","40.30","140","30.00","104","347"
"24 - 25 School Year","63","Oakland Schools","63150","Troy School District","06393","Athens High School","63","Oakland","LEA School","High School","City: Small","Math","Grade","11","29.10","100","40.40","139","30.50","105","344"
"24 - 25 School Year","63","Oakland Schools","63150","Troy School District","06393","Athens High School","63","Oakland","LEA School","High School","City: Small","ELA","Grade","11","29.70","102","39.80","137","30.50","105","344"
"24 - 25 School Year","63","Oakland Schools","63150","Troy School District","06393","Athens High School","63","Oakland","LEA School","High School","City: Small","Science","Grade","12","< 10","< 10","< 10","< 10","< 10","< 10","< 10"
"24 - 25 School Year","63","Oakland Schools","63150","Troy School District","06393","Athens High School","63","Oakland","LEA School","High School","City: Small","Math","Grade","12","< 10","< 10","< 10","< 10","< 10","< 10","< 10"
"24 - 25 School Year","63","Oakland Schools","63150","Troy School District","06939","Wass Elementary School","63","Oakland","LEA School","Elementary","City: Small","Math","Grade","03","34.70","26","40.00","30","25.30","19","75"
"24 - 25 School Year","63","Oakland Schools","63150","Troy School District","06939","Wass Elementary School","63","Oakland","LEA School","Elementary","City: Small","ELA","Grade","03","29.70","22","41.90","31","28.40","21","74"
"24 - 25 School Year","63","Oakland Schools","63150","Troy School District","06939","Wass Elementary School","63","Oakland","LEA School","Elementary","City: Small","Math","Grade","04","30.10","22","34.20","25","35.60","26","73"
"24 - 25 School Year","63","Oakland Schools","63150","Troy School District","06939","Wass Elementary School","63","Oakland","LEA School","Elementary","City: Small","ELA","Grade","04","28.80","21","37.00","27","34.20","25","73"
"24 - 25 School Year","63","Oakland Schools","63150","Troy School District","06939","Wass Elementary School","63","Oakland","LEA School","Elementary","City: Small","Math","Grade","05","24.30","17","47.10","33","28.60","20","70"
"24 - 25 School Year","63","Oakland Schools","63150","Troy School District","06939","Wass Elementary School","63","Oakland","LEA School","Elementary","City: Small","Science","Grade","05","30.00","21","40.00","28","30.00","21","70"
"24 - 25 School Year","63","Oakland Schools","63150","Troy School District","06939","Wass Elementary School","63","Oakland","LEA School","Elementary","City: Small","ELA","Grade","05","31.40","22","41.40","29","27.10","19","70"
"24 - 25 School Year","63","Oakland Schools","63150","Troy School District","06939","Wass Elementary School","63","Oakland","LEA School","Elementary","City: Small","SocialStudies","Grade","05","30.00","21","40.00","28","30.00","21","70"
"24 - 25 School Year","63","Oakland Schools","63150","Troy School District","06939","Wass Elementary School","63","Oakland","LEA School","Elementary","City: Small","Math","Race/Ethnicity","Asian","19.70","13","30.30","20","50.00","33","66"
"24 - 25 School Year","63","Oakland Schools","63150","Troy School District","06939","Wass Elementary School","63","Oakland","LEA School","Elementary","City: Small","ELA","Race/Ethnicity","Asian","30.30","20","33.30","22","36.40","24","66"
"24 - 25 School Year","63","Oakland Schools","63150","Troy School District","06939","Wass Elementary School","63","Oakland","LEA School","Elementary","City: Small","Science","Race/Ethnicity","Asian","13.60","< 10","40.90","< 10","45.50","10","22"
"24 - 25 School Year","63","Oakland Schools","63150","Troy School District","06939","Wass Elementary School","63","Oakland","LEA School","Elementary","City: Small","SocialStudies","Race/Ethnicity","Asian","27.30","< 10","36.40","< 10","36.40","< 10","22"
"24 - 25 School Year","63","Oakland Schools","63150","Troy School District","06939","Wass Elementary School","63","Oakland","LEA School","Elementary","City: Small","Math","Race/Ethnicity","Black, not of Hispanic origin","< 10","< 10","< 10","< 10","< 10","< 10","< 10"
"24 - 25 School Year","63","Oakland Schools","63150","Troy School District","06939","Wass Elementary School","63","Oakland","LEA School","Elementary","City: Small","Science","Race/Ethnicity","Black, not of Hispanic origin","< 10","< 10","< 10","< 10","< 10","< 10","< 10"
"24 - 25 School Year","63","Oakland Schools","63150","Troy School District","06939","Wass Elementary School","63","Oakland","LEA School","Elementary","City: Small","ELA","Race/Ethnicity","Black, not of Hispanic origin","< 10","< 10","< 10","< 10","< 10","< 10","< 10"
"24 - 25 School Year","63","Oakland Schools","63150","Troy School District","06939","Wass Elementary School","63","Oakland","LEA School","Elementary","City: Small","SocialStudies","Race/Ethnicity","Black, not of Hispanic origin","< 10","< 10","< 10","< 10","< 10","< 10","< 10"
"24 - 25 School Year","63","Oakland Schools","63150","Troy School District","06939","Wass Elementary School","63","Oakland","LEA School","Elementary","City: Small","SocialStudies","Gender","Female","27.50","11","47.50","19","25.00","10","40"
"24 - 25 School Year","63","Oakland Schools","63150","Troy School District","06939","Wass Elementary School","63","Oakland","LEA School","Elementary","City: Small","Math","Gender","Female","41.30","43","38.50","40","20.20","21","104"
"24 - 25 School Year","63","Oakland Schools","63150","Troy School District","06939","Wass Elementary School","63","Oakland","LEA School","Elementary","City: Small","ELA","Gender","Female","32.70","34","41.30","43","26.00","27","104"
"24 - 25 School Year","63","Oakland Schools","63150","Troy School District","06939","Wass Elementary School","63","Oakland","LEA School","Elementary","City: Small","Science","Gender","Female","22.50","< 10","47.50","19","30.00","12","40"
"24 - 25 School Year","63","Oakland Schools","63150","Troy School District","06939","Wass Elementary School","63","Oakland","LEA School","Elementary","City: Small","Math","Race/Ethnicity","Hispanic","28.60","< 10","28.60","< 10","42.90","< 10","14"
"24 - 25 School Year","63","Oakland Schools","63150","Troy School District","06939","Wass Elementary School","63","Oakland","LEA School","Elementary","City: Small","Science","Race/Ethnicity","Hispanic","< 10","< 10","< 10","< 10","< 10","< 10","< 10"
"24 - 25 School Year","63","Oakland Schools","63150","Troy School District","06939","Wass Elementary School","63","Oakland","LEA School","Elementary","City: Small","ELA","Race/Ethnicity","Hispanic","30.80","< 10","23.10","< 10","46.20","< 10","13"
"24 - 25 School Year","63","Oakland Schools","63150","Troy School District","06939","Wass Elementary School","63","Oakland","LEA School","Elementary","City: Small","SocialStudies","Race/Ethnicity","Hispanic","< 10","< 10","< 10","< 10","< 10","< 10","< 10"
"24 - 25 School Year","63","Oakland Schools","63150","Troy School District","06939","Wass Elementary School","63","Oakland","LEA School","Elementary","City: Small","SocialStudies","Gender","Male","33.30","10","30.00","< 10","36.70","11","30"
"24 - 25 School Year","63","Oakland Schools","63150","Troy School District","06939","Wass Elementary School","63","Oakland","LEA School","Elementary","City: Small","Math","Gender","Male","19.30","22","42.10","48","38.60","44","114"
"24 - 25 School Year","63","Oakland Schools","63150","Troy School District","06939","Wass Elementary School","63","Oakland","LEA School","Elementary","City: Small","ELA","Gender","Male","27.40","31","38.90","44","33.60","38","113"
"24 - 25 School Year","63","Oakland Schools","63150","Troy School District","06939","Wass Elementary School","63","Oakland","LEA School","Elementary","City: Small","Science","Gender","Male","40.00","12","30.00","< 10","30.00","< 10","30"
"24 - 25 School Year","63","Oakland Schools","63150","Troy School District","06939","Wass Elementary School","63","Oakland","LEA School","Elementary","City: Small","SocialStudies","Program Participation","Not Homeless","30.00","21","40.00","28","30.00","21","70"
"24 - 25 School Year","63","Oakland Schools","63150","Troy School District","06939","Wass Elementary School","63","Oakland","LEA School","Elementary","City: Small","Math","Program Participation","Not Economically Disadvantaged","26.90","52","40.90","79","32.10","62","193"
"24 - 25 School Year","63","Oakland Schools","63150","Troy School District","06939","Wass Elementary School","63","Oakland","LEA School","Elementary","City: Small","Math","Program Participation","Students without IEP","22.30","41","44.60","82","33.20","61","184"
"24 - 25 School Year","63","Oakland Schools","63150","Troy School District","06939","Wass Elementary School","63","Oakland","LEA School","Elementary","City: Small","ELA","Program Participation","Not Homeless","30.00","65","40.10","87","30.00","65","217"
"24 - 25 School Year","63","Oakland Schools","63150","Troy School District","06939","Wass Elementary School","63","Oakland","LEA School","Elementary","City: Small","ELA","Program Participation","Not English Learners","24.60","46","41.20","77","34.20","64","187"
"24 - 25 School Year","63","Oakland Schools","63150","Troy School District","06939","Wass Elementary School","63","Oakland","LEA School","Elementary","City: Small","ELA","Program Participation","Not Migrant","30.00","65","40.10","87","30.00","65","217"
"24 - 25 School Year","63","Oakland Schools","63150","Troy School District","06939","Wass Elementary School","63","Oakland","LEA School","Elementary","City: Small","SocialStudies","Program Participation","English Learners","< 10","< 10","< 10","< 10","< 10","< 10","< 10"
"24 - 25 School Year","63","Oakland Schools","63150","Troy School District","06939","Wass Elementary School","63","Oakland","LEA School","Elementary","City: Small","Science","Program Participation","English Learners","< 10","< 10","< 10","< 10","< 10","< 10","< 10"
"24 - 25 School Year","63","Oakland Schools","63150","Troy School District","06939","Wass Elementary School","63","Oakland","LEA School","Elementary","City: Small","SocialStudies","Program Participation","Students with Disabilities","< 10","< 10","< 10","< 10","< 10","< 10","< 10"
"24 - 25 School Year","63","Oakland Schools","63150","Troy School District","06939","Wass Elementary School","63","Oakland","LEA School","Elementary","City: Small","SocialStudies","Program Participation","Economically Disadvantaged","< 10","< 10","< 10","< 10","< 10","< 10","< 10"
"24 - 25 School Year","63","Oakland Schools","63150","Troy School District","06939","Wass Elementary School","63","Oakland","LEA School","Elementary","City: Small","ELA","Program Participation","Students with Disabilities","58.80","20","32.40","11","8.80","< 10","34"
"24 - 25 School Year","63","Oakland Schools","63150","Troy School District","06939","Wass Elementary School","63","Oakland","LEA School","Elementary","City: Small","ELA","Program Participation","Economically Disadvantaged","48.00","12","36.00","< 10","16.00","< 10","25"
"24 - 25 School Year","63","Oakland Schools","63150","Troy School District","06939","Wass Elementary School","63","Oakland","LEA School","Elementary","City: Small","Math","Program Participation","English Learners","51.60","16","32.30","10","16.10","< 10","31"
"24 - 25 School Year","63","Oakland Schools","63150","Troy School District","06939","Wass Elementary School","63","Oakland","LEA School","Elementary","City: Small","Science","Program Participation","Students with Disabilities","< 10","< 10","< 10","< 10","< 10","< 10","< 10"
"24 - 25 School Year","63","Oakland Schools","63150","Troy School District","06939","Wass Elementary School","63","Oakland","LEA School","Elementary","City: Small","Science","Program Participation","Economically Disadvantaged","< 10","< 10","< 10","< 10","< 10","< 10","< 10"
"24 - 25 School Year","63","Oakland Schools","63150","Troy School District","06939","Wass Elementary School","63","Oakland","LEA School","Elementary","City: Small","ELA","Program Participation","English Learners","63.30","19","33.30","10","< 5","< 10","30"
"24 - 25 School Year","63","Oakland Schools","63150","Troy School District","06939","Wass Elementary School","63","Oakland","LEA School","Elementary","City: Small","Math","Program Participation","Students with Disabilities","70.60","24","17.60","< 10","11.80","< 10","34"
"24 - 25 School Year","63","Oakland Schools","63150","Troy School District","06939","Wass Elementary School","63","Oakland","LEA School","Elementary","City: Small","Math","Program Participation","Economically Disadvantaged","52.00","13","36.00","< 10","12.00","< 10","25"
"24 - 25 School Year","63","Oakland Schools","63150","Troy School District","06939","Wass Elementary School","63","Oakland","LEA School","Elementary","City: Small","SocialStudies","Race/Ethnicity","White, not of Hispanic origin","29.70","11","45.90","17","24.30","< 10","37"
"24 - 25 School Year","63","Oakland Schools","63150","Troy School District","06939","Wass Elementary School","63","Oakland","LEA School","Elementary","City: Small","ELA","Race/Ethnicity","White, not of Hispanic origin","29.90","35","45.30","53","24.80","29","117"
"24 - 25 School Year","63","Oakland Schools","63150","Troy School District","06939","Wass Elementary School","63","Oakland","LEA School","Elementary","City: Small","Science","Race/Ethnicity","White, not of Hispanic origin","40.50","15","43.20","16","16.20","< 10","37"
"24 - 25 School Year","63","Oakland Schools","63150","Troy School District","06939","Wass Elementary School","63","Oakland","LEA School","Elementary","City: Small","Math","Race/Ethnicity","White, not of Hispanic origin","31.60","37","51.30","60","17.10","20","117"
"24 - 25 School Year","63","Oakland Schools","63150","Troy School District","06939","Wass Elementary School","63","Oakland","LEA School","Elementary","City: Small","SocialStudies","Race/Ethnicity","Two or More Races","< 10","< 10","< 10","< 10","< 10","< 10","< 10"
"24 - 25 School Year","63","Oakland Schools","63150","Troy School District","06939","Wass Elementary School","63","Oakland","LEA School","Elementary","City: Small","ELA","Race/Ethnicity","Two or More Races","18.80","< 10","43.80","< 10","37.50","< 10","16"
"24 - 25 School Year","63","Oakland Schools","63150","Troy School District","06939","Wass Elementary School","63","Oakland","LEA School","Elementary","City: Small","Science","Race/Ethnicity","Two or More Races","< 10","< 10","< 10","< 10","< 10","< 10","< 10"
"24 - 25 School Year","63","Oakland Schools","63150","Troy School District","06939","Wass Elementary School","63","Oakland","LEA School","Elementary","City: Small","Math","Race/Ethnicity","Two or More Races","37.50","< 10","25.00","< 10","37.50","< 10","16"
"24 - 25 School Year","63","Oakland Schools","63150","Troy School District","06939","Wass Elementary School","63","Oakland","LEA School","Elementary","City: Small","SocialStudies","Program Participation","Not Migrant","30.00","21","40.00","28","30.00","21","70"
"24 - 25 School Year","63","Oakland Schools","63150","Troy School District","06939","Wass Elementary School","63","Oakland","LEA School","Elementary","City: Small","SocialStudies","Program Participation","Not English Learners","25.40","16","41.30","26","33.30","21","63"
"24 - 25 School Year","63","Oakland Schools","63150","Troy School District","06939","Wass Elementary School","63","Oakland","LEA School","Elementary","City: Small","Science","Program Participation","Not Migrant","30.00","21","40.00","28","30.00","21","70"
"24 - 25 School Year","63","Oakland Schools","63150","Troy School District","06939","Wass Elementary School","63","Oakland","LEA School","Elementary","City: Small","Science","Program Participation","Not English Learners","27.00","17","39.70","25","33.30","21","63"
"24 - 25 School Year","63","Oakland Schools","63150","Troy School District","06939","Wass Elementary School","63","Oakland","LEA School","Elementary","City: Small","Science","Program Participation","Not Homeless","30.00","21","40.00","28","30.00","21","70"
"24 - 25 School Year","63","Oakland Schools","63150","Troy School District","06939","Wass Elementary School","63","Oakland","LEA School","Elementary","City: Small","SocialStudies","Program Participation","Students without IEP","26.60","17","40.60","26","32.80","21","64"
"24 - 25 School Year","63","Oakland Schools","63150","Troy School District","06939","Wass Elementary School","63","Oakland","LEA School","Elementary","City: Small","SocialStudies","Program Participation","Not Economically Disadvantaged","26.20","16","42.60","26","31.10","19","61"
"24 - 25 School Year","63","Oakland Schools","63150","Troy School District","06939","Wass Elementary School","63","Oakland","LEA School","Elementary","City: Small","ELA","Program Participation","Students without IEP","24.60","45","41.50","76","33.90","62","183"
"24 - 25 School Year","63","Oakland Schools","63150","Troy School District","06939","Wass Elementary School","63","Oakland","LEA School","Elementary","City: Small","ELA","Program Participation","Not Economically Disadvantaged","27.60","53","40.60","78","31.80","61","192"
"24 - 25 School Year","63","Oakland Schools","63150","Troy School District","06939","Wass Elementary School","63","Oakland","LEA School","Elementary","City: Small","Science","Program Participation","Students without IEP","29.70","19","40.60","26","29.70","19","64"
"24 - 25 School Year","63","Oakland Schools","63150","Troy School District","06939","Wass Elementary School","63","Oakland","LEA School","Elementary","City: Small","Science","Program Participation","Not Economically Disadvantaged","29.50","18","42.60","26","27.90","17","61"
"24 - 25 School Year","63","Oakland Schools","63150","Troy School District","06939","Wass Elementary School","63","Oakland","LEA School","Elementary","City: Small","Math","Program Participation","Not Migrant","29.80","65","40.40","88","29.80","65","218"
"24 - 25 School Year","63","Oakland Schools","63150","Troy School District","06939","Wass Elementary School","63","Oakland","LEA School","Elementary","City: Small","Math","Program Participation","Not English Learners","26.20","49","41.70","78","32.10","60","187"
"24 - 25 School Year","63","Oakland Schools","63150","Troy School District","06939","Wass Elementary School","63","Oakland","LEA School","Elementary","City: Small","Math","Program Participation","Not Homeless","29.80","65","40.40","88","29.80","65","218"
"24 - 25 School Year","63","Oakland Schools","63150","Troy School District","06940","Bemis Elementary School","63","Oakland","LEA School","Elementary","City: Small","Science","Program Participation","Not Homeless","30.40","28","39.10","36","30.40","28","92"
"24 - 25 School Year","63","Oakland Schools","63150","Troy School District","06940","Bemis Elementary School","63","Oakland","LEA School","Elementary","City: Small","Science","Program Participation","Not English Learners","25.00","19","42.10","32","32.90","25","76"
"24 - 25 School Year","63","Oakland Schools","63150","Troy School District","06940","Bemis Elementary School","63","Oakland","LEA School","Elementary","City: Small","Science","Program Participation","Not Migrant","30.40","28","39.10","36","30.40","28","92"
"24 - 25 School Year","63","Oakland Schools","63150","Troy School District","06940","Bemis Elementary School","63","Oakland","LEA School","Elementary","City: Small","SocialStudies","Program Participation","Not Economically Disadvantaged","27.40","23","41.70","35","31.00","26","84"
"24 - 25 School Year","63","Oakland Schools","63150","Troy School District","06940","Bemis Elementary School","63","Oakland","LEA School","Elementary","City: Small","SocialStudies","Program Participation","Not Homeless","29.70","27","40.70","37","29.70","27","91"
"24 - 25 School Year","63","Oakland Schools","63150","Troy School District","06940","Bemis Elementary School","63","Oakland","LEA School","Elementary","City: Small","SocialStudies","Program Participation","Not English Learners","23.70","18","47.40","36","28.90","22","76"
"24 - 25 School Year","63","Oakland Schools","63150","Troy School District","06940","Bemis Elementary School","63","Oakland","LEA School","Elementary","City: Small","SocialStudies","Program Participation","Not Migrant","29.70","27","40.70","37","29.70","27","91"
"24 - 25 School Year","63","Oakland Schools","63150","Troy School District","06940","Bemis Elementary School","63","Oakland","LEA School","Elementary","City: Small","SocialStudies","Program Participation","Students without IEP","24.10","20","43.40","36","32.50","27","83"
"24 - 25 School Year","63","Oakland Schools","63150","Troy School District","06940","Bemis Elementary School","63","Oakland","LEA School","Elementary","City: Small","ELA","Program Participation","Not Economically Disadvantaged","27.70","59","41.30","88","31.00","66","213"
"24 - 25 School Year","63","Oakland Schools","63150","Troy School District","06940","Bemis Elementary School","63","Oakland","LEA School","Elementary","City: Small","ELA","Program Participation","Not Homeless","30.20","70","39.70","92","30.20","70","232"
"24 - 25 School Year","63","Oakland Schools","63150","Troy School District","06940","Bemis Elementary School","63","Oakland","LEA School","Elementary","City: Small","ELA","Program Participation","Not English Learners","26.00","47","38.70","70","35.40","64","181"
"24 - 25 School Year","63","Oakland Schools","63150","Troy School District","06940","Bemis Elementary School","63","Oakland","LEA School","Elementary","City: Small","ELA","Program Participation","Not Migrant","30.20","70","39.70","92","30.20","70","232"
"24 - 25 School Year","63","Oakland Schools","63150","Troy School District","06940","Bemis Elementary School","63","Oakland","LEA School","Elementary","City: Small","Math","Program Participation","Students without IEP","26.00","56","41.90","90","32.10","69","215"
"24 - 25 School Year","63","Oakland Schools","63150","Troy School District","06940","Bemis Elementary School","63","Oakland","LEA School","Elementary","City: Small","Math","Program Participation","Not Migrant","30.10","71","39.80","94","30.10","71","236"
"24 - 25 School Year","63","Oakland Schools","63150","Troy School District","06940","Bemis Elementary School","63","Oakland","LEA School","Elementary","City: Small","Science","Program Participation","Students without IEP","25.30","21","41.00","34","33.70","28","83"
"24 - 25 School Year","63","Oakland Schools","63150","Troy School District","06940","Bemis Elementary School","63","Oakland","LEA School","Elementary","City: Small","ELA","Program Participation","Students without IEP","25.10","53","41.70","88","33.20","70","211"
"24 - 25 School Year","63","Oakland Schools","63150","Troy School District","06940","Bemis Elementary School","63","Oakland","LEA School","Elementary","City: Small","Math","Race/Ethnicity","Two or More Races","< 5","< 10","66.70","< 10","33.30","< 10","12"
"24 - 25 School Year","63","Oakland Schools","63150","Troy School District","06940","Bemis Elementary School","63","Oakland","LEA School","Elementary","City: Small","Science","Race/Ethnicity","Two or More Races","< 10","< 10","< 10","< 10","< 10","< 10","< 10"
"24 - 25 School Year","63","Oakland Schools","63150","Troy School District","06940","Bemis Elementary School","63","Oakland","LEA School","Elementary","City: Small","SocialStudies","Race/Ethnicity","Two or More Races","< 10","< 10","< 10","< 10","< 10","< 10","< 10"
"24 - 25 School Year","63","Oakland Schools","63150","Troy School District","06940","Bemis Elementary School","63","Oakland","LEA School","Elementary","City: Small","ELA","Race/Ethnicity","Two or More Races","< 5","< 10","41.70","< 10","58.30","< 10","12"
"24 - 25 School Year","63","Oakland Schools","63150","Troy School District","06940","Bemis Elementary School","63","Oakland","LEA School","Elementary","City: Small","Math","Race/Ethnicity","White, not of Hispanic origin","45.90","34","40.50","30","13.50","10","74"
"24 - 25 School Year","63","Oakland Schools","63150","Troy School District","06940","Bemis Elementary School","63","Oakland","LEA School","Elementary","City: Small","Science","Race/Ethnicity","White, not of Hispanic origin","36.00","< 10","44.00","11","20.00","< 10","25"
"24 - 25 School Year","63","Oakland Schools","63150","Troy School District","06940","Bemis Elementary School","63","Oakland","LEA School","Elementary","City: Small","SocialStudies","Race/Ethnicity","White, not of Hispanic origin","32.00","< 10","56.00","14","12.00","< 10","25"
"24 - 25 School Year","63","Oakland Schools","63150","Troy School District","06940","Bemis Elementary School","63","Oakland","LEA School","Elementary","City: Small","ELA","Race/Ethnicity","White, not of Hispanic origin","33.80","25","41.90","31","24.30","18","74"
"24 - 25 School Year","63","Oakland Schools","63150","Troy School District","06940","Bemis Elementary School","63","Oakland","LEA School","Elementary","City: Small","Math","Program Participation","Economically Disadvantaged","73.70","14","15.80","< 10","10.50","< 10","19"
"24 - 25 School Year","63","Oakland Schools","63150","Troy School District","06940","Bemis Elementary School","63","Oakland","LEA School","Elementary","City: Small","Math","Program Participation","English Learners","40.00","22","36.40","20","23.60","13","55"
"24 - 25 School Year","63","Oakland Schools","63150","Troy School District","06940","Bemis Elementary School","63","Oakland","LEA School","Elementary","City: Small","Science","Program Participation","English Learners","56.30","< 10","25.00","< 10","18.80","< 10","16"
"24 - 25 School Year","63","Oakland Schools","63150","Troy School District","06940","Bemis Elementary School","63","Oakland","LEA School","Elementary","City: Small","Science","Program Participation","Economically Disadvantaged","< 10","< 10","< 10","< 10","< 10","< 10","< 10"
"24 - 25 School Year","63","Oakland Schools","63150","Troy School District","06940","Bemis Elementary School","63","Oakland","LEA School","Elementary","City: Small","SocialStudies","Program Participation","Students with Disabilities","< 10","< 10","< 10","< 10","< 10","< 10","< 10"
"24 - 25 School Year","63","Oakland Schools","63150","Troy School District","06940","Bemis Elementary School","63","Oakland","LEA School","Elementary","City: Small","SocialStudies","Program Participation","Economically Disadvantaged","< 10","< 10","< 10","< 10","< 10","< 10","< 10"
"24 - 25 School Year","63","Oakland Schools","63150","Troy School District","06940","Bemis Elementary School","63","Oakland","LEA School","Elementary","City: Small","SocialStudies","Program Participation","English Learners","60.00","< 10","6.70","< 10","33.30","< 10","15"
"24 - 25 School Year","63","Oakland Schools","63150","Troy School District","06940","Bemis Elementary School","63","Oakland","LEA School","Elementary","City: Small","Math","Program Participation","Students with Disabilities","71.40","15","19.00","< 10","9.50","< 10","21"
"24 - 25 School Year","63","Oakland Schools","63150","Troy School District","06940","Bemis Elementary School","63","Oakland","LEA School","Elementary","City: Small","ELA","Program Participation","English Learners","45.10","23","43.10","22","11.80","< 10","51"
"24 - 25 School Year","63","Oakland Schools","63150","Troy School District","06940","Bemis Elementary School","63","Oakland","LEA School","Elementary","City: Small","ELA","Program Participation","Economically Disadvantaged","57.90","11","21.10","< 10","21.10","< 10","19"
"24 - 25 School Year","63","Oakland Schools","63150","Troy School District","06940","Bemis Elementary School","63","Oakland","LEA School","Elementary","City: Small","Science","Program Participation","Not Economically Disadvantaged","28.20","24","40.00","34","31.80","27","85"
"24 - 25 School Year","63","Oakland Schools","63150","Troy School District","06940","Bemis Elementary School","63","Oakland","LEA School","Elementary","City: Small","Math","Program Participation","Not Economically Disadvantaged","26.30","57","41.90","91","31.80","69","217"
"24 - 25 School Year","63","Oakland Schools","63150","Troy School District","06940","Bemis Elementary School","63","Oakland","LEA School","Elementary","City: Small","Math","Program Participation","Not English Learners","27.10","49","40.90","74","32.00","58","181"
"24 - 25 School Year","63","Oakland Schools","63150","Troy School District","06940","Bemis Elementary School","63","Oakland","LEA School","Elementary","City: Small","Math","Program Participation","Not Homeless","30.10","71","39.80","94","30.10","71","236"
"24 - 25 School Year","63","Oakland Schools","63150","Troy School District","06940","Bemis Elementary School","63","Oakland","LEA School","Elementary","City: Small","ELA","Gender","Male","30.90","38","37.40","46","31.70","39","123"
"24 - 25 School Year","63","Oakland Schools","63150","Troy School District","06940","Bemis Elementary School","63","Oakland","LEA School","Elementary","City: Small","SocialStudies","Gender","Male","28.00","14","40.00","20","32.00","16","50"
"24 - 25 School Year","63","Oakland Schools","63150","Troy School District","06940","Bemis Elementary School","63","Oakland","LEA School","Elementary","City: Small","Science","Gender","Male","29.40","15","39.20","20","31.40","16","51"
"24 - 25 School Year","63","Oakland Schools","63150","Troy School District","06940","Bemis Elementary School","63","Oakland","LEA School","Elementary","City: Small","Math","Gender","Male","24.00","30","40.80","51","35.20","44","125"
"24 - 25 School Year","63","Oakland Schools","63150","Troy School District","06940","Bemis Elementary School","63","Oakland","LEA School","Elementary","City: Small","ELA","Race/Ethnicity","Hispanic","< 10","< 10","< 10","< 10","< 10","< 10","< 10"
"24 - 25 School Year","63","Oakland Schools","63150","Troy School District","06940","Bemis Elementary School","63","Oakland","LEA School","Elementary","City: Small","SocialStudies","Race/Ethnicity","Hispanic","< 10","< 10","< 10","< 10","< 10","< 10","< 10"
"24 - 25 School Year","63","Oakland Schools","63150","Troy School District","06940","Bemis Elementary School","63","Oakland","LEA School","Elementary","City: Small","Science","Race/Ethnicity","Hispanic","< 10","< 10","< 10","< 10","< 10","< 10","< 10"
"24 - 25 School Year","63","Oakland Schools","63150","Troy School District","06940","Bemis Elementary School","63","Oakland","LEA School","Elementary","City: Small","Math","Race/Ethnicity","Hispanic","< 10","< 10","< 10","< 10","< 10","< 10","< 10"
"24 - 25 School Year","63","Oakland Schools","63150","Troy School District","06940","Bemis Elementary School","63","Oakland","LEA School","Elementary","City: Small","ELA","Gender","Female","29.40","32","42.20","46","28.40","31","109"
"24 - 25 School Year","63","Oakland Schools","63150","Troy School District","06940","Bemis Elementary School","63","Oakland","LEA School","Elementary","City: Small","SocialStudies","Gender","Female","31.70","13","41.50","17","26.80","11","41"
"24 - 25 School Year","63","Oakland Schools","63150","Troy School District","06940","Bemis Elementary School","63","Oakland","LEA School","Elementary","City: Small","Science","Gender","Female","31.70","13","39.00","16","29.30","12","41"
"24 - 25 School Year","63","Oakland Schools","63150","Troy School District","06940","Bemis Elementary School","63","Oakland","LEA School","Elementary","City: Small","Math","Gender","Female","36.90","41","38.70","43","24.30","27","111"
"24 - 25 School Year","63","Oakland Schools","63150","Troy School District","06940","Bemis Elementary School","63","Oakland","LEA School","Elementary","City: Small","ELA","Race/Ethnicity","Black, not of Hispanic origin","< 10","< 10","< 10","< 10","< 10","< 10","< 10"
"24 - 25 School Year","63","Oakland Schools","63150","Troy School District","06940","Bemis Elementary School","63","Oakland","LEA School","Elementary","City: Small","SocialStudies","Race/Ethnicity","Black, not of Hispanic origin","< 10","< 10","< 10","< 10","< 10","< 10","< 10"
"24 - 25 School Year","63","Oakland Schools","63150","Troy School District","06940","Bemis Elementary School","63","Oakland","LEA School","Elementary","City: Small","Science","Race/Ethnicity","Black, not of Hispanic origin","< 10","< 10","< 10","< 10","< 10","< 10","< 10"
"24 - 25 School Year","63","Oakland Schools","63150","Troy School District","06940","Bemis Elementary School","63","Oakland","LEA School","Elementary","City: Small","Math","Race/Ethnicity","Black, not of Hispanic origin","< 10","< 10","< 10","< 10","< 10","< 10","< 10"
"24 - 25 School Year","63","Oakland Schools","63150","Troy School District","06940","Bemis Elementary School","63","Oakland","LEA School","Elementary","City: Small","ELA","Race/Ethnicity","Asian","27.70","36","40.00","52","32.30","42","130"
"24 - 25 School Year","63","Oakland Schools","63150","Troy School District","06940","Bemis Elementary School","63","Oakland","LEA School","Elementary","City: Small","SocialStudies","Race/Ethnicity","Asian","25.50","14","36.40","20","38.20","21","55"
"24 - 25 School Year","63","Oakland Schools","63150","Troy School District","06940","Bemis Elementary School","63","Oakland","LEA School","Elementary","City: Small","Science","Race/Ethnicity","Asian","25.00","14","41.10","23","33.90","19","56"
"24 - 25 School Year","63","Oakland Schools","63150","Troy School District","06940","Bemis Elementary School","63","Oakland","LEA School","Elementary","City: Small","Math","Race/Ethnicity","Asian","20.30","27","38.30","51","41.40","55","133"
"24 - 25 School Year","63","Oakland Schools","63150","Troy School District","06940","Bemis Elementary School","63","Oakland","LEA School","Elementary","City: Small","ELA","Grade","05","33.70","30","38.20","34","28.10","25","89"
"24 - 25 School Year","63","Oakland Schools","63150","Troy School District","06940","Bemis Elementary School","63","Oakland","LEA School","Elementary","City: Small","SocialStudies","Grade","05","29.70","27","40.70","37","29.70","27","91"
"24 - 25 School Year","63","Oakland Schools","63150","Troy School District","06940","Bemis Elementary School","63","Oakland","LEA School","Elementary","City: Small","Science","Grade","05","30.40","28","39.10","36","30.40","28","92"
"24 - 25 School Year","63","Oakland Schools","63150","Troy School District","06940","Bemis Elementary School","63","Oakland","LEA School","Elementary","City: Small","Math","Grade","05","25.00","23","41.30","38","33.70","31","92"
"24 - 25 School Year","63","Oakland Schools","63150","Troy School District","06940","Bemis Elementary School","63","Oakland","LEA School","Elementary","City: Small","ELA","Grade","04","33.30","26","41.00","32","25.60","20","78"
"24 - 25 School Year","63","Oakland Schools","63150","Troy School District","06940","Bemis Elementary School","63","Oakland","LEA School","Elementary","City: Small","Math","Grade","04","35.40","28","39.20","31","25.30","20","79"
"24 - 25 School Year","63","Oakland Schools","63150","Troy School District","06940","Bemis Elementary School","63","Oakland","LEA School","Elementary","City: Small","Math","Grade","03","30.80","20","38.50","25","30.80","20","65"
"24 - 25 School Year","63","Oakland Schools","63150","Troy School District","06940","Bemis Elementary School","63","Oakland","LEA School","Elementary","City: Small","ELA","Grade","03","21.50","14","40.00","26","38.50","25","65"
"24 - 25 School Year","63","Oakland Schools","63150","Troy School District","06940","Bemis Elementary School","63","Oakland","LEA School","Elementary","City: Small","Science","Program Participation","Students with Disabilities","< 10","< 10","< 10","< 10","< 10","< 10","< 10"
"24 - 25 School Year","63","Oakland Schools","63150","Troy School District","06940","Bemis Elementary School","63","Oakland","LEA School","Elementary","City: Small","ELA","Program Participation","Students with Disabilities","81.00","17","19.00","< 10","< 5","< 10","21"
"24 - 25 School Year","63","Oakland Schools","63150","Troy School District","06941","Barnard Elementary School","63","Oakland","LEA School","Elementary","City: Small","ELA","Program Participation","English Learners","46.20","18","43.60","17","10.30","< 10","39"
"24 - 25 School Year","63","Oakland Schools","63150","Troy School District","06941","Barnard Elementary School","63","Oakland","LEA School","Elementary","City: Small","ELA","Program Participation","Economically Disadvantaged","51.40","19","29.70","11","18.90","< 10","37"
"24 - 25 School Year","63","Oakland Schools","63150","Troy School District","06941","Barnard Elementary School","63","Oakland","LEA School","Elementary","City: Small","Math","Program Participation","Students with Disabilities","73.10","19","19.20","< 10","7.70","< 10","26"
"24 - 25 School Year","63","Oakland Schools","63150","Troy School District","06941","Barnard Elementary School","63","Oakland","LEA School","Elementary","City: Small","Math","Program Participation","Economically Disadvantaged","45.90","17","35.10","13","18.90","< 10","37"
"24 - 25 School Year","63","Oakland Schools","63150","Troy School District","06941","Barnard Elementary School","63","Oakland","LEA School","Elementary","City: Small","Science","Program Participation","English Learners","< 10","< 10","< 10","< 10","< 10","< 10","< 10"
"24 - 25 School Year","63","Oakland Schools","63150","Troy School District","06941","Barnard Elementary School","63","Oakland","LEA School","Elementary","City: Small","SocialStudies","Program Participation","Students with Disabilities","< 10","< 10","< 10","< 10","< 10","< 10","< 10"
"24 - 25 School Year","63","Oakland Schools","63150","Troy School District","06941","Barnard Elementary School","63","Oakland","LEA School","Elementary","City: Small","SocialStudies","Program Participation","English Learners","< 10","< 10","< 10","< 10","< 10","< 10","< 10"
"24 - 25 School Year","63","Oakland Schools","63150","Troy School District","06941","Barnard Elementary School","63","Oakland","LEA School","Elementary","City: Small","ELA","Program Participation","Students with Disabilities","77.80","21","18.50","< 10","< 5","< 10","27"
"24 - 25 School Year","63","Oakland Schools","63150","Troy School District","06941","Barnard Elementary School","63","Oakland","LEA School","Elementary","City: Small","Math","Program Participation","Homeless","< 10","< 10","< 10","< 10","< 10","< 10","< 10"
"24 - 25 School Year","63","Oakland Schools","63150","Troy School District","06941","Barnard Elementary School","63","Oakland","LEA School","Elementary","City: Small","Math","Program Participation","English Learners","50.00","19","28.90","11","21.10","< 10","38"
"24 - 25 School Year","63","Oakland Schools","63150","Troy School District","06941","Barnard Elementary School","63","Oakland","LEA School","Elementary","City: Small","Science","Program Participation","Students with Disabilities","< 10","< 10","< 10","< 10","< 10","< 10","< 10"
"24 - 25 School Year","63","Oakland Schools","63150","Troy School District","06941","Barnard Elementary School","63","Oakland","LEA School","Elementary","City: Small","Science","Program Participation","Economically Disadvantaged","53.80","< 10","30.80","< 10","15.40","< 10","13"
"24 - 25 School Year","63","Oakland Schools","63150","Troy School District","06941","Barnard Elementary School","63","Oakland","LEA School","Elementary","City: Small","ELA","Race/Ethnicity","White, not of Hispanic origin","31.30","30","42.70","41","26.00","25","96"
"24 - 25 School Year","63","Oakland Schools","63150","Troy School District","06941","Barnard Elementary School","63","Oakland","LEA School","Elementary","City: Small","Science","Race/Ethnicity","White, not of Hispanic origin","40.00","10","44.00","11","16.00","< 10","25"
"24 - 25 School Year","63","Oakland Schools","63150","Troy School District","06941","Barnard Elementary School","63","Oakland","LEA School","Elementary","City: Small","Math","Race/Ethnicity","White, not of Hispanic origin","31.30","30","46.90","45","21.90","21","96"
"24 - 25 School Year","63","Oakland Schools","63150","Troy School District","06941","Barnard Elementary School","63","Oakland","LEA School","Elementary","City: Small","SocialStudies","Race/Ethnicity","White, not of Hispanic origin","44.00","11","40.00","10","16.00","< 10","25"
"24 - 25 School Year","63","Oakland Schools","63150","Troy School District","06941","Barnard Elementary School","63","Oakland","LEA School","Elementary","City: Small","ELA","Race/Ethnicity","Two or More Races","57.10","< 10","21.40","< 10","21.40","< 10","14"
"24 - 25 School Year","63","Oakland Schools","63150","Troy School District","06941","Barnard Elementary School","63","Oakland","LEA School","Elementary","City: Small","Science","Race/Ethnicity","Two or More Races","< 10","< 10","< 10","< 10","< 10","< 10","< 10"
"24 - 25 School Year","63","Oakland Schools","63150","Troy School District","06941","Barnard Elementary School","63","Oakland","LEA School","Elementary","City: Small","SocialStudies","Race/Ethnicity","Two or More Races","< 10","< 10","< 10","< 10","< 10","< 10","< 10"
"24 - 25 School Year","63","Oakland Schools","63150","Troy School District","06941","Barnard Elementary School","63","Oakland","LEA School","Elementary","City: Small","Math","Race/Ethnicity","Two or More Races","42.90","< 10","35.70","< 10","21.40","< 10","14"
"24 - 25 School Year","63","Oakland Schools","63150","Troy School District","06941","Barnard Elementary School","63","Oakland","LEA School","Elementary","City: Small","SocialStudies","Program Participation","Not Economically Disadvantaged","30.20","16","39.60","21","30.20","16","53"
"24 - 25 School Year","63","Oakland Schools","63150","Troy School District","06941","Barnard Elementary School","63","Oakland","LEA School","Elementary","City: Small","Math","Program Participation","Students without IEP","23.70","41","42.80","74","33.50","58","173"
"24 - 25 School Year","63","Oakland Schools","63150","Troy School District","06941","Barnard Elementary School","63","Oakland","LEA School","Elementary","City: Small","ELA","Program Participation","Not Economically Disadvantaged","25.20","41","42.30","69","32.50","53","163"
"24 - 25 School Year","63","Oakland Schools","63150","Troy School District","06941","Barnard Elementary School","63","Oakland","LEA School","Elementary","City: Small","ELA","Program Participation","Not Migrant","30.00","60","40.00","80","30.00","60","200"
"24 - 25 School Year","63","Oakland Schools","63150","Troy School District","06941","Barnard Elementary School","63","Oakland","LEA School","Elementary","City: Small","ELA","Program Participation","Not English Learners","26.10","42","39.10","63","34.80","56","161"
"24 - 25 School Year","63","Oakland Schools","63150","Troy School District","06941","Barnard Elementary School","63","Oakland","LEA School","Elementary","City: Small","ELA","Program Participation","Not Homeless","30.20","60","39.70","79","30.20","60","199"
"24 - 25 School Year","63","Oakland Schools","63150","Troy School District","06941","Barnard Elementary School","63","Oakland","LEA School","Elementary","City: Small","SocialStudies","Program Participation","Students without IEP","27.90","17","39.30","24","32.80","20","61"
"24 - 25 School Year","63","Oakland Schools","63150","Troy School District","06941","Barnard Elementary School","63","Oakland","LEA School","Elementary","City: Small","Science","Program Participation","Not Migrant","30.30","20","39.40","26","30.30","20","66"
"24 - 25 School Year","63","Oakland Schools","63150","Troy School District","06941","Barnard Elementary School","63","Oakland","LEA School","Elementary","City: Small","Science","Program Participation","Not English Learners","25.90","15","39.70","23","34.50","20","58"
"24 - 25 School Year","63","Oakland Schools","63150","Troy School District","06941","Barnard Elementary School","63","Oakland","LEA School","Elementary","City: Small","Science","Program Participation","Not Homeless","30.30","20","39.40","26","30.30","20","66"
"24 - 25 School Year","63","Oakland Schools","63150","Troy School District","06941","Barnard Elementary School","63","Oakland","LEA School","Elementary","City: Small","Math","Program Participation","Not Economically Disadvantaged","26.50","43","40.70","66","32.70","53","162"
"24 - 25 School Year","63","Oakland Schools","63150","Troy School District","06941","Barnard Elementary School","63","Oakland","LEA School","Elementary","City: Small","ELA","Program Participation","Students without IEP","22.50","39","43.40","75","34.10","59","173"
"24 - 25 School Year","63","Oakland Schools","63150","Troy School District","06941","Barnard Elementary School","63","Oakland","LEA School","Elementary","City: Small","SocialStudies","Program Participation","Not Migrant","30.30","20","39.40","26","30.30","20","66"
"24 - 25 School Year","63","Oakland Schools","63150","Troy School District","06941","Barnard Elementary School","63","Oakland","LEA School","Elementary","City: Small","SocialStudies","Program Participation","Not English Learners","25.90","15","43.10","25","31.00","18","58"
"24 - 25 School Year","63","Oakland Schools","63150","Troy School District","06941","Barnard Elementary School","63","Oakland","LEA School","Elementary","City: Small","SocialStudies","Program Participation","Not Homeless","30.30","20","39.40","26","30.30","20","66"
"24 - 25 School Year","63","Oakland Schools","63150","Troy School District","06941","Barnard Elementary School","63","Oakland","LEA School","Elementary","City: Small","Math","Program Participation","Not Migrant","30.20","60","39.70","79","30.20","60","199"
"24 - 25 School Year","63","Oakland Schools","63150","Troy School District","06941","Barnard Elementary School","63","Oakland","LEA School","Elementary","City: Small","Math","Program Participation","Not English Learners","25.50","41","42.20","68","32.30","52","161"
"24 - 25 School Year","63","Oakland Schools","63150","Troy School District","06941","Barnard Elementary School","63","Oakland","LEA School","Elementary","City: Small","Math","Program Participation","Not Homeless","30.30","60","39.40","78","30.30","60","198"
"24 - 25 School Year","63","Oakland Schools","63150","Troy School District","06941","Barnard Elementary School","63","Oakland","LEA School","Elementary","City: Small","SocialStudies","Program Participation","Economically Disadvantaged","30.80","< 10","38.50","< 10","30.80","< 10","13"
"24 - 25 School Year","63","Oakland Schools","63150","Troy School District","06941","Barnard Elementary School","63","Oakland","LEA School","Elementary","City: Small","ELA","Program Participation","Homeless","< 10","< 10","< 10","< 10","< 10","< 10","< 10"
"24 - 25 School Year","63","Oakland Schools","63150","Troy School District","06941","Barnard Elementary School","63","Oakland","LEA School","Elementary","City: Small","ELA","Grade","03","23.80","15","42.90","27","33.30","21","63"
"24 - 25 School Year","63","Oakland Schools","63150","Troy School District","06941","Barnard Elementary School","63","Oakland","LEA School","Elementary","City: Small","Math","Grade","03","23.80","15","49.20","31","27.00","17","63"
"24 - 25 School Year","63","Oakland Schools","63150","Troy School District","06941","Barnard Elementary School","63","Oakland","LEA School","Elementary","City: Small","Math","Grade","04","31.40","22","38.60","27","30.00","21","70"
"24 - 25 School Year","63","Oakland Schools","63150","Troy School District","06941","Barnard Elementary School","63","Oakland","LEA School","Elementary","City: Small","ELA","Grade","04","33.80","24","42.30","30","23.90","17","71"
"24 - 25 School Year","63","Oakland Schools","63150","Troy School District","06941","Barnard Elementary School","63","Oakland","LEA School","Elementary","City: Small","Science","Grade","05","30.30","20","39.40","26","30.30","20","66"
"24 - 25 School Year","63","Oakland Schools","63150","Troy School District","06941","Barnard Elementary School","63","Oakland","LEA School","Elementary","City: Small","ELA","Grade","05","31.80","21","34.80","23","33.30","22","66"
"24 - 25 School Year","63","Oakland Schools","63150","Troy School District","06941","Barnard Elementary School","63","Oakland","LEA School","Elementary","City: Small","Math","Grade","05","34.80","23","31.80","21","33.30","22","66"
"24 - 25 School Year","63","Oakland Schools","63150","Troy School District","06941","Barnard Elementary School","63","Oakland","LEA School","Elementary","City: Small","SocialStudies","Grade","05","30.30","20","39.40","26","30.30","20","66"
"24 - 25 School Year","63","Oakland Schools","63150","Troy School District","06941","Barnard Elementary School","63","Oakland","LEA School","Elementary","City: Small","Math","Race/Ethnicity","Asian","22.70","15","27.30","18","50.00","33","66"
"24 - 25 School Year","63","Oakland Schools","63150","Troy School District","06941","Barnard Elementary School","63","Oakland","LEA School","Elementary","City: Small","SocialStudies","Race/Ethnicity","Asian","21.40","< 10","32.10","< 10","46.40","13","28"
"24 - 25 School Year","63","Oakland Schools","63150","Troy School District","06941","Barnard Elementary School","63","Oakland","LEA School","Elementary","City: Small","Science","Race/Ethnicity","Asian","17.90","< 10","35.70","10","46.40","13","28"
"24 - 25 School Year","63","Oakland Schools","63150","Troy School District","06941","Barnard Elementary School","63","Oakland","LEA School","Elementary","City: Small","ELA","Race/Ethnicity","Asian","17.90","12","40.30","27","41.80","28","67"
"24 - 25 School Year","63","Oakland Schools","63150","Troy School District","06941","Barnard Elementary School","63","Oakland","LEA School","Elementary","City: Small","Science","Race/Ethnicity","Black, not of Hispanic origin","< 10","< 10","< 10","< 10","< 10","< 10","< 10"
"24 - 25 School Year","63","Oakland Schools","63150","Troy School District","06941","Barnard Elementary School","63","Oakland","LEA School","Elementary","City: Small","Math","Race/Ethnicity","Black, not of Hispanic origin","< 10","< 10","< 10","< 10","< 10","< 10","< 10"
"24 - 25 School Year","63","Oakland Schools","63150","Troy School District","06941","Barnard Elementary School","63","Oakland","LEA School","Elementary","City: Small","ELA","Race/Ethnicity","Black, not of Hispanic origin","< 10","< 10","< 10","< 10","< 10","< 10","< 10"
"24 - 25 School Year","63","Oakland Schools","63150","Troy School District","06941","Barnard Elementary School","63","Oakland","LEA School","Elementary","City: Small","SocialStudies","Race/Ethnicity","Black, not of Hispanic origin","< 10","< 10","< 10","< 10","< 10","< 10","< 10"
"24 - 25 School Year","63","Oakland Schools","63150","Troy School District","06941","Barnard Elementary School","63","Oakland","LEA School","Elementary","City: Small","Math","Gender","Female","34.10","31","39.60","36","26.40","24","91"
"24 - 25 School Year","63","Oakland Schools","63150","Troy School District","06941","Barnard Elementary School","63","Oakland","LEA School","Elementary","City: Small","SocialStudies","Gender","Female","31.30","10","40.60","13","28.10","< 10","32"
"24 - 25 School Year","63","Oakland Schools","63150","Troy School District","06941","Barnard Elementary School","63","Oakland","LEA School","Elementary","City: Small","Science","Gender","Female","25.00","< 10","46.90","15","28.10","< 10","32"
"24 - 25 School Year","63","Oakland Schools","63150","Troy School District","06941","Barnard Elementary School","63","Oakland","LEA School","Elementary","City: Small","ELA","Gender","Female","26.40","24","40.70","37","33.00","30","91"
"24 - 25 School Year","63","Oakland Schools","63150","Troy School District","06941","Barnard Elementary School","63","Oakland","LEA School","Elementary","City: Small","Science","Race/Ethnicity","Hispanic","< 10","< 10","< 10","< 10","< 10","< 10","< 10"
"24 - 25 School Year","63","Oakland Schools","63150","Troy School District","06941","Barnard Elementary School","63","Oakland","LEA School","Elementary","City: Small","Math","Race/Ethnicity","Hispanic","33.30","< 10","46.70","< 10","20.00","< 10","15"
"24 - 25 School Year","63","Oakland Schools","63150","Troy School District","06941","Barnard Elementary School","63","Oakland","LEA School","Elementary","City: Small","ELA","Race/Ethnicity","Hispanic","40.00","< 10","33.30","< 10","26.70","< 10","15"
"24 - 25 School Year","63","Oakland Schools","63150","Troy School District","06941","Barnard Elementary School","63","Oakland","LEA School","Elementary","City: Small","SocialStudies","Race/Ethnicity","Hispanic","< 10","< 10","< 10","< 10","< 10","< 10","< 10"
"24 - 25 School Year","63","Oakland Schools","63150","Troy School District","06941","Barnard Elementary School","63","Oakland","LEA School","Elementary","City: Small","Math","Gender","Male","26.90","29","39.80","43","33.30","36","108"
"24 - 25 School Year","63","Oakland Schools","63150","Troy School District","06941","Barnard Elementary School","63","Oakland","LEA School","Elementary","City: Small","SocialStudies","Gender","Male","29.40","10","38.20","13","32.40","11","34"
"24 - 25 School Year","63","Oakland Schools","63150","Troy School District","06941","Barnard Elementary School","63","Oakland","LEA School","Elementary","City: Small","Science","Gender","Male","35.30","12","32.40","11","32.40","11","34"
"24 - 25 School Year","63","Oakland Schools","63150","Troy School District","06941","Barnard Elementary School","63","Oakland","LEA School","Elementary","City: Small","ELA","Gender","Male","33.00","36","39.40","43","27.50","30","109"
"24 - 25 School Year","63","Oakland Schools","63150","Troy School District","06941","Barnard Elementary School","63","Oakland","LEA School","Elementary","City: Small","Science","Program Participation","Not Economically Disadvantaged","24.50","13","41.50","22","34.00","18","53"
"24 - 25 School Year","63","Oakland Schools","63150","Troy School District","06941","Barnard Elementary School","63","Oakland","LEA School","Elementary","City: Small","Science","Program Participation","Students without IEP","26.20","16","41.00","25","32.80","20","61"
"24 - 25 School Year","63","Oakland Schools","63150","Troy School District","08286","Troy College and Career High School","63","Oakland","LEA School","Middle_High School","City: Small","ELA","Program Participation","Not Homeless","32.40","11","35.30","12","32.40","11","34"
"24 - 25 School Year","63","Oakland Schools","63150","Troy School District","08286","Troy College and Career High School","63","Oakland","LEA School","Middle_High School","City: Small","ELA","Program Participation","Not Economically Disadvantaged","25.00","< 10","35.00","< 10","40.00","< 10","20"
"24 - 25 School Year","63","Oakland Schools","63150","Troy School District","08286","Troy College and Career High School","63","Oakland","LEA School","Middle_High School","City: Small","ELA","Program Participation","Students without IEP","32.00","< 10","32.00","< 10","36.00","< 10","25"
"24 - 25 School Year","63","Oakland Schools","63150","Troy School District","08286","Troy College and Career High School","63","Oakland","LEA School","Middle_High School","City: Small","Science","Gender","Male","16.70","< 10","41.70","< 10","41.70","< 10","12"
"24 - 25 School Year","63","Oakland Schools","63150","Troy School District","08286","Troy College and Career High School","63","Oakland","LEA School","Middle_High School","City: Small","Math","Gender","Male","46.70","< 10","33.30","< 10","20.00","< 10","15"
"24 - 25 School Year","63","Oakland Schools","63150","Troy School District","08286","Troy College and Career High School","63","Oakland","LEA School","Middle_High School","City: Small","SocialStudies","Gender","Male","20.00","< 10","40.00","< 10","40.00","< 10","15"
"24 - 25 School Year","63","Oakland Schools","63150","Troy School District","08286","Troy College and Career High School","63","Oakland","LEA School","Middle_High School","City: Small","ELA","Gender","Male","33.30","< 10","46.70","< 10","20.00","< 10","15"
"24 - 25 School Year","63","Oakland Schools","63150","Troy School District","08286","Troy College and Career High School","63","Oakland","LEA School","Middle_High School","City: Small","Science","Race/Ethnicity","Hispanic","< 10","< 10","< 10","< 10","< 10","< 10","< 10"
"24 - 25 School Year","63","Oakland Schools","63150","Troy School District","08286","Troy College and Career High School","63","Oakland","LEA School","Middle_High School","City: Small","Math","Race/Ethnicity","Hispanic","< 10","< 10","< 10","< 10","< 10","< 10","< 10"
"24 - 25 School Year","63","Oakland Schools","63150","Troy School District","08286","Troy College and Career High School","63","Oakland","LEA School","Middle_High School","City: Small","SocialStudies","Race/Ethnicity","Hispanic","< 10","< 10","< 10","< 10","< 10","< 10","< 10"
"24 - 25 School Year","63","Oakland Schools","63150","Troy School District","08286","Troy College and Career High School","63","Oakland","LEA School","Middle_High School","City: Small","ELA","Race/Ethnicity","Hispanic","< 10","< 10","< 10","< 10","< 10","< 10","< 10"
"24 - 25 School Year","63","Oakland Schools","63150","Troy School District","08286","Troy College and Career High School","63","Oakland","LEA School","Middle_High School","City: Small","Science","Gender","Female","30.80","< 10","38.50","< 10","30.80","< 10","13"
"24 - 25 School Year","63","Oakland Schools","63150","Troy School District","08286","Troy College and Career High School","63","Oakland","LEA School","Middle_High School","City: Small","Math","Gender","Female","26.30","< 10","36.80","< 10","36.80","< 10","19"
"24 - 25 School Year","63","Oakland Schools","63150","Troy School District","08286","Troy College and Career High School","63","Oakland","LEA School","Middle_High School","City: Small","SocialStudies","Gender","Female","33.30","< 10","33.30","< 10","33.30","< 10","15"
"24 - 25 School Year","63","Oakland Schools","63150","Troy School District","08286","Troy College and Career High School","63","Oakland","LEA School","Middle_High School","City: Small","ELA","Gender","Female","31.60","< 10","26.30","< 10","42.10","< 10","19"
"24 - 25 School Year","63","Oakland Schools","63150","Troy School District","08286","Troy College and Career High School","63","Oakland","LEA School","Middle_High School","City: Small","Science","Race/Ethnicity","Black, not of Hispanic origin","< 10","< 10","< 10","< 10","< 10","< 10","< 10"
"24 - 25 School Year","63","Oakland Schools","63150","Troy School District","08286","Troy College and Career High School","63","Oakland","LEA School","Middle_High School","City: Small","SocialStudies","Race/Ethnicity","Black, not of Hispanic origin","< 10","< 10","< 10","< 10","< 10","< 10","< 10"
"24 - 25 School Year","63","Oakland Schools","63150","Troy School District","08286","Troy College and Career High School","63","Oakland","LEA School","Middle_High School","City: Small","Math","Race/Ethnicity","Black, not of Hispanic origin","< 10","< 10","< 10","< 10","< 10","< 10","< 10"
"24 - 25 School Year","63","Oakland Schools","63150","Troy School District","08286","Troy College and Career High School","63","Oakland","LEA School","Middle_High School","City: Small","ELA","Race/Ethnicity","Black, not of Hispanic origin","< 10","< 10","< 10","< 10","< 10","< 10","< 10"
"24 - 25 School Year","63","Oakland Schools","63150","Troy School District","08286","Troy College and Career High School","63","Oakland","LEA School","Middle_High School","City: Small","Science","Race/Ethnicity","Asian","< 10","< 10","< 10","< 10","< 10","< 10","< 10"
"24 - 25 School Year","63","Oakland Schools","63150","Troy School District","08286","Troy College and Career High School","63","Oakland","LEA School","Middle_High School","City: Small","Math","Race/Ethnicity","Asian","< 10","< 10","< 10","< 10","< 10","< 10","< 10"
"24 - 25 School Year","63","Oakland Schools","63150","Troy School District","08286","Troy College and Career High School","63","Oakland","LEA School","Middle_High School","City: Small","SocialStudies","Race/Ethnicity","Asian","< 10","< 10","< 10","< 10","< 10","< 10","< 10"
"24 - 25 School Year","63","Oakland Schools","63150","Troy School District","08286","Troy College and Career High School","63","Oakland","LEA School","Middle_High School","City: Small","ELA","Race/Ethnicity","Asian","< 10","< 10","< 10","< 10","< 10","< 10","< 10"
"24 - 25 School Year","63","Oakland Schools","63150","Troy School District","08286","Troy College and Career High School","63","Oakland","LEA School","Middle_High School","City: Small","Science","Grade","08","< 10","< 10","< 10","< 10","< 10","< 10","< 10"
"24 - 25 School Year","63","Oakland Schools","63150","Troy School District","08286","Troy College and Career High School","63","Oakland","LEA School","Middle_High School","City: Small","SocialStudies","Grade","08","< 10","< 10","< 10","< 10","< 10","< 10","< 10"
"24 - 25 School Year","63","Oakland Schools","63150","Troy School District","08286","Troy College and Career High School","63","Oakland","LEA School","Middle_High School","City: Small","Math","Grade","08","< 10","< 10","< 10","< 10","< 10","< 10","< 10"
"24 - 25 School Year","63","Oakland Schools","63150","Troy School District","08286","Troy College and Career High School","63","Oakland","LEA School","Middle_High School","City: Small","ELA","Grade","08","< 10","< 10","< 10","< 10","< 10","< 10","< 10"
"24 - 25 School Year","63","Oakland Schools","63150","Troy School District","08286","Troy College and Career High School","63","Oakland","LEA School","Middle_High School","City: Small","Math","Grade","07","< 10","< 10","< 10","< 10","< 10","< 10","< 10"
"24 - 25 School Year","63","Oakland Schools","63150","Troy School District","08286","Troy College and Career High School","63","Oakland","LEA School","Middle_High School","City: Small","ELA","Grade","07","< 10","< 10","< 10","< 10","< 10","< 10","< 10"
"24 - 25 School Year","63","Oakland Schools","63150","Troy School District","08286","Troy College and Career High School","63","Oakland","LEA School","Middle_High School","City: Small","Science","Grade","12","< 10","< 10","< 10","< 10","< 10","< 10","< 10"
"24 - 25 School Year","63","Oakland Schools","63150","Troy School District","08286","Troy College and Career High School","63","Oakland","LEA School","Middle_High School","City: Small","SocialStudies","Grade","12","< 10","< 10","< 10","< 10","< 10","< 10","< 10"
"24 - 25 School Year","63","Oakland Schools","63150","Troy School District","08286","Troy College and Career High School","63","Oakland","LEA School","Middle_High School","City: Small","Math","Grade","12","< 10","< 10","< 10","< 10","< 10","< 10","< 10"
"24 - 25 School Year","63","Oakland Schools","63150","Troy School District","08286","Troy College and Career High School","63","Oakland","LEA School","Middle_High School","City: Small","ELA","Grade","12","< 10","< 10","< 10","< 10","< 10","< 10","< 10"
"24 - 25 School Year","63","Oakland Schools","63150","Troy School District","08286","Troy College and Career High School","63","Oakland","LEA School","Middle_High School","City: Small","Science","Grade","11","26.10","< 10","39.10","< 10","34.80","< 10","23"
"24 - 25 School Year","63","Oakland Schools","63150","Troy School District","08286","Troy College and Career High School","63","Oakland","LEA School","Middle_High School","City: Small","SocialStudies","Grade","11","28.60","< 10","35.70","10","35.70","10","28"
"24 - 25 School Year","63","Oakland Schools","63150","Troy School District","08286","Troy College and Career High School","63","Oakland","LEA School","Middle_High School","City: Small","Math","Grade","11","40.00","12","30.00","< 10","30.00","< 10","30"
"24 - 25 School Year","63","Oakland Schools","63150","Troy School District","08286","Troy College and Career High School","63","Oakland","LEA School","Middle_High School","City: Small","ELA","Grade","11","36.70","11","33.30","10","30.00","< 10","30"
"24 - 25 School Year","63","Oakland Schools","63150","Troy School District","08286","Troy College and Career High School","63","Oakland","LEA School","Middle_High School","City: Small","ELA","Program Participation","Not English Learners","25.80","< 10","38.70","12","35.50","11","31"
"24 - 25 School Year","63","Oakland Schools","63150","Troy School District","08286","Troy College and Career High School","63","Oakland","LEA School","Middle_High School","City: Small","ELA","Program Participation","Not Migrant","32.40","11","35.30","12","32.40","11","34"
"24 - 25 School Year","63","Oakland Schools","63150","Troy School District","08286","Troy College and Career High School","63","Oakland","LEA School","Middle_High School","City: Small","SocialStudies","Program Participation","Not Homeless","26.70","< 10","36.70","11","36.70","11","30"
"24 - 25 School Year","63","Oakland Schools","63150","Troy School District","08286","Troy College and Career High School","63","Oakland","LEA School","Middle_High School","City: Small","SocialStudies","Program Participation","Not English Learners","22.20","< 10","37.00","10","40.70","11","27"
"24 - 25 School Year","63","Oakland Schools","63150","Troy School District","08286","Troy College and Career High School","63","Oakland","LEA School","Middle_High School","City: Small","SocialStudies","Program Participation","Not Migrant","26.70","< 10","36.70","11","36.70","11","30"
"24 - 25 School Year","63","Oakland Schools","63150","Troy School District","08286","Troy College and Career High School","63","Oakland","LEA School","Middle_High School","City: Small","Math","Program Participation","Not Economically Disadvantaged","20.00","< 10","35.00","< 10","45.00","< 10","20"
"24 - 25 School Year","63","Oakland Schools","63150","Troy School District","08286","Troy College and Career High School","63","Oakland","LEA School","Middle_High School","City: Small","Math","Program Participation","Students without IEP","28.00","< 10","40.00","10","32.00","< 10","25"
"24 - 25 School Year","63","Oakland Schools","63150","Troy School District","08286","Troy College and Career High School","63","Oakland","LEA School","Middle_High School","City: Small","SocialStudies","Program Participation","Students without IEP","19.00","< 10","47.60","10","33.30","< 10","21"
"24 - 25 School Year","63","Oakland Schools","63150","Troy School District","08286","Troy College and Career High School","63","Oakland","LEA School","Middle_High School","City: Small","Science","Program Participation","Not Migrant","24.00","< 10","40.00","10","36.00","< 10","25"
"24 - 25 School Year","63","Oakland Schools","63150","Troy School District","08286","Troy College and Career High School","63","Oakland","LEA School","Middle_High School","City: Small","SocialStudies","Program Participation","Not Economically Disadvantaged","22.20","< 10","33.30","< 10","44.40","< 10","18"
"24 - 25 School Year","63","Oakland Schools","63150","Troy School District","08286","Troy College and Career High School","63","Oakland","LEA School","Middle_High School","City: Small","Math","Program Participation","Not Homeless","35.30","12","35.30","12","29.40","10","34"
"24 - 25 School Year","63","Oakland Schools","63150","Troy School District","08286","Troy College and Career High School","63","Oakland","LEA School","Middle_High School","City: Small","Math","Program Participation","Not English Learners","32.30","10","35.50","11","32.30","10","31"
"24 - 25 School Year","63","Oakland Schools","63150","Troy School District","08286","Troy College and Career High School","63","Oakland","LEA School","Middle_High School","City: Small","Math","Program Participation","Not Migrant","35.30","12","35.30","12","29.40","10","34"
"24 - 25 School Year","63","Oakland Schools","63150","Troy School District","08286","Troy College and Career High School","63","Oakland","LEA School","Middle_High School","City: Small","Science","Program Participation","Students without IEP","31.60","< 10","36.80","< 10","31.60","< 10","19"
"24 - 25 School Year","63","Oakland Schools","63150","Troy School District","08286","Troy College and Career High School","63","Oakland","LEA School","Middle_High School","City: Small","Science","Program Participation","Not Homeless","24.00","< 10","40.00","10","36.00","< 10","25"
"24 - 25 School Year","63","Oakland Schools","63150","Troy School District","08286","Troy College and Career High School","63","Oakland","LEA School","Middle_High School","City: Small","Science","Program Participation","Not English Learners","21.70","< 10","39.10","< 10","39.10","< 10","23"
"24 - 25 School Year","63","Oakland Schools","63150","Troy School District","08286","Troy College and Career High School","63","Oakland","LEA School","Middle_High School","City: Small","Science","Program Participation","Not Economically Disadvantaged","26.70","< 10","26.70","< 10","46.70","< 10","15"
"24 - 25 School Year","63","Oakland Schools","63150","Troy School District","08286","Troy College and Career High School","63","Oakland","LEA School","Middle_High School","City: Small","ELA","Race/Ethnicity","Two or More Races","< 10","< 10","< 10","< 10","< 10","< 10","< 10"
"24 - 25 School Year","63","Oakland Schools","63150","Troy School District","08286","Troy College and Career High School","63","Oakland","LEA School","Middle_High School","City: Small","SocialStudies","Race/Ethnicity","Two or More Races","< 10","< 10","< 10","< 10","< 10","< 10","< 10"
"24 - 25 School Year","63","Oakland Schools","63150","Troy School District","08286","Troy College and Career High School","63","Oakland","LEA School","Middle_High School","City: Small","Math","Race/Ethnicity","Two or More Races","< 10","< 10","< 10","< 10","< 10","< 10","< 10"
"24 - 25 School Year","63","Oakland Schools","63150","Troy School District","08286","Troy College and Career High School","63","Oakland","LEA School","Middle_High School","City: Small","Science","Race/Ethnicity","Two or More Races","< 10","< 10","< 10","< 10","< 10","< 10","< 10"
"24 - 25 School Year","63","Oakland Schools","63150","Troy School District","08286","Troy College and Career High School","63","Oakland","LEA School","Middle_High School","City: Small","ELA","Race/Ethnicity","White, not of Hispanic origin","21.10","< 10","47.40","< 10","31.60","< 10","19"
"24 - 25 School Year","63","Oakland Schools","63150","Troy School District","08286","Troy College and Career High School","63","Oakland","LEA School","Middle_High School","City: Small","SocialStudies","Race/Ethnicity","White, not of Hispanic origin","33.30","< 10","20.00","< 10","46.70","< 10","15"
"24 - 25 School Year","63","Oakland Schools","63150","Troy School District","08286","Troy College and Career High School","63","Oakland","LEA School","Middle_High School","City: Small","Math","Race/Ethnicity","White, not of Hispanic origin","42.10","< 10","26.30","< 10","31.60","< 10","19"
"24 - 25 School Year","63","Oakland Schools","63150","Troy School District","08286","Troy College and Career High School","63","Oakland","LEA School","Middle_High School","City: Small","Science","Race/Ethnicity","White, not of Hispanic origin","8.30","< 10","50.00","< 10","41.70","< 10","12"
"24 - 25 School Year","63","Oakland Schools","63150","Troy School District","08286","Troy College and Career High School","63","Oakland","LEA School","Middle_High School","City: Small","ELA","Program Participation","Economically Disadvantaged","42.90","< 10","35.70","< 10","21.40","< 10","14"
"24 - 25 School Year","63","Oakland Schools","63150","Troy School District","08286","Troy College and Career High School","63","Oakland","LEA School","Middle_High School","City: Small","ELA","Program Participation","Students with Disabilities","< 10","< 10","< 10","< 10","< 10","< 10","< 10"
"24 - 25 School Year","63","Oakland Schools","63150","Troy School District","08286","Troy College and Career High School","63","Oakland","LEA School","Middle_High School","City: Small","ELA","Program Participation","English Learners","< 10","< 10","< 10","< 10","< 10","< 10","< 10"
"24 - 25 School Year","63","Oakland Schools","63150","Troy School District","08286","Troy College and Career High School","63","Oakland","LEA School","Middle_High School","City: Small","SocialStudies","Program Participation","English Learners","< 10","< 10","< 10","< 10","< 10","< 10","< 10"
"24 - 25 School Year","63","Oakland Schools","63150","Troy School District","08286","Troy College and Career High School","63","Oakland","LEA School","Middle_High School","City: Small","Math","Program Participation","Economically Disadvantaged","57.10","< 10","35.70","< 10","7.10","< 10","14"
"24 - 25 School Year","63","Oakland Schools","63150","Troy School District","08286","Troy College and Career High School","63","Oakland","LEA School","Middle_High School","City: Small","Math","Program Participation","Students with Disabilities","< 10","< 10","< 10","< 10","< 10","< 10","< 10"
"24 - 25 School Year","63","Oakland Schools","63150","Troy School District","08286","Troy College and Career High School","63","Oakland","LEA School","Middle_High School","City: Small","Math","Program Participation","English Learners","< 10","< 10","< 10","< 10","< 10","< 10","< 10"
"24 - 25 School Year","63","Oakland Schools","63150","Troy School District","08286","Troy College and Career High School","63","Oakland","LEA School","Middle_High School","City: Small","Science","Program Participation","Students with Disabilities","< 10","< 10","< 10","< 10","< 10","< 10","< 10"
"24 - 25 School Year","63","Oakland Schools","63150","Troy School District","08286","Troy College and Career High School","63","Oakland","LEA School","Middle_High School","City: Small","Science","Program Participation","English Learners","< 10","< 10","< 10","< 10","< 10","< 10","< 10"
"24 - 25 School Year","63","Oakland Schools","63150","Troy School District","08286","Troy College and Career High School","63","Oakland","LEA School","Middle_High School","City: Small","Science","Program Participation","Economically Disadvantaged","20.00","< 10","60.00","< 10","20.00","< 10","10"
"24 - 25 School Year","63","Oakland Schools","63150","Troy School District","08286","Troy College and Career High School","63","Oakland","LEA School","Middle_High School","City: Small","SocialStudies","Program Participation","Economically Disadvantaged","33.30","< 10","41.70","< 10","25.00","< 10","12"
"24 - 25 School Year","63","Oakland Schools","63150","Troy School District","08286","Troy College and Career High School","63","Oakland","LEA School","Middle_High School","City: Small","SocialStudies","Program Participation","Students with Disabilities","< 10","< 10","< 10","< 10","< 10","< 10","< 10"
