SchoolYear,IsdCode,IsdName,DistrictCode,DistrictName,BuildingCode,BuildingName,CountyCode,CountyName,EntityType,SchoolLevel,Locale,MISTEM_NAME,MISTEM_CODE,Grade,Subject,Subgroup_1,Subgroup_2,PercentAssessed
"24 - 25 School Year","63","Oakland Schools","63150","Troy School District","00000","All Buildings","63","Oakland","LEA District","Elem thru High School","City: Small","Oakland Region","5","All Grades","Mathematics","Asian","Male","> 95"
"24 - 25 School Year","63","Oakland Schools","63150","Troy School District","00000","All Buildings","63","Oakland","LEA District","Elem thru High School","City: Small","Oakland Region","5","All Grades","English Language Arts","Black, not of Hispanic origin","Students without IEP","> 95"
"24 - 25 School Year","63","Oakland Schools","63150","Troy School District","00000","All Buildings","63","Oakland","LEA District","Elem thru High School","City: Small","Oakland Region","5","All Grades","English Language Arts","Native Hawaiian or Other Pacific Islander","Students without IEP","< 10"
"24 - 25 School Year","63","Oakland Schools","63150","Troy School District","00000","All Buildings","63","Oakland","LEA District","Elem thru High School","City: Small","Oakland Region","5","All Grades","English Language Arts","Native Hawaiian or Other Pacific Islander","Not English Learners","< 10"
"24 - 25 School Year","63","Oakland Schools","63150","Troy School District","00000","All Buildings","63","Oakland","LEA District","Elem thru High School","City: Small","Oakland Region","5","All Grades","Mathematics","Black, not of Hispanic origin","Students with Disabilities","> 95"
"24 - 25 School Year","63","Oakland Schools","63150","Troy School District","00000","All Buildings","63","Oakland","LEA District","Elem thru High School","City: Small","Oakland Region","5","All Grades","Mathematics","Hispanic","Female","> 95"
"24 - 25 School Year","63","Oakland Schools","63150","Troy School District","00000","All Buildings","63","Oakland","LEA District","Elem thru High School","City: Small","Oakland Region","5","All Grades","English Language Arts","Female","Students without IEP","> 95"
"24 - 25 School Year","63","Oakland Schools","63150","Troy School District","00000","All Buildings","63","Oakland","LEA District","Elem thru High School","City: Small","Oakland Region","5","All Grades","English Language Arts","White, not of Hispanic origin","Students with Disabilities","> 95"
"24 - 25 School Year","63","Oakland Schools","63150","Troy School District","00000","All Buildings","63","Oakland","LEA District","Elem thru High School","City: Small","Oakland Region","5","All Grades","English Language Arts","American Indian or Alaska Native","Students with Disabilities","< 10"
"24 - 25 School Year","63","Oakland Schools","63150","Troy School District","00000","All Buildings","63","Oakland","LEA District","Elem thru High School","City: Small","Oakland Region","5","All Grades","English Language Arts","American Indian or Alaska Native","Students without IEP","< 10"
"24 - 25 School Year","63","Oakland Schools","63150","Troy School District","00000","All Buildings","63","Oakland","LEA District","Elem thru High School","City: Small","Oakland Region","5","All Grades","English Language Arts","American Indian or Alaska Native","Not English Learners","< 10"
"24 - 25 School Year","63","Oakland Schools","63150","Troy School District","00000","All Buildings","63","Oakland","LEA District","Elem thru High School","City: Small","Oakland Region","5","All Grades","Mathematics","Two or More Races","Students with Disabilities","92.5"
"24 - 25 School Year","63","Oakland Schools","63150","Troy School District","00000","All Buildings","63","Oakland","LEA District","Elem thru High School","City: Small","Oakland Region","5","All Grades","English Language Arts","Asian","Students with Disabilities","> 95"
"24 - 25 School Year","63","Oakland Schools","63150","Troy School District","00000","All Buildings","63","Oakland","LEA District","Elem thru High School","City: Small","Oakland Region","5","All Grades","Mathematics","Students without IEP","Not English Learners","> 95"
"24 - 25 School Year","63","Oakland Schools","63150","Troy School District","00000","All Buildings","63","Oakland","LEA District","Elem thru High School","City: Small","Oakland Region","5","All Grades","Mathematics","Students without IEP","English Learners","> 95"
"24 - 25 School Year","63","Oakland Schools","63150","Troy School District","00000","All Buildings","63","Oakland","LEA District","Elem thru High School","City: Small","Oakland Region","5","All Grades","English Language Arts","Black, not of Hispanic origin","Students with Disabilities","> 95"
"24 - 25 School Year","63","Oakland Schools","63150","Troy School District","00000","All Buildings","63","Oakland","LEA District","Elem thru High School","City: Small","Oakland Region","5","All Grades","English Language Arts","White, not of Hispanic origin","English Learners","> 95"
"24 - 25 School Year","63","Oakland Schools","63150","Troy School District","00000","All Buildings","63","Oakland","LEA District","Elem thru High School","City: Small","Oakland Region","5","All Grades","English Language Arts","White, not of Hispanic origin","Not English Learners","> 95"
"24 - 25 School Year","63","Oakland Schools","63150","Troy School District","00000","All Buildings","63","Oakland","LEA District","Elem thru High School","City: Small","Oakland Region","5","All Grades","Mathematics","Hispanic","Male","> 95"
"24 - 25 School Year","63","Oakland Schools","63150","Troy School District","00000","All Buildings","63","Oakland","LEA District","Elem thru High School","City: Small","Oakland Region","5","All Grades","Mathematics","Hispanic","English Learners","> 95"
"24 - 25 School Year","63","Oakland Schools","63150","Troy School District","00000","All Buildings","63","Oakland","LEA District","Elem thru High School","City: Small","Oakland Region","5","All Grades","Mathematics","Hispanic","Not English Learners","> 95"
"24 - 25 School Year","63","Oakland Schools","63150","Troy School District","00000","All Buildings","63","Oakland","LEA District","Elem thru High School","City: Small","Oakland Region","5","All Grades","English Language Arts","Male","Students with Disabilities","> 95"
"24 - 25 School Year","63","Oakland Schools","63150","Troy School District","00000","All Buildings","63","Oakland","LEA District","Elem thru High School","City: Small","Oakland Region","5","All Grades","English Language Arts","Male","Students without IEP","> 95"
"24 - 25 School Year","63","Oakland Schools","63150","Troy School District","00000","All Buildings","63","Oakland","LEA District","Elem thru High School","City: Small","Oakland Region","5","All Grades","Mathematics","Two or More Races","Female","> 95"
"24 - 25 School Year","63","Oakland Schools","63150","Troy School District","00000","All Buildings","63","Oakland","LEA District","Elem thru High School","City: Small","Oakland Region","5","All Grades","English Language Arts","Hispanic","Female","> 95"
"24 - 25 School Year","63","Oakland Schools","63150","Troy School District","00000","All Buildings","63","Oakland","LEA District","Elem thru High School","City: Small","Oakland Region","5","All Grades","Mathematics","Black, not of Hispanic origin","English Learners","< 10"
"24 - 25 School Year","63","Oakland Schools","63150","Troy School District","00000","All Buildings","63","Oakland","LEA District","Elem thru High School","City: Small","Oakland Region","5","All Grades","Mathematics","Black, not of Hispanic origin","Not English Learners","> 95"
"24 - 25 School Year","63","Oakland Schools","63150","Troy School District","00000","All Buildings","63","Oakland","LEA District","Elem thru High School","City: Small","Oakland Region","5","All Grades","English Language Arts","Students with Disabilities","English Learners","> 95"
"24 - 25 School Year","63","Oakland Schools","63150","Troy School District","00000","All Buildings","63","Oakland","LEA District","Elem thru High School","City: Small","Oakland Region","5","All Grades","English Language Arts","Students with Disabilities","Not English Learners","> 95"
"24 - 25 School Year","63","Oakland Schools","63150","Troy School District","00000","All Buildings","63","Oakland","LEA District","Elem thru High School","City: Small","Oakland Region","5","All Grades","English Language Arts","Students without IEP","English Learners","> 95"
"24 - 25 School Year","63","Oakland Schools","63150","Troy School District","00000","All Buildings","63","Oakland","LEA District","Elem thru High School","City: Small","Oakland Region","5","All Grades","English Language Arts","Students without IEP","Not English Learners","> 95"
"24 - 25 School Year","63","Oakland Schools","63150","Troy School District","00000","All Buildings","63","Oakland","LEA District","Elem thru High School","City: Small","Oakland Region","5","All Grades","Mathematics","Hispanic","Students with Disabilities","> 95"
"24 - 25 School Year","63","Oakland Schools","63150","Troy School District","00000","All Buildings","63","Oakland","LEA District","Elem thru High School","City: Small","Oakland Region","5","All Grades","Mathematics","Two or More Races","Students without IEP","> 95"
"24 - 25 School Year","63","Oakland Schools","63150","Troy School District","00000","All Buildings","63","Oakland","LEA District","Elem thru High School","City: Small","Oakland Region","5","All Grades","Mathematics","Two or More Races","Male","> 95"
"24 - 25 School Year","63","Oakland Schools","63150","Troy School District","00000","All Buildings","63","Oakland","LEA District","Elem thru High School","City: Small","Oakland Region","5","All Grades","English Language Arts","Two or More Races","Female","> 95"
"24 - 25 School Year","63","Oakland Schools","63150","Troy School District","00000","All Buildings","63","Oakland","LEA District","Elem thru High School","City: Small","Oakland Region","5","All Grades","English Language Arts","Black, not of Hispanic origin","Female","> 95"
"24 - 25 School Year","63","Oakland Schools","63150","Troy School District","00000","All Buildings","63","Oakland","LEA District","Elem thru High School","City: Small","Oakland Region","5","All Grades","English Language Arts","Black, not of Hispanic origin","Male","> 95"
"24 - 25 School Year","63","Oakland Schools","63150","Troy School District","00000","All Buildings","63","Oakland","LEA District","Elem thru High School","City: Small","Oakland Region","5","All Grades","English Language Arts","Hispanic","Students with Disabilities","> 95"
"24 - 25 School Year","63","Oakland Schools","63150","Troy School District","00000","All Buildings","63","Oakland","LEA District","Elem thru High School","City: Small","Oakland Region","5","All Grades","English Language Arts","White, not of Hispanic origin","Students without IEP","> 95"
"24 - 25 School Year","63","Oakland Schools","63150","Troy School District","00000","All Buildings","63","Oakland","LEA District","Elem thru High School","City: Small","Oakland Region","5","All Grades","Mathematics","Male","Students without IEP","> 95"
"24 - 25 School Year","63","Oakland Schools","63150","Troy School District","00000","All Buildings","63","Oakland","LEA District","Elem thru High School","City: Small","Oakland Region","5","All Grades","Mathematics","Male","English Learners","> 95"
"24 - 25 School Year","63","Oakland Schools","63150","Troy School District","00000","All Buildings","63","Oakland","LEA District","Elem thru High School","City: Small","Oakland Region","5","All Grades","Mathematics","Male","Not English Learners","> 95"
"24 - 25 School Year","63","Oakland Schools","63150","Troy School District","00000","All Buildings","63","Oakland","LEA District","Elem thru High School","City: Small","Oakland Region","5","All Grades","Mathematics","Female","Students with Disabilities","> 95"
"24 - 25 School Year","63","Oakland Schools","63150","Troy School District","00000","All Buildings","63","Oakland","LEA District","Elem thru High School","City: Small","Oakland Region","5","All Grades","Mathematics","Female","Students without IEP","> 95"
"24 - 25 School Year","63","Oakland Schools","63150","Troy School District","00000","All Buildings","63","Oakland","LEA District","Elem thru High School","City: Small","Oakland Region","5","All Grades","English Language Arts","White, not of Hispanic origin","Female","> 95"
"24 - 25 School Year","63","Oakland Schools","63150","Troy School District","00000","All Buildings","63","Oakland","LEA District","Elem thru High School","City: Small","Oakland Region","5","All Grades","English Language Arts","Hispanic","Students without IEP","> 95"
"24 - 25 School Year","63","Oakland Schools","63150","Troy School District","00000","All Buildings","63","Oakland","LEA District","Elem thru High School","City: Small","Oakland Region","5","All Grades","English Language Arts","Hispanic","English Learners","> 95"
"24 - 25 School Year","63","Oakland Schools","63150","Troy School District","00000","All Buildings","63","Oakland","LEA District","Elem thru High School","City: Small","Oakland Region","5","All Grades","English Language Arts","Hispanic","Not English Learners","> 95"
"24 - 25 School Year","63","Oakland Schools","63150","Troy School District","00000","All Buildings","63","Oakland","LEA District","Elem thru High School","City: Small","Oakland Region","5","All Grades","English Language Arts","Hispanic","Male","> 95"
"24 - 25 School Year","63","Oakland Schools","63150","Troy School District","00000","All Buildings","63","Oakland","LEA District","Elem thru High School","City: Small","Oakland Region","5","All Grades","Mathematics","Black, not of Hispanic origin","Male","> 95"
"24 - 25 School Year","63","Oakland Schools","63150","Troy School District","00000","All Buildings","63","Oakland","LEA District","Elem thru High School","City: Small","Oakland Region","5","All Grades","Mathematics","Black, not of Hispanic origin","Female","> 95"
"24 - 25 School Year","63","Oakland Schools","63150","Troy School District","00000","All Buildings","63","Oakland","LEA District","Elem thru High School","City: Small","Oakland Region","5","All Grades","English Language Arts","Two or More Races","Students without IEP","> 95"
"24 - 25 School Year","63","Oakland Schools","63150","Troy School District","00000","All Buildings","63","Oakland","LEA District","Elem thru High School","City: Small","Oakland Region","5","All Grades","English Language Arts","American Indian or Alaska Native","Female","< 10"
"24 - 25 School Year","63","Oakland Schools","63150","Troy School District","00000","All Buildings","63","Oakland","LEA District","Elem thru High School","City: Small","Oakland Region","5","All Grades","Mathematics","White, not of Hispanic origin","Students with Disabilities","> 95"
"24 - 25 School Year","63","Oakland Schools","63150","Troy School District","00000","All Buildings","63","Oakland","LEA District","Elem thru High School","City: Small","Oakland Region","5","All Grades","English Language Arts","Male","Not English Learners","> 95"
"24 - 25 School Year","63","Oakland Schools","63150","Troy School District","00000","All Buildings","63","Oakland","LEA District","Elem thru High School","City: Small","Oakland Region","5","All Grades","English Language Arts","Male","English Learners","> 95"
"24 - 25 School Year","63","Oakland Schools","63150","Troy School District","00000","All Buildings","63","Oakland","LEA District","Elem thru High School","City: Small","Oakland Region","5","All Grades","Mathematics","White, not of Hispanic origin","Not English Learners","> 95"
"24 - 25 School Year","63","Oakland Schools","63150","Troy School District","00000","All Buildings","63","Oakland","LEA District","Elem thru High School","City: Small","Oakland Region","5","All Grades","Mathematics","White, not of Hispanic origin","English Learners","> 95"
"24 - 25 School Year","63","Oakland Schools","63150","Troy School District","00000","All Buildings","63","Oakland","LEA District","Elem thru High School","City: Small","Oakland Region","5","All Grades","English Language Arts","Black, not of Hispanic origin","Not English Learners","> 95"
"24 - 25 School Year","63","Oakland Schools","63150","Troy School District","00000","All Buildings","63","Oakland","LEA District","Elem thru High School","City: Small","Oakland Region","5","All Grades","English Language Arts","Black, not of Hispanic origin","English Learners","< 10"
"24 - 25 School Year","63","Oakland Schools","63150","Troy School District","00000","All Buildings","63","Oakland","LEA District","Elem thru High School","City: Small","Oakland Region","5","All Grades","Mathematics","Asian","Not English Learners","> 95"
"24 - 25 School Year","63","Oakland Schools","63150","Troy School District","00000","All Buildings","63","Oakland","LEA District","Elem thru High School","City: Small","Oakland Region","5","All Grades","Mathematics","Asian","English Learners","> 95"
"24 - 25 School Year","63","Oakland Schools","63150","Troy School District","00000","All Buildings","63","Oakland","LEA District","Elem thru High School","City: Small","Oakland Region","5","All Grades","Mathematics","Two or More Races","Not English Learners","> 95"
"24 - 25 School Year","63","Oakland Schools","63150","Troy School District","00000","All Buildings","63","Oakland","LEA District","Elem thru High School","City: Small","Oakland Region","5","All Grades","Mathematics","Two or More Races","English Learners","> 95"
"24 - 25 School Year","63","Oakland Schools","63150","Troy School District","00000","All Buildings","63","Oakland","LEA District","Elem thru High School","City: Small","Oakland Region","5","All Grades","English Language Arts","Two or More Races","Male","> 95"
"24 - 25 School Year","63","Oakland Schools","63150","Troy School District","00000","All Buildings","63","Oakland","LEA District","Elem thru High School","City: Small","Oakland Region","5","All Grades","English Language Arts","Two or More Races","Not English Learners","> 95"
"24 - 25 School Year","63","Oakland Schools","63150","Troy School District","00000","All Buildings","63","Oakland","LEA District","Elem thru High School","City: Small","Oakland Region","5","All Grades","English Language Arts","Two or More Races","English Learners","> 95"
"24 - 25 School Year","63","Oakland Schools","63150","Troy School District","00000","All Buildings","63","Oakland","LEA District","Elem thru High School","City: Small","Oakland Region","5","All Grades","English Language Arts","Female","English Learners","> 95"
"24 - 25 School Year","63","Oakland Schools","63150","Troy School District","00000","All Buildings","63","Oakland","LEA District","Elem thru High School","City: Small","Oakland Region","5","All Grades","English Language Arts","Female","Not English Learners","> 95"
"24 - 25 School Year","63","Oakland Schools","63150","Troy School District","00000","All Buildings","63","Oakland","LEA District","Elem thru High School","City: Small","Oakland Region","5","All Grades","English Language Arts","White, not of Hispanic origin","Male","> 95"
"24 - 25 School Year","63","Oakland Schools","63150","Troy School District","00000","All Buildings","63","Oakland","LEA District","Elem thru High School","City: Small","Oakland Region","5","All Grades","Mathematics","Female","Not English Learners","> 95"
"24 - 25 School Year","63","Oakland Schools","63150","Troy School District","00000","All Buildings","63","Oakland","LEA District","Elem thru High School","City: Small","Oakland Region","5","All Grades","English Language Arts","Asian","Male","> 95"
"24 - 25 School Year","63","Oakland Schools","63150","Troy School District","00000","All Buildings","63","Oakland","LEA District","Elem thru High School","City: Small","Oakland Region","5","All Grades","English Language Arts","Asian","English Learners","> 95"
"24 - 25 School Year","63","Oakland Schools","63150","Troy School District","00000","All Buildings","63","Oakland","LEA District","Elem thru High School","City: Small","Oakland Region","5","All Grades","English Language Arts","Asian","Not English Learners","> 95"
"24 - 25 School Year","63","Oakland Schools","63150","Troy School District","00000","All Buildings","63","Oakland","LEA District","Elem thru High School","City: Small","Oakland Region","5","All Grades","Mathematics","American Indian or Alaska Native","Students with Disabilities","< 10"
"24 - 25 School Year","63","Oakland Schools","63150","Troy School District","00000","All Buildings","63","Oakland","LEA District","Elem thru High School","City: Small","Oakland Region","5","All Grades","Mathematics","American Indian or Alaska Native","Students without IEP","< 10"
"24 - 25 School Year","63","Oakland Schools","63150","Troy School District","00000","All Buildings","63","Oakland","LEA District","Elem thru High School","City: Small","Oakland Region","5","All Grades","Mathematics","Native Hawaiian or Other Pacific Islander","Students without IEP","< 10"
"24 - 25 School Year","63","Oakland Schools","63150","Troy School District","00000","All Buildings","63","Oakland","LEA District","Elem thru High School","City: Small","Oakland Region","5","All Grades","Mathematics","Native Hawaiian or Other Pacific Islander","Female","< 10"
"24 - 25 School Year","63","Oakland Schools","63150","Troy School District","00000","All Buildings","63","Oakland","LEA District","Elem thru High School","City: Small","Oakland Region","5","All Grades","English Language Arts","Female","Students with Disabilities","> 95"
"24 - 25 School Year","63","Oakland Schools","63150","Troy School District","00000","All Buildings","63","Oakland","LEA District","Elem thru High School","City: Small","Oakland Region","5","All Grades","English Language Arts","Two or More Races","Students with Disabilities","> 95"
"24 - 25 School Year","63","Oakland Schools","63150","Troy School District","00000","All Buildings","63","Oakland","LEA District","Elem thru High School","City: Small","Oakland Region","5","All Grades","Mathematics","Black, not of Hispanic origin","Students without IEP","> 95"
"24 - 25 School Year","63","Oakland Schools","63150","Troy School District","00000","All Buildings","63","Oakland","LEA District","Elem thru High School","City: Small","Oakland Region","5","All Grades","Mathematics","Female","English Learners","> 95"
"24 - 25 School Year","63","Oakland Schools","63150","Troy School District","00000","All Buildings","63","Oakland","LEA District","Elem thru High School","City: Small","Oakland Region","5","All Grades","Mathematics","American Indian or Alaska Native","Not English Learners","< 10"
"24 - 25 School Year","63","Oakland Schools","63150","Troy School District","00000","All Buildings","63","Oakland","LEA District","Elem thru High School","City: Small","Oakland Region","5","All Grades","Mathematics","American Indian or Alaska Native","Male","< 10"
"24 - 25 School Year","63","Oakland Schools","63150","Troy School District","00000","All Buildings","63","Oakland","LEA District","Elem thru High School","City: Small","Oakland Region","5","All Grades","Mathematics","American Indian or Alaska Native","Female","< 10"
"24 - 25 School Year","63","Oakland Schools","63150","Troy School District","00000","All Buildings","63","Oakland","LEA District","Elem thru High School","City: Small","Oakland Region","5","All Grades","Mathematics","White, not of Hispanic origin","Students without IEP","> 95"
"24 - 25 School Year","63","Oakland Schools","63150","Troy School District","00000","All Buildings","63","Oakland","LEA District","Elem thru High School","City: Small","Oakland Region","5","All Grades","Mathematics","White, not of Hispanic origin","Female","> 95"
"24 - 25 School Year","63","Oakland Schools","63150","Troy School District","00000","All Buildings","63","Oakland","LEA District","Elem thru High School","City: Small","Oakland Region","5","All Grades","Mathematics","White, not of Hispanic origin","Male","> 95"
"24 - 25 School Year","63","Oakland Schools","63150","Troy School District","00000","All Buildings","63","Oakland","LEA District","Elem thru High School","City: Small","Oakland Region","5","All Grades","Mathematics","Asian","Students without IEP","> 95"
"24 - 25 School Year","63","Oakland Schools","63150","Troy School District","00000","All Buildings","63","Oakland","LEA District","Elem thru High School","City: Small","Oakland Region","5","All Grades","Mathematics","Asian","Female","> 95"
"24 - 25 School Year","63","Oakland Schools","63150","Troy School District","00000","All Buildings","63","Oakland","LEA District","Elem thru High School","City: Small","Oakland Region","5","All Grades","Mathematics","Students with Disabilities","English Learners","> 95"
"24 - 25 School Year","63","Oakland Schools","63150","Troy School District","00000","All Buildings","63","Oakland","LEA District","Elem thru High School","City: Small","Oakland Region","5","All Grades","Mathematics","Students with Disabilities","Not English Learners","> 95"
"24 - 25 School Year","63","Oakland Schools","63150","Troy School District","00000","All Buildings","63","Oakland","LEA District","Elem thru High School","City: Small","Oakland Region","5","All Grades","English Language Arts","Asian","Female","> 95"
"24 - 25 School Year","63","Oakland Schools","63150","Troy School District","00000","All Buildings","63","Oakland","LEA District","Elem thru High School","City: Small","Oakland Region","5","All Grades","English Language Arts","Native Hawaiian or Other Pacific Islander","Male","< 10"
"24 - 25 School Year","63","Oakland Schools","63150","Troy School District","00000","All Buildings","63","Oakland","LEA District","Elem thru High School","City: Small","Oakland Region","5","All Grades","English Language Arts","Native Hawaiian or Other Pacific Islander","Female","< 10"
"24 - 25 School Year","63","Oakland Schools","63150","Troy School District","00000","All Buildings","63","Oakland","LEA District","Elem thru High School","City: Small","Oakland Region","5","All Grades","Mathematics","Hispanic","Students without IEP","> 95"
"24 - 25 School Year","63","Oakland Schools","63150","Troy School District","00000","All Buildings","63","Oakland","LEA District","Elem thru High School","City: Small","Oakland Region","5","All Grades","Mathematics","Male","Students with Disabilities","> 95"
"24 - 25 School Year","63","Oakland Schools","63150","Troy School District","00000","All Buildings","63","Oakland","LEA District","Elem thru High School","City: Small","Oakland Region","5","All Grades","English Language Arts","American Indian or Alaska Native","Male","< 10"
"24 - 25 School Year","63","Oakland Schools","63150","Troy School District","00000","All Buildings","63","Oakland","LEA District","Elem thru High School","City: Small","Oakland Region","5","All Grades","Mathematics","Asian","Students with Disabilities","> 95"
"24 - 25 School Year","63","Oakland Schools","63150","Troy School District","00000","All Buildings","63","Oakland","LEA District","Elem thru High School","City: Small","Oakland Region","5","All Grades","Mathematics","Native Hawaiian or Other Pacific Islander","Not English Learners","< 10"
"24 - 25 School Year","63","Oakland Schools","63150","Troy School District","00000","All Buildings","63","Oakland","LEA District","Elem thru High School","City: Small","Oakland Region","5","All Grades","Mathematics","Native Hawaiian or Other Pacific Islander","Male","< 10"
"24 - 25 School Year","63","Oakland Schools","63150","Troy School District","00000","All Buildings","63","Oakland","LEA District","Elem thru High School","City: Small","Oakland Region","5","All Grades","English Language Arts","Asian","Students without IEP","> 95"
"24 - 25 School Year","63","Oakland Schools","63150","Troy School District","00174","Baker Middle School","63","Oakland","LEA School","Middle School","City: Small","Oakland Region","5","All Grades","English Language Arts","Male","Students without IEP","> 95"
"24 - 25 School Year","63","Oakland Schools","63150","Troy School District","00174","Baker Middle School","63","Oakland","LEA School","Middle School","City: Small","Oakland Region","5","All Grades","English Language Arts","Two or More Races","Female","90.9"
"24 - 25 School Year","63","Oakland Schools","63150","Troy School District","00174","Baker Middle School","63","Oakland","LEA School","Middle School","City: Small","Oakland Region","5","All Grades","Mathematics","Female","Students with Disabilities","> 95"
"24 - 25 School Year","63","Oakland Schools","63150","Troy School District","00174","Baker Middle School","63","Oakland","LEA School","Middle School","City: Small","Oakland Region","5","All Grades","Mathematics","Female","Students without IEP","> 95"
"24 - 25 School Year","63","Oakland Schools","63150","Troy School District","00174","Baker Middle School","63","Oakland","LEA School","Middle School","City: Small","Oakland Region","5","All Grades","English Language Arts","White, not of Hispanic origin","Students with Disabilities","> 95"
"24 - 25 School Year","63","Oakland Schools","63150","Troy School District","00174","Baker Middle School","63","Oakland","LEA School","Middle School","City: Small","Oakland Region","5","All Grades","Mathematics","White, not of Hispanic origin","Students with Disabilities","> 95"
"24 - 25 School Year","63","Oakland Schools","63150","Troy School District","00174","Baker Middle School","63","Oakland","LEA School","Middle School","City: Small","Oakland Region","5","All Grades","English Language Arts","Hispanic","Female","> 95"
"24 - 25 School Year","63","Oakland Schools","63150","Troy School District","00174","Baker Middle School","63","Oakland","LEA School","Middle School","City: Small","Oakland Region","5","All Grades","English Language Arts","Asian","Not English Learners","> 95"
"24 - 25 School Year","63","Oakland Schools","63150","Troy School District","00174","Baker Middle School","63","Oakland","LEA School","Middle School","City: Small","Oakland Region","5","All Grades","Mathematics","White, not of Hispanic origin","Male","> 95"
"24 - 25 School Year","63","Oakland Schools","63150","Troy School District","00174","Baker Middle School","63","Oakland","LEA School","Middle School","City: Small","Oakland Region","5","All Grades","English Language Arts","Black, not of Hispanic origin","Students without IEP","> 95"
"24 - 25 School Year","63","Oakland Schools","63150","Troy School District","00174","Baker Middle School","63","Oakland","LEA School","Middle School","City: Small","Oakland Region","5","All Grades","English Language Arts","Female","Students with Disabilities","> 95"
"24 - 25 School Year","63","Oakland Schools","63150","Troy School District","00174","Baker Middle School","63","Oakland","LEA School","Middle School","City: Small","Oakland Region","5","All Grades","English Language Arts","Female","Students without IEP","> 95"
"24 - 25 School Year","63","Oakland Schools","63150","Troy School District","00174","Baker Middle School","63","Oakland","LEA School","Middle School","City: Small","Oakland Region","5","All Grades","Mathematics","Native Hawaiian or Other Pacific Islander","Not English Learners","< 10"
"24 - 25 School Year","63","Oakland Schools","63150","Troy School District","00174","Baker Middle School","63","Oakland","LEA School","Middle School","City: Small","Oakland Region","5","All Grades","English Language Arts","American Indian or Alaska Native","Not English Learners","< 10"
"24 - 25 School Year","63","Oakland Schools","63150","Troy School District","00174","Baker Middle School","63","Oakland","LEA School","Middle School","City: Small","Oakland Region","5","All Grades","English Language Arts","American Indian or Alaska Native","Students without IEP","< 10"
"24 - 25 School Year","63","Oakland Schools","63150","Troy School District","00174","Baker Middle School","63","Oakland","LEA School","Middle School","City: Small","Oakland Region","5","All Grades","English Language Arts","American Indian or Alaska Native","Female","< 10"
"24 - 25 School Year","63","Oakland Schools","63150","Troy School District","00174","Baker Middle School","63","Oakland","LEA School","Middle School","City: Small","Oakland Region","5","All Grades","Mathematics","Native Hawaiian or Other Pacific Islander","Students without IEP","< 10"
"24 - 25 School Year","63","Oakland Schools","63150","Troy School District","00174","Baker Middle School","63","Oakland","LEA School","Middle School","City: Small","Oakland Region","5","All Grades","Mathematics","Hispanic","Not English Learners","> 95"
"24 - 25 School Year","63","Oakland Schools","63150","Troy School District","00174","Baker Middle School","63","Oakland","LEA School","Middle School","City: Small","Oakland Region","5","All Grades","Mathematics","Native Hawaiian or Other Pacific Islander","Male","< 10"
"24 - 25 School Year","63","Oakland Schools","63150","Troy School District","00174","Baker Middle School","63","Oakland","LEA School","Middle School","City: Small","Oakland Region","5","All Grades","Mathematics","Black, not of Hispanic origin","Students without IEP","> 95"
"24 - 25 School Year","63","Oakland Schools","63150","Troy School District","00174","Baker Middle School","63","Oakland","LEA School","Middle School","City: Small","Oakland Region","5","All Grades","English Language Arts","Hispanic","Students with Disabilities","> 95"
"24 - 25 School Year","63","Oakland Schools","63150","Troy School District","00174","Baker Middle School","63","Oakland","LEA School","Middle School","City: Small","Oakland Region","5","All Grades","Mathematics","Hispanic","Students with Disabilities","> 95"
"24 - 25 School Year","63","Oakland Schools","63150","Troy School District","00174","Baker Middle School","63","Oakland","LEA School","Middle School","City: Small","Oakland Region","5","All Grades","Mathematics","Female","English Learners","> 95"
"24 - 25 School Year","63","Oakland Schools","63150","Troy School District","00174","Baker Middle School","63","Oakland","LEA School","Middle School","City: Small","Oakland Region","5","All Grades","Mathematics","Female","Not English Learners","> 95"
"24 - 25 School Year","63","Oakland Schools","63150","Troy School District","00174","Baker Middle School","63","Oakland","LEA School","Middle School","City: Small","Oakland Region","5","All Grades","Mathematics","Male","English Learners","> 95"
"24 - 25 School Year","63","Oakland Schools","63150","Troy School District","00174","Baker Middle School","63","Oakland","LEA School","Middle School","City: Small","Oakland Region","5","All Grades","Mathematics","Male","Not English Learners","> 95"
"24 - 25 School Year","63","Oakland Schools","63150","Troy School District","00174","Baker Middle School","63","Oakland","LEA School","Middle School","City: Small","Oakland Region","5","All Grades","Mathematics","Students with Disabilities","English Learners","> 95"
"24 - 25 School Year","63","Oakland Schools","63150","Troy School District","00174","Baker Middle School","63","Oakland","LEA School","Middle School","City: Small","Oakland Region","5","All Grades","Mathematics","Students with Disabilities","Not English Learners","> 95"
"24 - 25 School Year","63","Oakland Schools","63150","Troy School District","00174","Baker Middle School","63","Oakland","LEA School","Middle School","City: Small","Oakland Region","5","All Grades","Mathematics","Black, not of Hispanic origin","Male","93.3"
"24 - 25 School Year","63","Oakland Schools","63150","Troy School District","00174","Baker Middle School","63","Oakland","LEA School","Middle School","City: Small","Oakland Region","5","All Grades","Mathematics","Black, not of Hispanic origin","Female","> 95"
"24 - 25 School Year","63","Oakland Schools","63150","Troy School District","00174","Baker Middle School","63","Oakland","LEA School","Middle School","City: Small","Oakland Region","5","All Grades","Mathematics","American Indian or Alaska Native","Students without IEP","< 10"
"24 - 25 School Year","63","Oakland Schools","63150","Troy School District","00174","Baker Middle School","63","Oakland","LEA School","Middle School","City: Small","Oakland Region","5","All Grades","Mathematics","Hispanic","Students without IEP","> 95"
"24 - 25 School Year","63","Oakland Schools","63150","Troy School District","00174","Baker Middle School","63","Oakland","LEA School","Middle School","City: Small","Oakland Region","5","All Grades","Mathematics","Hispanic","English Learners","> 95"
"24 - 25 School Year","63","Oakland Schools","63150","Troy School District","00174","Baker Middle School","63","Oakland","LEA School","Middle School","City: Small","Oakland Region","5","All Grades","English Language Arts","Asian","English Learners","> 95"
"24 - 25 School Year","63","Oakland Schools","63150","Troy School District","00174","Baker Middle School","63","Oakland","LEA School","Middle School","City: Small","Oakland Region","5","All Grades","English Language Arts","Two or More Races","Students without IEP","95.0"
"24 - 25 School Year","63","Oakland Schools","63150","Troy School District","00174","Baker Middle School","63","Oakland","LEA School","Middle School","City: Small","Oakland Region","5","All Grades","English Language Arts","Two or More Races","English Learners","< 10"
"24 - 25 School Year","63","Oakland Schools","63150","Troy School District","00174","Baker Middle School","63","Oakland","LEA School","Middle School","City: Small","Oakland Region","5","All Grades","English Language Arts","Two or More Races","Not English Learners","> 95"
"24 - 25 School Year","63","Oakland Schools","63150","Troy School District","00174","Baker Middle School","63","Oakland","LEA School","Middle School","City: Small","Oakland Region","5","All Grades","English Language Arts","Two or More Races","Students with Disabilities","< 10"
"24 - 25 School Year","63","Oakland Schools","63150","Troy School District","00174","Baker Middle School","63","Oakland","LEA School","Middle School","City: Small","Oakland Region","5","All Grades","Mathematics","Asian","English Learners","> 95"
"24 - 25 School Year","63","Oakland Schools","63150","Troy School District","00174","Baker Middle School","63","Oakland","LEA School","Middle School","City: Small","Oakland Region","5","All Grades","Mathematics","Asian","Not English Learners","> 95"
"24 - 25 School Year","63","Oakland Schools","63150","Troy School District","00174","Baker Middle School","63","Oakland","LEA School","Middle School","City: Small","Oakland Region","5","All Grades","English Language Arts","White, not of Hispanic origin","Female","> 95"
"24 - 25 School Year","63","Oakland Schools","63150","Troy School District","00174","Baker Middle School","63","Oakland","LEA School","Middle School","City: Small","Oakland Region","5","All Grades","English Language Arts","White, not of Hispanic origin","Male","> 95"
"24 - 25 School Year","63","Oakland Schools","63150","Troy School District","00174","Baker Middle School","63","Oakland","LEA School","Middle School","City: Small","Oakland Region","5","All Grades","English Language Arts","Black, not of Hispanic origin","Students with Disabilities","84.6"
"24 - 25 School Year","63","Oakland Schools","63150","Troy School District","00174","Baker Middle School","63","Oakland","LEA School","Middle School","City: Small","Oakland Region","5","All Grades","English Language Arts","Black, not of Hispanic origin","English Learners","< 10"
"24 - 25 School Year","63","Oakland Schools","63150","Troy School District","00174","Baker Middle School","63","Oakland","LEA School","Middle School","City: Small","Oakland Region","5","All Grades","Mathematics","Students without IEP","English Learners","> 95"
"24 - 25 School Year","63","Oakland Schools","63150","Troy School District","00174","Baker Middle School","63","Oakland","LEA School","Middle School","City: Small","Oakland Region","5","All Grades","Mathematics","Students without IEP","Not English Learners","> 95"
"24 - 25 School Year","63","Oakland Schools","63150","Troy School District","00174","Baker Middle School","63","Oakland","LEA School","Middle School","City: Small","Oakland Region","5","All Grades","English Language Arts","White, not of Hispanic origin","English Learners","> 95"
"24 - 25 School Year","63","Oakland Schools","63150","Troy School District","00174","Baker Middle School","63","Oakland","LEA School","Middle School","City: Small","Oakland Region","5","All Grades","English Language Arts","White, not of Hispanic origin","Not English Learners","> 95"
"24 - 25 School Year","63","Oakland Schools","63150","Troy School District","00174","Baker Middle School","63","Oakland","LEA School","Middle School","City: Small","Oakland Region","5","All Grades","English Language Arts","White, not of Hispanic origin","Students without IEP","> 95"
"24 - 25 School Year","63","Oakland Schools","63150","Troy School District","00174","Baker Middle School","63","Oakland","LEA School","Middle School","City: Small","Oakland Region","5","All Grades","Mathematics","White, not of Hispanic origin","English Learners","> 95"
"24 - 25 School Year","63","Oakland Schools","63150","Troy School District","00174","Baker Middle School","63","Oakland","LEA School","Middle School","City: Small","Oakland Region","5","All Grades","Mathematics","White, not of Hispanic origin","Not English Learners","> 95"
"24 - 25 School Year","63","Oakland Schools","63150","Troy School District","00174","Baker Middle School","63","Oakland","LEA School","Middle School","City: Small","Oakland Region","5","All Grades","Mathematics","White, not of Hispanic origin","Female","> 95"
"24 - 25 School Year","63","Oakland Schools","63150","Troy School District","00174","Baker Middle School","63","Oakland","LEA School","Middle School","City: Small","Oakland Region","5","All Grades","Mathematics","White, not of Hispanic origin","Students without IEP","> 95"
"24 - 25 School Year","63","Oakland Schools","63150","Troy School District","00174","Baker Middle School","63","Oakland","LEA School","Middle School","City: Small","Oakland Region","5","All Grades","English Language Arts","Asian","Students without IEP","> 95"
"24 - 25 School Year","63","Oakland Schools","63150","Troy School District","00174","Baker Middle School","63","Oakland","LEA School","Middle School","City: Small","Oakland Region","5","All Grades","English Language Arts","Black, not of Hispanic origin","Male","93.3"
"24 - 25 School Year","63","Oakland Schools","63150","Troy School District","00174","Baker Middle School","63","Oakland","LEA School","Middle School","City: Small","Oakland Region","5","All Grades","English Language Arts","Asian","Students with Disabilities","> 95"
"24 - 25 School Year","63","Oakland Schools","63150","Troy School District","00174","Baker Middle School","63","Oakland","LEA School","Middle School","City: Small","Oakland Region","5","All Grades","Mathematics","Two or More Races","Female","90.9"
"24 - 25 School Year","63","Oakland Schools","63150","Troy School District","00174","Baker Middle School","63","Oakland","LEA School","Middle School","City: Small","Oakland Region","5","All Grades","English Language Arts","Hispanic","Male","> 95"
"24 - 25 School Year","63","Oakland Schools","63150","Troy School District","00174","Baker Middle School","63","Oakland","LEA School","Middle School","City: Small","Oakland Region","5","All Grades","Mathematics","Black, not of Hispanic origin","English Learners","< 10"
"24 - 25 School Year","63","Oakland Schools","63150","Troy School District","00174","Baker Middle School","63","Oakland","LEA School","Middle School","City: Small","Oakland Region","5","All Grades","Mathematics","Black, not of Hispanic origin","Not English Learners","94.7"
"24 - 25 School Year","63","Oakland Schools","63150","Troy School District","00174","Baker Middle School","63","Oakland","LEA School","Middle School","City: Small","Oakland Region","5","All Grades","English Language Arts","Male","Not English Learners","> 95"
"24 - 25 School Year","63","Oakland Schools","63150","Troy School District","00174","Baker Middle School","63","Oakland","LEA School","Middle School","City: Small","Oakland Region","5","All Grades","English Language Arts","Female","Not English Learners","> 95"
"24 - 25 School Year","63","Oakland Schools","63150","Troy School District","00174","Baker Middle School","63","Oakland","LEA School","Middle School","City: Small","Oakland Region","5","All Grades","English Language Arts","Male","English Learners","> 95"
"24 - 25 School Year","63","Oakland Schools","63150","Troy School District","00174","Baker Middle School","63","Oakland","LEA School","Middle School","City: Small","Oakland Region","5","All Grades","English Language Arts","Hispanic","English Learners","> 95"
"24 - 25 School Year","63","Oakland Schools","63150","Troy School District","00174","Baker Middle School","63","Oakland","LEA School","Middle School","City: Small","Oakland Region","5","All Grades","English Language Arts","Hispanic","Not English Learners","> 95"
"24 - 25 School Year","63","Oakland Schools","63150","Troy School District","00174","Baker Middle School","63","Oakland","LEA School","Middle School","City: Small","Oakland Region","5","All Grades","Mathematics","Hispanic","Female","> 95"
"24 - 25 School Year","63","Oakland Schools","63150","Troy School District","00174","Baker Middle School","63","Oakland","LEA School","Middle School","City: Small","Oakland Region","5","All Grades","English Language Arts","Hispanic","Students without IEP","> 95"
"24 - 25 School Year","63","Oakland Schools","63150","Troy School District","00174","Baker Middle School","63","Oakland","LEA School","Middle School","City: Small","Oakland Region","5","All Grades","English Language Arts","Students with Disabilities","Not English Learners","> 95"
"24 - 25 School Year","63","Oakland Schools","63150","Troy School District","00174","Baker Middle School","63","Oakland","LEA School","Middle School","City: Small","Oakland Region","5","All Grades","English Language Arts","Students without IEP","English Learners","> 95"
"24 - 25 School Year","63","Oakland Schools","63150","Troy School District","00174","Baker Middle School","63","Oakland","LEA School","Middle School","City: Small","Oakland Region","5","All Grades","English Language Arts","Students without IEP","Not English Learners","> 95"
"24 - 25 School Year","63","Oakland Schools","63150","Troy School District","00174","Baker Middle School","63","Oakland","LEA School","Middle School","City: Small","Oakland Region","5","All Grades","English Language Arts","Female","English Learners","> 95"
"24 - 25 School Year","63","Oakland Schools","63150","Troy School District","00174","Baker Middle School","63","Oakland","LEA School","Middle School","City: Small","Oakland Region","5","All Grades","Mathematics","Hispanic","Male","> 95"
"24 - 25 School Year","63","Oakland Schools","63150","Troy School District","00174","Baker Middle School","63","Oakland","LEA School","Middle School","City: Small","Oakland Region","5","All Grades","Mathematics","Two or More Races","Male","> 95"
"24 - 25 School Year","63","Oakland Schools","63150","Troy School District","00174","Baker Middle School","63","Oakland","LEA School","Middle School","City: Small","Oakland Region","5","All Grades","Mathematics","Asian","Male","> 95"
"24 - 25 School Year","63","Oakland Schools","63150","Troy School District","00174","Baker Middle School","63","Oakland","LEA School","Middle School","City: Small","Oakland Region","5","All Grades","Mathematics","Asian","Students without IEP","> 95"
"24 - 25 School Year","63","Oakland Schools","63150","Troy School District","00174","Baker Middle School","63","Oakland","LEA School","Middle School","City: Small","Oakland Region","5","All Grades","Mathematics","Black, not of Hispanic origin","Students with Disabilities","84.6"
"24 - 25 School Year","63","Oakland Schools","63150","Troy School District","00174","Baker Middle School","63","Oakland","LEA School","Middle School","City: Small","Oakland Region","5","All Grades","Mathematics","Two or More Races","Students without IEP","95.0"
"24 - 25 School Year","63","Oakland Schools","63150","Troy School District","00174","Baker Middle School","63","Oakland","LEA School","Middle School","City: Small","Oakland Region","5","All Grades","Mathematics","Two or More Races","Students with Disabilities","< 10"
"24 - 25 School Year","63","Oakland Schools","63150","Troy School District","00174","Baker Middle School","63","Oakland","LEA School","Middle School","City: Small","Oakland Region","5","All Grades","Mathematics","Two or More Races","English Learners","< 10"
"24 - 25 School Year","63","Oakland Schools","63150","Troy School District","00174","Baker Middle School","63","Oakland","LEA School","Middle School","City: Small","Oakland Region","5","All Grades","Mathematics","Two or More Races","Not English Learners","> 95"
"24 - 25 School Year","63","Oakland Schools","63150","Troy School District","00174","Baker Middle School","63","Oakland","LEA School","Middle School","City: Small","Oakland Region","5","All Grades","Mathematics","Male","Students with Disabilities","> 95"
"24 - 25 School Year","63","Oakland Schools","63150","Troy School District","00174","Baker Middle School","63","Oakland","LEA School","Middle School","City: Small","Oakland Region","5","All Grades","English Language Arts","Black, not of Hispanic origin","Female","> 95"
"24 - 25 School Year","63","Oakland Schools","63150","Troy School District","00174","Baker Middle School","63","Oakland","LEA School","Middle School","City: Small","Oakland Region","5","All Grades","Mathematics","Asian","Female","> 95"
"24 - 25 School Year","63","Oakland Schools","63150","Troy School District","00174","Baker Middle School","63","Oakland","LEA School","Middle School","City: Small","Oakland Region","5","All Grades","English Language Arts","Asian","Female","> 95"
"24 - 25 School Year","63","Oakland Schools","63150","Troy School District","00174","Baker Middle School","63","Oakland","LEA School","Middle School","City: Small","Oakland Region","5","All Grades","English Language Arts","Asian","Male","> 95"
"24 - 25 School Year","63","Oakland Schools","63150","Troy School District","00174","Baker Middle School","63","Oakland","LEA School","Middle School","City: Small","Oakland Region","5","All Grades","Mathematics","Male","Students without IEP","> 95"
"24 - 25 School Year","63","Oakland Schools","63150","Troy School District","00174","Baker Middle School","63","Oakland","LEA School","Middle School","City: Small","Oakland Region","5","All Grades","English Language Arts","Black, not of Hispanic origin","Not English Learners","94.7"
"24 - 25 School Year","63","Oakland Schools","63150","Troy School District","00174","Baker Middle School","63","Oakland","LEA School","Middle School","City: Small","Oakland Region","5","All Grades","English Language Arts","Students with Disabilities","English Learners","> 95"
"24 - 25 School Year","63","Oakland Schools","63150","Troy School District","00174","Baker Middle School","63","Oakland","LEA School","Middle School","City: Small","Oakland Region","5","All Grades","English Language Arts","Two or More Races","Male","> 95"
"24 - 25 School Year","63","Oakland Schools","63150","Troy School District","00174","Baker Middle School","63","Oakland","LEA School","Middle School","City: Small","Oakland Region","5","All Grades","Mathematics","Asian","Students with Disabilities","> 95"
"24 - 25 School Year","63","Oakland Schools","63150","Troy School District","00174","Baker Middle School","63","Oakland","LEA School","Middle School","City: Small","Oakland Region","5","All Grades","Mathematics","American Indian or Alaska Native","Female","< 10"
"24 - 25 School Year","63","Oakland Schools","63150","Troy School District","00174","Baker Middle School","63","Oakland","LEA School","Middle School","City: Small","Oakland Region","5","All Grades","Mathematics","American Indian or Alaska Native","Not English Learners","< 10"
"24 - 25 School Year","63","Oakland Schools","63150","Troy School District","00174","Baker Middle School","63","Oakland","LEA School","Middle School","City: Small","Oakland Region","5","All Grades","English Language Arts","Native Hawaiian or Other Pacific Islander","Not English Learners","< 10"
"24 - 25 School Year","63","Oakland Schools","63150","Troy School District","00174","Baker Middle School","63","Oakland","LEA School","Middle School","City: Small","Oakland Region","5","All Grades","English Language Arts","Native Hawaiian or Other Pacific Islander","Male","< 10"
"24 - 25 School Year","63","Oakland Schools","63150","Troy School District","00174","Baker Middle School","63","Oakland","LEA School","Middle School","City: Small","Oakland Region","5","All Grades","English Language Arts","Native Hawaiian or Other Pacific Islander","Students without IEP","< 10"
"24 - 25 School Year","63","Oakland Schools","63150","Troy School District","00174","Baker Middle School","63","Oakland","LEA School","Middle School","City: Small","Oakland Region","5","All Grades","English Language Arts","Male","Students with Disabilities","> 95"
"24 - 25 School Year","63","Oakland Schools","63150","Troy School District","02161","Leonard Elementary School","63","Oakland","LEA School","Elementary","City: Small","Oakland Region","5","All Grades","Mathematics","Asian","Students without IEP","> 95"
"24 - 25 School Year","63","Oakland Schools","63150","Troy School District","02161","Leonard Elementary School","63","Oakland","LEA School","Elementary","City: Small","Oakland Region","5","All Grades","Mathematics","Female","Students with Disabilities","< 10"
"24 - 25 School Year","63","Oakland Schools","63150","Troy School District","02161","Leonard Elementary School","63","Oakland","LEA School","Elementary","City: Small","Oakland Region","5","All Grades","Mathematics","Female","Students without IEP","> 95"
"24 - 25 School Year","63","Oakland Schools","63150","Troy School District","02161","Leonard Elementary School","63","Oakland","LEA School","Elementary","City: Small","Oakland Region","5","All Grades","Mathematics","Male","Students without IEP","> 95"
"24 - 25 School Year","63","Oakland Schools","63150","Troy School District","02161","Leonard Elementary School","63","Oakland","LEA School","Elementary","City: Small","Oakland Region","5","All Grades","Mathematics","Black, not of Hispanic origin","Male","< 10"
"24 - 25 School Year","63","Oakland Schools","63150","Troy School District","02161","Leonard Elementary School","63","Oakland","LEA School","Elementary","City: Small","Oakland Region","5","All Grades","English Language Arts","White, not of Hispanic origin","Female","> 95"
"24 - 25 School Year","63","Oakland Schools","63150","Troy School District","02161","Leonard Elementary School","63","Oakland","LEA School","Elementary","City: Small","Oakland Region","5","All Grades","English Language Arts","Asian","Male","> 95"
"24 - 25 School Year","63","Oakland Schools","63150","Troy School District","02161","Leonard Elementary School","63","Oakland","LEA School","Elementary","City: Small","Oakland Region","5","All Grades","English Language Arts","Two or More Races","Students without IEP","> 95"
"24 - 25 School Year","63","Oakland Schools","63150","Troy School District","02161","Leonard Elementary School","63","Oakland","LEA School","Elementary","City: Small","Oakland Region","5","All Grades","English Language Arts","Two or More Races","Students with Disabilities","< 10"
"24 - 25 School Year","63","Oakland Schools","63150","Troy School District","02161","Leonard Elementary School","63","Oakland","LEA School","Elementary","City: Small","Oakland Region","5","All Grades","Mathematics","Male","Students with Disabilities","> 95"
"24 - 25 School Year","63","Oakland Schools","63150","Troy School District","02161","Leonard Elementary School","63","Oakland","LEA School","Elementary","City: Small","Oakland Region","5","All Grades","Mathematics","White, not of Hispanic origin","Male","> 95"
"24 - 25 School Year","63","Oakland Schools","63150","Troy School District","02161","Leonard Elementary School","63","Oakland","LEA School","Elementary","City: Small","Oakland Region","5","All Grades","Mathematics","Hispanic","Students with Disabilities","< 10"
"24 - 25 School Year","63","Oakland Schools","63150","Troy School District","02161","Leonard Elementary School","63","Oakland","LEA School","Elementary","City: Small","Oakland Region","5","All Grades","English Language Arts","Black, not of Hispanic origin","Male","< 10"
"24 - 25 School Year","63","Oakland Schools","63150","Troy School District","02161","Leonard Elementary School","63","Oakland","LEA School","Elementary","City: Small","Oakland Region","5","All Grades","Mathematics","Two or More Races","Male","< 10"
"24 - 25 School Year","63","Oakland Schools","63150","Troy School District","02161","Leonard Elementary School","63","Oakland","LEA School","Elementary","City: Small","Oakland Region","5","All Grades","Mathematics","Asian","Female","> 95"
"24 - 25 School Year","63","Oakland Schools","63150","Troy School District","02161","Leonard Elementary School","63","Oakland","LEA School","Elementary","City: Small","Oakland Region","5","All Grades","Mathematics","Male","Not English Learners","> 95"
"24 - 25 School Year","63","Oakland Schools","63150","Troy School District","02161","Leonard Elementary School","63","Oakland","LEA School","Elementary","City: Small","Oakland Region","5","All Grades","Mathematics","Female","Not English Learners","> 95"
"24 - 25 School Year","63","Oakland Schools","63150","Troy School District","02161","Leonard Elementary School","63","Oakland","LEA School","Elementary","City: Small","Oakland Region","5","All Grades","Mathematics","Male","English Learners","> 95"
"24 - 25 School Year","63","Oakland Schools","63150","Troy School District","02161","Leonard Elementary School","63","Oakland","LEA School","Elementary","City: Small","Oakland Region","5","All Grades","Mathematics","Students without IEP","Not English Learners","> 95"
"24 - 25 School Year","63","Oakland Schools","63150","Troy School District","02161","Leonard Elementary School","63","Oakland","LEA School","Elementary","City: Small","Oakland Region","5","All Grades","Mathematics","Students without IEP","English Learners","> 95"
"24 - 25 School Year","63","Oakland Schools","63150","Troy School District","02161","Leonard Elementary School","63","Oakland","LEA School","Elementary","City: Small","Oakland Region","5","All Grades","Mathematics","Students with Disabilities","English Learners","< 10"
"24 - 25 School Year","63","Oakland Schools","63150","Troy School District","02161","Leonard Elementary School","63","Oakland","LEA School","Elementary","City: Small","Oakland Region","5","All Grades","Mathematics","Students with Disabilities","Not English Learners","> 95"
"24 - 25 School Year","63","Oakland Schools","63150","Troy School District","02161","Leonard Elementary School","63","Oakland","LEA School","Elementary","City: Small","Oakland Region","5","All Grades","English Language Arts","Black, not of Hispanic origin","Female","< 10"
"24 - 25 School Year","63","Oakland Schools","63150","Troy School District","02161","Leonard Elementary School","63","Oakland","LEA School","Elementary","City: Small","Oakland Region","5","All Grades","English Language Arts","Two or More Races","Not English Learners","> 95"
"24 - 25 School Year","63","Oakland Schools","63150","Troy School District","02161","Leonard Elementary School","63","Oakland","LEA School","Elementary","City: Small","Oakland Region","5","All Grades","English Language Arts","Black, not of Hispanic origin","Students without IEP","< 10"
"24 - 25 School Year","63","Oakland Schools","63150","Troy School District","02161","Leonard Elementary School","63","Oakland","LEA School","Elementary","City: Small","Oakland Region","5","All Grades","English Language Arts","Male","Students with Disabilities","> 95"
"24 - 25 School Year","63","Oakland Schools","63150","Troy School District","02161","Leonard Elementary School","63","Oakland","LEA School","Elementary","City: Small","Oakland Region","5","All Grades","Mathematics","Two or More Races","Students without IEP","> 95"
"24 - 25 School Year","63","Oakland Schools","63150","Troy School District","02161","Leonard Elementary School","63","Oakland","LEA School","Elementary","City: Small","Oakland Region","5","All Grades","Mathematics","Two or More Races","Not English Learners","> 95"
"24 - 25 School Year","63","Oakland Schools","63150","Troy School District","02161","Leonard Elementary School","63","Oakland","LEA School","Elementary","City: Small","Oakland Region","5","All Grades","English Language Arts","White, not of Hispanic origin","Male","> 95"
"24 - 25 School Year","63","Oakland Schools","63150","Troy School District","02161","Leonard Elementary School","63","Oakland","LEA School","Elementary","City: Small","Oakland Region","5","All Grades","English Language Arts","Male","Students without IEP","> 95"
"24 - 25 School Year","63","Oakland Schools","63150","Troy School District","02161","Leonard Elementary School","63","Oakland","LEA School","Elementary","City: Small","Oakland Region","5","All Grades","English Language Arts","Students without IEP","English Learners","> 95"
"24 - 25 School Year","63","Oakland Schools","63150","Troy School District","02161","Leonard Elementary School","63","Oakland","LEA School","Elementary","City: Small","Oakland Region","5","All Grades","English Language Arts","Students with Disabilities","Not English Learners","> 95"
"24 - 25 School Year","63","Oakland Schools","63150","Troy School District","02161","Leonard Elementary School","63","Oakland","LEA School","Elementary","City: Small","Oakland Region","5","All Grades","English Language Arts","Students with Disabilities","English Learners","< 10"
"24 - 25 School Year","63","Oakland Schools","63150","Troy School District","02161","Leonard Elementary School","63","Oakland","LEA School","Elementary","City: Small","Oakland Region","5","All Grades","English Language Arts","Female","Not English Learners","> 95"
"24 - 25 School Year","63","Oakland Schools","63150","Troy School District","02161","Leonard Elementary School","63","Oakland","LEA School","Elementary","City: Small","Oakland Region","5","All Grades","English Language Arts","Female","English Learners","> 95"
"24 - 25 School Year","63","Oakland Schools","63150","Troy School District","02161","Leonard Elementary School","63","Oakland","LEA School","Elementary","City: Small","Oakland Region","5","All Grades","English Language Arts","Hispanic","Not English Learners","< 10"
"24 - 25 School Year","63","Oakland Schools","63150","Troy School District","02161","Leonard Elementary School","63","Oakland","LEA School","Elementary","City: Small","Oakland Region","5","All Grades","Mathematics","White, not of Hispanic origin","Female","> 95"
"24 - 25 School Year","63","Oakland Schools","63150","Troy School District","02161","Leonard Elementary School","63","Oakland","LEA School","Elementary","City: Small","Oakland Region","5","All Grades","Mathematics","White, not of Hispanic origin","English Learners","> 95"
"24 - 25 School Year","63","Oakland Schools","63150","Troy School District","02161","Leonard Elementary School","63","Oakland","LEA School","Elementary","City: Small","Oakland Region","5","All Grades","Mathematics","White, not of Hispanic origin","Not English Learners","> 95"
"24 - 25 School Year","63","Oakland Schools","63150","Troy School District","02161","Leonard Elementary School","63","Oakland","LEA School","Elementary","City: Small","Oakland Region","5","All Grades","English Language Arts","Hispanic","Female","< 10"
"24 - 25 School Year","63","Oakland Schools","63150","Troy School District","02161","Leonard Elementary School","63","Oakland","LEA School","Elementary","City: Small","Oakland Region","5","All Grades","English Language Arts","Two or More Races","Female","< 10"
"24 - 25 School Year","63","Oakland Schools","63150","Troy School District","02161","Leonard Elementary School","63","Oakland","LEA School","Elementary","City: Small","Oakland Region","5","All Grades","English Language Arts","Hispanic","Male","< 10"
"24 - 25 School Year","63","Oakland Schools","63150","Troy School District","02161","Leonard Elementary School","63","Oakland","LEA School","Elementary","City: Small","Oakland Region","5","All Grades","Mathematics","Hispanic","Female","< 10"
"24 - 25 School Year","63","Oakland Schools","63150","Troy School District","02161","Leonard Elementary School","63","Oakland","LEA School","Elementary","City: Small","Oakland Region","5","All Grades","Mathematics","Hispanic","Male","< 10"
"24 - 25 School Year","63","Oakland Schools","63150","Troy School District","02161","Leonard Elementary School","63","Oakland","LEA School","Elementary","City: Small","Oakland Region","5","All Grades","Mathematics","Female","English Learners","> 95"
"24 - 25 School Year","63","Oakland Schools","63150","Troy School District","02161","Leonard Elementary School","63","Oakland","LEA School","Elementary","City: Small","Oakland Region","5","All Grades","English Language Arts","Asian","Not English Learners","> 95"
"24 - 25 School Year","63","Oakland Schools","63150","Troy School District","02161","Leonard Elementary School","63","Oakland","LEA School","Elementary","City: Small","Oakland Region","5","All Grades","English Language Arts","Asian","English Learners","> 95"
"24 - 25 School Year","63","Oakland Schools","63150","Troy School District","02161","Leonard Elementary School","63","Oakland","LEA School","Elementary","City: Small","Oakland Region","5","All Grades","English Language Arts","Black, not of Hispanic origin","Students with Disabilities","< 10"
"24 - 25 School Year","63","Oakland Schools","63150","Troy School District","02161","Leonard Elementary School","63","Oakland","LEA School","Elementary","City: Small","Oakland Region","5","All Grades","Mathematics","Two or More Races","Female","< 10"
"24 - 25 School Year","63","Oakland Schools","63150","Troy School District","02161","Leonard Elementary School","63","Oakland","LEA School","Elementary","City: Small","Oakland Region","5","All Grades","English Language Arts","White, not of Hispanic origin","English Learners","> 95"
"24 - 25 School Year","63","Oakland Schools","63150","Troy School District","02161","Leonard Elementary School","63","Oakland","LEA School","Elementary","City: Small","Oakland Region","5","All Grades","English Language Arts","White, not of Hispanic origin","Not English Learners","> 95"
"24 - 25 School Year","63","Oakland Schools","63150","Troy School District","02161","Leonard Elementary School","63","Oakland","LEA School","Elementary","City: Small","Oakland Region","5","All Grades","Mathematics","Two or More Races","Students with Disabilities","< 10"
"24 - 25 School Year","63","Oakland Schools","63150","Troy School District","02161","Leonard Elementary School","63","Oakland","LEA School","Elementary","City: Small","Oakland Region","5","All Grades","Mathematics","Black, not of Hispanic origin","Students with Disabilities","< 10"
"24 - 25 School Year","63","Oakland Schools","63150","Troy School District","02161","Leonard Elementary School","63","Oakland","LEA School","Elementary","City: Small","Oakland Region","5","All Grades","English Language Arts","Asian","Students without IEP","> 95"
"24 - 25 School Year","63","Oakland Schools","63150","Troy School District","02161","Leonard Elementary School","63","Oakland","LEA School","Elementary","City: Small","Oakland Region","5","All Grades","English Language Arts","Asian","Students with Disabilities","< 10"
"24 - 25 School Year","63","Oakland Schools","63150","Troy School District","02161","Leonard Elementary School","63","Oakland","LEA School","Elementary","City: Small","Oakland Region","5","All Grades","Mathematics","Black, not of Hispanic origin","Female","< 10"
"24 - 25 School Year","63","Oakland Schools","63150","Troy School District","02161","Leonard Elementary School","63","Oakland","LEA School","Elementary","City: Small","Oakland Region","5","All Grades","Mathematics","Asian","English Learners","> 95"
"24 - 25 School Year","63","Oakland Schools","63150","Troy School District","02161","Leonard Elementary School","63","Oakland","LEA School","Elementary","City: Small","Oakland Region","5","All Grades","Mathematics","Asian","Not English Learners","> 95"
"24 - 25 School Year","63","Oakland Schools","63150","Troy School District","02161","Leonard Elementary School","63","Oakland","LEA School","Elementary","City: Small","Oakland Region","5","All Grades","English Language Arts","Black, not of Hispanic origin","Not English Learners","< 10"
"24 - 25 School Year","63","Oakland Schools","63150","Troy School District","02161","Leonard Elementary School","63","Oakland","LEA School","Elementary","City: Small","Oakland Region","5","All Grades","English Language Arts","Students without IEP","Not English Learners","> 95"
"24 - 25 School Year","63","Oakland Schools","63150","Troy School District","02161","Leonard Elementary School","63","Oakland","LEA School","Elementary","City: Small","Oakland Region","5","All Grades","English Language Arts","Male","English Learners","> 95"
"24 - 25 School Year","63","Oakland Schools","63150","Troy School District","02161","Leonard Elementary School","63","Oakland","LEA School","Elementary","City: Small","Oakland Region","5","All Grades","English Language Arts","Male","Not English Learners","> 95"
"24 - 25 School Year","63","Oakland Schools","63150","Troy School District","02161","Leonard Elementary School","63","Oakland","LEA School","Elementary","City: Small","Oakland Region","5","All Grades","English Language Arts","White, not of Hispanic origin","Students with Disabilities","> 95"
"24 - 25 School Year","63","Oakland Schools","63150","Troy School District","02161","Leonard Elementary School","63","Oakland","LEA School","Elementary","City: Small","Oakland Region","5","All Grades","English Language Arts","White, not of Hispanic origin","Students without IEP","> 95"
"24 - 25 School Year","63","Oakland Schools","63150","Troy School District","02161","Leonard Elementary School","63","Oakland","LEA School","Elementary","City: Small","Oakland Region","5","All Grades","Mathematics","White, not of Hispanic origin","Students without IEP","> 95"
"24 - 25 School Year","63","Oakland Schools","63150","Troy School District","02161","Leonard Elementary School","63","Oakland","LEA School","Elementary","City: Small","Oakland Region","5","All Grades","Mathematics","White, not of Hispanic origin","Students with Disabilities","> 95"
"24 - 25 School Year","63","Oakland Schools","63150","Troy School District","02161","Leonard Elementary School","63","Oakland","LEA School","Elementary","City: Small","Oakland Region","5","All Grades","English Language Arts","Asian","Female","> 95"
"24 - 25 School Year","63","Oakland Schools","63150","Troy School District","02161","Leonard Elementary School","63","Oakland","LEA School","Elementary","City: Small","Oakland Region","5","All Grades","English Language Arts","Two or More Races","Male","< 10"
"24 - 25 School Year","63","Oakland Schools","63150","Troy School District","02161","Leonard Elementary School","63","Oakland","LEA School","Elementary","City: Small","Oakland Region","5","All Grades","English Language Arts","Hispanic","Students without IEP","< 10"
"24 - 25 School Year","63","Oakland Schools","63150","Troy School District","02161","Leonard Elementary School","63","Oakland","LEA School","Elementary","City: Small","Oakland Region","5","All Grades","English Language Arts","Hispanic","Students with Disabilities","< 10"
"24 - 25 School Year","63","Oakland Schools","63150","Troy School District","02161","Leonard Elementary School","63","Oakland","LEA School","Elementary","City: Small","Oakland Region","5","All Grades","Mathematics","Asian","Male","> 95"
"24 - 25 School Year","63","Oakland Schools","63150","Troy School District","02161","Leonard Elementary School","63","Oakland","LEA School","Elementary","City: Small","Oakland Region","5","All Grades","English Language Arts","Female","Students without IEP","> 95"
"24 - 25 School Year","63","Oakland Schools","63150","Troy School District","02161","Leonard Elementary School","63","Oakland","LEA School","Elementary","City: Small","Oakland Region","5","All Grades","English Language Arts","Female","Students with Disabilities","< 10"
"24 - 25 School Year","63","Oakland Schools","63150","Troy School District","02161","Leonard Elementary School","63","Oakland","LEA School","Elementary","City: Small","Oakland Region","5","All Grades","Mathematics","Black, not of Hispanic origin","Not English Learners","< 10"
"24 - 25 School Year","63","Oakland Schools","63150","Troy School District","02161","Leonard Elementary School","63","Oakland","LEA School","Elementary","City: Small","Oakland Region","5","All Grades","Mathematics","Black, not of Hispanic origin","Students without IEP","< 10"
"24 - 25 School Year","63","Oakland Schools","63150","Troy School District","02161","Leonard Elementary School","63","Oakland","LEA School","Elementary","City: Small","Oakland Region","5","All Grades","Mathematics","Hispanic","Students without IEP","< 10"
"24 - 25 School Year","63","Oakland Schools","63150","Troy School District","02161","Leonard Elementary School","63","Oakland","LEA School","Elementary","City: Small","Oakland Region","5","All Grades","Mathematics","Hispanic","Not English Learners","< 10"
"24 - 25 School Year","63","Oakland Schools","63150","Troy School District","02161","Leonard Elementary School","63","Oakland","LEA School","Elementary","City: Small","Oakland Region","5","All Grades","Mathematics","Asian","Students with Disabilities","< 10"
"24 - 25 School Year","63","Oakland Schools","63150","Troy School District","02618","Morse Elementary School","63","Oakland","LEA School","Elementary","City: Small","Oakland Region","5","All Grades","Mathematics","Native Hawaiian or Other Pacific Islander","Students without IEP","< 10"
"24 - 25 School Year","63","Oakland Schools","63150","Troy School District","02618","Morse Elementary School","63","Oakland","LEA School","Elementary","City: Small","Oakland Region","5","All Grades","English Language Arts","White, not of Hispanic origin","Female","> 95"
"24 - 25 School Year","63","Oakland Schools","63150","Troy School District","02618","Morse Elementary School","63","Oakland","LEA School","Elementary","City: Small","Oakland Region","5","All Grades","English Language Arts","Asian","Not English Learners","> 95"
"24 - 25 School Year","63","Oakland Schools","63150","Troy School District","02618","Morse Elementary School","63","Oakland","LEA School","Elementary","City: Small","Oakland Region","5","All Grades","English Language Arts","Asian","English Learners","> 95"
"24 - 25 School Year","63","Oakland Schools","63150","Troy School District","02618","Morse Elementary School","63","Oakland","LEA School","Elementary","City: Small","Oakland Region","5","All Grades","English Language Arts","Asian","Students with Disabilities","< 10"
"24 - 25 School Year","63","Oakland Schools","63150","Troy School District","02618","Morse Elementary School","63","Oakland","LEA School","Elementary","City: Small","Oakland Region","5","All Grades","English Language Arts","Female","English Learners","> 95"
"24 - 25 School Year","63","Oakland Schools","63150","Troy School District","02618","Morse Elementary School","63","Oakland","LEA School","Elementary","City: Small","Oakland Region","5","All Grades","Mathematics","Two or More Races","Students without IEP","< 10"
"24 - 25 School Year","63","Oakland Schools","63150","Troy School District","02618","Morse Elementary School","63","Oakland","LEA School","Elementary","City: Small","Oakland Region","5","All Grades","English Language Arts","Native Hawaiian or Other Pacific Islander","Not English Learners","< 10"
"24 - 25 School Year","63","Oakland Schools","63150","Troy School District","02618","Morse Elementary School","63","Oakland","LEA School","Elementary","City: Small","Oakland Region","5","All Grades","English Language Arts","Black, not of Hispanic origin","Students without IEP","> 95"
"24 - 25 School Year","63","Oakland Schools","63150","Troy School District","02618","Morse Elementary School","63","Oakland","LEA School","Elementary","City: Small","Oakland Region","5","All Grades","Mathematics","Hispanic","Students without IEP","> 95"
"24 - 25 School Year","63","Oakland Schools","63150","Troy School District","02618","Morse Elementary School","63","Oakland","LEA School","Elementary","City: Small","Oakland Region","5","All Grades","Mathematics","Two or More Races","Not English Learners","90.0"
"24 - 25 School Year","63","Oakland Schools","63150","Troy School District","02618","Morse Elementary School","63","Oakland","LEA School","Elementary","City: Small","Oakland Region","5","All Grades","Mathematics","Asian","Female","> 95"
"24 - 25 School Year","63","Oakland Schools","63150","Troy School District","02618","Morse Elementary School","63","Oakland","LEA School","Elementary","City: Small","Oakland Region","5","All Grades","Mathematics","White, not of Hispanic origin","Students with Disabilities","80.0"
"24 - 25 School Year","63","Oakland Schools","63150","Troy School District","02618","Morse Elementary School","63","Oakland","LEA School","Elementary","City: Small","Oakland Region","5","All Grades","English Language Arts","Black, not of Hispanic origin","Female","> 95"
"24 - 25 School Year","63","Oakland Schools","63150","Troy School District","02618","Morse Elementary School","63","Oakland","LEA School","Elementary","City: Small","Oakland Region","5","All Grades","Mathematics","Black, not of Hispanic origin","Male","> 95"
"24 - 25 School Year","63","Oakland Schools","63150","Troy School District","02618","Morse Elementary School","63","Oakland","LEA School","Elementary","City: Small","Oakland Region","5","All Grades","English Language Arts","Black, not of Hispanic origin","Male","> 95"
"24 - 25 School Year","63","Oakland Schools","63150","Troy School District","02618","Morse Elementary School","63","Oakland","LEA School","Elementary","City: Small","Oakland Region","5","All Grades","English Language Arts","Native Hawaiian or Other Pacific Islander","Female","< 10"
"24 - 25 School Year","63","Oakland Schools","63150","Troy School District","02618","Morse Elementary School","63","Oakland","LEA School","Elementary","City: Small","Oakland Region","5","All Grades","English Language Arts","Native Hawaiian or Other Pacific Islander","Students without IEP","< 10"
"24 - 25 School Year","63","Oakland Schools","63150","Troy School District","02618","Morse Elementary School","63","Oakland","LEA School","Elementary","City: Small","Oakland Region","5","All Grades","English Language Arts","Hispanic","Female","> 95"
"24 - 25 School Year","63","Oakland Schools","63150","Troy School District","02618","Morse Elementary School","63","Oakland","LEA School","Elementary","City: Small","Oakland Region","5","All Grades","English Language Arts","Female","Students with Disabilities","< 10"
"24 - 25 School Year","63","Oakland Schools","63150","Troy School District","02618","Morse Elementary School","63","Oakland","LEA School","Elementary","City: Small","Oakland Region","5","All Grades","English Language Arts","Asian","Female","> 95"
"24 - 25 School Year","63","Oakland Schools","63150","Troy School District","02618","Morse Elementary School","63","Oakland","LEA School","Elementary","City: Small","Oakland Region","5","All Grades","Mathematics","Hispanic","Not English Learners","< 10"
"24 - 25 School Year","63","Oakland Schools","63150","Troy School District","02618","Morse Elementary School","63","Oakland","LEA School","Elementary","City: Small","Oakland Region","5","All Grades","Mathematics","Hispanic","Male","> 95"
"24 - 25 School Year","63","Oakland Schools","63150","Troy School District","02618","Morse Elementary School","63","Oakland","LEA School","Elementary","City: Small","Oakland Region","5","All Grades","Mathematics","Students without IEP","Not English Learners","> 95"
"24 - 25 School Year","63","Oakland Schools","63150","Troy School District","02618","Morse Elementary School","63","Oakland","LEA School","Elementary","City: Small","Oakland Region","5","All Grades","Mathematics","Students without IEP","English Learners","> 95"
"24 - 25 School Year","63","Oakland Schools","63150","Troy School District","02618","Morse Elementary School","63","Oakland","LEA School","Elementary","City: Small","Oakland Region","5","All Grades","English Language Arts","Asian","Students without IEP","> 95"
"24 - 25 School Year","63","Oakland Schools","63150","Troy School District","02618","Morse Elementary School","63","Oakland","LEA School","Elementary","City: Small","Oakland Region","5","All Grades","Mathematics","Hispanic","Students with Disabilities","< 10"
"24 - 25 School Year","63","Oakland Schools","63150","Troy School District","02618","Morse Elementary School","63","Oakland","LEA School","Elementary","City: Small","Oakland Region","5","All Grades","English Language Arts","White, not of Hispanic origin","Students without IEP","> 95"
"24 - 25 School Year","63","Oakland Schools","63150","Troy School District","02618","Morse Elementary School","63","Oakland","LEA School","Elementary","City: Small","Oakland Region","5","All Grades","Mathematics","Asian","Students without IEP","> 95"
"24 - 25 School Year","63","Oakland Schools","63150","Troy School District","02618","Morse Elementary School","63","Oakland","LEA School","Elementary","City: Small","Oakland Region","5","All Grades","Mathematics","Asian","Male","> 95"
"24 - 25 School Year","63","Oakland Schools","63150","Troy School District","02618","Morse Elementary School","63","Oakland","LEA School","Elementary","City: Small","Oakland Region","5","All Grades","Mathematics","Native Hawaiian or Other Pacific Islander","Female","< 10"
"24 - 25 School Year","63","Oakland Schools","63150","Troy School District","02618","Morse Elementary School","63","Oakland","LEA School","Elementary","City: Small","Oakland Region","5","All Grades","Mathematics","Native Hawaiian or Other Pacific Islander","Not English Learners","< 10"
"24 - 25 School Year","63","Oakland Schools","63150","Troy School District","02618","Morse Elementary School","63","Oakland","LEA School","Elementary","City: Small","Oakland Region","5","All Grades","Mathematics","Black, not of Hispanic origin","Female","> 95"
"24 - 25 School Year","63","Oakland Schools","63150","Troy School District","02618","Morse Elementary School","63","Oakland","LEA School","Elementary","City: Small","Oakland Region","5","All Grades","Mathematics","Hispanic","Female","> 95"
"24 - 25 School Year","63","Oakland Schools","63150","Troy School District","02618","Morse Elementary School","63","Oakland","LEA School","Elementary","City: Small","Oakland Region","5","All Grades","Mathematics","Asian","Not English Learners","> 95"
"24 - 25 School Year","63","Oakland Schools","63150","Troy School District","02618","Morse Elementary School","63","Oakland","LEA School","Elementary","City: Small","Oakland Region","5","All Grades","Mathematics","Female","Students with Disabilities","< 10"
"24 - 25 School Year","63","Oakland Schools","63150","Troy School District","02618","Morse Elementary School","63","Oakland","LEA School","Elementary","City: Small","Oakland Region","5","All Grades","Mathematics","Female","Students without IEP","> 95"
"24 - 25 School Year","63","Oakland Schools","63150","Troy School District","02618","Morse Elementary School","63","Oakland","LEA School","Elementary","City: Small","Oakland Region","5","All Grades","English Language Arts","Hispanic","Students without IEP","> 95"
"24 - 25 School Year","63","Oakland Schools","63150","Troy School District","02618","Morse Elementary School","63","Oakland","LEA School","Elementary","City: Small","Oakland Region","5","All Grades","English Language Arts","Hispanic","Not English Learners","< 10"
"24 - 25 School Year","63","Oakland Schools","63150","Troy School District","02618","Morse Elementary School","63","Oakland","LEA School","Elementary","City: Small","Oakland Region","5","All Grades","English Language Arts","Hispanic","English Learners","> 95"
"24 - 25 School Year","63","Oakland Schools","63150","Troy School District","02618","Morse Elementary School","63","Oakland","LEA School","Elementary","City: Small","Oakland Region","5","All Grades","Mathematics","Black, not of Hispanic origin","Students with Disabilities","< 10"
"24 - 25 School Year","63","Oakland Schools","63150","Troy School District","02618","Morse Elementary School","63","Oakland","LEA School","Elementary","City: Small","Oakland Region","5","All Grades","English Language Arts","Hispanic","Students with Disabilities","< 10"
"24 - 25 School Year","63","Oakland Schools","63150","Troy School District","02618","Morse Elementary School","63","Oakland","LEA School","Elementary","City: Small","Oakland Region","5","All Grades","Mathematics","White, not of Hispanic origin","Female","> 95"
"24 - 25 School Year","63","Oakland Schools","63150","Troy School District","02618","Morse Elementary School","63","Oakland","LEA School","Elementary","City: Small","Oakland Region","5","All Grades","Mathematics","White, not of Hispanic origin","Male","> 95"
"24 - 25 School Year","63","Oakland Schools","63150","Troy School District","02618","Morse Elementary School","63","Oakland","LEA School","Elementary","City: Small","Oakland Region","5","All Grades","Mathematics","White, not of Hispanic origin","Not English Learners","> 95"
"24 - 25 School Year","63","Oakland Schools","63150","Troy School District","02618","Morse Elementary School","63","Oakland","LEA School","Elementary","City: Small","Oakland Region","5","All Grades","Mathematics","White, not of Hispanic origin","English Learners","> 95"
"24 - 25 School Year","63","Oakland Schools","63150","Troy School District","02618","Morse Elementary School","63","Oakland","LEA School","Elementary","City: Small","Oakland Region","5","All Grades","Mathematics","Male","Students with Disabilities","90.0"
"24 - 25 School Year","63","Oakland Schools","63150","Troy School District","02618","Morse Elementary School","63","Oakland","LEA School","Elementary","City: Small","Oakland Region","5","All Grades","Mathematics","Male","Students without IEP","> 95"
"24 - 25 School Year","63","Oakland Schools","63150","Troy School District","02618","Morse Elementary School","63","Oakland","LEA School","Elementary","City: Small","Oakland Region","5","All Grades","Mathematics","Hispanic","English Learners","> 95"
"24 - 25 School Year","63","Oakland Schools","63150","Troy School District","02618","Morse Elementary School","63","Oakland","LEA School","Elementary","City: Small","Oakland Region","5","All Grades","Mathematics","Two or More Races","Male","< 10"
"24 - 25 School Year","63","Oakland Schools","63150","Troy School District","02618","Morse Elementary School","63","Oakland","LEA School","Elementary","City: Small","Oakland Region","5","All Grades","English Language Arts","Black, not of Hispanic origin","Not English Learners","> 95"
"24 - 25 School Year","63","Oakland Schools","63150","Troy School District","02618","Morse Elementary School","63","Oakland","LEA School","Elementary","City: Small","Oakland Region","5","All Grades","English Language Arts","Black, not of Hispanic origin","Students with Disabilities","< 10"
"24 - 25 School Year","63","Oakland Schools","63150","Troy School District","02618","Morse Elementary School","63","Oakland","LEA School","Elementary","City: Small","Oakland Region","5","All Grades","Mathematics","White, not of Hispanic origin","Students without IEP","> 95"
"24 - 25 School Year","63","Oakland Schools","63150","Troy School District","02618","Morse Elementary School","63","Oakland","LEA School","Elementary","City: Small","Oakland Region","5","All Grades","English Language Arts","Hispanic","Male","> 95"
"24 - 25 School Year","63","Oakland Schools","63150","Troy School District","02618","Morse Elementary School","63","Oakland","LEA School","Elementary","City: Small","Oakland Region","5","All Grades","English Language Arts","White, not of Hispanic origin","Male","> 95"
"24 - 25 School Year","63","Oakland Schools","63150","Troy School District","02618","Morse Elementary School","63","Oakland","LEA School","Elementary","City: Small","Oakland Region","5","All Grades","English Language Arts","Female","Not English Learners","> 95"
"24 - 25 School Year","63","Oakland Schools","63150","Troy School District","02618","Morse Elementary School","63","Oakland","LEA School","Elementary","City: Small","Oakland Region","5","All Grades","English Language Arts","Female","Students without IEP","> 95"
"24 - 25 School Year","63","Oakland Schools","63150","Troy School District","02618","Morse Elementary School","63","Oakland","LEA School","Elementary","City: Small","Oakland Region","5","All Grades","Mathematics","Black, not of Hispanic origin","Students without IEP","> 95"
"24 - 25 School Year","63","Oakland Schools","63150","Troy School District","02618","Morse Elementary School","63","Oakland","LEA School","Elementary","City: Small","Oakland Region","5","All Grades","English Language Arts","Male","Students with Disabilities","> 95"
"24 - 25 School Year","63","Oakland Schools","63150","Troy School District","02618","Morse Elementary School","63","Oakland","LEA School","Elementary","City: Small","Oakland Region","5","All Grades","English Language Arts","White, not of Hispanic origin","Not English Learners","> 95"
"24 - 25 School Year","63","Oakland Schools","63150","Troy School District","02618","Morse Elementary School","63","Oakland","LEA School","Elementary","City: Small","Oakland Region","5","All Grades","English Language Arts","White, not of Hispanic origin","English Learners","> 95"
"24 - 25 School Year","63","Oakland Schools","63150","Troy School District","02618","Morse Elementary School","63","Oakland","LEA School","Elementary","City: Small","Oakland Region","5","All Grades","English Language Arts","Students with Disabilities","Not English Learners","> 95"
"24 - 25 School Year","63","Oakland Schools","63150","Troy School District","02618","Morse Elementary School","63","Oakland","LEA School","Elementary","City: Small","Oakland Region","5","All Grades","English Language Arts","Students with Disabilities","English Learners","< 10"
"24 - 25 School Year","63","Oakland Schools","63150","Troy School District","02618","Morse Elementary School","63","Oakland","LEA School","Elementary","City: Small","Oakland Region","5","All Grades","Mathematics","Students with Disabilities","Not English Learners","87.0"
"24 - 25 School Year","63","Oakland Schools","63150","Troy School District","02618","Morse Elementary School","63","Oakland","LEA School","Elementary","City: Small","Oakland Region","5","All Grades","Mathematics","Students with Disabilities","English Learners","< 10"
"24 - 25 School Year","63","Oakland Schools","63150","Troy School District","02618","Morse Elementary School","63","Oakland","LEA School","Elementary","City: Small","Oakland Region","5","All Grades","Mathematics","Two or More Races","Female","< 10"
"24 - 25 School Year","63","Oakland Schools","63150","Troy School District","02618","Morse Elementary School","63","Oakland","LEA School","Elementary","City: Small","Oakland Region","5","All Grades","English Language Arts","White, not of Hispanic origin","Students with Disabilities","> 95"
"24 - 25 School Year","63","Oakland Schools","63150","Troy School District","02618","Morse Elementary School","63","Oakland","LEA School","Elementary","City: Small","Oakland Region","5","All Grades","English Language Arts","Two or More Races","Students with Disabilities","< 10"
"24 - 25 School Year","63","Oakland Schools","63150","Troy School District","02618","Morse Elementary School","63","Oakland","LEA School","Elementary","City: Small","Oakland Region","5","All Grades","English Language Arts","Two or More Races","Students without IEP","< 10"
"24 - 25 School Year","63","Oakland Schools","63150","Troy School District","02618","Morse Elementary School","63","Oakland","LEA School","Elementary","City: Small","Oakland Region","5","All Grades","English Language Arts","Two or More Races","Not English Learners","> 95"
"24 - 25 School Year","63","Oakland Schools","63150","Troy School District","02618","Morse Elementary School","63","Oakland","LEA School","Elementary","City: Small","Oakland Region","5","All Grades","Mathematics","Black, not of Hispanic origin","Not English Learners","> 95"
"24 - 25 School Year","63","Oakland Schools","63150","Troy School District","02618","Morse Elementary School","63","Oakland","LEA School","Elementary","City: Small","Oakland Region","5","All Grades","Mathematics","Female","English Learners","> 95"
"24 - 25 School Year","63","Oakland Schools","63150","Troy School District","02618","Morse Elementary School","63","Oakland","LEA School","Elementary","City: Small","Oakland Region","5","All Grades","Mathematics","Female","Not English Learners","> 95"
"24 - 25 School Year","63","Oakland Schools","63150","Troy School District","02618","Morse Elementary School","63","Oakland","LEA School","Elementary","City: Small","Oakland Region","5","All Grades","Mathematics","Male","Not English Learners","> 95"
"24 - 25 School Year","63","Oakland Schools","63150","Troy School District","02618","Morse Elementary School","63","Oakland","LEA School","Elementary","City: Small","Oakland Region","5","All Grades","Mathematics","Male","English Learners","> 95"
"24 - 25 School Year","63","Oakland Schools","63150","Troy School District","02618","Morse Elementary School","63","Oakland","LEA School","Elementary","City: Small","Oakland Region","5","All Grades","English Language Arts","Two or More Races","Female","< 10"
"24 - 25 School Year","63","Oakland Schools","63150","Troy School District","02618","Morse Elementary School","63","Oakland","LEA School","Elementary","City: Small","Oakland Region","5","All Grades","English Language Arts","Male","Not English Learners","> 95"
"24 - 25 School Year","63","Oakland Schools","63150","Troy School District","02618","Morse Elementary School","63","Oakland","LEA School","Elementary","City: Small","Oakland Region","5","All Grades","English Language Arts","Students without IEP","Not English Learners","> 95"
"24 - 25 School Year","63","Oakland Schools","63150","Troy School District","02618","Morse Elementary School","63","Oakland","LEA School","Elementary","City: Small","Oakland Region","5","All Grades","English Language Arts","Students without IEP","English Learners","> 95"
"24 - 25 School Year","63","Oakland Schools","63150","Troy School District","02618","Morse Elementary School","63","Oakland","LEA School","Elementary","City: Small","Oakland Region","5","All Grades","English Language Arts","Male","English Learners","> 95"
"24 - 25 School Year","63","Oakland Schools","63150","Troy School District","02618","Morse Elementary School","63","Oakland","LEA School","Elementary","City: Small","Oakland Region","5","All Grades","Mathematics","Two or More Races","Students with Disabilities","< 10"
"24 - 25 School Year","63","Oakland Schools","63150","Troy School District","02618","Morse Elementary School","63","Oakland","LEA School","Elementary","City: Small","Oakland Region","5","All Grades","English Language Arts","Two or More Races","Male","< 10"
"24 - 25 School Year","63","Oakland Schools","63150","Troy School District","02618","Morse Elementary School","63","Oakland","LEA School","Elementary","City: Small","Oakland Region","5","All Grades","English Language Arts","Male","Students without IEP","> 95"
"24 - 25 School Year","63","Oakland Schools","63150","Troy School District","02618","Morse Elementary School","63","Oakland","LEA School","Elementary","City: Small","Oakland Region","5","All Grades","Mathematics","Asian","English Learners","> 95"
"24 - 25 School Year","63","Oakland Schools","63150","Troy School District","02618","Morse Elementary School","63","Oakland","LEA School","Elementary","City: Small","Oakland Region","5","All Grades","Mathematics","Asian","Students with Disabilities","< 10"
"24 - 25 School Year","63","Oakland Schools","63150","Troy School District","02618","Morse Elementary School","63","Oakland","LEA School","Elementary","City: Small","Oakland Region","5","All Grades","English Language Arts","Asian","Male","> 95"
"24 - 25 School Year","63","Oakland Schools","63150","Troy School District","03715","Hamilton Elementary School","63","Oakland","LEA School","Elementary","City: Small","Oakland Region","5","All Grades","English Language Arts","Female","Students without IEP","> 95"
"24 - 25 School Year","63","Oakland Schools","63150","Troy School District","03715","Hamilton Elementary School","63","Oakland","LEA School","Elementary","City: Small","Oakland Region","5","All Grades","Mathematics","Black, not of Hispanic origin","Students with Disabilities","< 10"
"24 - 25 School Year","63","Oakland Schools","63150","Troy School District","03715","Hamilton Elementary School","63","Oakland","LEA School","Elementary","City: Small","Oakland Region","5","All Grades","Mathematics","Two or More Races","Not English Learners","> 95"
"24 - 25 School Year","63","Oakland Schools","63150","Troy School District","03715","Hamilton Elementary School","63","Oakland","LEA School","Elementary","City: Small","Oakland Region","5","All Grades","English Language Arts","Two or More Races","Male","< 10"
"24 - 25 School Year","63","Oakland Schools","63150","Troy School District","03715","Hamilton Elementary School","63","Oakland","LEA School","Elementary","City: Small","Oakland Region","5","All Grades","English Language Arts","Students with Disabilities","English Learners","< 10"
"24 - 25 School Year","63","Oakland Schools","63150","Troy School District","03715","Hamilton Elementary School","63","Oakland","LEA School","Elementary","City: Small","Oakland Region","5","All Grades","English Language Arts","Students without IEP","Not English Learners","> 95"
"24 - 25 School Year","63","Oakland Schools","63150","Troy School District","03715","Hamilton Elementary School","63","Oakland","LEA School","Elementary","City: Small","Oakland Region","5","All Grades","English Language Arts","Students with Disabilities","Not English Learners","> 95"
"24 - 25 School Year","63","Oakland Schools","63150","Troy School District","03715","Hamilton Elementary School","63","Oakland","LEA School","Elementary","City: Small","Oakland Region","5","All Grades","English Language Arts","Students without IEP","English Learners","> 95"
"24 - 25 School Year","63","Oakland Schools","63150","Troy School District","03715","Hamilton Elementary School","63","Oakland","LEA School","Elementary","City: Small","Oakland Region","5","All Grades","English Language Arts","Male","English Learners","> 95"
"24 - 25 School Year","63","Oakland Schools","63150","Troy School District","03715","Hamilton Elementary School","63","Oakland","LEA School","Elementary","City: Small","Oakland Region","5","All Grades","English Language Arts","Male","Not English Learners","> 95"
"24 - 25 School Year","63","Oakland Schools","63150","Troy School District","03715","Hamilton Elementary School","63","Oakland","LEA School","Elementary","City: Small","Oakland Region","5","All Grades","English Language Arts","Black, not of Hispanic origin","Male","< 10"
"24 - 25 School Year","63","Oakland Schools","63150","Troy School District","03715","Hamilton Elementary School","63","Oakland","LEA School","Elementary","City: Small","Oakland Region","5","All Grades","English Language Arts","Black, not of Hispanic origin","Female","< 10"
"24 - 25 School Year","63","Oakland Schools","63150","Troy School District","03715","Hamilton Elementary School","63","Oakland","LEA School","Elementary","City: Small","Oakland Region","5","All Grades","English Language Arts","Black, not of Hispanic origin","Students without IEP","< 10"
"24 - 25 School Year","63","Oakland Schools","63150","Troy School District","03715","Hamilton Elementary School","63","Oakland","LEA School","Elementary","City: Small","Oakland Region","5","All Grades","Mathematics","White, not of Hispanic origin","Male","> 95"
"24 - 25 School Year","63","Oakland Schools","63150","Troy School District","03715","Hamilton Elementary School","63","Oakland","LEA School","Elementary","City: Small","Oakland Region","5","All Grades","English Language Arts","Two or More Races","Not English Learners","> 95"
"24 - 25 School Year","63","Oakland Schools","63150","Troy School District","03715","Hamilton Elementary School","63","Oakland","LEA School","Elementary","City: Small","Oakland Region","5","All Grades","Mathematics","Black, not of Hispanic origin","Female","< 10"
"24 - 25 School Year","63","Oakland Schools","63150","Troy School District","03715","Hamilton Elementary School","63","Oakland","LEA School","Elementary","City: Small","Oakland Region","5","All Grades","Mathematics","Black, not of Hispanic origin","Male","< 10"
"24 - 25 School Year","63","Oakland Schools","63150","Troy School District","03715","Hamilton Elementary School","63","Oakland","LEA School","Elementary","City: Small","Oakland Region","5","All Grades","English Language Arts","Black, not of Hispanic origin","Not English Learners","> 95"
"24 - 25 School Year","63","Oakland Schools","63150","Troy School District","03715","Hamilton Elementary School","63","Oakland","LEA School","Elementary","City: Small","Oakland Region","5","All Grades","English Language Arts","Two or More Races","Students without IEP","> 95"
"24 - 25 School Year","63","Oakland Schools","63150","Troy School District","03715","Hamilton Elementary School","63","Oakland","LEA School","Elementary","City: Small","Oakland Region","5","All Grades","English Language Arts","Two or More Races","Students with Disabilities","< 10"
"24 - 25 School Year","63","Oakland Schools","63150","Troy School District","03715","Hamilton Elementary School","63","Oakland","LEA School","Elementary","City: Small","Oakland Region","5","All Grades","Mathematics","Hispanic","Female","< 10"
"24 - 25 School Year","63","Oakland Schools","63150","Troy School District","03715","Hamilton Elementary School","63","Oakland","LEA School","Elementary","City: Small","Oakland Region","5","All Grades","Mathematics","Hispanic","Students with Disabilities","< 10"
"24 - 25 School Year","63","Oakland Schools","63150","Troy School District","03715","Hamilton Elementary School","63","Oakland","LEA School","Elementary","City: Small","Oakland Region","5","All Grades","English Language Arts","Male","Students without IEP","> 95"
"24 - 25 School Year","63","Oakland Schools","63150","Troy School District","03715","Hamilton Elementary School","63","Oakland","LEA School","Elementary","City: Small","Oakland Region","5","All Grades","English Language Arts","Male","Students with Disabilities","> 95"
"24 - 25 School Year","63","Oakland Schools","63150","Troy School District","03715","Hamilton Elementary School","63","Oakland","LEA School","Elementary","City: Small","Oakland Region","5","All Grades","Mathematics","Asian","Female","> 95"
"24 - 25 School Year","63","Oakland Schools","63150","Troy School District","03715","Hamilton Elementary School","63","Oakland","LEA School","Elementary","City: Small","Oakland Region","5","All Grades","Mathematics","Asian","Male","> 95"
"24 - 25 School Year","63","Oakland Schools","63150","Troy School District","03715","Hamilton Elementary School","63","Oakland","LEA School","Elementary","City: Small","Oakland Region","5","All Grades","English Language Arts","White, not of Hispanic origin","Students without IEP","> 95"
"24 - 25 School Year","63","Oakland Schools","63150","Troy School District","03715","Hamilton Elementary School","63","Oakland","LEA School","Elementary","City: Small","Oakland Region","5","All Grades","Mathematics","White, not of Hispanic origin","English Learners","< 10"
"24 - 25 School Year","63","Oakland Schools","63150","Troy School District","03715","Hamilton Elementary School","63","Oakland","LEA School","Elementary","City: Small","Oakland Region","5","All Grades","Mathematics","White, not of Hispanic origin","Not English Learners","> 95"
"24 - 25 School Year","63","Oakland Schools","63150","Troy School District","03715","Hamilton Elementary School","63","Oakland","LEA School","Elementary","City: Small","Oakland Region","5","All Grades","English Language Arts","Asian","Male","> 95"
"24 - 25 School Year","63","Oakland Schools","63150","Troy School District","03715","Hamilton Elementary School","63","Oakland","LEA School","Elementary","City: Small","Oakland Region","5","All Grades","Mathematics","White, not of Hispanic origin","Female","> 95"
"24 - 25 School Year","63","Oakland Schools","63150","Troy School District","03715","Hamilton Elementary School","63","Oakland","LEA School","Elementary","City: Small","Oakland Region","5","All Grades","English Language Arts","Asian","Female","> 95"
"24 - 25 School Year","63","Oakland Schools","63150","Troy School District","03715","Hamilton Elementary School","63","Oakland","LEA School","Elementary","City: Small","Oakland Region","5","All Grades","Mathematics","Two or More Races","Students without IEP","> 95"
"24 - 25 School Year","63","Oakland Schools","63150","Troy School District","03715","Hamilton Elementary School","63","Oakland","LEA School","Elementary","City: Small","Oakland Region","5","All Grades","Mathematics","Asian","Students with Disabilities","< 10"
"24 - 25 School Year","63","Oakland Schools","63150","Troy School District","03715","Hamilton Elementary School","63","Oakland","LEA School","Elementary","City: Small","Oakland Region","5","All Grades","Mathematics","Asian","Students without IEP","> 95"
"24 - 25 School Year","63","Oakland Schools","63150","Troy School District","03715","Hamilton Elementary School","63","Oakland","LEA School","Elementary","City: Small","Oakland Region","5","All Grades","Mathematics","Two or More Races","Female","< 10"
"24 - 25 School Year","63","Oakland Schools","63150","Troy School District","03715","Hamilton Elementary School","63","Oakland","LEA School","Elementary","City: Small","Oakland Region","5","All Grades","Mathematics","Two or More Races","Male","< 10"
"24 - 25 School Year","63","Oakland Schools","63150","Troy School District","03715","Hamilton Elementary School","63","Oakland","LEA School","Elementary","City: Small","Oakland Region","5","All Grades","Mathematics","White, not of Hispanic origin","Students with Disabilities","> 95"
"24 - 25 School Year","63","Oakland Schools","63150","Troy School District","03715","Hamilton Elementary School","63","Oakland","LEA School","Elementary","City: Small","Oakland Region","5","All Grades","Mathematics","White, not of Hispanic origin","Students without IEP","> 95"
"24 - 25 School Year","63","Oakland Schools","63150","Troy School District","03715","Hamilton Elementary School","63","Oakland","LEA School","Elementary","City: Small","Oakland Region","5","All Grades","English Language Arts","White, not of Hispanic origin","Male","> 95"
"24 - 25 School Year","63","Oakland Schools","63150","Troy School District","03715","Hamilton Elementary School","63","Oakland","LEA School","Elementary","City: Small","Oakland Region","5","All Grades","Mathematics","Two or More Races","Students with Disabilities","< 10"
"24 - 25 School Year","63","Oakland Schools","63150","Troy School District","03715","Hamilton Elementary School","63","Oakland","LEA School","Elementary","City: Small","Oakland Region","5","All Grades","English Language Arts","White, not of Hispanic origin","Students with Disabilities","> 95"
"24 - 25 School Year","63","Oakland Schools","63150","Troy School District","03715","Hamilton Elementary School","63","Oakland","LEA School","Elementary","City: Small","Oakland Region","5","All Grades","English Language Arts","Two or More Races","Female","< 10"
"24 - 25 School Year","63","Oakland Schools","63150","Troy School District","03715","Hamilton Elementary School","63","Oakland","LEA School","Elementary","City: Small","Oakland Region","5","All Grades","Mathematics","Male","Students with Disabilities","> 95"
"24 - 25 School Year","63","Oakland Schools","63150","Troy School District","03715","Hamilton Elementary School","63","Oakland","LEA School","Elementary","City: Small","Oakland Region","5","All Grades","English Language Arts","White, not of Hispanic origin","Female","> 95"
"24 - 25 School Year","63","Oakland Schools","63150","Troy School District","03715","Hamilton Elementary School","63","Oakland","LEA School","Elementary","City: Small","Oakland Region","5","All Grades","Mathematics","Asian","Not English Learners","> 95"
"24 - 25 School Year","63","Oakland Schools","63150","Troy School District","03715","Hamilton Elementary School","63","Oakland","LEA School","Elementary","City: Small","Oakland Region","5","All Grades","Mathematics","Asian","English Learners","> 95"
"24 - 25 School Year","63","Oakland Schools","63150","Troy School District","03715","Hamilton Elementary School","63","Oakland","LEA School","Elementary","City: Small","Oakland Region","5","All Grades","Mathematics","Hispanic","Students without IEP","> 95"
"24 - 25 School Year","63","Oakland Schools","63150","Troy School District","03715","Hamilton Elementary School","63","Oakland","LEA School","Elementary","City: Small","Oakland Region","5","All Grades","Mathematics","Hispanic","English Learners","< 10"
"24 - 25 School Year","63","Oakland Schools","63150","Troy School District","03715","Hamilton Elementary School","63","Oakland","LEA School","Elementary","City: Small","Oakland Region","5","All Grades","Mathematics","Hispanic","Not English Learners","< 10"
"24 - 25 School Year","63","Oakland Schools","63150","Troy School District","03715","Hamilton Elementary School","63","Oakland","LEA School","Elementary","City: Small","Oakland Region","5","All Grades","Mathematics","Hispanic","Male","< 10"
"24 - 25 School Year","63","Oakland Schools","63150","Troy School District","03715","Hamilton Elementary School","63","Oakland","LEA School","Elementary","City: Small","Oakland Region","5","All Grades","English Language Arts","Black, not of Hispanic origin","Students with Disabilities","< 10"
"24 - 25 School Year","63","Oakland Schools","63150","Troy School District","03715","Hamilton Elementary School","63","Oakland","LEA School","Elementary","City: Small","Oakland Region","5","All Grades","English Language Arts","White, not of Hispanic origin","English Learners","< 10"
"24 - 25 School Year","63","Oakland Schools","63150","Troy School District","03715","Hamilton Elementary School","63","Oakland","LEA School","Elementary","City: Small","Oakland Region","5","All Grades","English Language Arts","White, not of Hispanic origin","Not English Learners","> 95"
"24 - 25 School Year","63","Oakland Schools","63150","Troy School District","03715","Hamilton Elementary School","63","Oakland","LEA School","Elementary","City: Small","Oakland Region","5","All Grades","English Language Arts","Hispanic","Male","< 10"
"24 - 25 School Year","63","Oakland Schools","63150","Troy School District","03715","Hamilton Elementary School","63","Oakland","LEA School","Elementary","City: Small","Oakland Region","5","All Grades","English Language Arts","Hispanic","Female","< 10"
"24 - 25 School Year","63","Oakland Schools","63150","Troy School District","03715","Hamilton Elementary School","63","Oakland","LEA School","Elementary","City: Small","Oakland Region","5","All Grades","Mathematics","Female","Students without IEP","> 95"
"24 - 25 School Year","63","Oakland Schools","63150","Troy School District","03715","Hamilton Elementary School","63","Oakland","LEA School","Elementary","City: Small","Oakland Region","5","All Grades","Mathematics","Male","Students without IEP","> 95"
"24 - 25 School Year","63","Oakland Schools","63150","Troy School District","03715","Hamilton Elementary School","63","Oakland","LEA School","Elementary","City: Small","Oakland Region","5","All Grades","English Language Arts","Hispanic","English Learners","< 10"
"24 - 25 School Year","63","Oakland Schools","63150","Troy School District","03715","Hamilton Elementary School","63","Oakland","LEA School","Elementary","City: Small","Oakland Region","5","All Grades","English Language Arts","Hispanic","Not English Learners","< 10"
"24 - 25 School Year","63","Oakland Schools","63150","Troy School District","03715","Hamilton Elementary School","63","Oakland","LEA School","Elementary","City: Small","Oakland Region","5","All Grades","English Language Arts","Hispanic","Students without IEP","> 95"
"24 - 25 School Year","63","Oakland Schools","63150","Troy School District","03715","Hamilton Elementary School","63","Oakland","LEA School","Elementary","City: Small","Oakland Region","5","All Grades","Mathematics","Students without IEP","Not English Learners","> 95"
"24 - 25 School Year","63","Oakland Schools","63150","Troy School District","03715","Hamilton Elementary School","63","Oakland","LEA School","Elementary","City: Small","Oakland Region","5","All Grades","Mathematics","Students without IEP","English Learners","> 95"
"24 - 25 School Year","63","Oakland Schools","63150","Troy School District","03715","Hamilton Elementary School","63","Oakland","LEA School","Elementary","City: Small","Oakland Region","5","All Grades","Mathematics","Female","Not English Learners","> 95"
"24 - 25 School Year","63","Oakland Schools","63150","Troy School District","03715","Hamilton Elementary School","63","Oakland","LEA School","Elementary","City: Small","Oakland Region","5","All Grades","Mathematics","Female","English Learners","> 95"
"24 - 25 School Year","63","Oakland Schools","63150","Troy School District","03715","Hamilton Elementary School","63","Oakland","LEA School","Elementary","City: Small","Oakland Region","5","All Grades","Mathematics","Students with Disabilities","English Learners","< 10"
"24 - 25 School Year","63","Oakland Schools","63150","Troy School District","03715","Hamilton Elementary School","63","Oakland","LEA School","Elementary","City: Small","Oakland Region","5","All Grades","Mathematics","Students with Disabilities","Not English Learners","> 95"
"24 - 25 School Year","63","Oakland Schools","63150","Troy School District","03715","Hamilton Elementary School","63","Oakland","LEA School","Elementary","City: Small","Oakland Region","5","All Grades","English Language Arts","Asian","Students with Disabilities","< 10"
"24 - 25 School Year","63","Oakland Schools","63150","Troy School District","03715","Hamilton Elementary School","63","Oakland","LEA School","Elementary","City: Small","Oakland Region","5","All Grades","English Language Arts","Asian","Students without IEP","> 95"
"24 - 25 School Year","63","Oakland Schools","63150","Troy School District","03715","Hamilton Elementary School","63","Oakland","LEA School","Elementary","City: Small","Oakland Region","5","All Grades","Mathematics","Black, not of Hispanic origin","Students without IEP","< 10"
"24 - 25 School Year","63","Oakland Schools","63150","Troy School District","03715","Hamilton Elementary School","63","Oakland","LEA School","Elementary","City: Small","Oakland Region","5","All Grades","Mathematics","Black, not of Hispanic origin","Not English Learners","> 95"
"24 - 25 School Year","63","Oakland Schools","63150","Troy School District","03715","Hamilton Elementary School","63","Oakland","LEA School","Elementary","City: Small","Oakland Region","5","All Grades","English Language Arts","Hispanic","Students with Disabilities","< 10"
"24 - 25 School Year","63","Oakland Schools","63150","Troy School District","03715","Hamilton Elementary School","63","Oakland","LEA School","Elementary","City: Small","Oakland Region","5","All Grades","Mathematics","Female","Students with Disabilities","< 10"
"24 - 25 School Year","63","Oakland Schools","63150","Troy School District","03715","Hamilton Elementary School","63","Oakland","LEA School","Elementary","City: Small","Oakland Region","5","All Grades","English Language Arts","Asian","English Learners","> 95"
"24 - 25 School Year","63","Oakland Schools","63150","Troy School District","03715","Hamilton Elementary School","63","Oakland","LEA School","Elementary","City: Small","Oakland Region","5","All Grades","English Language Arts","Asian","Not English Learners","> 95"
"24 - 25 School Year","63","Oakland Schools","63150","Troy School District","03715","Hamilton Elementary School","63","Oakland","LEA School","Elementary","City: Small","Oakland Region","5","All Grades","English Language Arts","Female","Not English Learners","> 95"
"24 - 25 School Year","63","Oakland Schools","63150","Troy School District","03715","Hamilton Elementary School","63","Oakland","LEA School","Elementary","City: Small","Oakland Region","5","All Grades","English Language Arts","Female","English Learners","> 95"
"24 - 25 School Year","63","Oakland Schools","63150","Troy School District","03715","Hamilton Elementary School","63","Oakland","LEA School","Elementary","City: Small","Oakland Region","5","All Grades","English Language Arts","Female","Students with Disabilities","< 10"
"24 - 25 School Year","63","Oakland Schools","63150","Troy School District","03715","Hamilton Elementary School","63","Oakland","LEA School","Elementary","City: Small","Oakland Region","5","All Grades","Mathematics","Male","Not English Learners","> 95"
"24 - 25 School Year","63","Oakland Schools","63150","Troy School District","03715","Hamilton Elementary School","63","Oakland","LEA School","Elementary","City: Small","Oakland Region","5","All Grades","Mathematics","Male","English Learners","> 95"
"24 - 25 School Year","63","Oakland Schools","63150","Troy School District","04226","Troy High School","63","Oakland","LEA School","High School","City: Small","Oakland Region","5","All Grades","Mathematics","American Indian or Alaska Native","Students without IEP","< 10"
"24 - 25 School Year","63","Oakland Schools","63150","Troy School District","04226","Troy High School","63","Oakland","LEA School","High School","City: Small","Oakland Region","5","All Grades","Mathematics","Asian","Students without IEP","> 95"
"24 - 25 School Year","63","Oakland Schools","63150","Troy School District","04226","Troy High School","63","Oakland","LEA School","High School","City: Small","Oakland Region","5","All Grades","Mathematics","Hispanic","Male","> 95"
"24 - 25 School Year","63","Oakland Schools","63150","Troy School District","04226","Troy High School","63","Oakland","LEA School","High School","City: Small","Oakland Region","5","All Grades","English Language Arts","Black, not of Hispanic origin","Students with Disabilities","< 10"
"24 - 25 School Year","63","Oakland Schools","63150","Troy School District","04226","Troy High School","63","Oakland","LEA School","High School","City: Small","Oakland Region","5","All Grades","English Language Arts","Black, not of Hispanic origin","Not English Learners","> 95"
"24 - 25 School Year","63","Oakland Schools","63150","Troy School District","04226","Troy High School","63","Oakland","LEA School","High School","City: Small","Oakland Region","5","All Grades","English Language Arts","Hispanic","Students without IEP","> 95"
"24 - 25 School Year","63","Oakland Schools","63150","Troy School District","04226","Troy High School","63","Oakland","LEA School","High School","City: Small","Oakland Region","5","All Grades","English Language Arts","Hispanic","Students with Disabilities","< 10"
"24 - 25 School Year","63","Oakland Schools","63150","Troy School District","04226","Troy High School","63","Oakland","LEA School","High School","City: Small","Oakland Region","5","All Grades","Mathematics","Black, not of Hispanic origin","Students without IEP","94.7"
"24 - 25 School Year","63","Oakland Schools","63150","Troy School District","04226","Troy High School","63","Oakland","LEA School","High School","City: Small","Oakland Region","5","All Grades","Mathematics","Black, not of Hispanic origin","Students with Disabilities","< 10"
"24 - 25 School Year","63","Oakland Schools","63150","Troy School District","04226","Troy High School","63","Oakland","LEA School","High School","City: Small","Oakland Region","5","All Grades","English Language Arts","Black, not of Hispanic origin","Female","< 10"
"24 - 25 School Year","63","Oakland Schools","63150","Troy School District","04226","Troy High School","63","Oakland","LEA School","High School","City: Small","Oakland Region","5","All Grades","English Language Arts","Black, not of Hispanic origin","Male","94.1"
"24 - 25 School Year","63","Oakland Schools","63150","Troy School District","04226","Troy High School","63","Oakland","LEA School","High School","City: Small","Oakland Region","5","All Grades","Mathematics","Male","Students without IEP","> 95"
"24 - 25 School Year","63","Oakland Schools","63150","Troy School District","04226","Troy High School","63","Oakland","LEA School","High School","City: Small","Oakland Region","5","All Grades","Mathematics","Female","Students without IEP","> 95"
"24 - 25 School Year","63","Oakland Schools","63150","Troy School District","04226","Troy High School","63","Oakland","LEA School","High School","City: Small","Oakland Region","5","All Grades","Mathematics","Male","Students with Disabilities","94.4"
"24 - 25 School Year","63","Oakland Schools","63150","Troy School District","04226","Troy High School","63","Oakland","LEA School","High School","City: Small","Oakland Region","5","All Grades","Mathematics","Two or More Races","Not English Learners","> 95"
"24 - 25 School Year","63","Oakland Schools","63150","Troy School District","04226","Troy High School","63","Oakland","LEA School","High School","City: Small","Oakland Region","5","All Grades","Mathematics","Two or More Races","Students without IEP","> 95"
"24 - 25 School Year","63","Oakland Schools","63150","Troy School District","04226","Troy High School","63","Oakland","LEA School","High School","City: Small","Oakland Region","5","All Grades","Mathematics","Hispanic","Female","> 95"
"24 - 25 School Year","63","Oakland Schools","63150","Troy School District","04226","Troy High School","63","Oakland","LEA School","High School","City: Small","Oakland Region","5","All Grades","English Language Arts","American Indian or Alaska Native","Students without IEP","< 10"
"24 - 25 School Year","63","Oakland Schools","63150","Troy School District","04226","Troy High School","63","Oakland","LEA School","High School","City: Small","Oakland Region","5","All Grades","Mathematics","American Indian or Alaska Native","Female","< 10"
"24 - 25 School Year","63","Oakland Schools","63150","Troy School District","04226","Troy High School","63","Oakland","LEA School","High School","City: Small","Oakland Region","5","All Grades","Mathematics","American Indian or Alaska Native","Not English Learners","< 10"
"24 - 25 School Year","63","Oakland Schools","63150","Troy School District","04226","Troy High School","63","Oakland","LEA School","High School","City: Small","Oakland Region","5","All Grades","Mathematics","American Indian or Alaska Native","Male","< 10"
"24 - 25 School Year","63","Oakland Schools","63150","Troy School District","04226","Troy High School","63","Oakland","LEA School","High School","City: Small","Oakland Region","5","All Grades","English Language Arts","Male","Students without IEP","> 95"
"24 - 25 School Year","63","Oakland Schools","63150","Troy School District","04226","Troy High School","63","Oakland","LEA School","High School","City: Small","Oakland Region","5","All Grades","English Language Arts","White, not of Hispanic origin","Students without IEP","> 95"
"24 - 25 School Year","63","Oakland Schools","63150","Troy School District","04226","Troy High School","63","Oakland","LEA School","High School","City: Small","Oakland Region","5","All Grades","English Language Arts","White, not of Hispanic origin","Not English Learners","> 95"
"24 - 25 School Year","63","Oakland Schools","63150","Troy School District","04226","Troy High School","63","Oakland","LEA School","High School","City: Small","Oakland Region","5","All Grades","English Language Arts","White, not of Hispanic origin","English Learners","> 95"
"24 - 25 School Year","63","Oakland Schools","63150","Troy School District","04226","Troy High School","63","Oakland","LEA School","High School","City: Small","Oakland Region","5","All Grades","Mathematics","Two or More Races","Female","< 10"
"24 - 25 School Year","63","Oakland Schools","63150","Troy School District","04226","Troy High School","63","Oakland","LEA School","High School","City: Small","Oakland Region","5","All Grades","English Language Arts","Two or More Races","Students without IEP","> 95"
"24 - 25 School Year","63","Oakland Schools","63150","Troy School District","04226","Troy High School","63","Oakland","LEA School","High School","City: Small","Oakland Region","5","All Grades","English Language Arts","Hispanic","Male","94.1"
"24 - 25 School Year","63","Oakland Schools","63150","Troy School District","04226","Troy High School","63","Oakland","LEA School","High School","City: Small","Oakland Region","5","All Grades","English Language Arts","Two or More Races","Female","< 10"
"24 - 25 School Year","63","Oakland Schools","63150","Troy School District","04226","Troy High School","63","Oakland","LEA School","High School","City: Small","Oakland Region","5","All Grades","English Language Arts","Two or More Races","Not English Learners","> 95"
"24 - 25 School Year","63","Oakland Schools","63150","Troy School District","04226","Troy High School","63","Oakland","LEA School","High School","City: Small","Oakland Region","5","All Grades","English Language Arts","Two or More Races","Male","> 95"
"24 - 25 School Year","63","Oakland Schools","63150","Troy School District","04226","Troy High School","63","Oakland","LEA School","High School","City: Small","Oakland Region","5","All Grades","English Language Arts","Asian","Female","> 95"
"24 - 25 School Year","63","Oakland Schools","63150","Troy School District","04226","Troy High School","63","Oakland","LEA School","High School","City: Small","Oakland Region","5","All Grades","English Language Arts","Female","Students without IEP","> 95"
"24 - 25 School Year","63","Oakland Schools","63150","Troy School District","04226","Troy High School","63","Oakland","LEA School","High School","City: Small","Oakland Region","5","All Grades","English Language Arts","Female","Students with Disabilities","> 95"
"24 - 25 School Year","63","Oakland Schools","63150","Troy School District","04226","Troy High School","63","Oakland","LEA School","High School","City: Small","Oakland Region","5","All Grades","English Language Arts","Asian","Male","> 95"
"24 - 25 School Year","63","Oakland Schools","63150","Troy School District","04226","Troy High School","63","Oakland","LEA School","High School","City: Small","Oakland Region","5","All Grades","Mathematics","Two or More Races","Students with Disabilities","< 10"
"24 - 25 School Year","63","Oakland Schools","63150","Troy School District","04226","Troy High School","63","Oakland","LEA School","High School","City: Small","Oakland Region","5","All Grades","Mathematics","Asian","English Learners","> 95"
"24 - 25 School Year","63","Oakland Schools","63150","Troy School District","04226","Troy High School","63","Oakland","LEA School","High School","City: Small","Oakland Region","5","All Grades","Mathematics","Asian","Not English Learners","> 95"
"24 - 25 School Year","63","Oakland Schools","63150","Troy School District","04226","Troy High School","63","Oakland","LEA School","High School","City: Small","Oakland Region","5","All Grades","Mathematics","White, not of Hispanic origin","English Learners","> 95"
"24 - 25 School Year","63","Oakland Schools","63150","Troy School District","04226","Troy High School","63","Oakland","LEA School","High School","City: Small","Oakland Region","5","All Grades","Mathematics","White, not of Hispanic origin","Not English Learners","> 95"
"24 - 25 School Year","63","Oakland Schools","63150","Troy School District","04226","Troy High School","63","Oakland","LEA School","High School","City: Small","Oakland Region","5","All Grades","English Language Arts","Male","Students with Disabilities","91.7"
"24 - 25 School Year","63","Oakland Schools","63150","Troy School District","04226","Troy High School","63","Oakland","LEA School","High School","City: Small","Oakland Region","5","All Grades","Mathematics","Black, not of Hispanic origin","Not English Learners","> 95"
"24 - 25 School Year","63","Oakland Schools","63150","Troy School District","04226","Troy High School","63","Oakland","LEA School","High School","City: Small","Oakland Region","5","All Grades","Mathematics","Asian","Female","> 95"
"24 - 25 School Year","63","Oakland Schools","63150","Troy School District","04226","Troy High School","63","Oakland","LEA School","High School","City: Small","Oakland Region","5","All Grades","English Language Arts","Black, not of Hispanic origin","Students without IEP","94.7"
"24 - 25 School Year","63","Oakland Schools","63150","Troy School District","04226","Troy High School","63","Oakland","LEA School","High School","City: Small","Oakland Region","5","All Grades","Mathematics","American Indian or Alaska Native","Students with Disabilities","< 10"
"24 - 25 School Year","63","Oakland Schools","63150","Troy School District","04226","Troy High School","63","Oakland","LEA School","High School","City: Small","Oakland Region","5","All Grades","Mathematics","Black, not of Hispanic origin","Female","< 10"
"24 - 25 School Year","63","Oakland Schools","63150","Troy School District","04226","Troy High School","63","Oakland","LEA School","High School","City: Small","Oakland Region","5","All Grades","Mathematics","Black, not of Hispanic origin","Male","94.1"
"24 - 25 School Year","63","Oakland Schools","63150","Troy School District","04226","Troy High School","63","Oakland","LEA School","High School","City: Small","Oakland Region","5","All Grades","Mathematics","White, not of Hispanic origin","Male","> 95"
"24 - 25 School Year","63","Oakland Schools","63150","Troy School District","04226","Troy High School","63","Oakland","LEA School","High School","City: Small","Oakland Region","5","All Grades","Mathematics","Asian","Students with Disabilities","< 10"
"24 - 25 School Year","63","Oakland Schools","63150","Troy School District","04226","Troy High School","63","Oakland","LEA School","High School","City: Small","Oakland Region","5","All Grades","Mathematics","Female","Students with Disabilities","> 95"
"24 - 25 School Year","63","Oakland Schools","63150","Troy School District","04226","Troy High School","63","Oakland","LEA School","High School","City: Small","Oakland Region","5","All Grades","Mathematics","Female","English Learners","> 95"
"24 - 25 School Year","63","Oakland Schools","63150","Troy School District","04226","Troy High School","63","Oakland","LEA School","High School","City: Small","Oakland Region","5","All Grades","Mathematics","Female","Not English Learners","> 95"
"24 - 25 School Year","63","Oakland Schools","63150","Troy School District","04226","Troy High School","63","Oakland","LEA School","High School","City: Small","Oakland Region","5","All Grades","English Language Arts","Two or More Races","Students with Disabilities","< 10"
"24 - 25 School Year","63","Oakland Schools","63150","Troy School District","04226","Troy High School","63","Oakland","LEA School","High School","City: Small","Oakland Region","5","All Grades","Mathematics","White, not of Hispanic origin","Female","> 95"
"24 - 25 School Year","63","Oakland Schools","63150","Troy School District","04226","Troy High School","63","Oakland","LEA School","High School","City: Small","Oakland Region","5","All Grades","English Language Arts","American Indian or Alaska Native","Not English Learners","< 10"
"24 - 25 School Year","63","Oakland Schools","63150","Troy School District","04226","Troy High School","63","Oakland","LEA School","High School","City: Small","Oakland Region","5","All Grades","English Language Arts","American Indian or Alaska Native","Female","< 10"
"24 - 25 School Year","63","Oakland Schools","63150","Troy School District","04226","Troy High School","63","Oakland","LEA School","High School","City: Small","Oakland Region","5","All Grades","Mathematics","White, not of Hispanic origin","Students without IEP","> 95"
"24 - 25 School Year","63","Oakland Schools","63150","Troy School District","04226","Troy High School","63","Oakland","LEA School","High School","City: Small","Oakland Region","5","All Grades","Mathematics","White, not of Hispanic origin","Students with Disabilities","92.3"
"24 - 25 School Year","63","Oakland Schools","63150","Troy School District","04226","Troy High School","63","Oakland","LEA School","High School","City: Small","Oakland Region","5","All Grades","Mathematics","Two or More Races","Male","> 95"
"24 - 25 School Year","63","Oakland Schools","63150","Troy School District","04226","Troy High School","63","Oakland","LEA School","High School","City: Small","Oakland Region","5","All Grades","English Language Arts","White, not of Hispanic origin","Male","> 95"
"24 - 25 School Year","63","Oakland Schools","63150","Troy School District","04226","Troy High School","63","Oakland","LEA School","High School","City: Small","Oakland Region","5","All Grades","English Language Arts","White, not of Hispanic origin","Female","> 95"
"24 - 25 School Year","63","Oakland Schools","63150","Troy School District","04226","Troy High School","63","Oakland","LEA School","High School","City: Small","Oakland Region","5","All Grades","English Language Arts","Hispanic","Female","> 95"
"24 - 25 School Year","63","Oakland Schools","63150","Troy School District","04226","Troy High School","63","Oakland","LEA School","High School","City: Small","Oakland Region","5","All Grades","Mathematics","Hispanic","Students with Disabilities","< 10"
"24 - 25 School Year","63","Oakland Schools","63150","Troy School District","04226","Troy High School","63","Oakland","LEA School","High School","City: Small","Oakland Region","5","All Grades","Mathematics","Hispanic","Students without IEP","> 95"
"24 - 25 School Year","63","Oakland Schools","63150","Troy School District","04226","Troy High School","63","Oakland","LEA School","High School","City: Small","Oakland Region","5","All Grades","English Language Arts","Asian","Students without IEP","> 95"
"24 - 25 School Year","63","Oakland Schools","63150","Troy School District","04226","Troy High School","63","Oakland","LEA School","High School","City: Small","Oakland Region","5","All Grades","English Language Arts","Asian","English Learners","> 95"
"24 - 25 School Year","63","Oakland Schools","63150","Troy School District","04226","Troy High School","63","Oakland","LEA School","High School","City: Small","Oakland Region","5","All Grades","English Language Arts","Asian","Not English Learners","> 95"
"24 - 25 School Year","63","Oakland Schools","63150","Troy School District","04226","Troy High School","63","Oakland","LEA School","High School","City: Small","Oakland Region","5","All Grades","English Language Arts","Asian","Students with Disabilities","< 10"
"24 - 25 School Year","63","Oakland Schools","63150","Troy School District","04226","Troy High School","63","Oakland","LEA School","High School","City: Small","Oakland Region","5","All Grades","Mathematics","Hispanic","English Learners","> 95"
"24 - 25 School Year","63","Oakland Schools","63150","Troy School District","04226","Troy High School","63","Oakland","LEA School","High School","City: Small","Oakland Region","5","All Grades","Mathematics","Hispanic","Not English Learners","> 95"
"24 - 25 School Year","63","Oakland Schools","63150","Troy School District","04226","Troy High School","63","Oakland","LEA School","High School","City: Small","Oakland Region","5","All Grades","Mathematics","Asian","Male","> 95"
"24 - 25 School Year","63","Oakland Schools","63150","Troy School District","04226","Troy High School","63","Oakland","LEA School","High School","City: Small","Oakland Region","5","All Grades","Mathematics","Students with Disabilities","English Learners","< 10"
"24 - 25 School Year","63","Oakland Schools","63150","Troy School District","04226","Troy High School","63","Oakland","LEA School","High School","City: Small","Oakland Region","5","All Grades","Mathematics","Students with Disabilities","Not English Learners","> 95"
"24 - 25 School Year","63","Oakland Schools","63150","Troy School District","04226","Troy High School","63","Oakland","LEA School","High School","City: Small","Oakland Region","5","All Grades","Mathematics","Students without IEP","Not English Learners","> 95"
"24 - 25 School Year","63","Oakland Schools","63150","Troy School District","04226","Troy High School","63","Oakland","LEA School","High School","City: Small","Oakland Region","5","All Grades","Mathematics","Students without IEP","English Learners","> 95"
"24 - 25 School Year","63","Oakland Schools","63150","Troy School District","04226","Troy High School","63","Oakland","LEA School","High School","City: Small","Oakland Region","5","All Grades","Mathematics","Male","Not English Learners","> 95"
"24 - 25 School Year","63","Oakland Schools","63150","Troy School District","04226","Troy High School","63","Oakland","LEA School","High School","City: Small","Oakland Region","5","All Grades","Mathematics","Male","English Learners","> 95"
"24 - 25 School Year","63","Oakland Schools","63150","Troy School District","04226","Troy High School","63","Oakland","LEA School","High School","City: Small","Oakland Region","5","All Grades","English Language Arts","Hispanic","Not English Learners","94.4"
"24 - 25 School Year","63","Oakland Schools","63150","Troy School District","04226","Troy High School","63","Oakland","LEA School","High School","City: Small","Oakland Region","5","All Grades","English Language Arts","Hispanic","English Learners","> 95"
"24 - 25 School Year","63","Oakland Schools","63150","Troy School District","04226","Troy High School","63","Oakland","LEA School","High School","City: Small","Oakland Region","5","All Grades","English Language Arts","White, not of Hispanic origin","Students with Disabilities","92.3"
"24 - 25 School Year","63","Oakland Schools","63150","Troy School District","04226","Troy High School","63","Oakland","LEA School","High School","City: Small","Oakland Region","5","All Grades","English Language Arts","Male","English Learners","> 95"
"24 - 25 School Year","63","Oakland Schools","63150","Troy School District","04226","Troy High School","63","Oakland","LEA School","High School","City: Small","Oakland Region","5","All Grades","English Language Arts","Students without IEP","Not English Learners","> 95"
"24 - 25 School Year","63","Oakland Schools","63150","Troy School District","04226","Troy High School","63","Oakland","LEA School","High School","City: Small","Oakland Region","5","All Grades","English Language Arts","Male","Not English Learners","> 95"
"24 - 25 School Year","63","Oakland Schools","63150","Troy School District","04226","Troy High School","63","Oakland","LEA School","High School","City: Small","Oakland Region","5","All Grades","English Language Arts","Female","English Learners","> 95"
"24 - 25 School Year","63","Oakland Schools","63150","Troy School District","04226","Troy High School","63","Oakland","LEA School","High School","City: Small","Oakland Region","5","All Grades","English Language Arts","Female","Not English Learners","> 95"
"24 - 25 School Year","63","Oakland Schools","63150","Troy School District","04226","Troy High School","63","Oakland","LEA School","High School","City: Small","Oakland Region","5","All Grades","English Language Arts","Students without IEP","English Learners","> 95"
"24 - 25 School Year","63","Oakland Schools","63150","Troy School District","04226","Troy High School","63","Oakland","LEA School","High School","City: Small","Oakland Region","5","All Grades","English Language Arts","Students with Disabilities","Not English Learners","92.7"
"24 - 25 School Year","63","Oakland Schools","63150","Troy School District","04226","Troy High School","63","Oakland","LEA School","High School","City: Small","Oakland Region","5","All Grades","English Language Arts","Students with Disabilities","English Learners","< 10"
"24 - 25 School Year","63","Oakland Schools","63150","Troy School District","04226","Troy High School","63","Oakland","LEA School","High School","City: Small","Oakland Region","5","All Grades","English Language Arts","American Indian or Alaska Native","Students with Disabilities","< 10"
"24 - 25 School Year","63","Oakland Schools","63150","Troy School District","04226","Troy High School","63","Oakland","LEA School","High School","City: Small","Oakland Region","5","All Grades","English Language Arts","American Indian or Alaska Native","Male","< 10"
"24 - 25 School Year","63","Oakland Schools","63150","Troy School District","04227","Troy Union Elementary School","63","Oakland","LEA School","Elementary","City: Small","Oakland Region","5","All Grades","English Language Arts","Hispanic","Male","< 10"
"24 - 25 School Year","63","Oakland Schools","63150","Troy School District","04227","Troy Union Elementary School","63","Oakland","LEA School","Elementary","City: Small","Oakland Region","5","All Grades","English Language Arts","Asian","Not English Learners","> 95"
"24 - 25 School Year","63","Oakland Schools","63150","Troy School District","04227","Troy Union Elementary School","63","Oakland","LEA School","Elementary","City: Small","Oakland Region","5","All Grades","English Language Arts","Asian","English Learners","> 95"
"24 - 25 School Year","63","Oakland Schools","63150","Troy School District","04227","Troy Union Elementary School","63","Oakland","LEA School","Elementary","City: Small","Oakland Region","5","All Grades","English Language Arts","Male","Students without IEP","> 95"
"24 - 25 School Year","63","Oakland Schools","63150","Troy School District","04227","Troy Union Elementary School","63","Oakland","LEA School","Elementary","City: Small","Oakland Region","5","All Grades","English Language Arts","Male","Students with Disabilities","> 95"
"24 - 25 School Year","63","Oakland Schools","63150","Troy School District","04227","Troy Union Elementary School","63","Oakland","LEA School","Elementary","City: Small","Oakland Region","5","All Grades","English Language Arts","Black, not of Hispanic origin","Students without IEP","> 95"
"24 - 25 School Year","63","Oakland Schools","63150","Troy School District","04227","Troy Union Elementary School","63","Oakland","LEA School","Elementary","City: Small","Oakland Region","5","All Grades","English Language Arts","Female","Not English Learners","> 95"
"24 - 25 School Year","63","Oakland Schools","63150","Troy School District","04227","Troy Union Elementary School","63","Oakland","LEA School","Elementary","City: Small","Oakland Region","5","All Grades","English Language Arts","White, not of Hispanic origin","Female","> 95"
"24 - 25 School Year","63","Oakland Schools","63150","Troy School District","04227","Troy Union Elementary School","63","Oakland","LEA School","Elementary","City: Small","Oakland Region","5","All Grades","Mathematics","Two or More Races","Female","< 10"
"24 - 25 School Year","63","Oakland Schools","63150","Troy School District","04227","Troy Union Elementary School","63","Oakland","LEA School","Elementary","City: Small","Oakland Region","5","All Grades","Mathematics","White, not of Hispanic origin","Students with Disabilities","> 95"
"24 - 25 School Year","63","Oakland Schools","63150","Troy School District","04227","Troy Union Elementary School","63","Oakland","LEA School","Elementary","City: Small","Oakland Region","5","All Grades","Mathematics","White, not of Hispanic origin","Students without IEP","> 95"
"24 - 25 School Year","63","Oakland Schools","63150","Troy School District","04227","Troy Union Elementary School","63","Oakland","LEA School","Elementary","City: Small","Oakland Region","5","All Grades","English Language Arts","Female","Students with Disabilities","< 10"
"24 - 25 School Year","63","Oakland Schools","63150","Troy School District","04227","Troy Union Elementary School","63","Oakland","LEA School","Elementary","City: Small","Oakland Region","5","All Grades","English Language Arts","Two or More Races","Female","< 10"
"24 - 25 School Year","63","Oakland Schools","63150","Troy School District","04227","Troy Union Elementary School","63","Oakland","LEA School","Elementary","City: Small","Oakland Region","5","All Grades","Mathematics","Two or More Races","Students without IEP","> 95"
"24 - 25 School Year","63","Oakland Schools","63150","Troy School District","04227","Troy Union Elementary School","63","Oakland","LEA School","Elementary","City: Small","Oakland Region","5","All Grades","Mathematics","Two or More Races","English Learners","< 10"
"24 - 25 School Year","63","Oakland Schools","63150","Troy School District","04227","Troy Union Elementary School","63","Oakland","LEA School","Elementary","City: Small","Oakland Region","5","All Grades","Mathematics","Asian","Male","> 95"
"24 - 25 School Year","63","Oakland Schools","63150","Troy School District","04227","Troy Union Elementary School","63","Oakland","LEA School","Elementary","City: Small","Oakland Region","5","All Grades","English Language Arts","Asian","Male","> 95"
"24 - 25 School Year","63","Oakland Schools","63150","Troy School District","04227","Troy Union Elementary School","63","Oakland","LEA School","Elementary","City: Small","Oakland Region","5","All Grades","English Language Arts","Asian","Female","> 95"
"24 - 25 School Year","63","Oakland Schools","63150","Troy School District","04227","Troy Union Elementary School","63","Oakland","LEA School","Elementary","City: Small","Oakland Region","5","All Grades","Mathematics","Two or More Races","Students with Disabilities","< 10"
"24 - 25 School Year","63","Oakland Schools","63150","Troy School District","04227","Troy Union Elementary School","63","Oakland","LEA School","Elementary","City: Small","Oakland Region","5","All Grades","Mathematics","Hispanic","English Learners","< 10"
"24 - 25 School Year","63","Oakland Schools","63150","Troy School District","04227","Troy Union Elementary School","63","Oakland","LEA School","Elementary","City: Small","Oakland Region","5","All Grades","Mathematics","Hispanic","Students without IEP","> 95"
"24 - 25 School Year","63","Oakland Schools","63150","Troy School District","04227","Troy Union Elementary School","63","Oakland","LEA School","Elementary","City: Small","Oakland Region","5","All Grades","English Language Arts","Black, not of Hispanic origin","Not English Learners","> 95"
"24 - 25 School Year","63","Oakland Schools","63150","Troy School District","04227","Troy Union Elementary School","63","Oakland","LEA School","Elementary","City: Small","Oakland Region","5","All Grades","English Language Arts","Black, not of Hispanic origin","Students with Disabilities","< 10"
"24 - 25 School Year","63","Oakland Schools","63150","Troy School District","04227","Troy Union Elementary School","63","Oakland","LEA School","Elementary","City: Small","Oakland Region","5","All Grades","Mathematics","Black, not of Hispanic origin","Not English Learners","> 95"
"24 - 25 School Year","63","Oakland Schools","63150","Troy School District","04227","Troy Union Elementary School","63","Oakland","LEA School","Elementary","City: Small","Oakland Region","5","All Grades","Mathematics","Black, not of Hispanic origin","Students without IEP","> 95"
"24 - 25 School Year","63","Oakland Schools","63150","Troy School District","04227","Troy Union Elementary School","63","Oakland","LEA School","Elementary","City: Small","Oakland Region","5","All Grades","Mathematics","Students without IEP","English Learners","> 95"
"24 - 25 School Year","63","Oakland Schools","63150","Troy School District","04227","Troy Union Elementary School","63","Oakland","LEA School","Elementary","City: Small","Oakland Region","5","All Grades","Mathematics","Students with Disabilities","Not English Learners","> 95"
"24 - 25 School Year","63","Oakland Schools","63150","Troy School District","04227","Troy Union Elementary School","63","Oakland","LEA School","Elementary","City: Small","Oakland Region","5","All Grades","Mathematics","Students with Disabilities","English Learners","< 10"
"24 - 25 School Year","63","Oakland Schools","63150","Troy School District","04227","Troy Union Elementary School","63","Oakland","LEA School","Elementary","City: Small","Oakland Region","5","All Grades","Mathematics","Male","Not English Learners","> 95"
"24 - 25 School Year","63","Oakland Schools","63150","Troy School District","04227","Troy Union Elementary School","63","Oakland","LEA School","Elementary","City: Small","Oakland Region","5","All Grades","Mathematics","Female","Not English Learners","> 95"
"24 - 25 School Year","63","Oakland Schools","63150","Troy School District","04227","Troy Union Elementary School","63","Oakland","LEA School","Elementary","City: Small","Oakland Region","5","All Grades","Mathematics","Male","English Learners","> 95"
"24 - 25 School Year","63","Oakland Schools","63150","Troy School District","04227","Troy Union Elementary School","63","Oakland","LEA School","Elementary","City: Small","Oakland Region","5","All Grades","Mathematics","Female","English Learners","> 95"
"24 - 25 School Year","63","Oakland Schools","63150","Troy School District","04227","Troy Union Elementary School","63","Oakland","LEA School","Elementary","City: Small","Oakland Region","5","All Grades","Mathematics","Students without IEP","Not English Learners","> 95"
"24 - 25 School Year","63","Oakland Schools","63150","Troy School District","04227","Troy Union Elementary School","63","Oakland","LEA School","Elementary","City: Small","Oakland Region","5","All Grades","Mathematics","Hispanic","Female","< 10"
"24 - 25 School Year","63","Oakland Schools","63150","Troy School District","04227","Troy Union Elementary School","63","Oakland","LEA School","Elementary","City: Small","Oakland Region","5","All Grades","Mathematics","Asian","Students without IEP","> 95"
"24 - 25 School Year","63","Oakland Schools","63150","Troy School District","04227","Troy Union Elementary School","63","Oakland","LEA School","Elementary","City: Small","Oakland Region","5","All Grades","Mathematics","Black, not of Hispanic origin","Male","< 10"
"24 - 25 School Year","63","Oakland Schools","63150","Troy School District","04227","Troy Union Elementary School","63","Oakland","LEA School","Elementary","City: Small","Oakland Region","5","All Grades","English Language Arts","White, not of Hispanic origin","English Learners","> 95"
"24 - 25 School Year","63","Oakland Schools","63150","Troy School District","04227","Troy Union Elementary School","63","Oakland","LEA School","Elementary","City: Small","Oakland Region","5","All Grades","English Language Arts","White, not of Hispanic origin","Students with Disabilities","> 95"
"24 - 25 School Year","63","Oakland Schools","63150","Troy School District","04227","Troy Union Elementary School","63","Oakland","LEA School","Elementary","City: Small","Oakland Region","5","All Grades","English Language Arts","White, not of Hispanic origin","Students without IEP","> 95"
"24 - 25 School Year","63","Oakland Schools","63150","Troy School District","04227","Troy Union Elementary School","63","Oakland","LEA School","Elementary","City: Small","Oakland Region","5","All Grades","Mathematics","Black, not of Hispanic origin","Female","< 10"
"24 - 25 School Year","63","Oakland Schools","63150","Troy School District","04227","Troy Union Elementary School","63","Oakland","LEA School","Elementary","City: Small","Oakland Region","5","All Grades","Mathematics","Black, not of Hispanic origin","Students with Disabilities","< 10"
"24 - 25 School Year","63","Oakland Schools","63150","Troy School District","04227","Troy Union Elementary School","63","Oakland","LEA School","Elementary","City: Small","Oakland Region","5","All Grades","Mathematics","Two or More Races","Male","< 10"
"24 - 25 School Year","63","Oakland Schools","63150","Troy School District","04227","Troy Union Elementary School","63","Oakland","LEA School","Elementary","City: Small","Oakland Region","5","All Grades","English Language Arts","Two or More Races","Male","< 10"
"24 - 25 School Year","63","Oakland Schools","63150","Troy School District","04227","Troy Union Elementary School","63","Oakland","LEA School","Elementary","City: Small","Oakland Region","5","All Grades","Mathematics","Two or More Races","Not English Learners","< 10"
"24 - 25 School Year","63","Oakland Schools","63150","Troy School District","04227","Troy Union Elementary School","63","Oakland","LEA School","Elementary","City: Small","Oakland Region","5","All Grades","Mathematics","Hispanic","Male","< 10"
"24 - 25 School Year","63","Oakland Schools","63150","Troy School District","04227","Troy Union Elementary School","63","Oakland","LEA School","Elementary","City: Small","Oakland Region","5","All Grades","Mathematics","Asian","Female","> 95"
"24 - 25 School Year","63","Oakland Schools","63150","Troy School District","04227","Troy Union Elementary School","63","Oakland","LEA School","Elementary","City: Small","Oakland Region","5","All Grades","Mathematics","Hispanic","Students with Disabilities","< 10"
"24 - 25 School Year","63","Oakland Schools","63150","Troy School District","04227","Troy Union Elementary School","63","Oakland","LEA School","Elementary","City: Small","Oakland Region","5","All Grades","Mathematics","White, not of Hispanic origin","Female","> 95"
"24 - 25 School Year","63","Oakland Schools","63150","Troy School District","04227","Troy Union Elementary School","63","Oakland","LEA School","Elementary","City: Small","Oakland Region","5","All Grades","Mathematics","Asian","Students with Disabilities","< 10"
"24 - 25 School Year","63","Oakland Schools","63150","Troy School District","04227","Troy Union Elementary School","63","Oakland","LEA School","Elementary","City: Small","Oakland Region","5","All Grades","English Language Arts","Asian","Students without IEP","> 95"
"24 - 25 School Year","63","Oakland Schools","63150","Troy School District","04227","Troy Union Elementary School","63","Oakland","LEA School","Elementary","City: Small","Oakland Region","5","All Grades","English Language Arts","Hispanic","Students with Disabilities","< 10"
"24 - 25 School Year","63","Oakland Schools","63150","Troy School District","04227","Troy Union Elementary School","63","Oakland","LEA School","Elementary","City: Small","Oakland Region","5","All Grades","Mathematics","Male","Students with Disabilities","> 95"
"24 - 25 School Year","63","Oakland Schools","63150","Troy School District","04227","Troy Union Elementary School","63","Oakland","LEA School","Elementary","City: Small","Oakland Region","5","All Grades","English Language Arts","Two or More Races","Students with Disabilities","< 10"
"24 - 25 School Year","63","Oakland Schools","63150","Troy School District","04227","Troy Union Elementary School","63","Oakland","LEA School","Elementary","City: Small","Oakland Region","5","All Grades","Mathematics","Hispanic","Not English Learners","< 10"
"24 - 25 School Year","63","Oakland Schools","63150","Troy School District","04227","Troy Union Elementary School","63","Oakland","LEA School","Elementary","City: Small","Oakland Region","5","All Grades","English Language Arts","Students without IEP","Not English Learners","> 95"
"24 - 25 School Year","63","Oakland Schools","63150","Troy School District","04227","Troy Union Elementary School","63","Oakland","LEA School","Elementary","City: Small","Oakland Region","5","All Grades","English Language Arts","Students without IEP","English Learners","> 95"
"24 - 25 School Year","63","Oakland Schools","63150","Troy School District","04227","Troy Union Elementary School","63","Oakland","LEA School","Elementary","City: Small","Oakland Region","5","All Grades","English Language Arts","Male","Not English Learners","> 95"
"24 - 25 School Year","63","Oakland Schools","63150","Troy School District","04227","Troy Union Elementary School","63","Oakland","LEA School","Elementary","City: Small","Oakland Region","5","All Grades","English Language Arts","Female","English Learners","> 95"
"24 - 25 School Year","63","Oakland Schools","63150","Troy School District","04227","Troy Union Elementary School","63","Oakland","LEA School","Elementary","City: Small","Oakland Region","5","All Grades","English Language Arts","Male","English Learners","> 95"
"24 - 25 School Year","63","Oakland Schools","63150","Troy School District","04227","Troy Union Elementary School","63","Oakland","LEA School","Elementary","City: Small","Oakland Region","5","All Grades","English Language Arts","Hispanic","Female","< 10"
"24 - 25 School Year","63","Oakland Schools","63150","Troy School District","04227","Troy Union Elementary School","63","Oakland","LEA School","Elementary","City: Small","Oakland Region","5","All Grades","Mathematics","Asian","Not English Learners","> 95"
"24 - 25 School Year","63","Oakland Schools","63150","Troy School District","04227","Troy Union Elementary School","63","Oakland","LEA School","Elementary","City: Small","Oakland Region","5","All Grades","Mathematics","Asian","English Learners","> 95"
"24 - 25 School Year","63","Oakland Schools","63150","Troy School District","04227","Troy Union Elementary School","63","Oakland","LEA School","Elementary","City: Small","Oakland Region","5","All Grades","Mathematics","Female","Students with Disabilities","< 10"
"24 - 25 School Year","63","Oakland Schools","63150","Troy School District","04227","Troy Union Elementary School","63","Oakland","LEA School","Elementary","City: Small","Oakland Region","5","All Grades","Mathematics","Female","Students without IEP","> 95"
"24 - 25 School Year","63","Oakland Schools","63150","Troy School District","04227","Troy Union Elementary School","63","Oakland","LEA School","Elementary","City: Small","Oakland Region","5","All Grades","Mathematics","White, not of Hispanic origin","English Learners","> 95"
"24 - 25 School Year","63","Oakland Schools","63150","Troy School District","04227","Troy Union Elementary School","63","Oakland","LEA School","Elementary","City: Small","Oakland Region","5","All Grades","Mathematics","White, not of Hispanic origin","Not English Learners","> 95"
"24 - 25 School Year","63","Oakland Schools","63150","Troy School District","04227","Troy Union Elementary School","63","Oakland","LEA School","Elementary","City: Small","Oakland Region","5","All Grades","Mathematics","Male","Students without IEP","> 95"
"24 - 25 School Year","63","Oakland Schools","63150","Troy School District","04227","Troy Union Elementary School","63","Oakland","LEA School","Elementary","City: Small","Oakland Region","5","All Grades","English Language Arts","White, not of Hispanic origin","Not English Learners","> 95"
"24 - 25 School Year","63","Oakland Schools","63150","Troy School District","04227","Troy Union Elementary School","63","Oakland","LEA School","Elementary","City: Small","Oakland Region","5","All Grades","English Language Arts","Two or More Races","Not English Learners","< 10"
"24 - 25 School Year","63","Oakland Schools","63150","Troy School District","04227","Troy Union Elementary School","63","Oakland","LEA School","Elementary","City: Small","Oakland Region","5","All Grades","English Language Arts","Two or More Races","English Learners","< 10"
"24 - 25 School Year","63","Oakland Schools","63150","Troy School District","04227","Troy Union Elementary School","63","Oakland","LEA School","Elementary","City: Small","Oakland Region","5","All Grades","English Language Arts","Asian","Students with Disabilities","< 10"
"24 - 25 School Year","63","Oakland Schools","63150","Troy School District","04227","Troy Union Elementary School","63","Oakland","LEA School","Elementary","City: Small","Oakland Region","5","All Grades","English Language Arts","Female","Students without IEP","> 95"
"24 - 25 School Year","63","Oakland Schools","63150","Troy School District","04227","Troy Union Elementary School","63","Oakland","LEA School","Elementary","City: Small","Oakland Region","5","All Grades","English Language Arts","Hispanic","English Learners","< 10"
"24 - 25 School Year","63","Oakland Schools","63150","Troy School District","04227","Troy Union Elementary School","63","Oakland","LEA School","Elementary","City: Small","Oakland Region","5","All Grades","English Language Arts","Hispanic","Students without IEP","> 95"
"24 - 25 School Year","63","Oakland Schools","63150","Troy School District","04227","Troy Union Elementary School","63","Oakland","LEA School","Elementary","City: Small","Oakland Region","5","All Grades","English Language Arts","Hispanic","Not English Learners","< 10"
"24 - 25 School Year","63","Oakland Schools","63150","Troy School District","04227","Troy Union Elementary School","63","Oakland","LEA School","Elementary","City: Small","Oakland Region","5","All Grades","English Language Arts","Two or More Races","Students without IEP","> 95"
"24 - 25 School Year","63","Oakland Schools","63150","Troy School District","04227","Troy Union Elementary School","63","Oakland","LEA School","Elementary","City: Small","Oakland Region","5","All Grades","English Language Arts","Black, not of Hispanic origin","Male","< 10"
"24 - 25 School Year","63","Oakland Schools","63150","Troy School District","04227","Troy Union Elementary School","63","Oakland","LEA School","Elementary","City: Small","Oakland Region","5","All Grades","English Language Arts","Students with Disabilities","English Learners","< 10"
"24 - 25 School Year","63","Oakland Schools","63150","Troy School District","04227","Troy Union Elementary School","63","Oakland","LEA School","Elementary","City: Small","Oakland Region","5","All Grades","English Language Arts","Students with Disabilities","Not English Learners","> 95"
"24 - 25 School Year","63","Oakland Schools","63150","Troy School District","04227","Troy Union Elementary School","63","Oakland","LEA School","Elementary","City: Small","Oakland Region","5","All Grades","English Language Arts","Black, not of Hispanic origin","Female","< 10"
"24 - 25 School Year","63","Oakland Schools","63150","Troy School District","04227","Troy Union Elementary School","63","Oakland","LEA School","Elementary","City: Small","Oakland Region","5","All Grades","English Language Arts","White, not of Hispanic origin","Male","> 95"
"24 - 25 School Year","63","Oakland Schools","63150","Troy School District","04227","Troy Union Elementary School","63","Oakland","LEA School","Elementary","City: Small","Oakland Region","5","All Grades","Mathematics","White, not of Hispanic origin","Male","> 95"
"24 - 25 School Year","63","Oakland Schools","63150","Troy School District","05163","Hill Elementary School","63","Oakland","LEA School","Elementary","City: Small","Oakland Region","5","All Grades","Mathematics","Asian","Students with Disabilities","< 10"
"24 - 25 School Year","63","Oakland Schools","63150","Troy School District","05163","Hill Elementary School","63","Oakland","LEA School","Elementary","City: Small","Oakland Region","5","All Grades","English Language Arts","Black, not of Hispanic origin","Students with Disabilities","< 10"
"24 - 25 School Year","63","Oakland Schools","63150","Troy School District","05163","Hill Elementary School","63","Oakland","LEA School","Elementary","City: Small","Oakland Region","5","All Grades","English Language Arts","Female","Students without IEP","> 95"
"24 - 25 School Year","63","Oakland Schools","63150","Troy School District","05163","Hill Elementary School","63","Oakland","LEA School","Elementary","City: Small","Oakland Region","5","All Grades","Mathematics","White, not of Hispanic origin","Students with Disabilities","94.4"
"24 - 25 School Year","63","Oakland Schools","63150","Troy School District","05163","Hill Elementary School","63","Oakland","LEA School","Elementary","City: Small","Oakland Region","5","All Grades","Mathematics","Black, not of Hispanic origin","Female","> 95"
"24 - 25 School Year","63","Oakland Schools","63150","Troy School District","05163","Hill Elementary School","63","Oakland","LEA School","Elementary","City: Small","Oakland Region","5","All Grades","Mathematics","Black, not of Hispanic origin","Male","< 10"
"24 - 25 School Year","63","Oakland Schools","63150","Troy School District","05163","Hill Elementary School","63","Oakland","LEA School","Elementary","City: Small","Oakland Region","5","All Grades","Mathematics","Hispanic","Male","< 10"
"24 - 25 School Year","63","Oakland Schools","63150","Troy School District","05163","Hill Elementary School","63","Oakland","LEA School","Elementary","City: Small","Oakland Region","5","All Grades","English Language Arts","Two or More Races","Not English Learners","> 95"
"24 - 25 School Year","63","Oakland Schools","63150","Troy School District","05163","Hill Elementary School","63","Oakland","LEA School","Elementary","City: Small","Oakland Region","5","All Grades","English Language Arts","Asian","Not English Learners","> 95"
"24 - 25 School Year","63","Oakland Schools","63150","Troy School District","05163","Hill Elementary School","63","Oakland","LEA School","Elementary","City: Small","Oakland Region","5","All Grades","English Language Arts","Asian","English Learners","92.9"
"24 - 25 School Year","63","Oakland Schools","63150","Troy School District","05163","Hill Elementary School","63","Oakland","LEA School","Elementary","City: Small","Oakland Region","5","All Grades","Mathematics","White, not of Hispanic origin","Students without IEP","> 95"
"24 - 25 School Year","63","Oakland Schools","63150","Troy School District","05163","Hill Elementary School","63","Oakland","LEA School","Elementary","City: Small","Oakland Region","5","All Grades","Mathematics","Black, not of Hispanic origin","Students with Disabilities","< 10"
"24 - 25 School Year","63","Oakland Schools","63150","Troy School District","05163","Hill Elementary School","63","Oakland","LEA School","Elementary","City: Small","Oakland Region","5","All Grades","English Language Arts","Hispanic","Male","< 10"
"24 - 25 School Year","63","Oakland Schools","63150","Troy School District","05163","Hill Elementary School","63","Oakland","LEA School","Elementary","City: Small","Oakland Region","5","All Grades","English Language Arts","White, not of Hispanic origin","Students with Disabilities","94.4"
"24 - 25 School Year","63","Oakland Schools","63150","Troy School District","05163","Hill Elementary School","63","Oakland","LEA School","Elementary","City: Small","Oakland Region","5","All Grades","English Language Arts","Asian","Students with Disabilities","< 10"
"24 - 25 School Year","63","Oakland Schools","63150","Troy School District","05163","Hill Elementary School","63","Oakland","LEA School","Elementary","City: Small","Oakland Region","5","All Grades","Mathematics","Female","Students with Disabilities","< 10"
"24 - 25 School Year","63","Oakland Schools","63150","Troy School District","05163","Hill Elementary School","63","Oakland","LEA School","Elementary","City: Small","Oakland Region","5","All Grades","English Language Arts","Hispanic","Female","< 10"
"24 - 25 School Year","63","Oakland Schools","63150","Troy School District","05163","Hill Elementary School","63","Oakland","LEA School","Elementary","City: Small","Oakland Region","5","All Grades","English Language Arts","Male","Students without IEP","> 95"
"24 - 25 School Year","63","Oakland Schools","63150","Troy School District","05163","Hill Elementary School","63","Oakland","LEA School","Elementary","City: Small","Oakland Region","5","All Grades","English Language Arts","Female","English Learners","90.9"
"24 - 25 School Year","63","Oakland Schools","63150","Troy School District","05163","Hill Elementary School","63","Oakland","LEA School","Elementary","City: Small","Oakland Region","5","All Grades","English Language Arts","Asian","Students without IEP","> 95"
"24 - 25 School Year","63","Oakland Schools","63150","Troy School District","05163","Hill Elementary School","63","Oakland","LEA School","Elementary","City: Small","Oakland Region","5","All Grades","English Language Arts","Hispanic","Students without IEP","< 10"
"24 - 25 School Year","63","Oakland Schools","63150","Troy School District","05163","Hill Elementary School","63","Oakland","LEA School","Elementary","City: Small","Oakland Region","5","All Grades","English Language Arts","Black, not of Hispanic origin","Female","> 95"
"24 - 25 School Year","63","Oakland Schools","63150","Troy School District","05163","Hill Elementary School","63","Oakland","LEA School","Elementary","City: Small","Oakland Region","5","All Grades","English Language Arts","Black, not of Hispanic origin","Male","< 10"
"24 - 25 School Year","63","Oakland Schools","63150","Troy School District","05163","Hill Elementary School","63","Oakland","LEA School","Elementary","City: Small","Oakland Region","5","All Grades","Mathematics","Asian","Not English Learners","> 95"
"24 - 25 School Year","63","Oakland Schools","63150","Troy School District","05163","Hill Elementary School","63","Oakland","LEA School","Elementary","City: Small","Oakland Region","5","All Grades","Mathematics","Asian","English Learners","> 95"
"24 - 25 School Year","63","Oakland Schools","63150","Troy School District","05163","Hill Elementary School","63","Oakland","LEA School","Elementary","City: Small","Oakland Region","5","All Grades","English Language Arts","White, not of Hispanic origin","Male","> 95"
"24 - 25 School Year","63","Oakland Schools","63150","Troy School District","05163","Hill Elementary School","63","Oakland","LEA School","Elementary","City: Small","Oakland Region","5","All Grades","English Language Arts","White, not of Hispanic origin","Female","> 95"
"24 - 25 School Year","63","Oakland Schools","63150","Troy School District","05163","Hill Elementary School","63","Oakland","LEA School","Elementary","City: Small","Oakland Region","5","All Grades","Mathematics","Two or More Races","Students with Disabilities","< 10"
"24 - 25 School Year","63","Oakland Schools","63150","Troy School District","05163","Hill Elementary School","63","Oakland","LEA School","Elementary","City: Small","Oakland Region","5","All Grades","English Language Arts","White, not of Hispanic origin","Students without IEP","> 95"
"24 - 25 School Year","63","Oakland Schools","63150","Troy School District","05163","Hill Elementary School","63","Oakland","LEA School","Elementary","City: Small","Oakland Region","5","All Grades","Mathematics","Asian","Female","> 95"
"24 - 25 School Year","63","Oakland Schools","63150","Troy School District","05163","Hill Elementary School","63","Oakland","LEA School","Elementary","City: Small","Oakland Region","5","All Grades","Mathematics","Two or More Races","Students without IEP","> 95"
"24 - 25 School Year","63","Oakland Schools","63150","Troy School District","05163","Hill Elementary School","63","Oakland","LEA School","Elementary","City: Small","Oakland Region","5","All Grades","Mathematics","Two or More Races","Not English Learners","> 95"
"24 - 25 School Year","63","Oakland Schools","63150","Troy School District","05163","Hill Elementary School","63","Oakland","LEA School","Elementary","City: Small","Oakland Region","5","All Grades","Mathematics","Female","English Learners","> 95"
"24 - 25 School Year","63","Oakland Schools","63150","Troy School District","05163","Hill Elementary School","63","Oakland","LEA School","Elementary","City: Small","Oakland Region","5","All Grades","Mathematics","Female","Not English Learners","> 95"
"24 - 25 School Year","63","Oakland Schools","63150","Troy School District","05163","Hill Elementary School","63","Oakland","LEA School","Elementary","City: Small","Oakland Region","5","All Grades","Mathematics","Male","English Learners","> 95"
"24 - 25 School Year","63","Oakland Schools","63150","Troy School District","05163","Hill Elementary School","63","Oakland","LEA School","Elementary","City: Small","Oakland Region","5","All Grades","Mathematics","Male","Not English Learners","> 95"
"24 - 25 School Year","63","Oakland Schools","63150","Troy School District","05163","Hill Elementary School","63","Oakland","LEA School","Elementary","City: Small","Oakland Region","5","All Grades","Mathematics","Students with Disabilities","Not English Learners","> 95"
"24 - 25 School Year","63","Oakland Schools","63150","Troy School District","05163","Hill Elementary School","63","Oakland","LEA School","Elementary","City: Small","Oakland Region","5","All Grades","Mathematics","Students without IEP","English Learners","> 95"
"24 - 25 School Year","63","Oakland Schools","63150","Troy School District","05163","Hill Elementary School","63","Oakland","LEA School","Elementary","City: Small","Oakland Region","5","All Grades","Mathematics","Students with Disabilities","English Learners","< 10"
"24 - 25 School Year","63","Oakland Schools","63150","Troy School District","05163","Hill Elementary School","63","Oakland","LEA School","Elementary","City: Small","Oakland Region","5","All Grades","English Language Arts","Male","Students with Disabilities","> 95"
"24 - 25 School Year","63","Oakland Schools","63150","Troy School District","05163","Hill Elementary School","63","Oakland","LEA School","Elementary","City: Small","Oakland Region","5","All Grades","English Language Arts","White, not of Hispanic origin","English Learners","< 10"
"24 - 25 School Year","63","Oakland Schools","63150","Troy School District","05163","Hill Elementary School","63","Oakland","LEA School","Elementary","City: Small","Oakland Region","5","All Grades","English Language Arts","White, not of Hispanic origin","Not English Learners","> 95"
"24 - 25 School Year","63","Oakland Schools","63150","Troy School District","05163","Hill Elementary School","63","Oakland","LEA School","Elementary","City: Small","Oakland Region","5","All Grades","English Language Arts","Two or More Races","Female","< 10"
"24 - 25 School Year","63","Oakland Schools","63150","Troy School District","05163","Hill Elementary School","63","Oakland","LEA School","Elementary","City: Small","Oakland Region","5","All Grades","English Language Arts","Hispanic","Students with Disabilities","< 10"
"24 - 25 School Year","63","Oakland Schools","63150","Troy School District","05163","Hill Elementary School","63","Oakland","LEA School","Elementary","City: Small","Oakland Region","5","All Grades","English Language Arts","Two or More Races","Students without IEP","> 95"
"24 - 25 School Year","63","Oakland Schools","63150","Troy School District","05163","Hill Elementary School","63","Oakland","LEA School","Elementary","City: Small","Oakland Region","5","All Grades","English Language Arts","Asian","Male","> 95"
"24 - 25 School Year","63","Oakland Schools","63150","Troy School District","05163","Hill Elementary School","63","Oakland","LEA School","Elementary","City: Small","Oakland Region","5","All Grades","English Language Arts","Asian","Female","94.1"
"24 - 25 School Year","63","Oakland Schools","63150","Troy School District","05163","Hill Elementary School","63","Oakland","LEA School","Elementary","City: Small","Oakland Region","5","All Grades","Mathematics","Two or More Races","Female","< 10"
"24 - 25 School Year","63","Oakland Schools","63150","Troy School District","05163","Hill Elementary School","63","Oakland","LEA School","Elementary","City: Small","Oakland Region","5","All Grades","Mathematics","Two or More Races","Male","< 10"
"24 - 25 School Year","63","Oakland Schools","63150","Troy School District","05163","Hill Elementary School","63","Oakland","LEA School","Elementary","City: Small","Oakland Region","5","All Grades","English Language Arts","Female","Students with Disabilities","< 10"
"24 - 25 School Year","63","Oakland Schools","63150","Troy School District","05163","Hill Elementary School","63","Oakland","LEA School","Elementary","City: Small","Oakland Region","5","All Grades","Mathematics","Hispanic","English Learners","< 10"
"24 - 25 School Year","63","Oakland Schools","63150","Troy School District","05163","Hill Elementary School","63","Oakland","LEA School","Elementary","City: Small","Oakland Region","5","All Grades","Mathematics","Hispanic","Not English Learners","< 10"
"24 - 25 School Year","63","Oakland Schools","63150","Troy School District","05163","Hill Elementary School","63","Oakland","LEA School","Elementary","City: Small","Oakland Region","5","All Grades","Mathematics","Hispanic","Students without IEP","< 10"
"24 - 25 School Year","63","Oakland Schools","63150","Troy School District","05163","Hill Elementary School","63","Oakland","LEA School","Elementary","City: Small","Oakland Region","5","All Grades","Mathematics","Male","Students with Disabilities","> 95"
"24 - 25 School Year","63","Oakland Schools","63150","Troy School District","05163","Hill Elementary School","63","Oakland","LEA School","Elementary","City: Small","Oakland Region","5","All Grades","English Language Arts","Two or More Races","Students with Disabilities","< 10"
"24 - 25 School Year","63","Oakland Schools","63150","Troy School District","05163","Hill Elementary School","63","Oakland","LEA School","Elementary","City: Small","Oakland Region","5","All Grades","Mathematics","White, not of Hispanic origin","Female","> 95"
"24 - 25 School Year","63","Oakland Schools","63150","Troy School District","05163","Hill Elementary School","63","Oakland","LEA School","Elementary","City: Small","Oakland Region","5","All Grades","Mathematics","White, not of Hispanic origin","Male","> 95"
"24 - 25 School Year","63","Oakland Schools","63150","Troy School District","05163","Hill Elementary School","63","Oakland","LEA School","Elementary","City: Small","Oakland Region","5","All Grades","Mathematics","Hispanic","Female","< 10"
"24 - 25 School Year","63","Oakland Schools","63150","Troy School District","05163","Hill Elementary School","63","Oakland","LEA School","Elementary","City: Small","Oakland Region","5","All Grades","English Language Arts","Students with Disabilities","English Learners","< 10"
"24 - 25 School Year","63","Oakland Schools","63150","Troy School District","05163","Hill Elementary School","63","Oakland","LEA School","Elementary","City: Small","Oakland Region","5","All Grades","English Language Arts","Students with Disabilities","Not English Learners","> 95"
"24 - 25 School Year","63","Oakland Schools","63150","Troy School District","05163","Hill Elementary School","63","Oakland","LEA School","Elementary","City: Small","Oakland Region","5","All Grades","English Language Arts","Students without IEP","English Learners","> 95"
"24 - 25 School Year","63","Oakland Schools","63150","Troy School District","05163","Hill Elementary School","63","Oakland","LEA School","Elementary","City: Small","Oakland Region","5","All Grades","English Language Arts","Students without IEP","Not English Learners","> 95"
"24 - 25 School Year","63","Oakland Schools","63150","Troy School District","05163","Hill Elementary School","63","Oakland","LEA School","Elementary","City: Small","Oakland Region","5","All Grades","English Language Arts","Male","Not English Learners","> 95"
"24 - 25 School Year","63","Oakland Schools","63150","Troy School District","05163","Hill Elementary School","63","Oakland","LEA School","Elementary","City: Small","Oakland Region","5","All Grades","English Language Arts","Male","English Learners","> 95"
"24 - 25 School Year","63","Oakland Schools","63150","Troy School District","05163","Hill Elementary School","63","Oakland","LEA School","Elementary","City: Small","Oakland Region","5","All Grades","English Language Arts","Female","Not English Learners","> 95"
"24 - 25 School Year","63","Oakland Schools","63150","Troy School District","05163","Hill Elementary School","63","Oakland","LEA School","Elementary","City: Small","Oakland Region","5","All Grades","Mathematics","Black, not of Hispanic origin","Students without IEP","> 95"
"24 - 25 School Year","63","Oakland Schools","63150","Troy School District","05163","Hill Elementary School","63","Oakland","LEA School","Elementary","City: Small","Oakland Region","5","All Grades","Mathematics","Black, not of Hispanic origin","Not English Learners","> 95"
"24 - 25 School Year","63","Oakland Schools","63150","Troy School District","05163","Hill Elementary School","63","Oakland","LEA School","Elementary","City: Small","Oakland Region","5","All Grades","Mathematics","Students without IEP","Not English Learners","> 95"
"24 - 25 School Year","63","Oakland Schools","63150","Troy School District","05163","Hill Elementary School","63","Oakland","LEA School","Elementary","City: Small","Oakland Region","5","All Grades","Mathematics","White, not of Hispanic origin","English Learners","< 10"
"24 - 25 School Year","63","Oakland Schools","63150","Troy School District","05163","Hill Elementary School","63","Oakland","LEA School","Elementary","City: Small","Oakland Region","5","All Grades","Mathematics","White, not of Hispanic origin","Not English Learners","> 95"
"24 - 25 School Year","63","Oakland Schools","63150","Troy School District","05163","Hill Elementary School","63","Oakland","LEA School","Elementary","City: Small","Oakland Region","5","All Grades","Mathematics","Female","Students without IEP","> 95"
"24 - 25 School Year","63","Oakland Schools","63150","Troy School District","05163","Hill Elementary School","63","Oakland","LEA School","Elementary","City: Small","Oakland Region","5","All Grades","English Language Arts","Hispanic","Not English Learners","< 10"
"24 - 25 School Year","63","Oakland Schools","63150","Troy School District","05163","Hill Elementary School","63","Oakland","LEA School","Elementary","City: Small","Oakland Region","5","All Grades","English Language Arts","Hispanic","English Learners","< 10"
"24 - 25 School Year","63","Oakland Schools","63150","Troy School District","05163","Hill Elementary School","63","Oakland","LEA School","Elementary","City: Small","Oakland Region","5","All Grades","English Language Arts","Two or More Races","Male","< 10"
"24 - 25 School Year","63","Oakland Schools","63150","Troy School District","05163","Hill Elementary School","63","Oakland","LEA School","Elementary","City: Small","Oakland Region","5","All Grades","Mathematics","Hispanic","Students with Disabilities","< 10"
"24 - 25 School Year","63","Oakland Schools","63150","Troy School District","05163","Hill Elementary School","63","Oakland","LEA School","Elementary","City: Small","Oakland Region","5","All Grades","Mathematics","Male","Students without IEP","> 95"
"24 - 25 School Year","63","Oakland Schools","63150","Troy School District","05163","Hill Elementary School","63","Oakland","LEA School","Elementary","City: Small","Oakland Region","5","All Grades","Mathematics","Asian","Male","> 95"
"24 - 25 School Year","63","Oakland Schools","63150","Troy School District","05163","Hill Elementary School","63","Oakland","LEA School","Elementary","City: Small","Oakland Region","5","All Grades","English Language Arts","Black, not of Hispanic origin","Students without IEP","> 95"
"24 - 25 School Year","63","Oakland Schools","63150","Troy School District","05163","Hill Elementary School","63","Oakland","LEA School","Elementary","City: Small","Oakland Region","5","All Grades","English Language Arts","Black, not of Hispanic origin","Not English Learners","> 95"
"24 - 25 School Year","63","Oakland Schools","63150","Troy School District","05163","Hill Elementary School","63","Oakland","LEA School","Elementary","City: Small","Oakland Region","5","All Grades","Mathematics","Asian","Students without IEP","> 95"
"24 - 25 School Year","63","Oakland Schools","63150","Troy School District","05413","Smith Middle School","63","Oakland","LEA School","Middle School","City: Small","Oakland Region","5","All Grades","Mathematics","Asian","Students without IEP","> 95"
"24 - 25 School Year","63","Oakland Schools","63150","Troy School District","05413","Smith Middle School","63","Oakland","LEA School","Middle School","City: Small","Oakland Region","5","All Grades","Mathematics","Asian","Students with Disabilities","< 10"
"24 - 25 School Year","63","Oakland Schools","63150","Troy School District","05413","Smith Middle School","63","Oakland","LEA School","Middle School","City: Small","Oakland Region","5","All Grades","English Language Arts","Students with Disabilities","English Learners","> 95"
"24 - 25 School Year","63","Oakland Schools","63150","Troy School District","05413","Smith Middle School","63","Oakland","LEA School","Middle School","City: Small","Oakland Region","5","All Grades","English Language Arts","Two or More Races","Male","< 10"
"24 - 25 School Year","63","Oakland Schools","63150","Troy School District","05413","Smith Middle School","63","Oakland","LEA School","Middle School","City: Small","Oakland Region","5","All Grades","English Language Arts","Two or More Races","Female","> 95"
"24 - 25 School Year","63","Oakland Schools","63150","Troy School District","05413","Smith Middle School","63","Oakland","LEA School","Middle School","City: Small","Oakland Region","5","All Grades","Mathematics","Male","Students without IEP","> 95"
"24 - 25 School Year","63","Oakland Schools","63150","Troy School District","05413","Smith Middle School","63","Oakland","LEA School","Middle School","City: Small","Oakland Region","5","All Grades","Mathematics","Male","Students with Disabilities","> 95"
"24 - 25 School Year","63","Oakland Schools","63150","Troy School District","05413","Smith Middle School","63","Oakland","LEA School","Middle School","City: Small","Oakland Region","5","All Grades","Mathematics","Students with Disabilities","English Learners","> 95"
"24 - 25 School Year","63","Oakland Schools","63150","Troy School District","05413","Smith Middle School","63","Oakland","LEA School","Middle School","City: Small","Oakland Region","5","All Grades","Mathematics","Male","Not English Learners","> 95"
"24 - 25 School Year","63","Oakland Schools","63150","Troy School District","05413","Smith Middle School","63","Oakland","LEA School","Middle School","City: Small","Oakland Region","5","All Grades","Mathematics","Male","English Learners","> 95"
"24 - 25 School Year","63","Oakland Schools","63150","Troy School District","05413","Smith Middle School","63","Oakland","LEA School","Middle School","City: Small","Oakland Region","5","All Grades","Mathematics","Female","English Learners","> 95"
"24 - 25 School Year","63","Oakland Schools","63150","Troy School District","05413","Smith Middle School","63","Oakland","LEA School","Middle School","City: Small","Oakland Region","5","All Grades","Mathematics","Female","Not English Learners","> 95"
"24 - 25 School Year","63","Oakland Schools","63150","Troy School District","05413","Smith Middle School","63","Oakland","LEA School","Middle School","City: Small","Oakland Region","5","All Grades","Mathematics","White, not of Hispanic origin","Male","> 95"
"24 - 25 School Year","63","Oakland Schools","63150","Troy School District","05413","Smith Middle School","63","Oakland","LEA School","Middle School","City: Small","Oakland Region","5","All Grades","Mathematics","Black, not of Hispanic origin","Female","> 95"
"24 - 25 School Year","63","Oakland Schools","63150","Troy School District","05413","Smith Middle School","63","Oakland","LEA School","Middle School","City: Small","Oakland Region","5","All Grades","Mathematics","Black, not of Hispanic origin","Male","> 95"
"24 - 25 School Year","63","Oakland Schools","63150","Troy School District","05413","Smith Middle School","63","Oakland","LEA School","Middle School","City: Small","Oakland Region","5","All Grades","Mathematics","Asian","Female","> 95"
"24 - 25 School Year","63","Oakland Schools","63150","Troy School District","05413","Smith Middle School","63","Oakland","LEA School","Middle School","City: Small","Oakland Region","5","All Grades","English Language Arts","Two or More Races","Students without IEP","> 95"
"24 - 25 School Year","63","Oakland Schools","63150","Troy School District","05413","Smith Middle School","63","Oakland","LEA School","Middle School","City: Small","Oakland Region","5","All Grades","English Language Arts","Two or More Races","Students with Disabilities","< 10"
"24 - 25 School Year","63","Oakland Schools","63150","Troy School District","05413","Smith Middle School","63","Oakland","LEA School","Middle School","City: Small","Oakland Region","5","All Grades","Mathematics","Female","Students with Disabilities","> 95"
"24 - 25 School Year","63","Oakland Schools","63150","Troy School District","05413","Smith Middle School","63","Oakland","LEA School","Middle School","City: Small","Oakland Region","5","All Grades","Mathematics","Female","Students without IEP","> 95"
"24 - 25 School Year","63","Oakland Schools","63150","Troy School District","05413","Smith Middle School","63","Oakland","LEA School","Middle School","City: Small","Oakland Region","5","All Grades","Mathematics","Hispanic","Students without IEP","> 95"
"24 - 25 School Year","63","Oakland Schools","63150","Troy School District","05413","Smith Middle School","63","Oakland","LEA School","Middle School","City: Small","Oakland Region","5","All Grades","Mathematics","Hispanic","Not English Learners","> 95"
"24 - 25 School Year","63","Oakland Schools","63150","Troy School District","05413","Smith Middle School","63","Oakland","LEA School","Middle School","City: Small","Oakland Region","5","All Grades","Mathematics","Hispanic","English Learners","< 10"
"24 - 25 School Year","63","Oakland Schools","63150","Troy School District","05413","Smith Middle School","63","Oakland","LEA School","Middle School","City: Small","Oakland Region","5","All Grades","English Language Arts","Black, not of Hispanic origin","Students with Disabilities","> 95"
"24 - 25 School Year","63","Oakland Schools","63150","Troy School District","05413","Smith Middle School","63","Oakland","LEA School","Middle School","City: Small","Oakland Region","5","All Grades","Mathematics","Black, not of Hispanic origin","Not English Learners","> 95"
"24 - 25 School Year","63","Oakland Schools","63150","Troy School District","05413","Smith Middle School","63","Oakland","LEA School","Middle School","City: Small","Oakland Region","5","All Grades","Mathematics","Black, not of Hispanic origin","English Learners","< 10"
"24 - 25 School Year","63","Oakland Schools","63150","Troy School District","05413","Smith Middle School","63","Oakland","LEA School","Middle School","City: Small","Oakland Region","5","All Grades","English Language Arts","Black, not of Hispanic origin","English Learners","< 10"
"24 - 25 School Year","63","Oakland Schools","63150","Troy School District","05413","Smith Middle School","63","Oakland","LEA School","Middle School","City: Small","Oakland Region","5","All Grades","English Language Arts","Black, not of Hispanic origin","Not English Learners","> 95"
"24 - 25 School Year","63","Oakland Schools","63150","Troy School District","05413","Smith Middle School","63","Oakland","LEA School","Middle School","City: Small","Oakland Region","5","All Grades","English Language Arts","Black, not of Hispanic origin","Female","> 95"
"24 - 25 School Year","63","Oakland Schools","63150","Troy School District","05413","Smith Middle School","63","Oakland","LEA School","Middle School","City: Small","Oakland Region","5","All Grades","English Language Arts","Black, not of Hispanic origin","Students without IEP","> 95"
"24 - 25 School Year","63","Oakland Schools","63150","Troy School District","05413","Smith Middle School","63","Oakland","LEA School","Middle School","City: Small","Oakland Region","5","All Grades","Mathematics","Two or More Races","Male","< 10"
"24 - 25 School Year","63","Oakland Schools","63150","Troy School District","05413","Smith Middle School","63","Oakland","LEA School","Middle School","City: Small","Oakland Region","5","All Grades","English Language Arts","Hispanic","Students without IEP","> 95"
"24 - 25 School Year","63","Oakland Schools","63150","Troy School District","05413","Smith Middle School","63","Oakland","LEA School","Middle School","City: Small","Oakland Region","5","All Grades","English Language Arts","Hispanic","Students with Disabilities","< 10"
"24 - 25 School Year","63","Oakland Schools","63150","Troy School District","05413","Smith Middle School","63","Oakland","LEA School","Middle School","City: Small","Oakland Region","5","All Grades","English Language Arts","White, not of Hispanic origin","English Learners","> 95"
"24 - 25 School Year","63","Oakland Schools","63150","Troy School District","05413","Smith Middle School","63","Oakland","LEA School","Middle School","City: Small","Oakland Region","5","All Grades","English Language Arts","White, not of Hispanic origin","Not English Learners","> 95"
"24 - 25 School Year","63","Oakland Schools","63150","Troy School District","05413","Smith Middle School","63","Oakland","LEA School","Middle School","City: Small","Oakland Region","5","All Grades","English Language Arts","Native Hawaiian or Other Pacific Islander","Students without IEP","< 10"
"24 - 25 School Year","63","Oakland Schools","63150","Troy School District","05413","Smith Middle School","63","Oakland","LEA School","Middle School","City: Small","Oakland Region","5","All Grades","English Language Arts","Native Hawaiian or Other Pacific Islander","Male","< 10"
"24 - 25 School Year","63","Oakland Schools","63150","Troy School District","05413","Smith Middle School","63","Oakland","LEA School","Middle School","City: Small","Oakland Region","5","All Grades","Mathematics","Students with Disabilities","Not English Learners","> 95"
"24 - 25 School Year","63","Oakland Schools","63150","Troy School District","05413","Smith Middle School","63","Oakland","LEA School","Middle School","City: Small","Oakland Region","5","All Grades","Mathematics","Students without IEP","English Learners","> 95"
"24 - 25 School Year","63","Oakland Schools","63150","Troy School District","05413","Smith Middle School","63","Oakland","LEA School","Middle School","City: Small","Oakland Region","5","All Grades","Mathematics","Asian","English Learners","> 95"
"24 - 25 School Year","63","Oakland Schools","63150","Troy School District","05413","Smith Middle School","63","Oakland","LEA School","Middle School","City: Small","Oakland Region","5","All Grades","English Language Arts","Male","Students without IEP","> 95"
"24 - 25 School Year","63","Oakland Schools","63150","Troy School District","05413","Smith Middle School","63","Oakland","LEA School","Middle School","City: Small","Oakland Region","5","All Grades","English Language Arts","Asian","Not English Learners","> 95"
"24 - 25 School Year","63","Oakland Schools","63150","Troy School District","05413","Smith Middle School","63","Oakland","LEA School","Middle School","City: Small","Oakland Region","5","All Grades","English Language Arts","Asian","English Learners","> 95"
"24 - 25 School Year","63","Oakland Schools","63150","Troy School District","05413","Smith Middle School","63","Oakland","LEA School","Middle School","City: Small","Oakland Region","5","All Grades","English Language Arts","Asian","Female","> 95"
"24 - 25 School Year","63","Oakland Schools","63150","Troy School District","05413","Smith Middle School","63","Oakland","LEA School","Middle School","City: Small","Oakland Region","5","All Grades","Mathematics","Two or More Races","Female","> 95"
"24 - 25 School Year","63","Oakland Schools","63150","Troy School District","05413","Smith Middle School","63","Oakland","LEA School","Middle School","City: Small","Oakland Region","5","All Grades","Mathematics","Asian","Male","> 95"
"24 - 25 School Year","63","Oakland Schools","63150","Troy School District","05413","Smith Middle School","63","Oakland","LEA School","Middle School","City: Small","Oakland Region","5","All Grades","Mathematics","Black, not of Hispanic origin","Students with Disabilities","> 95"
"24 - 25 School Year","63","Oakland Schools","63150","Troy School District","05413","Smith Middle School","63","Oakland","LEA School","Middle School","City: Small","Oakland Region","5","All Grades","English Language Arts","Native Hawaiian or Other Pacific Islander","Not English Learners","< 10"
"24 - 25 School Year","63","Oakland Schools","63150","Troy School District","05413","Smith Middle School","63","Oakland","LEA School","Middle School","City: Small","Oakland Region","5","All Grades","Mathematics","Black, not of Hispanic origin","Students without IEP","> 95"
"24 - 25 School Year","63","Oakland Schools","63150","Troy School District","05413","Smith Middle School","63","Oakland","LEA School","Middle School","City: Small","Oakland Region","5","All Grades","English Language Arts","Hispanic","Female","> 95"
"24 - 25 School Year","63","Oakland Schools","63150","Troy School District","05413","Smith Middle School","63","Oakland","LEA School","Middle School","City: Small","Oakland Region","5","All Grades","Mathematics","Native Hawaiian or Other Pacific Islander","Male","< 10"
"24 - 25 School Year","63","Oakland Schools","63150","Troy School District","05413","Smith Middle School","63","Oakland","LEA School","Middle School","City: Small","Oakland Region","5","All Grades","English Language Arts","Female","Students without IEP","> 95"
"24 - 25 School Year","63","Oakland Schools","63150","Troy School District","05413","Smith Middle School","63","Oakland","LEA School","Middle School","City: Small","Oakland Region","5","All Grades","Mathematics","Hispanic","Female","> 95"
"24 - 25 School Year","63","Oakland Schools","63150","Troy School District","05413","Smith Middle School","63","Oakland","LEA School","Middle School","City: Small","Oakland Region","5","All Grades","Mathematics","Two or More Races","Students with Disabilities","< 10"
"24 - 25 School Year","63","Oakland Schools","63150","Troy School District","05413","Smith Middle School","63","Oakland","LEA School","Middle School","City: Small","Oakland Region","5","All Grades","Mathematics","Two or More Races","Students without IEP","> 95"
"24 - 25 School Year","63","Oakland Schools","63150","Troy School District","05413","Smith Middle School","63","Oakland","LEA School","Middle School","City: Small","Oakland Region","5","All Grades","Mathematics","Native Hawaiian or Other Pacific Islander","Students without IEP","< 10"
"24 - 25 School Year","63","Oakland Schools","63150","Troy School District","05413","Smith Middle School","63","Oakland","LEA School","Middle School","City: Small","Oakland Region","5","All Grades","Mathematics","White, not of Hispanic origin","Students with Disabilities","> 95"
"24 - 25 School Year","63","Oakland Schools","63150","Troy School District","05413","Smith Middle School","63","Oakland","LEA School","Middle School","City: Small","Oakland Region","5","All Grades","Mathematics","White, not of Hispanic origin","Students without IEP","> 95"
"24 - 25 School Year","63","Oakland Schools","63150","Troy School District","05413","Smith Middle School","63","Oakland","LEA School","Middle School","City: Small","Oakland Region","5","All Grades","Mathematics","White, not of Hispanic origin","English Learners","> 95"
"24 - 25 School Year","63","Oakland Schools","63150","Troy School District","05413","Smith Middle School","63","Oakland","LEA School","Middle School","City: Small","Oakland Region","5","All Grades","Mathematics","White, not of Hispanic origin","Not English Learners","> 95"
"24 - 25 School Year","63","Oakland Schools","63150","Troy School District","05413","Smith Middle School","63","Oakland","LEA School","Middle School","City: Small","Oakland Region","5","All Grades","Mathematics","Hispanic","Male","> 95"
"24 - 25 School Year","63","Oakland Schools","63150","Troy School District","05413","Smith Middle School","63","Oakland","LEA School","Middle School","City: Small","Oakland Region","5","All Grades","Mathematics","Two or More Races","English Learners","< 10"
"24 - 25 School Year","63","Oakland Schools","63150","Troy School District","05413","Smith Middle School","63","Oakland","LEA School","Middle School","City: Small","Oakland Region","5","All Grades","Mathematics","Two or More Races","Not English Learners","> 95"
"24 - 25 School Year","63","Oakland Schools","63150","Troy School District","05413","Smith Middle School","63","Oakland","LEA School","Middle School","City: Small","Oakland Region","5","All Grades","English Language Arts","Hispanic","Male","> 95"
"24 - 25 School Year","63","Oakland Schools","63150","Troy School District","05413","Smith Middle School","63","Oakland","LEA School","Middle School","City: Small","Oakland Region","5","All Grades","English Language Arts","Black, not of Hispanic origin","Male","> 95"
"24 - 25 School Year","63","Oakland Schools","63150","Troy School District","05413","Smith Middle School","63","Oakland","LEA School","Middle School","City: Small","Oakland Region","5","All Grades","English Language Arts","Two or More Races","English Learners","< 10"
"24 - 25 School Year","63","Oakland Schools","63150","Troy School District","05413","Smith Middle School","63","Oakland","LEA School","Middle School","City: Small","Oakland Region","5","All Grades","English Language Arts","Two or More Races","Not English Learners","> 95"
"24 - 25 School Year","63","Oakland Schools","63150","Troy School District","05413","Smith Middle School","63","Oakland","LEA School","Middle School","City: Small","Oakland Region","5","All Grades","English Language Arts","Male","Students with Disabilities","> 95"
"24 - 25 School Year","63","Oakland Schools","63150","Troy School District","05413","Smith Middle School","63","Oakland","LEA School","Middle School","City: Small","Oakland Region","5","All Grades","Mathematics","Students without IEP","Not English Learners","> 95"
"24 - 25 School Year","63","Oakland Schools","63150","Troy School District","05413","Smith Middle School","63","Oakland","LEA School","Middle School","City: Small","Oakland Region","5","All Grades","English Language Arts","White, not of Hispanic origin","Students with Disabilities","> 95"
"24 - 25 School Year","63","Oakland Schools","63150","Troy School District","05413","Smith Middle School","63","Oakland","LEA School","Middle School","City: Small","Oakland Region","5","All Grades","Mathematics","Native Hawaiian or Other Pacific Islander","Not English Learners","< 10"
"24 - 25 School Year","63","Oakland Schools","63150","Troy School District","05413","Smith Middle School","63","Oakland","LEA School","Middle School","City: Small","Oakland Region","5","All Grades","Mathematics","Asian","Not English Learners","> 95"
"24 - 25 School Year","63","Oakland Schools","63150","Troy School District","05413","Smith Middle School","63","Oakland","LEA School","Middle School","City: Small","Oakland Region","5","All Grades","English Language Arts","Male","Not English Learners","> 95"
"24 - 25 School Year","63","Oakland Schools","63150","Troy School District","05413","Smith Middle School","63","Oakland","LEA School","Middle School","City: Small","Oakland Region","5","All Grades","English Language Arts","Male","English Learners","> 95"
"24 - 25 School Year","63","Oakland Schools","63150","Troy School District","05413","Smith Middle School","63","Oakland","LEA School","Middle School","City: Small","Oakland Region","5","All Grades","English Language Arts","Female","English Learners","> 95"
"24 - 25 School Year","63","Oakland Schools","63150","Troy School District","05413","Smith Middle School","63","Oakland","LEA School","Middle School","City: Small","Oakland Region","5","All Grades","English Language Arts","Female","Not English Learners","> 95"
"24 - 25 School Year","63","Oakland Schools","63150","Troy School District","05413","Smith Middle School","63","Oakland","LEA School","Middle School","City: Small","Oakland Region","5","All Grades","English Language Arts","Students without IEP","Not English Learners","> 95"
"24 - 25 School Year","63","Oakland Schools","63150","Troy School District","05413","Smith Middle School","63","Oakland","LEA School","Middle School","City: Small","Oakland Region","5","All Grades","English Language Arts","Students with Disabilities","Not English Learners","> 95"
"24 - 25 School Year","63","Oakland Schools","63150","Troy School District","05413","Smith Middle School","63","Oakland","LEA School","Middle School","City: Small","Oakland Region","5","All Grades","English Language Arts","Students without IEP","English Learners","> 95"
"24 - 25 School Year","63","Oakland Schools","63150","Troy School District","05413","Smith Middle School","63","Oakland","LEA School","Middle School","City: Small","Oakland Region","5","All Grades","English Language Arts","White, not of Hispanic origin","Students without IEP","> 95"
"24 - 25 School Year","63","Oakland Schools","63150","Troy School District","05413","Smith Middle School","63","Oakland","LEA School","Middle School","City: Small","Oakland Region","5","All Grades","English Language Arts","Female","Students with Disabilities","> 95"
"24 - 25 School Year","63","Oakland Schools","63150","Troy School District","05413","Smith Middle School","63","Oakland","LEA School","Middle School","City: Small","Oakland Region","5","All Grades","English Language Arts","Asian","Students without IEP","> 95"
"24 - 25 School Year","63","Oakland Schools","63150","Troy School District","05413","Smith Middle School","63","Oakland","LEA School","Middle School","City: Small","Oakland Region","5","All Grades","English Language Arts","Asian","Students with Disabilities","< 10"
"24 - 25 School Year","63","Oakland Schools","63150","Troy School District","05413","Smith Middle School","63","Oakland","LEA School","Middle School","City: Small","Oakland Region","5","All Grades","English Language Arts","White, not of Hispanic origin","Female","> 95"
"24 - 25 School Year","63","Oakland Schools","63150","Troy School District","05413","Smith Middle School","63","Oakland","LEA School","Middle School","City: Small","Oakland Region","5","All Grades","English Language Arts","Hispanic","Not English Learners","> 95"
"24 - 25 School Year","63","Oakland Schools","63150","Troy School District","05413","Smith Middle School","63","Oakland","LEA School","Middle School","City: Small","Oakland Region","5","All Grades","English Language Arts","White, not of Hispanic origin","Male","> 95"
"24 - 25 School Year","63","Oakland Schools","63150","Troy School District","05413","Smith Middle School","63","Oakland","LEA School","Middle School","City: Small","Oakland Region","5","All Grades","English Language Arts","Hispanic","English Learners","< 10"
"24 - 25 School Year","63","Oakland Schools","63150","Troy School District","05413","Smith Middle School","63","Oakland","LEA School","Middle School","City: Small","Oakland Region","5","All Grades","Mathematics","White, not of Hispanic origin","Female","> 95"
"24 - 25 School Year","63","Oakland Schools","63150","Troy School District","05413","Smith Middle School","63","Oakland","LEA School","Middle School","City: Small","Oakland Region","5","All Grades","English Language Arts","Asian","Male","> 95"
"24 - 25 School Year","63","Oakland Schools","63150","Troy School District","05413","Smith Middle School","63","Oakland","LEA School","Middle School","City: Small","Oakland Region","5","All Grades","Mathematics","Hispanic","Students with Disabilities","< 10"
"24 - 25 School Year","63","Oakland Schools","63150","Troy School District","05537","Wattles Elementary School","63","Oakland","LEA School","Elementary","City: Small","Oakland Region","5","All Grades","Mathematics","White, not of Hispanic origin","Students without IEP","> 95"
"24 - 25 School Year","63","Oakland Schools","63150","Troy School District","05537","Wattles Elementary School","63","Oakland","LEA School","Elementary","City: Small","Oakland Region","5","All Grades","English Language Arts","Black, not of Hispanic origin","Female","> 95"
"24 - 25 School Year","63","Oakland Schools","63150","Troy School District","05537","Wattles Elementary School","63","Oakland","LEA School","Elementary","City: Small","Oakland Region","5","All Grades","English Language Arts","Black, not of Hispanic origin","Not English Learners","> 95"
"24 - 25 School Year","63","Oakland Schools","63150","Troy School District","05537","Wattles Elementary School","63","Oakland","LEA School","Elementary","City: Small","Oakland Region","5","All Grades","English Language Arts","Female","English Learners","> 95"
"24 - 25 School Year","63","Oakland Schools","63150","Troy School District","05537","Wattles Elementary School","63","Oakland","LEA School","Elementary","City: Small","Oakland Region","5","All Grades","English Language Arts","Female","Not English Learners","> 95"
"24 - 25 School Year","63","Oakland Schools","63150","Troy School District","05537","Wattles Elementary School","63","Oakland","LEA School","Elementary","City: Small","Oakland Region","5","All Grades","English Language Arts","Two or More Races","Students without IEP","< 10"
"24 - 25 School Year","63","Oakland Schools","63150","Troy School District","05537","Wattles Elementary School","63","Oakland","LEA School","Elementary","City: Small","Oakland Region","5","All Grades","English Language Arts","Two or More Races","Students with Disabilities","< 10"
"24 - 25 School Year","63","Oakland Schools","63150","Troy School District","05537","Wattles Elementary School","63","Oakland","LEA School","Elementary","City: Small","Oakland Region","5","All Grades","English Language Arts","Two or More Races","Not English Learners","> 95"
"24 - 25 School Year","63","Oakland Schools","63150","Troy School District","05537","Wattles Elementary School","63","Oakland","LEA School","Elementary","City: Small","Oakland Region","5","All Grades","Mathematics","Hispanic","Female","< 10"
"24 - 25 School Year","63","Oakland Schools","63150","Troy School District","05537","Wattles Elementary School","63","Oakland","LEA School","Elementary","City: Small","Oakland Region","5","All Grades","Mathematics","Male","Students with Disabilities","> 95"
"24 - 25 School Year","63","Oakland Schools","63150","Troy School District","05537","Wattles Elementary School","63","Oakland","LEA School","Elementary","City: Small","Oakland Region","5","All Grades","Mathematics","Black, not of Hispanic origin","Female","> 95"
"24 - 25 School Year","63","Oakland Schools","63150","Troy School District","05537","Wattles Elementary School","63","Oakland","LEA School","Elementary","City: Small","Oakland Region","5","All Grades","Mathematics","Hispanic","Not English Learners","< 10"
"24 - 25 School Year","63","Oakland Schools","63150","Troy School District","05537","Wattles Elementary School","63","Oakland","LEA School","Elementary","City: Small","Oakland Region","5","All Grades","Mathematics","Hispanic","English Learners","< 10"
"24 - 25 School Year","63","Oakland Schools","63150","Troy School District","05537","Wattles Elementary School","63","Oakland","LEA School","Elementary","City: Small","Oakland Region","5","All Grades","English Language Arts","Male","Students with Disabilities","> 95"
"24 - 25 School Year","63","Oakland Schools","63150","Troy School District","05537","Wattles Elementary School","63","Oakland","LEA School","Elementary","City: Small","Oakland Region","5","All Grades","English Language Arts","Black, not of Hispanic origin","Male","< 10"
"24 - 25 School Year","63","Oakland Schools","63150","Troy School District","05537","Wattles Elementary School","63","Oakland","LEA School","Elementary","City: Small","Oakland Region","5","All Grades","Mathematics","Two or More Races","Female","> 95"
"24 - 25 School Year","63","Oakland Schools","63150","Troy School District","05537","Wattles Elementary School","63","Oakland","LEA School","Elementary","City: Small","Oakland Region","5","All Grades","Mathematics","Asian","Female","> 95"
"24 - 25 School Year","63","Oakland Schools","63150","Troy School District","05537","Wattles Elementary School","63","Oakland","LEA School","Elementary","City: Small","Oakland Region","5","All Grades","Mathematics","Two or More Races","Not English Learners","> 95"
"24 - 25 School Year","63","Oakland Schools","63150","Troy School District","05537","Wattles Elementary School","63","Oakland","LEA School","Elementary","City: Small","Oakland Region","5","All Grades","Mathematics","Two or More Races","Students without IEP","< 10"
"24 - 25 School Year","63","Oakland Schools","63150","Troy School District","05537","Wattles Elementary School","63","Oakland","LEA School","Elementary","City: Small","Oakland Region","5","All Grades","Mathematics","Two or More Races","Male","< 10"
"24 - 25 School Year","63","Oakland Schools","63150","Troy School District","05537","Wattles Elementary School","63","Oakland","LEA School","Elementary","City: Small","Oakland Region","5","All Grades","English Language Arts","Hispanic","Students with Disabilities","< 10"
"24 - 25 School Year","63","Oakland Schools","63150","Troy School District","05537","Wattles Elementary School","63","Oakland","LEA School","Elementary","City: Small","Oakland Region","5","All Grades","English Language Arts","Hispanic","Students without IEP","> 95"
"24 - 25 School Year","63","Oakland Schools","63150","Troy School District","05537","Wattles Elementary School","63","Oakland","LEA School","Elementary","City: Small","Oakland Region","5","All Grades","Mathematics","Male","Not English Learners","> 95"
"24 - 25 School Year","63","Oakland Schools","63150","Troy School District","05537","Wattles Elementary School","63","Oakland","LEA School","Elementary","City: Small","Oakland Region","5","All Grades","English Language Arts","Black, not of Hispanic origin","Students with Disabilities","< 10"
"24 - 25 School Year","63","Oakland Schools","63150","Troy School District","05537","Wattles Elementary School","63","Oakland","LEA School","Elementary","City: Small","Oakland Region","5","All Grades","English Language Arts","Two or More Races","Male","< 10"
"24 - 25 School Year","63","Oakland Schools","63150","Troy School District","05537","Wattles Elementary School","63","Oakland","LEA School","Elementary","City: Small","Oakland Region","5","All Grades","English Language Arts","White, not of Hispanic origin","English Learners","> 95"
"24 - 25 School Year","63","Oakland Schools","63150","Troy School District","05537","Wattles Elementary School","63","Oakland","LEA School","Elementary","City: Small","Oakland Region","5","All Grades","Mathematics","White, not of Hispanic origin","Students with Disabilities","< 10"
"24 - 25 School Year","63","Oakland Schools","63150","Troy School District","05537","Wattles Elementary School","63","Oakland","LEA School","Elementary","City: Small","Oakland Region","5","All Grades","English Language Arts","Hispanic","Male","> 95"
"24 - 25 School Year","63","Oakland Schools","63150","Troy School District","05537","Wattles Elementary School","63","Oakland","LEA School","Elementary","City: Small","Oakland Region","5","All Grades","English Language Arts","Two or More Races","Female","> 95"
"24 - 25 School Year","63","Oakland Schools","63150","Troy School District","05537","Wattles Elementary School","63","Oakland","LEA School","Elementary","City: Small","Oakland Region","5","All Grades","Mathematics","Male","Students without IEP","> 95"
"24 - 25 School Year","63","Oakland Schools","63150","Troy School District","05537","Wattles Elementary School","63","Oakland","LEA School","Elementary","City: Small","Oakland Region","5","All Grades","English Language Arts","Hispanic","Female","< 10"
"24 - 25 School Year","63","Oakland Schools","63150","Troy School District","05537","Wattles Elementary School","63","Oakland","LEA School","Elementary","City: Small","Oakland Region","5","All Grades","English Language Arts","White, not of Hispanic origin","Students without IEP","> 95"
"24 - 25 School Year","63","Oakland Schools","63150","Troy School District","05537","Wattles Elementary School","63","Oakland","LEA School","Elementary","City: Small","Oakland Region","5","All Grades","English Language Arts","White, not of Hispanic origin","Students with Disabilities","< 10"
"24 - 25 School Year","63","Oakland Schools","63150","Troy School District","05537","Wattles Elementary School","63","Oakland","LEA School","Elementary","City: Small","Oakland Region","5","All Grades","English Language Arts","Students without IEP","Not English Learners","> 95"
"24 - 25 School Year","63","Oakland Schools","63150","Troy School District","05537","Wattles Elementary School","63","Oakland","LEA School","Elementary","City: Small","Oakland Region","5","All Grades","English Language Arts","Students without IEP","English Learners","> 95"
"24 - 25 School Year","63","Oakland Schools","63150","Troy School District","05537","Wattles Elementary School","63","Oakland","LEA School","Elementary","City: Small","Oakland Region","5","All Grades","English Language Arts","Students with Disabilities","Not English Learners","> 95"
"24 - 25 School Year","63","Oakland Schools","63150","Troy School District","05537","Wattles Elementary School","63","Oakland","LEA School","Elementary","City: Small","Oakland Region","5","All Grades","English Language Arts","Students with Disabilities","English Learners","< 10"
"24 - 25 School Year","63","Oakland Schools","63150","Troy School District","05537","Wattles Elementary School","63","Oakland","LEA School","Elementary","City: Small","Oakland Region","5","All Grades","English Language Arts","Male","Not English Learners","> 95"
"24 - 25 School Year","63","Oakland Schools","63150","Troy School District","05537","Wattles Elementary School","63","Oakland","LEA School","Elementary","City: Small","Oakland Region","5","All Grades","English Language Arts","Male","English Learners","> 95"
"24 - 25 School Year","63","Oakland Schools","63150","Troy School District","05537","Wattles Elementary School","63","Oakland","LEA School","Elementary","City: Small","Oakland Region","5","All Grades","English Language Arts","Asian","Students without IEP","> 95"
"24 - 25 School Year","63","Oakland Schools","63150","Troy School District","05537","Wattles Elementary School","63","Oakland","LEA School","Elementary","City: Small","Oakland Region","5","All Grades","English Language Arts","Asian","Not English Learners","> 95"
"24 - 25 School Year","63","Oakland Schools","63150","Troy School District","05537","Wattles Elementary School","63","Oakland","LEA School","Elementary","City: Small","Oakland Region","5","All Grades","English Language Arts","Asian","English Learners","> 95"
"24 - 25 School Year","63","Oakland Schools","63150","Troy School District","05537","Wattles Elementary School","63","Oakland","LEA School","Elementary","City: Small","Oakland Region","5","All Grades","Mathematics","Male","English Learners","> 95"
"24 - 25 School Year","63","Oakland Schools","63150","Troy School District","05537","Wattles Elementary School","63","Oakland","LEA School","Elementary","City: Small","Oakland Region","5","All Grades","Mathematics","Students without IEP","Not English Learners","> 95"
"24 - 25 School Year","63","Oakland Schools","63150","Troy School District","05537","Wattles Elementary School","63","Oakland","LEA School","Elementary","City: Small","Oakland Region","5","All Grades","Mathematics","Asian","English Learners","> 95"
"24 - 25 School Year","63","Oakland Schools","63150","Troy School District","05537","Wattles Elementary School","63","Oakland","LEA School","Elementary","City: Small","Oakland Region","5","All Grades","Mathematics","Asian","Not English Learners","> 95"
"24 - 25 School Year","63","Oakland Schools","63150","Troy School District","05537","Wattles Elementary School","63","Oakland","LEA School","Elementary","City: Small","Oakland Region","5","All Grades","English Language Arts","Black, not of Hispanic origin","Students without IEP","> 95"
"24 - 25 School Year","63","Oakland Schools","63150","Troy School District","05537","Wattles Elementary School","63","Oakland","LEA School","Elementary","City: Small","Oakland Region","5","All Grades","English Language Arts","Asian","Male","> 95"
"24 - 25 School Year","63","Oakland Schools","63150","Troy School District","05537","Wattles Elementary School","63","Oakland","LEA School","Elementary","City: Small","Oakland Region","5","All Grades","Mathematics","White, not of Hispanic origin","Male","> 95"
"24 - 25 School Year","63","Oakland Schools","63150","Troy School District","05537","Wattles Elementary School","63","Oakland","LEA School","Elementary","City: Small","Oakland Region","5","All Grades","Mathematics","Black, not of Hispanic origin","Students with Disabilities","< 10"
"24 - 25 School Year","63","Oakland Schools","63150","Troy School District","05537","Wattles Elementary School","63","Oakland","LEA School","Elementary","City: Small","Oakland Region","5","All Grades","Mathematics","Black, not of Hispanic origin","Not English Learners","> 95"
"24 - 25 School Year","63","Oakland Schools","63150","Troy School District","05537","Wattles Elementary School","63","Oakland","LEA School","Elementary","City: Small","Oakland Region","5","All Grades","Mathematics","Black, not of Hispanic origin","Students without IEP","> 95"
"24 - 25 School Year","63","Oakland Schools","63150","Troy School District","05537","Wattles Elementary School","63","Oakland","LEA School","Elementary","City: Small","Oakland Region","5","All Grades","Mathematics","Hispanic","Students with Disabilities","< 10"
"24 - 25 School Year","63","Oakland Schools","63150","Troy School District","05537","Wattles Elementary School","63","Oakland","LEA School","Elementary","City: Small","Oakland Region","5","All Grades","English Language Arts","Hispanic","English Learners","< 10"
"24 - 25 School Year","63","Oakland Schools","63150","Troy School District","05537","Wattles Elementary School","63","Oakland","LEA School","Elementary","City: Small","Oakland Region","5","All Grades","English Language Arts","Hispanic","Not English Learners","< 10"
"24 - 25 School Year","63","Oakland Schools","63150","Troy School District","05537","Wattles Elementary School","63","Oakland","LEA School","Elementary","City: Small","Oakland Region","5","All Grades","Mathematics","Asian","Male","> 95"
"24 - 25 School Year","63","Oakland Schools","63150","Troy School District","05537","Wattles Elementary School","63","Oakland","LEA School","Elementary","City: Small","Oakland Region","5","All Grades","English Language Arts","Asian","Students with Disabilities","< 10"
"24 - 25 School Year","63","Oakland Schools","63150","Troy School District","05537","Wattles Elementary School","63","Oakland","LEA School","Elementary","City: Small","Oakland Region","5","All Grades","English Language Arts","White, not of Hispanic origin","Male","> 95"
"24 - 25 School Year","63","Oakland Schools","63150","Troy School District","05537","Wattles Elementary School","63","Oakland","LEA School","Elementary","City: Small","Oakland Region","5","All Grades","English Language Arts","Asian","Female","> 95"
"24 - 25 School Year","63","Oakland Schools","63150","Troy School District","05537","Wattles Elementary School","63","Oakland","LEA School","Elementary","City: Small","Oakland Region","5","All Grades","English Language Arts","Female","Students with Disabilities","< 10"
"24 - 25 School Year","63","Oakland Schools","63150","Troy School District","05537","Wattles Elementary School","63","Oakland","LEA School","Elementary","City: Small","Oakland Region","5","All Grades","English Language Arts","Female","Students without IEP","> 95"
"24 - 25 School Year","63","Oakland Schools","63150","Troy School District","05537","Wattles Elementary School","63","Oakland","LEA School","Elementary","City: Small","Oakland Region","5","All Grades","Mathematics","Female","Students with Disabilities","< 10"
"24 - 25 School Year","63","Oakland Schools","63150","Troy School District","05537","Wattles Elementary School","63","Oakland","LEA School","Elementary","City: Small","Oakland Region","5","All Grades","Mathematics","White, not of Hispanic origin","Female","> 95"
"24 - 25 School Year","63","Oakland Schools","63150","Troy School District","05537","Wattles Elementary School","63","Oakland","LEA School","Elementary","City: Small","Oakland Region","5","All Grades","Mathematics","Hispanic","Male","> 95"
"24 - 25 School Year","63","Oakland Schools","63150","Troy School District","05537","Wattles Elementary School","63","Oakland","LEA School","Elementary","City: Small","Oakland Region","5","All Grades","Mathematics","White, not of Hispanic origin","Not English Learners","> 95"
"24 - 25 School Year","63","Oakland Schools","63150","Troy School District","05537","Wattles Elementary School","63","Oakland","LEA School","Elementary","City: Small","Oakland Region","5","All Grades","Mathematics","White, not of Hispanic origin","English Learners","> 95"
"24 - 25 School Year","63","Oakland Schools","63150","Troy School District","05537","Wattles Elementary School","63","Oakland","LEA School","Elementary","City: Small","Oakland Region","5","All Grades","Mathematics","Female","English Learners","> 95"
"24 - 25 School Year","63","Oakland Schools","63150","Troy School District","05537","Wattles Elementary School","63","Oakland","LEA School","Elementary","City: Small","Oakland Region","5","All Grades","Mathematics","Students without IEP","English Learners","> 95"
"24 - 25 School Year","63","Oakland Schools","63150","Troy School District","05537","Wattles Elementary School","63","Oakland","LEA School","Elementary","City: Small","Oakland Region","5","All Grades","Mathematics","Students with Disabilities","Not English Learners","> 95"
"24 - 25 School Year","63","Oakland Schools","63150","Troy School District","05537","Wattles Elementary School","63","Oakland","LEA School","Elementary","City: Small","Oakland Region","5","All Grades","Mathematics","Female","Not English Learners","> 95"
"24 - 25 School Year","63","Oakland Schools","63150","Troy School District","05537","Wattles Elementary School","63","Oakland","LEA School","Elementary","City: Small","Oakland Region","5","All Grades","Mathematics","Students with Disabilities","English Learners","< 10"
"24 - 25 School Year","63","Oakland Schools","63150","Troy School District","05537","Wattles Elementary School","63","Oakland","LEA School","Elementary","City: Small","Oakland Region","5","All Grades","Mathematics","Black, not of Hispanic origin","Male","< 10"
"24 - 25 School Year","63","Oakland Schools","63150","Troy School District","05537","Wattles Elementary School","63","Oakland","LEA School","Elementary","City: Small","Oakland Region","5","All Grades","Mathematics","Two or More Races","Students with Disabilities","< 10"
"24 - 25 School Year","63","Oakland Schools","63150","Troy School District","05537","Wattles Elementary School","63","Oakland","LEA School","Elementary","City: Small","Oakland Region","5","All Grades","Mathematics","Female","Students without IEP","> 95"
"24 - 25 School Year","63","Oakland Schools","63150","Troy School District","05537","Wattles Elementary School","63","Oakland","LEA School","Elementary","City: Small","Oakland Region","5","All Grades","Mathematics","Hispanic","Students without IEP","> 95"
"24 - 25 School Year","63","Oakland Schools","63150","Troy School District","05537","Wattles Elementary School","63","Oakland","LEA School","Elementary","City: Small","Oakland Region","5","All Grades","Mathematics","Asian","Students with Disabilities","< 10"
"24 - 25 School Year","63","Oakland Schools","63150","Troy School District","05537","Wattles Elementary School","63","Oakland","LEA School","Elementary","City: Small","Oakland Region","5","All Grades","Mathematics","Asian","Students without IEP","> 95"
"24 - 25 School Year","63","Oakland Schools","63150","Troy School District","05537","Wattles Elementary School","63","Oakland","LEA School","Elementary","City: Small","Oakland Region","5","All Grades","English Language Arts","White, not of Hispanic origin","Female","> 95"
"24 - 25 School Year","63","Oakland Schools","63150","Troy School District","05537","Wattles Elementary School","63","Oakland","LEA School","Elementary","City: Small","Oakland Region","5","All Grades","English Language Arts","Male","Students without IEP","> 95"
"24 - 25 School Year","63","Oakland Schools","63150","Troy School District","05537","Wattles Elementary School","63","Oakland","LEA School","Elementary","City: Small","Oakland Region","5","All Grades","English Language Arts","White, not of Hispanic origin","Not English Learners","> 95"
"24 - 25 School Year","63","Oakland Schools","63150","Troy School District","06124","Schroeder Elementary School","63","Oakland","LEA School","Elementary","City: Small","Oakland Region","5","All Grades","Mathematics","Female","Students with Disabilities","< 10"
"24 - 25 School Year","63","Oakland Schools","63150","Troy School District","06124","Schroeder Elementary School","63","Oakland","LEA School","Elementary","City: Small","Oakland Region","5","All Grades","Mathematics","Female","Students without IEP","> 95"
"24 - 25 School Year","63","Oakland Schools","63150","Troy School District","06124","Schroeder Elementary School","63","Oakland","LEA School","Elementary","City: Small","Oakland Region","5","All Grades","English Language Arts","Two or More Races","Female","< 10"
"24 - 25 School Year","63","Oakland Schools","63150","Troy School District","06124","Schroeder Elementary School","63","Oakland","LEA School","Elementary","City: Small","Oakland Region","5","All Grades","English Language Arts","Two or More Races","Not English Learners","> 95"
"24 - 25 School Year","63","Oakland Schools","63150","Troy School District","06124","Schroeder Elementary School","63","Oakland","LEA School","Elementary","City: Small","Oakland Region","5","All Grades","English Language Arts","Two or More Races","English Learners","< 10"
"24 - 25 School Year","63","Oakland Schools","63150","Troy School District","06124","Schroeder Elementary School","63","Oakland","LEA School","Elementary","City: Small","Oakland Region","5","All Grades","English Language Arts","Two or More Races","Students without IEP","> 95"
"24 - 25 School Year","63","Oakland Schools","63150","Troy School District","06124","Schroeder Elementary School","63","Oakland","LEA School","Elementary","City: Small","Oakland Region","5","All Grades","English Language Arts","White, not of Hispanic origin","English Learners","< 10"
"24 - 25 School Year","63","Oakland Schools","63150","Troy School District","06124","Schroeder Elementary School","63","Oakland","LEA School","Elementary","City: Small","Oakland Region","5","All Grades","Mathematics","Asian","Female","> 95"
"24 - 25 School Year","63","Oakland Schools","63150","Troy School District","06124","Schroeder Elementary School","63","Oakland","LEA School","Elementary","City: Small","Oakland Region","5","All Grades","Mathematics","Hispanic","Female","< 10"
"24 - 25 School Year","63","Oakland Schools","63150","Troy School District","06124","Schroeder Elementary School","63","Oakland","LEA School","Elementary","City: Small","Oakland Region","5","All Grades","English Language Arts","Black, not of Hispanic origin","Not English Learners","< 10"
"24 - 25 School Year","63","Oakland Schools","63150","Troy School District","06124","Schroeder Elementary School","63","Oakland","LEA School","Elementary","City: Small","Oakland Region","5","All Grades","Mathematics","Asian","Students without IEP","> 95"
"24 - 25 School Year","63","Oakland Schools","63150","Troy School District","06124","Schroeder Elementary School","63","Oakland","LEA School","Elementary","City: Small","Oakland Region","5","All Grades","English Language Arts","Asian","English Learners","> 95"
"24 - 25 School Year","63","Oakland Schools","63150","Troy School District","06124","Schroeder Elementary School","63","Oakland","LEA School","Elementary","City: Small","Oakland Region","5","All Grades","English Language Arts","Asian","Not English Learners","> 95"
"24 - 25 School Year","63","Oakland Schools","63150","Troy School District","06124","Schroeder Elementary School","63","Oakland","LEA School","Elementary","City: Small","Oakland Region","5","All Grades","Mathematics","Hispanic","English Learners","< 10"
"24 - 25 School Year","63","Oakland Schools","63150","Troy School District","06124","Schroeder Elementary School","63","Oakland","LEA School","Elementary","City: Small","Oakland Region","5","All Grades","Mathematics","Hispanic","Not English Learners","> 95"
"24 - 25 School Year","63","Oakland Schools","63150","Troy School District","06124","Schroeder Elementary School","63","Oakland","LEA School","Elementary","City: Small","Oakland Region","5","All Grades","English Language Arts","Female","Students without IEP","> 95"
"24 - 25 School Year","63","Oakland Schools","63150","Troy School District","06124","Schroeder Elementary School","63","Oakland","LEA School","Elementary","City: Small","Oakland Region","5","All Grades","English Language Arts","Black, not of Hispanic origin","Students without IEP","< 10"
"24 - 25 School Year","63","Oakland Schools","63150","Troy School District","06124","Schroeder Elementary School","63","Oakland","LEA School","Elementary","City: Small","Oakland Region","5","All Grades","Mathematics","Students without IEP","Not English Learners","> 95"
"24 - 25 School Year","63","Oakland Schools","63150","Troy School District","06124","Schroeder Elementary School","63","Oakland","LEA School","Elementary","City: Small","Oakland Region","5","All Grades","Mathematics","Students without IEP","English Learners","> 95"
"24 - 25 School Year","63","Oakland Schools","63150","Troy School District","06124","Schroeder Elementary School","63","Oakland","LEA School","Elementary","City: Small","Oakland Region","5","All Grades","Mathematics","Students with Disabilities","Not English Learners","> 95"
"24 - 25 School Year","63","Oakland Schools","63150","Troy School District","06124","Schroeder Elementary School","63","Oakland","LEA School","Elementary","City: Small","Oakland Region","5","All Grades","Mathematics","Students with Disabilities","English Learners","< 10"
"24 - 25 School Year","63","Oakland Schools","63150","Troy School District","06124","Schroeder Elementary School","63","Oakland","LEA School","Elementary","City: Small","Oakland Region","5","All Grades","Mathematics","Female","Not English Learners","> 95"
"24 - 25 School Year","63","Oakland Schools","63150","Troy School District","06124","Schroeder Elementary School","63","Oakland","LEA School","Elementary","City: Small","Oakland Region","5","All Grades","Mathematics","Female","English Learners","> 95"
"24 - 25 School Year","63","Oakland Schools","63150","Troy School District","06124","Schroeder Elementary School","63","Oakland","LEA School","Elementary","City: Small","Oakland Region","5","All Grades","English Language Arts","Male","Not English Learners","> 95"
"24 - 25 School Year","63","Oakland Schools","63150","Troy School District","06124","Schroeder Elementary School","63","Oakland","LEA School","Elementary","City: Small","Oakland Region","5","All Grades","English Language Arts","Hispanic","Not English Learners","> 95"
"24 - 25 School Year","63","Oakland Schools","63150","Troy School District","06124","Schroeder Elementary School","63","Oakland","LEA School","Elementary","City: Small","Oakland Region","5","All Grades","English Language Arts","Hispanic","English Learners","< 10"
"24 - 25 School Year","63","Oakland Schools","63150","Troy School District","06124","Schroeder Elementary School","63","Oakland","LEA School","Elementary","City: Small","Oakland Region","5","All Grades","English Language Arts","Hispanic","Students without IEP","> 95"
"24 - 25 School Year","63","Oakland Schools","63150","Troy School District","06124","Schroeder Elementary School","63","Oakland","LEA School","Elementary","City: Small","Oakland Region","5","All Grades","English Language Arts","Two or More Races","Students with Disabilities","< 10"
"24 - 25 School Year","63","Oakland Schools","63150","Troy School District","06124","Schroeder Elementary School","63","Oakland","LEA School","Elementary","City: Small","Oakland Region","5","All Grades","Mathematics","Two or More Races","Students without IEP","> 95"
"24 - 25 School Year","63","Oakland Schools","63150","Troy School District","06124","Schroeder Elementary School","63","Oakland","LEA School","Elementary","City: Small","Oakland Region","5","All Grades","Mathematics","Two or More Races","Students with Disabilities","< 10"
"24 - 25 School Year","63","Oakland Schools","63150","Troy School District","06124","Schroeder Elementary School","63","Oakland","LEA School","Elementary","City: Small","Oakland Region","5","All Grades","English Language Arts","Hispanic","Male","< 10"
"24 - 25 School Year","63","Oakland Schools","63150","Troy School District","06124","Schroeder Elementary School","63","Oakland","LEA School","Elementary","City: Small","Oakland Region","5","All Grades","English Language Arts","Hispanic","Female","< 10"
"24 - 25 School Year","63","Oakland Schools","63150","Troy School District","06124","Schroeder Elementary School","63","Oakland","LEA School","Elementary","City: Small","Oakland Region","5","All Grades","English Language Arts","Black, not of Hispanic origin","Female","< 10"
"24 - 25 School Year","63","Oakland Schools","63150","Troy School District","06124","Schroeder Elementary School","63","Oakland","LEA School","Elementary","City: Small","Oakland Region","5","All Grades","Mathematics","White, not of Hispanic origin","Students without IEP","> 95"
"24 - 25 School Year","63","Oakland Schools","63150","Troy School District","06124","Schroeder Elementary School","63","Oakland","LEA School","Elementary","City: Small","Oakland Region","5","All Grades","Mathematics","Hispanic","Male","< 10"
"24 - 25 School Year","63","Oakland Schools","63150","Troy School District","06124","Schroeder Elementary School","63","Oakland","LEA School","Elementary","City: Small","Oakland Region","5","All Grades","Mathematics","Male","Students with Disabilities","> 95"
"24 - 25 School Year","63","Oakland Schools","63150","Troy School District","06124","Schroeder Elementary School","63","Oakland","LEA School","Elementary","City: Small","Oakland Region","5","All Grades","Mathematics","Male","Students without IEP","> 95"
"24 - 25 School Year","63","Oakland Schools","63150","Troy School District","06124","Schroeder Elementary School","63","Oakland","LEA School","Elementary","City: Small","Oakland Region","5","All Grades","English Language Arts","Asian","Students with Disabilities","< 10"
"24 - 25 School Year","63","Oakland Schools","63150","Troy School District","06124","Schroeder Elementary School","63","Oakland","LEA School","Elementary","City: Small","Oakland Region","5","All Grades","Mathematics","Two or More Races","English Learners","< 10"
"24 - 25 School Year","63","Oakland Schools","63150","Troy School District","06124","Schroeder Elementary School","63","Oakland","LEA School","Elementary","City: Small","Oakland Region","5","All Grades","Mathematics","Two or More Races","Not English Learners","> 95"
"24 - 25 School Year","63","Oakland Schools","63150","Troy School District","06124","Schroeder Elementary School","63","Oakland","LEA School","Elementary","City: Small","Oakland Region","5","All Grades","Mathematics","White, not of Hispanic origin","Male","> 95"
"24 - 25 School Year","63","Oakland Schools","63150","Troy School District","06124","Schroeder Elementary School","63","Oakland","LEA School","Elementary","City: Small","Oakland Region","5","All Grades","English Language Arts","Two or More Races","Male","< 10"
"24 - 25 School Year","63","Oakland Schools","63150","Troy School District","06124","Schroeder Elementary School","63","Oakland","LEA School","Elementary","City: Small","Oakland Region","5","All Grades","Mathematics","Hispanic","Students without IEP","> 95"
"24 - 25 School Year","63","Oakland Schools","63150","Troy School District","06124","Schroeder Elementary School","63","Oakland","LEA School","Elementary","City: Small","Oakland Region","5","All Grades","English Language Arts","Asian","Female","> 95"
"24 - 25 School Year","63","Oakland Schools","63150","Troy School District","06124","Schroeder Elementary School","63","Oakland","LEA School","Elementary","City: Small","Oakland Region","5","All Grades","English Language Arts","White, not of Hispanic origin","Male","> 95"
"24 - 25 School Year","63","Oakland Schools","63150","Troy School District","06124","Schroeder Elementary School","63","Oakland","LEA School","Elementary","City: Small","Oakland Region","5","All Grades","English Language Arts","White, not of Hispanic origin","Female","> 95"
"24 - 25 School Year","63","Oakland Schools","63150","Troy School District","06124","Schroeder Elementary School","63","Oakland","LEA School","Elementary","City: Small","Oakland Region","5","All Grades","English Language Arts","Black, not of Hispanic origin","Students with Disabilities","< 10"
"24 - 25 School Year","63","Oakland Schools","63150","Troy School District","06124","Schroeder Elementary School","63","Oakland","LEA School","Elementary","City: Small","Oakland Region","5","All Grades","Mathematics","White, not of Hispanic origin","Students with Disabilities","> 95"
"24 - 25 School Year","63","Oakland Schools","63150","Troy School District","06124","Schroeder Elementary School","63","Oakland","LEA School","Elementary","City: Small","Oakland Region","5","All Grades","English Language Arts","Female","Students with Disabilities","< 10"
"24 - 25 School Year","63","Oakland Schools","63150","Troy School District","06124","Schroeder Elementary School","63","Oakland","LEA School","Elementary","City: Small","Oakland Region","5","All Grades","Mathematics","Black, not of Hispanic origin","Female","< 10"
"24 - 25 School Year","63","Oakland Schools","63150","Troy School District","06124","Schroeder Elementary School","63","Oakland","LEA School","Elementary","City: Small","Oakland Region","5","All Grades","English Language Arts","Black, not of Hispanic origin","Male","< 10"
"24 - 25 School Year","63","Oakland Schools","63150","Troy School District","06124","Schroeder Elementary School","63","Oakland","LEA School","Elementary","City: Small","Oakland Region","5","All Grades","Mathematics","Two or More Races","Male","< 10"
"24 - 25 School Year","63","Oakland Schools","63150","Troy School District","06124","Schroeder Elementary School","63","Oakland","LEA School","Elementary","City: Small","Oakland Region","5","All Grades","Mathematics","White, not of Hispanic origin","Female","> 95"
"24 - 25 School Year","63","Oakland Schools","63150","Troy School District","06124","Schroeder Elementary School","63","Oakland","LEA School","Elementary","City: Small","Oakland Region","5","All Grades","Mathematics","Two or More Races","Female","< 10"
"24 - 25 School Year","63","Oakland Schools","63150","Troy School District","06124","Schroeder Elementary School","63","Oakland","LEA School","Elementary","City: Small","Oakland Region","5","All Grades","Mathematics","Black, not of Hispanic origin","Not English Learners","< 10"
"24 - 25 School Year","63","Oakland Schools","63150","Troy School District","06124","Schroeder Elementary School","63","Oakland","LEA School","Elementary","City: Small","Oakland Region","5","All Grades","Mathematics","Asian","Male","> 95"
"24 - 25 School Year","63","Oakland Schools","63150","Troy School District","06124","Schroeder Elementary School","63","Oakland","LEA School","Elementary","City: Small","Oakland Region","5","All Grades","English Language Arts","White, not of Hispanic origin","Students with Disabilities","> 95"
"24 - 25 School Year","63","Oakland Schools","63150","Troy School District","06124","Schroeder Elementary School","63","Oakland","LEA School","Elementary","City: Small","Oakland Region","5","All Grades","English Language Arts","White, not of Hispanic origin","Students without IEP","> 95"
"24 - 25 School Year","63","Oakland Schools","63150","Troy School District","06124","Schroeder Elementary School","63","Oakland","LEA School","Elementary","City: Small","Oakland Region","5","All Grades","Mathematics","Asian","Students with Disabilities","< 10"
"24 - 25 School Year","63","Oakland Schools","63150","Troy School District","06124","Schroeder Elementary School","63","Oakland","LEA School","Elementary","City: Small","Oakland Region","5","All Grades","English Language Arts","Male","English Learners","> 95"
"24 - 25 School Year","63","Oakland Schools","63150","Troy School District","06124","Schroeder Elementary School","63","Oakland","LEA School","Elementary","City: Small","Oakland Region","5","All Grades","English Language Arts","Female","Not English Learners","> 95"
"24 - 25 School Year","63","Oakland Schools","63150","Troy School District","06124","Schroeder Elementary School","63","Oakland","LEA School","Elementary","City: Small","Oakland Region","5","All Grades","English Language Arts","Students with Disabilities","English Learners","< 10"
"24 - 25 School Year","63","Oakland Schools","63150","Troy School District","06124","Schroeder Elementary School","63","Oakland","LEA School","Elementary","City: Small","Oakland Region","5","All Grades","English Language Arts","Students with Disabilities","Not English Learners","> 95"
"24 - 25 School Year","63","Oakland Schools","63150","Troy School District","06124","Schroeder Elementary School","63","Oakland","LEA School","Elementary","City: Small","Oakland Region","5","All Grades","English Language Arts","Students without IEP","English Learners","> 95"
"24 - 25 School Year","63","Oakland Schools","63150","Troy School District","06124","Schroeder Elementary School","63","Oakland","LEA School","Elementary","City: Small","Oakland Region","5","All Grades","English Language Arts","Students without IEP","Not English Learners","> 95"
"24 - 25 School Year","63","Oakland Schools","63150","Troy School District","06124","Schroeder Elementary School","63","Oakland","LEA School","Elementary","City: Small","Oakland Region","5","All Grades","English Language Arts","Female","English Learners","95.0"
"24 - 25 School Year","63","Oakland Schools","63150","Troy School District","06124","Schroeder Elementary School","63","Oakland","LEA School","Elementary","City: Small","Oakland Region","5","All Grades","Mathematics","White, not of Hispanic origin","Not English Learners","> 95"
"24 - 25 School Year","63","Oakland Schools","63150","Troy School District","06124","Schroeder Elementary School","63","Oakland","LEA School","Elementary","City: Small","Oakland Region","5","All Grades","Mathematics","White, not of Hispanic origin","English Learners","< 10"
"24 - 25 School Year","63","Oakland Schools","63150","Troy School District","06124","Schroeder Elementary School","63","Oakland","LEA School","Elementary","City: Small","Oakland Region","5","All Grades","Mathematics","Black, not of Hispanic origin","Male","< 10"
"24 - 25 School Year","63","Oakland Schools","63150","Troy School District","06124","Schroeder Elementary School","63","Oakland","LEA School","Elementary","City: Small","Oakland Region","5","All Grades","Mathematics","Male","English Learners","> 95"
"24 - 25 School Year","63","Oakland Schools","63150","Troy School District","06124","Schroeder Elementary School","63","Oakland","LEA School","Elementary","City: Small","Oakland Region","5","All Grades","Mathematics","Male","Not English Learners","> 95"
"24 - 25 School Year","63","Oakland Schools","63150","Troy School District","06124","Schroeder Elementary School","63","Oakland","LEA School","Elementary","City: Small","Oakland Region","5","All Grades","English Language Arts","Asian","Students without IEP","> 95"
"24 - 25 School Year","63","Oakland Schools","63150","Troy School District","06124","Schroeder Elementary School","63","Oakland","LEA School","Elementary","City: Small","Oakland Region","5","All Grades","Mathematics","Black, not of Hispanic origin","Students without IEP","< 10"
"24 - 25 School Year","63","Oakland Schools","63150","Troy School District","06124","Schroeder Elementary School","63","Oakland","LEA School","Elementary","City: Small","Oakland Region","5","All Grades","Mathematics","Black, not of Hispanic origin","Students with Disabilities","< 10"
"24 - 25 School Year","63","Oakland Schools","63150","Troy School District","06124","Schroeder Elementary School","63","Oakland","LEA School","Elementary","City: Small","Oakland Region","5","All Grades","Mathematics","Asian","English Learners","> 95"
"24 - 25 School Year","63","Oakland Schools","63150","Troy School District","06124","Schroeder Elementary School","63","Oakland","LEA School","Elementary","City: Small","Oakland Region","5","All Grades","Mathematics","Asian","Not English Learners","> 95"
"24 - 25 School Year","63","Oakland Schools","63150","Troy School District","06124","Schroeder Elementary School","63","Oakland","LEA School","Elementary","City: Small","Oakland Region","5","All Grades","English Language Arts","Male","Students with Disabilities","> 95"
"24 - 25 School Year","63","Oakland Schools","63150","Troy School District","06124","Schroeder Elementary School","63","Oakland","LEA School","Elementary","City: Small","Oakland Region","5","All Grades","English Language Arts","Male","Students without IEP","> 95"
"24 - 25 School Year","63","Oakland Schools","63150","Troy School District","06124","Schroeder Elementary School","63","Oakland","LEA School","Elementary","City: Small","Oakland Region","5","All Grades","English Language Arts","White, not of Hispanic origin","Not English Learners","> 95"
"24 - 25 School Year","63","Oakland Schools","63150","Troy School District","06124","Schroeder Elementary School","63","Oakland","LEA School","Elementary","City: Small","Oakland Region","5","All Grades","English Language Arts","Asian","Male","> 95"
"24 - 25 School Year","63","Oakland Schools","63150","Troy School District","06364","Costello Elementary School","63","Oakland","LEA School","Elementary","City: Small","Oakland Region","5","All Grades","Mathematics","Two or More Races","Female","< 10"
"24 - 25 School Year","63","Oakland Schools","63150","Troy School District","06364","Costello Elementary School","63","Oakland","LEA School","Elementary","City: Small","Oakland Region","5","All Grades","English Language Arts","Two or More Races","Students with Disabilities","< 10"
"24 - 25 School Year","63","Oakland Schools","63150","Troy School District","06364","Costello Elementary School","63","Oakland","LEA School","Elementary","City: Small","Oakland Region","5","All Grades","English Language Arts","American Indian or Alaska Native","Students without IEP","< 10"
"24 - 25 School Year","63","Oakland Schools","63150","Troy School District","06364","Costello Elementary School","63","Oakland","LEA School","Elementary","City: Small","Oakland Region","5","All Grades","English Language Arts","American Indian or Alaska Native","Male","< 10"
"24 - 25 School Year","63","Oakland Schools","63150","Troy School District","06364","Costello Elementary School","63","Oakland","LEA School","Elementary","City: Small","Oakland Region","5","All Grades","English Language Arts","American Indian or Alaska Native","Not English Learners","< 10"
"24 - 25 School Year","63","Oakland Schools","63150","Troy School District","06364","Costello Elementary School","63","Oakland","LEA School","Elementary","City: Small","Oakland Region","5","All Grades","English Language Arts","Hispanic","Male","> 95"
"24 - 25 School Year","63","Oakland Schools","63150","Troy School District","06364","Costello Elementary School","63","Oakland","LEA School","Elementary","City: Small","Oakland Region","5","All Grades","Mathematics","White, not of Hispanic origin","Female","> 95"
"24 - 25 School Year","63","Oakland Schools","63150","Troy School District","06364","Costello Elementary School","63","Oakland","LEA School","Elementary","City: Small","Oakland Region","5","All Grades","English Language Arts","Female","Not English Learners","> 95"
"24 - 25 School Year","63","Oakland Schools","63150","Troy School District","06364","Costello Elementary School","63","Oakland","LEA School","Elementary","City: Small","Oakland Region","5","All Grades","English Language Arts","Female","English Learners","> 95"
"24 - 25 School Year","63","Oakland Schools","63150","Troy School District","06364","Costello Elementary School","63","Oakland","LEA School","Elementary","City: Small","Oakland Region","5","All Grades","English Language Arts","White, not of Hispanic origin","Male","> 95"
"24 - 25 School Year","63","Oakland Schools","63150","Troy School District","06364","Costello Elementary School","63","Oakland","LEA School","Elementary","City: Small","Oakland Region","5","All Grades","English Language Arts","White, not of Hispanic origin","Female","> 95"
"24 - 25 School Year","63","Oakland Schools","63150","Troy School District","06364","Costello Elementary School","63","Oakland","LEA School","Elementary","City: Small","Oakland Region","5","All Grades","English Language Arts","Female","Students with Disabilities","> 95"
"24 - 25 School Year","63","Oakland Schools","63150","Troy School District","06364","Costello Elementary School","63","Oakland","LEA School","Elementary","City: Small","Oakland Region","5","All Grades","English Language Arts","Female","Students without IEP","> 95"
"24 - 25 School Year","63","Oakland Schools","63150","Troy School District","06364","Costello Elementary School","63","Oakland","LEA School","Elementary","City: Small","Oakland Region","5","All Grades","Mathematics","White, not of Hispanic origin","Not English Learners","> 95"
"24 - 25 School Year","63","Oakland Schools","63150","Troy School District","06364","Costello Elementary School","63","Oakland","LEA School","Elementary","City: Small","Oakland Region","5","All Grades","Mathematics","White, not of Hispanic origin","English Learners","> 95"
"24 - 25 School Year","63","Oakland Schools","63150","Troy School District","06364","Costello Elementary School","63","Oakland","LEA School","Elementary","City: Small","Oakland Region","5","All Grades","English Language Arts","Male","Students without IEP","> 95"
"24 - 25 School Year","63","Oakland Schools","63150","Troy School District","06364","Costello Elementary School","63","Oakland","LEA School","Elementary","City: Small","Oakland Region","5","All Grades","Mathematics","Hispanic","Not English Learners","< 10"
"24 - 25 School Year","63","Oakland Schools","63150","Troy School District","06364","Costello Elementary School","63","Oakland","LEA School","Elementary","City: Small","Oakland Region","5","All Grades","Mathematics","Hispanic","English Learners","< 10"
"24 - 25 School Year","63","Oakland Schools","63150","Troy School District","06364","Costello Elementary School","63","Oakland","LEA School","Elementary","City: Small","Oakland Region","5","All Grades","Mathematics","Hispanic","Male","> 95"
"24 - 25 School Year","63","Oakland Schools","63150","Troy School District","06364","Costello Elementary School","63","Oakland","LEA School","Elementary","City: Small","Oakland Region","5","All Grades","Mathematics","Asian","English Learners","> 95"
"24 - 25 School Year","63","Oakland Schools","63150","Troy School District","06364","Costello Elementary School","63","Oakland","LEA School","Elementary","City: Small","Oakland Region","5","All Grades","English Language Arts","Asian","Students with Disabilities","< 10"
"24 - 25 School Year","63","Oakland Schools","63150","Troy School District","06364","Costello Elementary School","63","Oakland","LEA School","Elementary","City: Small","Oakland Region","5","All Grades","Mathematics","American Indian or Alaska Native","Students without IEP","< 10"
"24 - 25 School Year","63","Oakland Schools","63150","Troy School District","06364","Costello Elementary School","63","Oakland","LEA School","Elementary","City: Small","Oakland Region","5","All Grades","Mathematics","Two or More Races","Not English Learners","> 95"
"24 - 25 School Year","63","Oakland Schools","63150","Troy School District","06364","Costello Elementary School","63","Oakland","LEA School","Elementary","City: Small","Oakland Region","5","All Grades","Mathematics","Two or More Races","English Learners","< 10"
"24 - 25 School Year","63","Oakland Schools","63150","Troy School District","06364","Costello Elementary School","63","Oakland","LEA School","Elementary","City: Small","Oakland Region","5","All Grades","Mathematics","Asian","Female","> 95"
"24 - 25 School Year","63","Oakland Schools","63150","Troy School District","06364","Costello Elementary School","63","Oakland","LEA School","Elementary","City: Small","Oakland Region","5","All Grades","Mathematics","Female","Students without IEP","> 95"
"24 - 25 School Year","63","Oakland Schools","63150","Troy School District","06364","Costello Elementary School","63","Oakland","LEA School","Elementary","City: Small","Oakland Region","5","All Grades","Mathematics","Female","Students with Disabilities","> 95"
"24 - 25 School Year","63","Oakland Schools","63150","Troy School District","06364","Costello Elementary School","63","Oakland","LEA School","Elementary","City: Small","Oakland Region","5","All Grades","Mathematics","Female","English Learners","> 95"
"24 - 25 School Year","63","Oakland Schools","63150","Troy School District","06364","Costello Elementary School","63","Oakland","LEA School","Elementary","City: Small","Oakland Region","5","All Grades","Mathematics","Female","Not English Learners","> 95"
"24 - 25 School Year","63","Oakland Schools","63150","Troy School District","06364","Costello Elementary School","63","Oakland","LEA School","Elementary","City: Small","Oakland Region","5","All Grades","Mathematics","Students with Disabilities","English Learners","< 10"
"24 - 25 School Year","63","Oakland Schools","63150","Troy School District","06364","Costello Elementary School","63","Oakland","LEA School","Elementary","City: Small","Oakland Region","5","All Grades","Mathematics","Students with Disabilities","Not English Learners","93.3"
"24 - 25 School Year","63","Oakland Schools","63150","Troy School District","06364","Costello Elementary School","63","Oakland","LEA School","Elementary","City: Small","Oakland Region","5","All Grades","Mathematics","Students without IEP","Not English Learners","> 95"
"24 - 25 School Year","63","Oakland Schools","63150","Troy School District","06364","Costello Elementary School","63","Oakland","LEA School","Elementary","City: Small","Oakland Region","5","All Grades","Mathematics","Students without IEP","English Learners","> 95"
"24 - 25 School Year","63","Oakland Schools","63150","Troy School District","06364","Costello Elementary School","63","Oakland","LEA School","Elementary","City: Small","Oakland Region","5","All Grades","English Language Arts","Hispanic","Students with Disabilities","< 10"
"24 - 25 School Year","63","Oakland Schools","63150","Troy School District","06364","Costello Elementary School","63","Oakland","LEA School","Elementary","City: Small","Oakland Region","5","All Grades","Mathematics","Asian","Not English Learners","> 95"
"24 - 25 School Year","63","Oakland Schools","63150","Troy School District","06364","Costello Elementary School","63","Oakland","LEA School","Elementary","City: Small","Oakland Region","5","All Grades","English Language Arts","Two or More Races","Students without IEP","> 95"
"24 - 25 School Year","63","Oakland Schools","63150","Troy School District","06364","Costello Elementary School","63","Oakland","LEA School","Elementary","City: Small","Oakland Region","5","All Grades","Mathematics","Two or More Races","Students with Disabilities","< 10"
"24 - 25 School Year","63","Oakland Schools","63150","Troy School District","06364","Costello Elementary School","63","Oakland","LEA School","Elementary","City: Small","Oakland Region","5","All Grades","Mathematics","Asian","Students with Disabilities","< 10"
"24 - 25 School Year","63","Oakland Schools","63150","Troy School District","06364","Costello Elementary School","63","Oakland","LEA School","Elementary","City: Small","Oakland Region","5","All Grades","Mathematics","Asian","Students without IEP","> 95"
"24 - 25 School Year","63","Oakland Schools","63150","Troy School District","06364","Costello Elementary School","63","Oakland","LEA School","Elementary","City: Small","Oakland Region","5","All Grades","Mathematics","Two or More Races","Male","< 10"
"24 - 25 School Year","63","Oakland Schools","63150","Troy School District","06364","Costello Elementary School","63","Oakland","LEA School","Elementary","City: Small","Oakland Region","5","All Grades","English Language Arts","Male","Students with Disabilities","90.0"
"24 - 25 School Year","63","Oakland Schools","63150","Troy School District","06364","Costello Elementary School","63","Oakland","LEA School","Elementary","City: Small","Oakland Region","5","All Grades","English Language Arts","Two or More Races","Not English Learners","> 95"
"24 - 25 School Year","63","Oakland Schools","63150","Troy School District","06364","Costello Elementary School","63","Oakland","LEA School","Elementary","City: Small","Oakland Region","5","All Grades","English Language Arts","Two or More Races","English Learners","< 10"
"24 - 25 School Year","63","Oakland Schools","63150","Troy School District","06364","Costello Elementary School","63","Oakland","LEA School","Elementary","City: Small","Oakland Region","5","All Grades","English Language Arts","Asian","Students without IEP","> 95"
"24 - 25 School Year","63","Oakland Schools","63150","Troy School District","06364","Costello Elementary School","63","Oakland","LEA School","Elementary","City: Small","Oakland Region","5","All Grades","English Language Arts","White, not of Hispanic origin","Not English Learners","> 95"
"24 - 25 School Year","63","Oakland Schools","63150","Troy School District","06364","Costello Elementary School","63","Oakland","LEA School","Elementary","City: Small","Oakland Region","5","All Grades","English Language Arts","White, not of Hispanic origin","English Learners","> 95"
"24 - 25 School Year","63","Oakland Schools","63150","Troy School District","06364","Costello Elementary School","63","Oakland","LEA School","Elementary","City: Small","Oakland Region","5","All Grades","English Language Arts","Hispanic","Students without IEP","> 95"
"24 - 25 School Year","63","Oakland Schools","63150","Troy School District","06364","Costello Elementary School","63","Oakland","LEA School","Elementary","City: Small","Oakland Region","5","All Grades","English Language Arts","Hispanic","Not English Learners","< 10"
"24 - 25 School Year","63","Oakland Schools","63150","Troy School District","06364","Costello Elementary School","63","Oakland","LEA School","Elementary","City: Small","Oakland Region","5","All Grades","English Language Arts","Hispanic","English Learners","< 10"
"24 - 25 School Year","63","Oakland Schools","63150","Troy School District","06364","Costello Elementary School","63","Oakland","LEA School","Elementary","City: Small","Oakland Region","5","All Grades","Mathematics","White, not of Hispanic origin","Male","> 95"
"24 - 25 School Year","63","Oakland Schools","63150","Troy School District","06364","Costello Elementary School","63","Oakland","LEA School","Elementary","City: Small","Oakland Region","5","All Grades","Mathematics","Hispanic","Female","< 10"
"24 - 25 School Year","63","Oakland Schools","63150","Troy School District","06364","Costello Elementary School","63","Oakland","LEA School","Elementary","City: Small","Oakland Region","5","All Grades","Mathematics","Black, not of Hispanic origin","Not English Learners","< 10"
"24 - 25 School Year","63","Oakland Schools","63150","Troy School District","06364","Costello Elementary School","63","Oakland","LEA School","Elementary","City: Small","Oakland Region","5","All Grades","Mathematics","Black, not of Hispanic origin","Female","< 10"
"24 - 25 School Year","63","Oakland Schools","63150","Troy School District","06364","Costello Elementary School","63","Oakland","LEA School","Elementary","City: Small","Oakland Region","5","All Grades","Mathematics","Black, not of Hispanic origin","Male","< 10"
"24 - 25 School Year","63","Oakland Schools","63150","Troy School District","06364","Costello Elementary School","63","Oakland","LEA School","Elementary","City: Small","Oakland Region","5","All Grades","English Language Arts","Students without IEP","Not English Learners","> 95"
"24 - 25 School Year","63","Oakland Schools","63150","Troy School District","06364","Costello Elementary School","63","Oakland","LEA School","Elementary","City: Small","Oakland Region","5","All Grades","English Language Arts","Students with Disabilities","Not English Learners","93.3"
"24 - 25 School Year","63","Oakland Schools","63150","Troy School District","06364","Costello Elementary School","63","Oakland","LEA School","Elementary","City: Small","Oakland Region","5","All Grades","English Language Arts","Students without IEP","English Learners","> 95"
"24 - 25 School Year","63","Oakland Schools","63150","Troy School District","06364","Costello Elementary School","63","Oakland","LEA School","Elementary","City: Small","Oakland Region","5","All Grades","Mathematics","Hispanic","Students with Disabilities","< 10"
"24 - 25 School Year","63","Oakland Schools","63150","Troy School District","06364","Costello Elementary School","63","Oakland","LEA School","Elementary","City: Small","Oakland Region","5","All Grades","Mathematics","Hispanic","Students without IEP","> 95"
"24 - 25 School Year","63","Oakland Schools","63150","Troy School District","06364","Costello Elementary School","63","Oakland","LEA School","Elementary","City: Small","Oakland Region","5","All Grades","Mathematics","Black, not of Hispanic origin","Students without IEP","< 10"
"24 - 25 School Year","63","Oakland Schools","63150","Troy School District","06364","Costello Elementary School","63","Oakland","LEA School","Elementary","City: Small","Oakland Region","5","All Grades","English Language Arts","Asian","Male","> 95"
"24 - 25 School Year","63","Oakland Schools","63150","Troy School District","06364","Costello Elementary School","63","Oakland","LEA School","Elementary","City: Small","Oakland Region","5","All Grades","English Language Arts","Hispanic","Female","< 10"
"24 - 25 School Year","63","Oakland Schools","63150","Troy School District","06364","Costello Elementary School","63","Oakland","LEA School","Elementary","City: Small","Oakland Region","5","All Grades","English Language Arts","Two or More Races","Male","< 10"
"24 - 25 School Year","63","Oakland Schools","63150","Troy School District","06364","Costello Elementary School","63","Oakland","LEA School","Elementary","City: Small","Oakland Region","5","All Grades","English Language Arts","White, not of Hispanic origin","Students with Disabilities","93.3"
"24 - 25 School Year","63","Oakland Schools","63150","Troy School District","06364","Costello Elementary School","63","Oakland","LEA School","Elementary","City: Small","Oakland Region","5","All Grades","English Language Arts","White, not of Hispanic origin","Students without IEP","> 95"
"24 - 25 School Year","63","Oakland Schools","63150","Troy School District","06364","Costello Elementary School","63","Oakland","LEA School","Elementary","City: Small","Oakland Region","5","All Grades","Mathematics","Male","Students without IEP","> 95"
"24 - 25 School Year","63","Oakland Schools","63150","Troy School District","06364","Costello Elementary School","63","Oakland","LEA School","Elementary","City: Small","Oakland Region","5","All Grades","Mathematics","Male","Students with Disabilities","90.0"
"24 - 25 School Year","63","Oakland Schools","63150","Troy School District","06364","Costello Elementary School","63","Oakland","LEA School","Elementary","City: Small","Oakland Region","5","All Grades","English Language Arts","Two or More Races","Female","< 10"
"24 - 25 School Year","63","Oakland Schools","63150","Troy School District","06364","Costello Elementary School","63","Oakland","LEA School","Elementary","City: Small","Oakland Region","5","All Grades","English Language Arts","Asian","Female","> 95"
"24 - 25 School Year","63","Oakland Schools","63150","Troy School District","06364","Costello Elementary School","63","Oakland","LEA School","Elementary","City: Small","Oakland Region","5","All Grades","English Language Arts","Male","English Learners","> 95"
"24 - 25 School Year","63","Oakland Schools","63150","Troy School District","06364","Costello Elementary School","63","Oakland","LEA School","Elementary","City: Small","Oakland Region","5","All Grades","English Language Arts","Male","Not English Learners","> 95"
"24 - 25 School Year","63","Oakland Schools","63150","Troy School District","06364","Costello Elementary School","63","Oakland","LEA School","Elementary","City: Small","Oakland Region","5","All Grades","English Language Arts","Students with Disabilities","English Learners","< 10"
"24 - 25 School Year","63","Oakland Schools","63150","Troy School District","06364","Costello Elementary School","63","Oakland","LEA School","Elementary","City: Small","Oakland Region","5","All Grades","English Language Arts","Black, not of Hispanic origin","Not English Learners","< 10"
"24 - 25 School Year","63","Oakland Schools","63150","Troy School District","06364","Costello Elementary School","63","Oakland","LEA School","Elementary","City: Small","Oakland Region","5","All Grades","Mathematics","Male","English Learners","> 95"
"24 - 25 School Year","63","Oakland Schools","63150","Troy School District","06364","Costello Elementary School","63","Oakland","LEA School","Elementary","City: Small","Oakland Region","5","All Grades","Mathematics","Male","Not English Learners","> 95"
"24 - 25 School Year","63","Oakland Schools","63150","Troy School District","06364","Costello Elementary School","63","Oakland","LEA School","Elementary","City: Small","Oakland Region","5","All Grades","English Language Arts","Asian","English Learners","> 95"
"24 - 25 School Year","63","Oakland Schools","63150","Troy School District","06364","Costello Elementary School","63","Oakland","LEA School","Elementary","City: Small","Oakland Region","5","All Grades","English Language Arts","Asian","Not English Learners","> 95"
"24 - 25 School Year","63","Oakland Schools","63150","Troy School District","06364","Costello Elementary School","63","Oakland","LEA School","Elementary","City: Small","Oakland Region","5","All Grades","Mathematics","Two or More Races","Students without IEP","> 95"
"24 - 25 School Year","63","Oakland Schools","63150","Troy School District","06364","Costello Elementary School","63","Oakland","LEA School","Elementary","City: Small","Oakland Region","5","All Grades","Mathematics","Asian","Male","> 95"
"24 - 25 School Year","63","Oakland Schools","63150","Troy School District","06364","Costello Elementary School","63","Oakland","LEA School","Elementary","City: Small","Oakland Region","5","All Grades","English Language Arts","Black, not of Hispanic origin","Male","< 10"
"24 - 25 School Year","63","Oakland Schools","63150","Troy School District","06364","Costello Elementary School","63","Oakland","LEA School","Elementary","City: Small","Oakland Region","5","All Grades","English Language Arts","Black, not of Hispanic origin","Students without IEP","< 10"
"24 - 25 School Year","63","Oakland Schools","63150","Troy School District","06364","Costello Elementary School","63","Oakland","LEA School","Elementary","City: Small","Oakland Region","5","All Grades","English Language Arts","Black, not of Hispanic origin","Female","< 10"
"24 - 25 School Year","63","Oakland Schools","63150","Troy School District","06364","Costello Elementary School","63","Oakland","LEA School","Elementary","City: Small","Oakland Region","5","All Grades","Mathematics","American Indian or Alaska Native","Not English Learners","< 10"
"24 - 25 School Year","63","Oakland Schools","63150","Troy School District","06364","Costello Elementary School","63","Oakland","LEA School","Elementary","City: Small","Oakland Region","5","All Grades","Mathematics","American Indian or Alaska Native","Male","< 10"
"24 - 25 School Year","63","Oakland Schools","63150","Troy School District","06364","Costello Elementary School","63","Oakland","LEA School","Elementary","City: Small","Oakland Region","5","All Grades","Mathematics","White, not of Hispanic origin","Students without IEP","> 95"
"24 - 25 School Year","63","Oakland Schools","63150","Troy School District","06364","Costello Elementary School","63","Oakland","LEA School","Elementary","City: Small","Oakland Region","5","All Grades","Mathematics","White, not of Hispanic origin","Students with Disabilities","93.3"
"24 - 25 School Year","63","Oakland Schools","63150","Troy School District","06365","Martell Elementary School","63","Oakland","LEA School","Elementary","City: Small","Oakland Region","5","All Grades","Mathematics","Two or More Races","Female","< 10"
"24 - 25 School Year","63","Oakland Schools","63150","Troy School District","06365","Martell Elementary School","63","Oakland","LEA School","Elementary","City: Small","Oakland Region","5","All Grades","Mathematics","Two or More Races","Male","< 10"
"24 - 25 School Year","63","Oakland Schools","63150","Troy School District","06365","Martell Elementary School","63","Oakland","LEA School","Elementary","City: Small","Oakland Region","5","All Grades","English Language Arts","White, not of Hispanic origin","Male","> 95"
"24 - 25 School Year","63","Oakland Schools","63150","Troy School District","06365","Martell Elementary School","63","Oakland","LEA School","Elementary","City: Small","Oakland Region","5","All Grades","English Language Arts","Female","Not English Learners","> 95"
"24 - 25 School Year","63","Oakland Schools","63150","Troy School District","06365","Martell Elementary School","63","Oakland","LEA School","Elementary","City: Small","Oakland Region","5","All Grades","English Language Arts","Female","English Learners","> 95"
"24 - 25 School Year","63","Oakland Schools","63150","Troy School District","06365","Martell Elementary School","63","Oakland","LEA School","Elementary","City: Small","Oakland Region","5","All Grades","English Language Arts","Male","Not English Learners","> 95"
"24 - 25 School Year","63","Oakland Schools","63150","Troy School District","06365","Martell Elementary School","63","Oakland","LEA School","Elementary","City: Small","Oakland Region","5","All Grades","English Language Arts","Male","English Learners","> 95"
"24 - 25 School Year","63","Oakland Schools","63150","Troy School District","06365","Martell Elementary School","63","Oakland","LEA School","Elementary","City: Small","Oakland Region","5","All Grades","English Language Arts","Students with Disabilities","Not English Learners","> 95"
"24 - 25 School Year","63","Oakland Schools","63150","Troy School District","06365","Martell Elementary School","63","Oakland","LEA School","Elementary","City: Small","Oakland Region","5","All Grades","English Language Arts","Students with Disabilities","English Learners","< 10"
"24 - 25 School Year","63","Oakland Schools","63150","Troy School District","06365","Martell Elementary School","63","Oakland","LEA School","Elementary","City: Small","Oakland Region","5","All Grades","English Language Arts","Students without IEP","English Learners","> 95"
"24 - 25 School Year","63","Oakland Schools","63150","Troy School District","06365","Martell Elementary School","63","Oakland","LEA School","Elementary","City: Small","Oakland Region","5","All Grades","English Language Arts","Students without IEP","Not English Learners","> 95"
"24 - 25 School Year","63","Oakland Schools","63150","Troy School District","06365","Martell Elementary School","63","Oakland","LEA School","Elementary","City: Small","Oakland Region","5","All Grades","Mathematics","Male","English Learners","> 95"
"24 - 25 School Year","63","Oakland Schools","63150","Troy School District","06365","Martell Elementary School","63","Oakland","LEA School","Elementary","City: Small","Oakland Region","5","All Grades","Mathematics","Black, not of Hispanic origin","Female","< 10"
"24 - 25 School Year","63","Oakland Schools","63150","Troy School District","06365","Martell Elementary School","63","Oakland","LEA School","Elementary","City: Small","Oakland Region","5","All Grades","English Language Arts","Male","Students with Disabilities","> 95"
"24 - 25 School Year","63","Oakland Schools","63150","Troy School District","06365","Martell Elementary School","63","Oakland","LEA School","Elementary","City: Small","Oakland Region","5","All Grades","Mathematics","Female","Students without IEP","> 95"
"24 - 25 School Year","63","Oakland Schools","63150","Troy School District","06365","Martell Elementary School","63","Oakland","LEA School","Elementary","City: Small","Oakland Region","5","All Grades","English Language Arts","Black, not of Hispanic origin","Male","< 10"
"24 - 25 School Year","63","Oakland Schools","63150","Troy School District","06365","Martell Elementary School","63","Oakland","LEA School","Elementary","City: Small","Oakland Region","5","All Grades","English Language Arts","Asian","Male","> 95"
"24 - 25 School Year","63","Oakland Schools","63150","Troy School District","06365","Martell Elementary School","63","Oakland","LEA School","Elementary","City: Small","Oakland Region","5","All Grades","Mathematics","Students without IEP","Not English Learners","> 95"
"24 - 25 School Year","63","Oakland Schools","63150","Troy School District","06365","Martell Elementary School","63","Oakland","LEA School","Elementary","City: Small","Oakland Region","5","All Grades","Mathematics","Students without IEP","English Learners","> 95"
"24 - 25 School Year","63","Oakland Schools","63150","Troy School District","06365","Martell Elementary School","63","Oakland","LEA School","Elementary","City: Small","Oakland Region","5","All Grades","Mathematics","Students with Disabilities","Not English Learners","> 95"
"24 - 25 School Year","63","Oakland Schools","63150","Troy School District","06365","Martell Elementary School","63","Oakland","LEA School","Elementary","City: Small","Oakland Region","5","All Grades","Mathematics","Students with Disabilities","English Learners","< 10"
"24 - 25 School Year","63","Oakland Schools","63150","Troy School District","06365","Martell Elementary School","63","Oakland","LEA School","Elementary","City: Small","Oakland Region","5","All Grades","Mathematics","Two or More Races","Students with Disabilities","< 10"
"24 - 25 School Year","63","Oakland Schools","63150","Troy School District","06365","Martell Elementary School","63","Oakland","LEA School","Elementary","City: Small","Oakland Region","5","All Grades","Mathematics","Two or More Races","Students without IEP","< 10"
"24 - 25 School Year","63","Oakland Schools","63150","Troy School District","06365","Martell Elementary School","63","Oakland","LEA School","Elementary","City: Small","Oakland Region","5","All Grades","Mathematics","Two or More Races","Not English Learners","> 95"
"24 - 25 School Year","63","Oakland Schools","63150","Troy School District","06365","Martell Elementary School","63","Oakland","LEA School","Elementary","City: Small","Oakland Region","5","All Grades","Mathematics","Two or More Races","English Learners","< 10"
"24 - 25 School Year","63","Oakland Schools","63150","Troy School District","06365","Martell Elementary School","63","Oakland","LEA School","Elementary","City: Small","Oakland Region","5","All Grades","Mathematics","White, not of Hispanic origin","Female","> 95"
"24 - 25 School Year","63","Oakland Schools","63150","Troy School District","06365","Martell Elementary School","63","Oakland","LEA School","Elementary","City: Small","Oakland Region","5","All Grades","English Language Arts","Black, not of Hispanic origin","Students without IEP","< 10"
"24 - 25 School Year","63","Oakland Schools","63150","Troy School District","06365","Martell Elementary School","63","Oakland","LEA School","Elementary","City: Small","Oakland Region","5","All Grades","Mathematics","Asian","Students with Disabilities","< 10"
"24 - 25 School Year","63","Oakland Schools","63150","Troy School District","06365","Martell Elementary School","63","Oakland","LEA School","Elementary","City: Small","Oakland Region","5","All Grades","English Language Arts","Male","Students without IEP","> 95"
"24 - 25 School Year","63","Oakland Schools","63150","Troy School District","06365","Martell Elementary School","63","Oakland","LEA School","Elementary","City: Small","Oakland Region","5","All Grades","Mathematics","White, not of Hispanic origin","Male","> 95"
"24 - 25 School Year","63","Oakland Schools","63150","Troy School District","06365","Martell Elementary School","63","Oakland","LEA School","Elementary","City: Small","Oakland Region","5","All Grades","Mathematics","Asian","Students without IEP","> 95"
"24 - 25 School Year","63","Oakland Schools","63150","Troy School District","06365","Martell Elementary School","63","Oakland","LEA School","Elementary","City: Small","Oakland Region","5","All Grades","English Language Arts","Two or More Races","Female","< 10"
"24 - 25 School Year","63","Oakland Schools","63150","Troy School District","06365","Martell Elementary School","63","Oakland","LEA School","Elementary","City: Small","Oakland Region","5","All Grades","Mathematics","Asian","Female","> 95"
"24 - 25 School Year","63","Oakland Schools","63150","Troy School District","06365","Martell Elementary School","63","Oakland","LEA School","Elementary","City: Small","Oakland Region","5","All Grades","Mathematics","Black, not of Hispanic origin","Not English Learners","> 95"
"24 - 25 School Year","63","Oakland Schools","63150","Troy School District","06365","Martell Elementary School","63","Oakland","LEA School","Elementary","City: Small","Oakland Region","5","All Grades","English Language Arts","Black, not of Hispanic origin","Not English Learners","> 95"
"24 - 25 School Year","63","Oakland Schools","63150","Troy School District","06365","Martell Elementary School","63","Oakland","LEA School","Elementary","City: Small","Oakland Region","5","All Grades","English Language Arts","Black, not of Hispanic origin","English Learners","< 10"
"24 - 25 School Year","63","Oakland Schools","63150","Troy School District","06365","Martell Elementary School","63","Oakland","LEA School","Elementary","City: Small","Oakland Region","5","All Grades","Mathematics","Hispanic","Female","< 10"
"24 - 25 School Year","63","Oakland Schools","63150","Troy School District","06365","Martell Elementary School","63","Oakland","LEA School","Elementary","City: Small","Oakland Region","5","All Grades","Mathematics","Hispanic","Male","< 10"
"24 - 25 School Year","63","Oakland Schools","63150","Troy School District","06365","Martell Elementary School","63","Oakland","LEA School","Elementary","City: Small","Oakland Region","5","All Grades","Mathematics","Male","Students without IEP","> 95"
"24 - 25 School Year","63","Oakland Schools","63150","Troy School District","06365","Martell Elementary School","63","Oakland","LEA School","Elementary","City: Small","Oakland Region","5","All Grades","Mathematics","Hispanic","Not English Learners","< 10"
"24 - 25 School Year","63","Oakland Schools","63150","Troy School District","06365","Martell Elementary School","63","Oakland","LEA School","Elementary","City: Small","Oakland Region","5","All Grades","Mathematics","Hispanic","English Learners","< 10"
"24 - 25 School Year","63","Oakland Schools","63150","Troy School District","06365","Martell Elementary School","63","Oakland","LEA School","Elementary","City: Small","Oakland Region","5","All Grades","Mathematics","White, not of Hispanic origin","Students without IEP","> 95"
"24 - 25 School Year","63","Oakland Schools","63150","Troy School District","06365","Martell Elementary School","63","Oakland","LEA School","Elementary","City: Small","Oakland Region","5","All Grades","English Language Arts","Female","Students without IEP","> 95"
"24 - 25 School Year","63","Oakland Schools","63150","Troy School District","06365","Martell Elementary School","63","Oakland","LEA School","Elementary","City: Small","Oakland Region","5","All Grades","English Language Arts","Female","Students with Disabilities","< 10"
"24 - 25 School Year","63","Oakland Schools","63150","Troy School District","06365","Martell Elementary School","63","Oakland","LEA School","Elementary","City: Small","Oakland Region","5","All Grades","English Language Arts","White, not of Hispanic origin","Students with Disabilities","> 95"
"24 - 25 School Year","63","Oakland Schools","63150","Troy School District","06365","Martell Elementary School","63","Oakland","LEA School","Elementary","City: Small","Oakland Region","5","All Grades","English Language Arts","White, not of Hispanic origin","Female","> 95"
"24 - 25 School Year","63","Oakland Schools","63150","Troy School District","06365","Martell Elementary School","63","Oakland","LEA School","Elementary","City: Small","Oakland Region","5","All Grades","Mathematics","White, not of Hispanic origin","Not English Learners","> 95"
"24 - 25 School Year","63","Oakland Schools","63150","Troy School District","06365","Martell Elementary School","63","Oakland","LEA School","Elementary","City: Small","Oakland Region","5","All Grades","Mathematics","White, not of Hispanic origin","English Learners","< 10"
"24 - 25 School Year","63","Oakland Schools","63150","Troy School District","06365","Martell Elementary School","63","Oakland","LEA School","Elementary","City: Small","Oakland Region","5","All Grades","English Language Arts","Hispanic","Students with Disabilities","< 10"
"24 - 25 School Year","63","Oakland Schools","63150","Troy School District","06365","Martell Elementary School","63","Oakland","LEA School","Elementary","City: Small","Oakland Region","5","All Grades","Mathematics","Black, not of Hispanic origin","Male","< 10"
"24 - 25 School Year","63","Oakland Schools","63150","Troy School District","06365","Martell Elementary School","63","Oakland","LEA School","Elementary","City: Small","Oakland Region","5","All Grades","English Language Arts","Asian","Female","> 95"
"24 - 25 School Year","63","Oakland Schools","63150","Troy School District","06365","Martell Elementary School","63","Oakland","LEA School","Elementary","City: Small","Oakland Region","5","All Grades","English Language Arts","Two or More Races","Male","< 10"
"24 - 25 School Year","63","Oakland Schools","63150","Troy School District","06365","Martell Elementary School","63","Oakland","LEA School","Elementary","City: Small","Oakland Region","5","All Grades","English Language Arts","Two or More Races","Not English Learners","> 95"
"24 - 25 School Year","63","Oakland Schools","63150","Troy School District","06365","Martell Elementary School","63","Oakland","LEA School","Elementary","City: Small","Oakland Region","5","All Grades","English Language Arts","Two or More Races","English Learners","< 10"
"24 - 25 School Year","63","Oakland Schools","63150","Troy School District","06365","Martell Elementary School","63","Oakland","LEA School","Elementary","City: Small","Oakland Region","5","All Grades","English Language Arts","Hispanic","Female","< 10"
"24 - 25 School Year","63","Oakland Schools","63150","Troy School District","06365","Martell Elementary School","63","Oakland","LEA School","Elementary","City: Small","Oakland Region","5","All Grades","Mathematics","Male","Students with Disabilities","> 95"
"24 - 25 School Year","63","Oakland Schools","63150","Troy School District","06365","Martell Elementary School","63","Oakland","LEA School","Elementary","City: Small","Oakland Region","5","All Grades","Mathematics","Black, not of Hispanic origin","English Learners","< 10"
"24 - 25 School Year","63","Oakland Schools","63150","Troy School District","06365","Martell Elementary School","63","Oakland","LEA School","Elementary","City: Small","Oakland Region","5","All Grades","English Language Arts","Hispanic","Students without IEP","< 10"
"24 - 25 School Year","63","Oakland Schools","63150","Troy School District","06365","Martell Elementary School","63","Oakland","LEA School","Elementary","City: Small","Oakland Region","5","All Grades","Mathematics","Hispanic","Students without IEP","< 10"
"24 - 25 School Year","63","Oakland Schools","63150","Troy School District","06365","Martell Elementary School","63","Oakland","LEA School","Elementary","City: Small","Oakland Region","5","All Grades","Mathematics","Hispanic","Students with Disabilities","< 10"
"24 - 25 School Year","63","Oakland Schools","63150","Troy School District","06365","Martell Elementary School","63","Oakland","LEA School","Elementary","City: Small","Oakland Region","5","All Grades","English Language Arts","Asian","Students with Disabilities","< 10"
"24 - 25 School Year","63","Oakland Schools","63150","Troy School District","06365","Martell Elementary School","63","Oakland","LEA School","Elementary","City: Small","Oakland Region","5","All Grades","Mathematics","Female","Students with Disabilities","< 10"
"24 - 25 School Year","63","Oakland Schools","63150","Troy School District","06365","Martell Elementary School","63","Oakland","LEA School","Elementary","City: Small","Oakland Region","5","All Grades","English Language Arts","Hispanic","English Learners","< 10"
"24 - 25 School Year","63","Oakland Schools","63150","Troy School District","06365","Martell Elementary School","63","Oakland","LEA School","Elementary","City: Small","Oakland Region","5","All Grades","Mathematics","Black, not of Hispanic origin","Students with Disabilities","< 10"
"24 - 25 School Year","63","Oakland Schools","63150","Troy School District","06365","Martell Elementary School","63","Oakland","LEA School","Elementary","City: Small","Oakland Region","5","All Grades","Mathematics","Asian","English Learners","> 95"
"24 - 25 School Year","63","Oakland Schools","63150","Troy School District","06365","Martell Elementary School","63","Oakland","LEA School","Elementary","City: Small","Oakland Region","5","All Grades","Mathematics","Black, not of Hispanic origin","Students without IEP","< 10"
"24 - 25 School Year","63","Oakland Schools","63150","Troy School District","06365","Martell Elementary School","63","Oakland","LEA School","Elementary","City: Small","Oakland Region","5","All Grades","Mathematics","Asian","Not English Learners","> 95"
"24 - 25 School Year","63","Oakland Schools","63150","Troy School District","06365","Martell Elementary School","63","Oakland","LEA School","Elementary","City: Small","Oakland Region","5","All Grades","English Language Arts","Asian","English Learners","> 95"
"24 - 25 School Year","63","Oakland Schools","63150","Troy School District","06365","Martell Elementary School","63","Oakland","LEA School","Elementary","City: Small","Oakland Region","5","All Grades","Mathematics","White, not of Hispanic origin","Students with Disabilities","> 95"
"24 - 25 School Year","63","Oakland Schools","63150","Troy School District","06365","Martell Elementary School","63","Oakland","LEA School","Elementary","City: Small","Oakland Region","5","All Grades","Mathematics","Male","Not English Learners","> 95"
"24 - 25 School Year","63","Oakland Schools","63150","Troy School District","06365","Martell Elementary School","63","Oakland","LEA School","Elementary","City: Small","Oakland Region","5","All Grades","Mathematics","Female","English Learners","> 95"
"24 - 25 School Year","63","Oakland Schools","63150","Troy School District","06365","Martell Elementary School","63","Oakland","LEA School","Elementary","City: Small","Oakland Region","5","All Grades","Mathematics","Female","Not English Learners","> 95"
"24 - 25 School Year","63","Oakland Schools","63150","Troy School District","06365","Martell Elementary School","63","Oakland","LEA School","Elementary","City: Small","Oakland Region","5","All Grades","English Language Arts","Hispanic","Male","< 10"
"24 - 25 School Year","63","Oakland Schools","63150","Troy School District","06365","Martell Elementary School","63","Oakland","LEA School","Elementary","City: Small","Oakland Region","5","All Grades","English Language Arts","Black, not of Hispanic origin","Students with Disabilities","< 10"
"24 - 25 School Year","63","Oakland Schools","63150","Troy School District","06365","Martell Elementary School","63","Oakland","LEA School","Elementary","City: Small","Oakland Region","5","All Grades","English Language Arts","Asian","Students without IEP","> 95"
"24 - 25 School Year","63","Oakland Schools","63150","Troy School District","06365","Martell Elementary School","63","Oakland","LEA School","Elementary","City: Small","Oakland Region","5","All Grades","English Language Arts","Black, not of Hispanic origin","Female","< 10"
"24 - 25 School Year","63","Oakland Schools","63150","Troy School District","06365","Martell Elementary School","63","Oakland","LEA School","Elementary","City: Small","Oakland Region","5","All Grades","English Language Arts","Two or More Races","Students without IEP","< 10"
"24 - 25 School Year","63","Oakland Schools","63150","Troy School District","06365","Martell Elementary School","63","Oakland","LEA School","Elementary","City: Small","Oakland Region","5","All Grades","English Language Arts","Two or More Races","Students with Disabilities","< 10"
"24 - 25 School Year","63","Oakland Schools","63150","Troy School District","06365","Martell Elementary School","63","Oakland","LEA School","Elementary","City: Small","Oakland Region","5","All Grades","Mathematics","Asian","Male","> 95"
"24 - 25 School Year","63","Oakland Schools","63150","Troy School District","06365","Martell Elementary School","63","Oakland","LEA School","Elementary","City: Small","Oakland Region","5","All Grades","English Language Arts","Hispanic","Not English Learners","< 10"
"24 - 25 School Year","63","Oakland Schools","63150","Troy School District","06365","Martell Elementary School","63","Oakland","LEA School","Elementary","City: Small","Oakland Region","5","All Grades","English Language Arts","Asian","Not English Learners","> 95"
"24 - 25 School Year","63","Oakland Schools","63150","Troy School District","06365","Martell Elementary School","63","Oakland","LEA School","Elementary","City: Small","Oakland Region","5","All Grades","English Language Arts","White, not of Hispanic origin","Not English Learners","> 95"
"24 - 25 School Year","63","Oakland Schools","63150","Troy School District","06365","Martell Elementary School","63","Oakland","LEA School","Elementary","City: Small","Oakland Region","5","All Grades","English Language Arts","White, not of Hispanic origin","English Learners","< 10"
"24 - 25 School Year","63","Oakland Schools","63150","Troy School District","06365","Martell Elementary School","63","Oakland","LEA School","Elementary","City: Small","Oakland Region","5","All Grades","English Language Arts","White, not of Hispanic origin","Students without IEP","> 95"
"24 - 25 School Year","63","Oakland Schools","63150","Troy School District","06366","Larson Middle School","63","Oakland","LEA School","Middle School","City: Small","Oakland Region","5","All Grades","English Language Arts","White, not of Hispanic origin","Not English Learners","> 95"
"24 - 25 School Year","63","Oakland Schools","63150","Troy School District","06366","Larson Middle School","63","Oakland","LEA School","Middle School","City: Small","Oakland Region","5","All Grades","Mathematics","Two or More Races","Female","94.1"
"24 - 25 School Year","63","Oakland Schools","63150","Troy School District","06366","Larson Middle School","63","Oakland","LEA School","Middle School","City: Small","Oakland Region","5","All Grades","English Language Arts","Hispanic","Female","> 95"
"24 - 25 School Year","63","Oakland Schools","63150","Troy School District","06366","Larson Middle School","63","Oakland","LEA School","Middle School","City: Small","Oakland Region","5","All Grades","English Language Arts","Native Hawaiian or Other Pacific Islander","Female","< 10"
"24 - 25 School Year","63","Oakland Schools","63150","Troy School District","06366","Larson Middle School","63","Oakland","LEA School","Middle School","City: Small","Oakland Region","5","All Grades","English Language Arts","Native Hawaiian or Other Pacific Islander","Students without IEP","< 10"
"24 - 25 School Year","63","Oakland Schools","63150","Troy School District","06366","Larson Middle School","63","Oakland","LEA School","Middle School","City: Small","Oakland Region","5","All Grades","English Language Arts","Black, not of Hispanic origin","Students without IEP","> 95"
"24 - 25 School Year","63","Oakland Schools","63150","Troy School District","06366","Larson Middle School","63","Oakland","LEA School","Middle School","City: Small","Oakland Region","5","All Grades","English Language Arts","Black, not of Hispanic origin","Not English Learners","> 95"
"24 - 25 School Year","63","Oakland Schools","63150","Troy School District","06366","Larson Middle School","63","Oakland","LEA School","Middle School","City: Small","Oakland Region","5","All Grades","English Language Arts","Black, not of Hispanic origin","Male","> 95"
"24 - 25 School Year","63","Oakland Schools","63150","Troy School District","06366","Larson Middle School","63","Oakland","LEA School","Middle School","City: Small","Oakland Region","5","All Grades","English Language Arts","Black, not of Hispanic origin","Female","> 95"
"24 - 25 School Year","63","Oakland Schools","63150","Troy School District","06366","Larson Middle School","63","Oakland","LEA School","Middle School","City: Small","Oakland Region","5","All Grades","Mathematics","Students without IEP","Not English Learners","> 95"
"24 - 25 School Year","63","Oakland Schools","63150","Troy School District","06366","Larson Middle School","63","Oakland","LEA School","Middle School","City: Small","Oakland Region","5","All Grades","Mathematics","Students with Disabilities","English Learners","> 95"
"24 - 25 School Year","63","Oakland Schools","63150","Troy School District","06366","Larson Middle School","63","Oakland","LEA School","Middle School","City: Small","Oakland Region","5","All Grades","Mathematics","Students without IEP","English Learners","> 95"
"24 - 25 School Year","63","Oakland Schools","63150","Troy School District","06366","Larson Middle School","63","Oakland","LEA School","Middle School","City: Small","Oakland Region","5","All Grades","Mathematics","Students with Disabilities","Not English Learners","91.5"
"24 - 25 School Year","63","Oakland Schools","63150","Troy School District","06366","Larson Middle School","63","Oakland","LEA School","Middle School","City: Small","Oakland Region","5","All Grades","Mathematics","White, not of Hispanic origin","Students with Disabilities","91.8"
"24 - 25 School Year","63","Oakland Schools","63150","Troy School District","06366","Larson Middle School","63","Oakland","LEA School","Middle School","City: Small","Oakland Region","5","All Grades","English Language Arts","Two or More Races","Students without IEP","> 95"
"24 - 25 School Year","63","Oakland Schools","63150","Troy School District","06366","Larson Middle School","63","Oakland","LEA School","Middle School","City: Small","Oakland Region","5","All Grades","Mathematics","Male","Students without IEP","> 95"
"24 - 25 School Year","63","Oakland Schools","63150","Troy School District","06366","Larson Middle School","63","Oakland","LEA School","Middle School","City: Small","Oakland Region","5","All Grades","English Language Arts","Female","Students without IEP","> 95"
"24 - 25 School Year","63","Oakland Schools","63150","Troy School District","06366","Larson Middle School","63","Oakland","LEA School","Middle School","City: Small","Oakland Region","5","All Grades","Mathematics","Female","Students without IEP","> 95"
"24 - 25 School Year","63","Oakland Schools","63150","Troy School District","06366","Larson Middle School","63","Oakland","LEA School","Middle School","City: Small","Oakland Region","5","All Grades","Mathematics","Female","Students with Disabilities","87.5"
"24 - 25 School Year","63","Oakland Schools","63150","Troy School District","06366","Larson Middle School","63","Oakland","LEA School","Middle School","City: Small","Oakland Region","5","All Grades","English Language Arts","Students with Disabilities","English Learners","> 95"
"24 - 25 School Year","63","Oakland Schools","63150","Troy School District","06366","Larson Middle School","63","Oakland","LEA School","Middle School","City: Small","Oakland Region","5","All Grades","English Language Arts","Students with Disabilities","Not English Learners","91.5"
"24 - 25 School Year","63","Oakland Schools","63150","Troy School District","06366","Larson Middle School","63","Oakland","LEA School","Middle School","City: Small","Oakland Region","5","All Grades","English Language Arts","Students without IEP","Not English Learners","> 95"
"24 - 25 School Year","63","Oakland Schools","63150","Troy School District","06366","Larson Middle School","63","Oakland","LEA School","Middle School","City: Small","Oakland Region","5","All Grades","English Language Arts","Students without IEP","English Learners","> 95"
"24 - 25 School Year","63","Oakland Schools","63150","Troy School District","06366","Larson Middle School","63","Oakland","LEA School","Middle School","City: Small","Oakland Region","5","All Grades","English Language Arts","Female","Not English Learners","> 95"
"24 - 25 School Year","63","Oakland Schools","63150","Troy School District","06366","Larson Middle School","63","Oakland","LEA School","Middle School","City: Small","Oakland Region","5","All Grades","English Language Arts","Male","English Learners","> 95"
"24 - 25 School Year","63","Oakland Schools","63150","Troy School District","06366","Larson Middle School","63","Oakland","LEA School","Middle School","City: Small","Oakland Region","5","All Grades","English Language Arts","Male","Not English Learners","> 95"
"24 - 25 School Year","63","Oakland Schools","63150","Troy School District","06366","Larson Middle School","63","Oakland","LEA School","Middle School","City: Small","Oakland Region","5","All Grades","English Language Arts","Female","English Learners","> 95"
"24 - 25 School Year","63","Oakland Schools","63150","Troy School District","06366","Larson Middle School","63","Oakland","LEA School","Middle School","City: Small","Oakland Region","5","All Grades","Mathematics","Hispanic","Students with Disabilities","< 10"
"24 - 25 School Year","63","Oakland Schools","63150","Troy School District","06366","Larson Middle School","63","Oakland","LEA School","Middle School","City: Small","Oakland Region","5","All Grades","English Language Arts","White, not of Hispanic origin","Students without IEP","> 95"
"24 - 25 School Year","63","Oakland Schools","63150","Troy School District","06366","Larson Middle School","63","Oakland","LEA School","Middle School","City: Small","Oakland Region","5","All Grades","Mathematics","Black, not of Hispanic origin","Male","> 95"
"24 - 25 School Year","63","Oakland Schools","63150","Troy School District","06366","Larson Middle School","63","Oakland","LEA School","Middle School","City: Small","Oakland Region","5","All Grades","English Language Arts","Male","Students without IEP","> 95"
"24 - 25 School Year","63","Oakland Schools","63150","Troy School District","06366","Larson Middle School","63","Oakland","LEA School","Middle School","City: Small","Oakland Region","5","All Grades","English Language Arts","White, not of Hispanic origin","English Learners","> 95"
"24 - 25 School Year","63","Oakland Schools","63150","Troy School District","06366","Larson Middle School","63","Oakland","LEA School","Middle School","City: Small","Oakland Region","5","All Grades","Mathematics","Hispanic","Female","> 95"
"24 - 25 School Year","63","Oakland Schools","63150","Troy School District","06366","Larson Middle School","63","Oakland","LEA School","Middle School","City: Small","Oakland Region","5","All Grades","English Language Arts","Asian","Students with Disabilities","< 10"
"24 - 25 School Year","63","Oakland Schools","63150","Troy School District","06366","Larson Middle School","63","Oakland","LEA School","Middle School","City: Small","Oakland Region","5","All Grades","Mathematics","Two or More Races","Male","> 95"
"24 - 25 School Year","63","Oakland Schools","63150","Troy School District","06366","Larson Middle School","63","Oakland","LEA School","Middle School","City: Small","Oakland Region","5","All Grades","Mathematics","Two or More Races","English Learners","< 10"
"24 - 25 School Year","63","Oakland Schools","63150","Troy School District","06366","Larson Middle School","63","Oakland","LEA School","Middle School","City: Small","Oakland Region","5","All Grades","Mathematics","Two or More Races","Not English Learners","> 95"
"24 - 25 School Year","63","Oakland Schools","63150","Troy School District","06366","Larson Middle School","63","Oakland","LEA School","Middle School","City: Small","Oakland Region","5","All Grades","Mathematics","Two or More Races","Students without IEP","> 95"
"24 - 25 School Year","63","Oakland Schools","63150","Troy School District","06366","Larson Middle School","63","Oakland","LEA School","Middle School","City: Small","Oakland Region","5","All Grades","Mathematics","Two or More Races","Students with Disabilities","< 10"
"24 - 25 School Year","63","Oakland Schools","63150","Troy School District","06366","Larson Middle School","63","Oakland","LEA School","Middle School","City: Small","Oakland Region","5","All Grades","Mathematics","Male","Students with Disabilities","> 95"
"24 - 25 School Year","63","Oakland Schools","63150","Troy School District","06366","Larson Middle School","63","Oakland","LEA School","Middle School","City: Small","Oakland Region","5","All Grades","Mathematics","Black, not of Hispanic origin","Students without IEP","> 95"
"24 - 25 School Year","63","Oakland Schools","63150","Troy School District","06366","Larson Middle School","63","Oakland","LEA School","Middle School","City: Small","Oakland Region","5","All Grades","Mathematics","Black, not of Hispanic origin","Students with Disabilities","< 10"
"24 - 25 School Year","63","Oakland Schools","63150","Troy School District","06366","Larson Middle School","63","Oakland","LEA School","Middle School","City: Small","Oakland Region","5","All Grades","Mathematics","Black, not of Hispanic origin","Not English Learners","> 95"
"24 - 25 School Year","63","Oakland Schools","63150","Troy School District","06366","Larson Middle School","63","Oakland","LEA School","Middle School","City: Small","Oakland Region","5","All Grades","Mathematics","Black, not of Hispanic origin","Female","> 95"
"24 - 25 School Year","63","Oakland Schools","63150","Troy School District","06366","Larson Middle School","63","Oakland","LEA School","Middle School","City: Small","Oakland Region","5","All Grades","English Language Arts","Native Hawaiian or Other Pacific Islander","Not English Learners","< 10"
"24 - 25 School Year","63","Oakland Schools","63150","Troy School District","06366","Larson Middle School","63","Oakland","LEA School","Middle School","City: Small","Oakland Region","5","All Grades","English Language Arts","Two or More Races","Students with Disabilities","< 10"
"24 - 25 School Year","63","Oakland Schools","63150","Troy School District","06366","Larson Middle School","63","Oakland","LEA School","Middle School","City: Small","Oakland Region","5","All Grades","Mathematics","Hispanic","Male","> 95"
"24 - 25 School Year","63","Oakland Schools","63150","Troy School District","06366","Larson Middle School","63","Oakland","LEA School","Middle School","City: Small","Oakland Region","5","All Grades","Mathematics","Hispanic","Not English Learners","> 95"
"24 - 25 School Year","63","Oakland Schools","63150","Troy School District","06366","Larson Middle School","63","Oakland","LEA School","Middle School","City: Small","Oakland Region","5","All Grades","Mathematics","Asian","Male","> 95"
"24 - 25 School Year","63","Oakland Schools","63150","Troy School District","06366","Larson Middle School","63","Oakland","LEA School","Middle School","City: Small","Oakland Region","5","All Grades","Mathematics","Native Hawaiian or Other Pacific Islander","Female","< 10"
"24 - 25 School Year","63","Oakland Schools","63150","Troy School District","06366","Larson Middle School","63","Oakland","LEA School","Middle School","City: Small","Oakland Region","5","All Grades","English Language Arts","Asian","Female","> 95"
"24 - 25 School Year","63","Oakland Schools","63150","Troy School District","06366","Larson Middle School","63","Oakland","LEA School","Middle School","City: Small","Oakland Region","5","All Grades","English Language Arts","Asian","Male","> 95"
"24 - 25 School Year","63","Oakland Schools","63150","Troy School District","06366","Larson Middle School","63","Oakland","LEA School","Middle School","City: Small","Oakland Region","5","All Grades","English Language Arts","Female","Students with Disabilities","87.5"
"24 - 25 School Year","63","Oakland Schools","63150","Troy School District","06366","Larson Middle School","63","Oakland","LEA School","Middle School","City: Small","Oakland Region","5","All Grades","English Language Arts","Hispanic","Students without IEP","> 95"
"24 - 25 School Year","63","Oakland Schools","63150","Troy School District","06366","Larson Middle School","63","Oakland","LEA School","Middle School","City: Small","Oakland Region","5","All Grades","English Language Arts","Hispanic","Students with Disabilities","< 10"
"24 - 25 School Year","63","Oakland Schools","63150","Troy School District","06366","Larson Middle School","63","Oakland","LEA School","Middle School","City: Small","Oakland Region","5","All Grades","Mathematics","White, not of Hispanic origin","Students without IEP","> 95"
"24 - 25 School Year","63","Oakland Schools","63150","Troy School District","06366","Larson Middle School","63","Oakland","LEA School","Middle School","City: Small","Oakland Region","5","All Grades","English Language Arts","Two or More Races","English Learners","< 10"
"24 - 25 School Year","63","Oakland Schools","63150","Troy School District","06366","Larson Middle School","63","Oakland","LEA School","Middle School","City: Small","Oakland Region","5","All Grades","English Language Arts","Two or More Races","Not English Learners","> 95"
"24 - 25 School Year","63","Oakland Schools","63150","Troy School District","06366","Larson Middle School","63","Oakland","LEA School","Middle School","City: Small","Oakland Region","5","All Grades","Mathematics","Native Hawaiian or Other Pacific Islander","Students without IEP","< 10"
"24 - 25 School Year","63","Oakland Schools","63150","Troy School District","06366","Larson Middle School","63","Oakland","LEA School","Middle School","City: Small","Oakland Region","5","All Grades","English Language Arts","White, not of Hispanic origin","Male","> 95"
"24 - 25 School Year","63","Oakland Schools","63150","Troy School District","06366","Larson Middle School","63","Oakland","LEA School","Middle School","City: Small","Oakland Region","5","All Grades","English Language Arts","White, not of Hispanic origin","Female","> 95"
"24 - 25 School Year","63","Oakland Schools","63150","Troy School District","06366","Larson Middle School","63","Oakland","LEA School","Middle School","City: Small","Oakland Region","5","All Grades","Mathematics","Asian","Female","> 95"
"24 - 25 School Year","63","Oakland Schools","63150","Troy School District","06366","Larson Middle School","63","Oakland","LEA School","Middle School","City: Small","Oakland Region","5","All Grades","Mathematics","Asian","Students without IEP","> 95"
"24 - 25 School Year","63","Oakland Schools","63150","Troy School District","06366","Larson Middle School","63","Oakland","LEA School","Middle School","City: Small","Oakland Region","5","All Grades","English Language Arts","Hispanic","Male","> 95"
"24 - 25 School Year","63","Oakland Schools","63150","Troy School District","06366","Larson Middle School","63","Oakland","LEA School","Middle School","City: Small","Oakland Region","5","All Grades","English Language Arts","Asian","Students without IEP","> 95"
"24 - 25 School Year","63","Oakland Schools","63150","Troy School District","06366","Larson Middle School","63","Oakland","LEA School","Middle School","City: Small","Oakland Region","5","All Grades","English Language Arts","Asian","English Learners","> 95"
"24 - 25 School Year","63","Oakland Schools","63150","Troy School District","06366","Larson Middle School","63","Oakland","LEA School","Middle School","City: Small","Oakland Region","5","All Grades","English Language Arts","Asian","Not English Learners","> 95"
"24 - 25 School Year","63","Oakland Schools","63150","Troy School District","06366","Larson Middle School","63","Oakland","LEA School","Middle School","City: Small","Oakland Region","5","All Grades","English Language Arts","Black, not of Hispanic origin","Students with Disabilities","< 10"
"24 - 25 School Year","63","Oakland Schools","63150","Troy School District","06366","Larson Middle School","63","Oakland","LEA School","Middle School","City: Small","Oakland Region","5","All Grades","Mathematics","Hispanic","English Learners","> 95"
"24 - 25 School Year","63","Oakland Schools","63150","Troy School District","06366","Larson Middle School","63","Oakland","LEA School","Middle School","City: Small","Oakland Region","5","All Grades","Mathematics","White, not of Hispanic origin","Male","> 95"
"24 - 25 School Year","63","Oakland Schools","63150","Troy School District","06366","Larson Middle School","63","Oakland","LEA School","Middle School","City: Small","Oakland Region","5","All Grades","English Language Arts","Two or More Races","Male","> 95"
"24 - 25 School Year","63","Oakland Schools","63150","Troy School District","06366","Larson Middle School","63","Oakland","LEA School","Middle School","City: Small","Oakland Region","5","All Grades","English Language Arts","Two or More Races","Female","94.1"
"24 - 25 School Year","63","Oakland Schools","63150","Troy School District","06366","Larson Middle School","63","Oakland","LEA School","Middle School","City: Small","Oakland Region","5","All Grades","Mathematics","Asian","Students with Disabilities","< 10"
"24 - 25 School Year","63","Oakland Schools","63150","Troy School District","06366","Larson Middle School","63","Oakland","LEA School","Middle School","City: Small","Oakland Region","5","All Grades","Mathematics","Female","English Learners","> 95"
"24 - 25 School Year","63","Oakland Schools","63150","Troy School District","06366","Larson Middle School","63","Oakland","LEA School","Middle School","City: Small","Oakland Region","5","All Grades","Mathematics","Female","Not English Learners","> 95"
"24 - 25 School Year","63","Oakland Schools","63150","Troy School District","06366","Larson Middle School","63","Oakland","LEA School","Middle School","City: Small","Oakland Region","5","All Grades","Mathematics","Male","English Learners","> 95"
"24 - 25 School Year","63","Oakland Schools","63150","Troy School District","06366","Larson Middle School","63","Oakland","LEA School","Middle School","City: Small","Oakland Region","5","All Grades","Mathematics","Male","Not English Learners","> 95"
"24 - 25 School Year","63","Oakland Schools","63150","Troy School District","06366","Larson Middle School","63","Oakland","LEA School","Middle School","City: Small","Oakland Region","5","All Grades","Mathematics","Hispanic","Students without IEP","> 95"
"24 - 25 School Year","63","Oakland Schools","63150","Troy School District","06366","Larson Middle School","63","Oakland","LEA School","Middle School","City: Small","Oakland Region","5","All Grades","Mathematics","White, not of Hispanic origin","English Learners","> 95"
"24 - 25 School Year","63","Oakland Schools","63150","Troy School District","06366","Larson Middle School","63","Oakland","LEA School","Middle School","City: Small","Oakland Region","5","All Grades","Mathematics","White, not of Hispanic origin","Not English Learners","> 95"
"24 - 25 School Year","63","Oakland Schools","63150","Troy School District","06366","Larson Middle School","63","Oakland","LEA School","Middle School","City: Small","Oakland Region","5","All Grades","English Language Arts","White, not of Hispanic origin","Students with Disabilities","91.8"
"24 - 25 School Year","63","Oakland Schools","63150","Troy School District","06366","Larson Middle School","63","Oakland","LEA School","Middle School","City: Small","Oakland Region","5","All Grades","Mathematics","Native Hawaiian or Other Pacific Islander","Not English Learners","< 10"
"24 - 25 School Year","63","Oakland Schools","63150","Troy School District","06366","Larson Middle School","63","Oakland","LEA School","Middle School","City: Small","Oakland Region","5","All Grades","English Language Arts","Hispanic","English Learners","90.9"
"24 - 25 School Year","63","Oakland Schools","63150","Troy School District","06366","Larson Middle School","63","Oakland","LEA School","Middle School","City: Small","Oakland Region","5","All Grades","English Language Arts","Hispanic","Not English Learners","> 95"
"24 - 25 School Year","63","Oakland Schools","63150","Troy School District","06366","Larson Middle School","63","Oakland","LEA School","Middle School","City: Small","Oakland Region","5","All Grades","Mathematics","Asian","English Learners","> 95"
"24 - 25 School Year","63","Oakland Schools","63150","Troy School District","06366","Larson Middle School","63","Oakland","LEA School","Middle School","City: Small","Oakland Region","5","All Grades","Mathematics","Asian","Not English Learners","> 95"
"24 - 25 School Year","63","Oakland Schools","63150","Troy School District","06366","Larson Middle School","63","Oakland","LEA School","Middle School","City: Small","Oakland Region","5","All Grades","Mathematics","White, not of Hispanic origin","Female","> 95"
"24 - 25 School Year","63","Oakland Schools","63150","Troy School District","06366","Larson Middle School","63","Oakland","LEA School","Middle School","City: Small","Oakland Region","5","All Grades","English Language Arts","Male","Students with Disabilities","> 95"
"24 - 25 School Year","63","Oakland Schools","63150","Troy School District","06367","Boulan Park Middle School","63","Oakland","LEA School","Middle School","City: Small","Oakland Region","5","All Grades","English Language Arts","Native Hawaiian or Other Pacific Islander","Students without IEP","< 10"
"24 - 25 School Year","63","Oakland Schools","63150","Troy School District","06367","Boulan Park Middle School","63","Oakland","LEA School","Middle School","City: Small","Oakland Region","5","All Grades","English Language Arts","White, not of Hispanic origin","Female","> 95"
"24 - 25 School Year","63","Oakland Schools","63150","Troy School District","06367","Boulan Park Middle School","63","Oakland","LEA School","Middle School","City: Small","Oakland Region","5","All Grades","Mathematics","Two or More Races","Students with Disabilities","< 10"
"24 - 25 School Year","63","Oakland Schools","63150","Troy School District","06367","Boulan Park Middle School","63","Oakland","LEA School","Middle School","City: Small","Oakland Region","5","All Grades","Mathematics","Female","Not English Learners","> 95"
"24 - 25 School Year","63","Oakland Schools","63150","Troy School District","06367","Boulan Park Middle School","63","Oakland","LEA School","Middle School","City: Small","Oakland Region","5","All Grades","Mathematics","Students with Disabilities","English Learners","< 10"
"24 - 25 School Year","63","Oakland Schools","63150","Troy School District","06367","Boulan Park Middle School","63","Oakland","LEA School","Middle School","City: Small","Oakland Region","5","All Grades","English Language Arts","Male","Students without IEP","> 95"
"24 - 25 School Year","63","Oakland Schools","63150","Troy School District","06367","Boulan Park Middle School","63","Oakland","LEA School","Middle School","City: Small","Oakland Region","5","All Grades","English Language Arts","Male","Students with Disabilities","> 95"
"24 - 25 School Year","63","Oakland Schools","63150","Troy School District","06367","Boulan Park Middle School","63","Oakland","LEA School","Middle School","City: Small","Oakland Region","5","All Grades","English Language Arts","White, not of Hispanic origin","Students without IEP","> 95"
"24 - 25 School Year","63","Oakland Schools","63150","Troy School District","06367","Boulan Park Middle School","63","Oakland","LEA School","Middle School","City: Small","Oakland Region","5","All Grades","English Language Arts","White, not of Hispanic origin","Not English Learners","> 95"
"24 - 25 School Year","63","Oakland Schools","63150","Troy School District","06367","Boulan Park Middle School","63","Oakland","LEA School","Middle School","City: Small","Oakland Region","5","All Grades","English Language Arts","White, not of Hispanic origin","English Learners","> 95"
"24 - 25 School Year","63","Oakland Schools","63150","Troy School District","06367","Boulan Park Middle School","63","Oakland","LEA School","Middle School","City: Small","Oakland Region","5","All Grades","Mathematics","White, not of Hispanic origin","Female","> 95"
"24 - 25 School Year","63","Oakland Schools","63150","Troy School District","06367","Boulan Park Middle School","63","Oakland","LEA School","Middle School","City: Small","Oakland Region","5","All Grades","English Language Arts","Hispanic","Female","> 95"
"24 - 25 School Year","63","Oakland Schools","63150","Troy School District","06367","Boulan Park Middle School","63","Oakland","LEA School","Middle School","City: Small","Oakland Region","5","All Grades","English Language Arts","Black, not of Hispanic origin","English Learners","< 10"
"24 - 25 School Year","63","Oakland Schools","63150","Troy School District","06367","Boulan Park Middle School","63","Oakland","LEA School","Middle School","City: Small","Oakland Region","5","All Grades","English Language Arts","Hispanic","English Learners","< 10"
"24 - 25 School Year","63","Oakland Schools","63150","Troy School District","06367","Boulan Park Middle School","63","Oakland","LEA School","Middle School","City: Small","Oakland Region","5","All Grades","English Language Arts","Hispanic","Not English Learners","> 95"
"24 - 25 School Year","63","Oakland Schools","63150","Troy School District","06367","Boulan Park Middle School","63","Oakland","LEA School","Middle School","City: Small","Oakland Region","5","All Grades","English Language Arts","Female","Students without IEP","> 95"
"24 - 25 School Year","63","Oakland Schools","63150","Troy School District","06367","Boulan Park Middle School","63","Oakland","LEA School","Middle School","City: Small","Oakland Region","5","All Grades","English Language Arts","Female","Students with Disabilities","> 95"
"24 - 25 School Year","63","Oakland Schools","63150","Troy School District","06367","Boulan Park Middle School","63","Oakland","LEA School","Middle School","City: Small","Oakland Region","5","All Grades","Mathematics","Asian","Students without IEP","> 95"
"24 - 25 School Year","63","Oakland Schools","63150","Troy School District","06367","Boulan Park Middle School","63","Oakland","LEA School","Middle School","City: Small","Oakland Region","5","All Grades","Mathematics","Black, not of Hispanic origin","Students without IEP","> 95"
"24 - 25 School Year","63","Oakland Schools","63150","Troy School District","06367","Boulan Park Middle School","63","Oakland","LEA School","Middle School","City: Small","Oakland Region","5","All Grades","Mathematics","Two or More Races","Female","> 95"
"24 - 25 School Year","63","Oakland Schools","63150","Troy School District","06367","Boulan Park Middle School","63","Oakland","LEA School","Middle School","City: Small","Oakland Region","5","All Grades","English Language Arts","Asian","Students with Disabilities","> 95"
"24 - 25 School Year","63","Oakland Schools","63150","Troy School District","06367","Boulan Park Middle School","63","Oakland","LEA School","Middle School","City: Small","Oakland Region","5","All Grades","English Language Arts","White, not of Hispanic origin","Students with Disabilities","> 95"
"24 - 25 School Year","63","Oakland Schools","63150","Troy School District","06367","Boulan Park Middle School","63","Oakland","LEA School","Middle School","City: Small","Oakland Region","5","All Grades","Mathematics","Two or More Races","Male","> 95"
"24 - 25 School Year","63","Oakland Schools","63150","Troy School District","06367","Boulan Park Middle School","63","Oakland","LEA School","Middle School","City: Small","Oakland Region","5","All Grades","Mathematics","White, not of Hispanic origin","Not English Learners","> 95"
"24 - 25 School Year","63","Oakland Schools","63150","Troy School District","06367","Boulan Park Middle School","63","Oakland","LEA School","Middle School","City: Small","Oakland Region","5","All Grades","Mathematics","White, not of Hispanic origin","English Learners","> 95"
"24 - 25 School Year","63","Oakland Schools","63150","Troy School District","06367","Boulan Park Middle School","63","Oakland","LEA School","Middle School","City: Small","Oakland Region","5","All Grades","Mathematics","Hispanic","Female","> 95"
"24 - 25 School Year","63","Oakland Schools","63150","Troy School District","06367","Boulan Park Middle School","63","Oakland","LEA School","Middle School","City: Small","Oakland Region","5","All Grades","English Language Arts","Two or More Races","Male","> 95"
"24 - 25 School Year","63","Oakland Schools","63150","Troy School District","06367","Boulan Park Middle School","63","Oakland","LEA School","Middle School","City: Small","Oakland Region","5","All Grades","English Language Arts","Two or More Races","Not English Learners","> 95"
"24 - 25 School Year","63","Oakland Schools","63150","Troy School District","06367","Boulan Park Middle School","63","Oakland","LEA School","Middle School","City: Small","Oakland Region","5","All Grades","Mathematics","White, not of Hispanic origin","Students without IEP","> 95"
"24 - 25 School Year","63","Oakland Schools","63150","Troy School District","06367","Boulan Park Middle School","63","Oakland","LEA School","Middle School","City: Small","Oakland Region","5","All Grades","Mathematics","Native Hawaiian or Other Pacific Islander","Male","< 10"
"24 - 25 School Year","63","Oakland Schools","63150","Troy School District","06367","Boulan Park Middle School","63","Oakland","LEA School","Middle School","City: Small","Oakland Region","5","All Grades","Mathematics","Black, not of Hispanic origin","Female","> 95"
"24 - 25 School Year","63","Oakland Schools","63150","Troy School District","06367","Boulan Park Middle School","63","Oakland","LEA School","Middle School","City: Small","Oakland Region","5","All Grades","English Language Arts","Female","Not English Learners","> 95"
"24 - 25 School Year","63","Oakland Schools","63150","Troy School District","06367","Boulan Park Middle School","63","Oakland","LEA School","Middle School","City: Small","Oakland Region","5","All Grades","English Language Arts","Female","English Learners","> 95"
"24 - 25 School Year","63","Oakland Schools","63150","Troy School District","06367","Boulan Park Middle School","63","Oakland","LEA School","Middle School","City: Small","Oakland Region","5","All Grades","English Language Arts","Male","English Learners","> 95"
"24 - 25 School Year","63","Oakland Schools","63150","Troy School District","06367","Boulan Park Middle School","63","Oakland","LEA School","Middle School","City: Small","Oakland Region","5","All Grades","English Language Arts","Students with Disabilities","English Learners","< 10"
"24 - 25 School Year","63","Oakland Schools","63150","Troy School District","06367","Boulan Park Middle School","63","Oakland","LEA School","Middle School","City: Small","Oakland Region","5","All Grades","English Language Arts","Male","Not English Learners","> 95"
"24 - 25 School Year","63","Oakland Schools","63150","Troy School District","06367","Boulan Park Middle School","63","Oakland","LEA School","Middle School","City: Small","Oakland Region","5","All Grades","English Language Arts","Students with Disabilities","Not English Learners","> 95"
"24 - 25 School Year","63","Oakland Schools","63150","Troy School District","06367","Boulan Park Middle School","63","Oakland","LEA School","Middle School","City: Small","Oakland Region","5","All Grades","English Language Arts","Students without IEP","English Learners","> 95"
"24 - 25 School Year","63","Oakland Schools","63150","Troy School District","06367","Boulan Park Middle School","63","Oakland","LEA School","Middle School","City: Small","Oakland Region","5","All Grades","English Language Arts","Students without IEP","Not English Learners","> 95"
"24 - 25 School Year","63","Oakland Schools","63150","Troy School District","06367","Boulan Park Middle School","63","Oakland","LEA School","Middle School","City: Small","Oakland Region","5","All Grades","English Language Arts","Native Hawaiian or Other Pacific Islander","Not English Learners","< 10"
"24 - 25 School Year","63","Oakland Schools","63150","Troy School District","06367","Boulan Park Middle School","63","Oakland","LEA School","Middle School","City: Small","Oakland Region","5","All Grades","English Language Arts","Two or More Races","Students with Disabilities","< 10"
"24 - 25 School Year","63","Oakland Schools","63150","Troy School District","06367","Boulan Park Middle School","63","Oakland","LEA School","Middle School","City: Small","Oakland Region","5","All Grades","English Language Arts","Two or More Races","Students without IEP","> 95"
"24 - 25 School Year","63","Oakland Schools","63150","Troy School District","06367","Boulan Park Middle School","63","Oakland","LEA School","Middle School","City: Small","Oakland Region","5","All Grades","Mathematics","Asian","Male","> 95"
"24 - 25 School Year","63","Oakland Schools","63150","Troy School District","06367","Boulan Park Middle School","63","Oakland","LEA School","Middle School","City: Small","Oakland Region","5","All Grades","English Language Arts","Asian","Male","> 95"
"24 - 25 School Year","63","Oakland Schools","63150","Troy School District","06367","Boulan Park Middle School","63","Oakland","LEA School","Middle School","City: Small","Oakland Region","5","All Grades","Mathematics","Hispanic","Students with Disabilities","< 10"
"24 - 25 School Year","63","Oakland Schools","63150","Troy School District","06367","Boulan Park Middle School","63","Oakland","LEA School","Middle School","City: Small","Oakland Region","5","All Grades","Mathematics","Two or More Races","Students without IEP","> 95"
"24 - 25 School Year","63","Oakland Schools","63150","Troy School District","06367","Boulan Park Middle School","63","Oakland","LEA School","Middle School","City: Small","Oakland Region","5","All Grades","Mathematics","Two or More Races","Not English Learners","> 95"
"24 - 25 School Year","63","Oakland Schools","63150","Troy School District","06367","Boulan Park Middle School","63","Oakland","LEA School","Middle School","City: Small","Oakland Region","5","All Grades","English Language Arts","Black, not of Hispanic origin","Students without IEP","> 95"
"24 - 25 School Year","63","Oakland Schools","63150","Troy School District","06367","Boulan Park Middle School","63","Oakland","LEA School","Middle School","City: Small","Oakland Region","5","All Grades","English Language Arts","Black, not of Hispanic origin","Students with Disabilities","< 10"
"24 - 25 School Year","63","Oakland Schools","63150","Troy School District","06367","Boulan Park Middle School","63","Oakland","LEA School","Middle School","City: Small","Oakland Region","5","All Grades","English Language Arts","Hispanic","Male","> 95"
"24 - 25 School Year","63","Oakland Schools","63150","Troy School District","06367","Boulan Park Middle School","63","Oakland","LEA School","Middle School","City: Small","Oakland Region","5","All Grades","English Language Arts","Two or More Races","Female","> 95"
"24 - 25 School Year","63","Oakland Schools","63150","Troy School District","06367","Boulan Park Middle School","63","Oakland","LEA School","Middle School","City: Small","Oakland Region","5","All Grades","English Language Arts","Black, not of Hispanic origin","Male","> 95"
"24 - 25 School Year","63","Oakland Schools","63150","Troy School District","06367","Boulan Park Middle School","63","Oakland","LEA School","Middle School","City: Small","Oakland Region","5","All Grades","English Language Arts","Asian","Female","> 95"
"24 - 25 School Year","63","Oakland Schools","63150","Troy School District","06367","Boulan Park Middle School","63","Oakland","LEA School","Middle School","City: Small","Oakland Region","5","All Grades","Mathematics","Asian","English Learners","> 95"
"24 - 25 School Year","63","Oakland Schools","63150","Troy School District","06367","Boulan Park Middle School","63","Oakland","LEA School","Middle School","City: Small","Oakland Region","5","All Grades","Mathematics","Asian","Not English Learners","> 95"
"24 - 25 School Year","63","Oakland Schools","63150","Troy School District","06367","Boulan Park Middle School","63","Oakland","LEA School","Middle School","City: Small","Oakland Region","5","All Grades","Mathematics","Native Hawaiian or Other Pacific Islander","Not English Learners","< 10"
"24 - 25 School Year","63","Oakland Schools","63150","Troy School District","06367","Boulan Park Middle School","63","Oakland","LEA School","Middle School","City: Small","Oakland Region","5","All Grades","Mathematics","Male","Students without IEP","> 95"
"24 - 25 School Year","63","Oakland Schools","63150","Troy School District","06367","Boulan Park Middle School","63","Oakland","LEA School","Middle School","City: Small","Oakland Region","5","All Grades","English Language Arts","Hispanic","Students with Disabilities","< 10"
"24 - 25 School Year","63","Oakland Schools","63150","Troy School District","06367","Boulan Park Middle School","63","Oakland","LEA School","Middle School","City: Small","Oakland Region","5","All Grades","English Language Arts","Native Hawaiian or Other Pacific Islander","Male","< 10"
"24 - 25 School Year","63","Oakland Schools","63150","Troy School District","06367","Boulan Park Middle School","63","Oakland","LEA School","Middle School","City: Small","Oakland Region","5","All Grades","Mathematics","White, not of Hispanic origin","Male","> 95"
"24 - 25 School Year","63","Oakland Schools","63150","Troy School District","06367","Boulan Park Middle School","63","Oakland","LEA School","Middle School","City: Small","Oakland Region","5","All Grades","English Language Arts","Hispanic","Students without IEP","> 95"
"24 - 25 School Year","63","Oakland Schools","63150","Troy School District","06367","Boulan Park Middle School","63","Oakland","LEA School","Middle School","City: Small","Oakland Region","5","All Grades","Mathematics","Black, not of Hispanic origin","English Learners","< 10"
"24 - 25 School Year","63","Oakland Schools","63150","Troy School District","06367","Boulan Park Middle School","63","Oakland","LEA School","Middle School","City: Small","Oakland Region","5","All Grades","Mathematics","Black, not of Hispanic origin","Not English Learners","> 95"
"24 - 25 School Year","63","Oakland Schools","63150","Troy School District","06367","Boulan Park Middle School","63","Oakland","LEA School","Middle School","City: Small","Oakland Region","5","All Grades","Mathematics","Native Hawaiian or Other Pacific Islander","Students without IEP","< 10"
"24 - 25 School Year","63","Oakland Schools","63150","Troy School District","06367","Boulan Park Middle School","63","Oakland","LEA School","Middle School","City: Small","Oakland Region","5","All Grades","Mathematics","Black, not of Hispanic origin","Students with Disabilities","< 10"
"24 - 25 School Year","63","Oakland Schools","63150","Troy School District","06367","Boulan Park Middle School","63","Oakland","LEA School","Middle School","City: Small","Oakland Region","5","All Grades","Mathematics","Hispanic","English Learners","< 10"
"24 - 25 School Year","63","Oakland Schools","63150","Troy School District","06367","Boulan Park Middle School","63","Oakland","LEA School","Middle School","City: Small","Oakland Region","5","All Grades","Mathematics","Hispanic","Not English Learners","> 95"
"24 - 25 School Year","63","Oakland Schools","63150","Troy School District","06367","Boulan Park Middle School","63","Oakland","LEA School","Middle School","City: Small","Oakland Region","5","All Grades","Mathematics","Students without IEP","Not English Learners","> 95"
"24 - 25 School Year","63","Oakland Schools","63150","Troy School District","06367","Boulan Park Middle School","63","Oakland","LEA School","Middle School","City: Small","Oakland Region","5","All Grades","Mathematics","Students with Disabilities","Not English Learners","> 95"
"24 - 25 School Year","63","Oakland Schools","63150","Troy School District","06367","Boulan Park Middle School","63","Oakland","LEA School","Middle School","City: Small","Oakland Region","5","All Grades","Mathematics","Students without IEP","English Learners","> 95"
"24 - 25 School Year","63","Oakland Schools","63150","Troy School District","06367","Boulan Park Middle School","63","Oakland","LEA School","Middle School","City: Small","Oakland Region","5","All Grades","Mathematics","Male","Not English Learners","> 95"
"24 - 25 School Year","63","Oakland Schools","63150","Troy School District","06367","Boulan Park Middle School","63","Oakland","LEA School","Middle School","City: Small","Oakland Region","5","All Grades","Mathematics","Male","English Learners","> 95"
"24 - 25 School Year","63","Oakland Schools","63150","Troy School District","06367","Boulan Park Middle School","63","Oakland","LEA School","Middle School","City: Small","Oakland Region","5","All Grades","Mathematics","Asian","Students with Disabilities","> 95"
"24 - 25 School Year","63","Oakland Schools","63150","Troy School District","06367","Boulan Park Middle School","63","Oakland","LEA School","Middle School","City: Small","Oakland Region","5","All Grades","English Language Arts","Black, not of Hispanic origin","Female","> 95"
"24 - 25 School Year","63","Oakland Schools","63150","Troy School District","06367","Boulan Park Middle School","63","Oakland","LEA School","Middle School","City: Small","Oakland Region","5","All Grades","Mathematics","Asian","Female","> 95"
"24 - 25 School Year","63","Oakland Schools","63150","Troy School District","06367","Boulan Park Middle School","63","Oakland","LEA School","Middle School","City: Small","Oakland Region","5","All Grades","Mathematics","Female","Students with Disabilities","> 95"
"24 - 25 School Year","63","Oakland Schools","63150","Troy School District","06367","Boulan Park Middle School","63","Oakland","LEA School","Middle School","City: Small","Oakland Region","5","All Grades","English Language Arts","White, not of Hispanic origin","Male","> 95"
"24 - 25 School Year","63","Oakland Schools","63150","Troy School District","06367","Boulan Park Middle School","63","Oakland","LEA School","Middle School","City: Small","Oakland Region","5","All Grades","Mathematics","Female","Students without IEP","> 95"
"24 - 25 School Year","63","Oakland Schools","63150","Troy School District","06367","Boulan Park Middle School","63","Oakland","LEA School","Middle School","City: Small","Oakland Region","5","All Grades","Mathematics","Black, not of Hispanic origin","Male","> 95"
"24 - 25 School Year","63","Oakland Schools","63150","Troy School District","06367","Boulan Park Middle School","63","Oakland","LEA School","Middle School","City: Small","Oakland Region","5","All Grades","English Language Arts","Asian","Not English Learners","> 95"
"24 - 25 School Year","63","Oakland Schools","63150","Troy School District","06367","Boulan Park Middle School","63","Oakland","LEA School","Middle School","City: Small","Oakland Region","5","All Grades","English Language Arts","Asian","English Learners","> 95"
"24 - 25 School Year","63","Oakland Schools","63150","Troy School District","06367","Boulan Park Middle School","63","Oakland","LEA School","Middle School","City: Small","Oakland Region","5","All Grades","English Language Arts","Asian","Students without IEP","> 95"
"24 - 25 School Year","63","Oakland Schools","63150","Troy School District","06367","Boulan Park Middle School","63","Oakland","LEA School","Middle School","City: Small","Oakland Region","5","All Grades","Mathematics","Female","English Learners","> 95"
"24 - 25 School Year","63","Oakland Schools","63150","Troy School District","06367","Boulan Park Middle School","63","Oakland","LEA School","Middle School","City: Small","Oakland Region","5","All Grades","Mathematics","Male","Students with Disabilities","> 95"
"24 - 25 School Year","63","Oakland Schools","63150","Troy School District","06367","Boulan Park Middle School","63","Oakland","LEA School","Middle School","City: Small","Oakland Region","5","All Grades","Mathematics","Hispanic","Male","> 95"
"24 - 25 School Year","63","Oakland Schools","63150","Troy School District","06367","Boulan Park Middle School","63","Oakland","LEA School","Middle School","City: Small","Oakland Region","5","All Grades","Mathematics","Hispanic","Students without IEP","> 95"
"24 - 25 School Year","63","Oakland Schools","63150","Troy School District","06367","Boulan Park Middle School","63","Oakland","LEA School","Middle School","City: Small","Oakland Region","5","All Grades","English Language Arts","Black, not of Hispanic origin","Not English Learners","> 95"
"24 - 25 School Year","63","Oakland Schools","63150","Troy School District","06367","Boulan Park Middle School","63","Oakland","LEA School","Middle School","City: Small","Oakland Region","5","All Grades","Mathematics","White, not of Hispanic origin","Students with Disabilities","> 95"
"24 - 25 School Year","63","Oakland Schools","63150","Troy School District","06393","Athens High School","63","Oakland","LEA School","High School","City: Small","Oakland Region","5","All Grades","Mathematics","Asian","Students without IEP","> 95"
"24 - 25 School Year","63","Oakland Schools","63150","Troy School District","06393","Athens High School","63","Oakland","LEA School","High School","City: Small","Oakland Region","5","All Grades","English Language Arts","Black, not of Hispanic origin","Male","> 95"
"24 - 25 School Year","63","Oakland Schools","63150","Troy School District","06393","Athens High School","63","Oakland","LEA School","High School","City: Small","Oakland Region","5","All Grades","Mathematics","Black, not of Hispanic origin","Female","93.3"
"24 - 25 School Year","63","Oakland Schools","63150","Troy School District","06393","Athens High School","63","Oakland","LEA School","High School","City: Small","Oakland Region","5","All Grades","English Language Arts","Black, not of Hispanic origin","Students with Disabilities","< 10"
"24 - 25 School Year","63","Oakland Schools","63150","Troy School District","06393","Athens High School","63","Oakland","LEA School","High School","City: Small","Oakland Region","5","All Grades","English Language Arts","Black, not of Hispanic origin","Students without IEP","> 95"
"24 - 25 School Year","63","Oakland Schools","63150","Troy School District","06393","Athens High School","63","Oakland","LEA School","High School","City: Small","Oakland Region","5","All Grades","English Language Arts","Two or More Races","Students without IEP","> 95"
"24 - 25 School Year","63","Oakland Schools","63150","Troy School District","06393","Athens High School","63","Oakland","LEA School","High School","City: Small","Oakland Region","5","All Grades","English Language Arts","Two or More Races","Not English Learners","> 95"
"24 - 25 School Year","63","Oakland Schools","63150","Troy School District","06393","Athens High School","63","Oakland","LEA School","High School","City: Small","Oakland Region","5","All Grades","Mathematics","Female","Not English Learners","> 95"
"24 - 25 School Year","63","Oakland Schools","63150","Troy School District","06393","Athens High School","63","Oakland","LEA School","High School","City: Small","Oakland Region","5","All Grades","Mathematics","Female","English Learners","> 95"
"24 - 25 School Year","63","Oakland Schools","63150","Troy School District","06393","Athens High School","63","Oakland","LEA School","High School","City: Small","Oakland Region","5","All Grades","Mathematics","Students without IEP","English Learners","> 95"
"24 - 25 School Year","63","Oakland Schools","63150","Troy School District","06393","Athens High School","63","Oakland","LEA School","High School","City: Small","Oakland Region","5","All Grades","Mathematics","Students with Disabilities","Not English Learners","90.0"
"24 - 25 School Year","63","Oakland Schools","63150","Troy School District","06393","Athens High School","63","Oakland","LEA School","High School","City: Small","Oakland Region","5","All Grades","Mathematics","Students with Disabilities","English Learners","< 10"
"24 - 25 School Year","63","Oakland Schools","63150","Troy School District","06393","Athens High School","63","Oakland","LEA School","High School","City: Small","Oakland Region","5","All Grades","English Language Arts","Black, not of Hispanic origin","Not English Learners","> 95"
"24 - 25 School Year","63","Oakland Schools","63150","Troy School District","06393","Athens High School","63","Oakland","LEA School","High School","City: Small","Oakland Region","5","All Grades","English Language Arts","Male","Students with Disabilities","93.3"
"24 - 25 School Year","63","Oakland Schools","63150","Troy School District","06393","Athens High School","63","Oakland","LEA School","High School","City: Small","Oakland Region","5","All Grades","Mathematics","Hispanic","Male","< 10"
"24 - 25 School Year","63","Oakland Schools","63150","Troy School District","06393","Athens High School","63","Oakland","LEA School","High School","City: Small","Oakland Region","5","All Grades","English Language Arts","Native Hawaiian or Other Pacific Islander","Not English Learners","< 10"
"24 - 25 School Year","63","Oakland Schools","63150","Troy School District","06393","Athens High School","63","Oakland","LEA School","High School","City: Small","Oakland Region","5","All Grades","English Language Arts","Native Hawaiian or Other Pacific Islander","Female","< 10"
"24 - 25 School Year","63","Oakland Schools","63150","Troy School District","06393","Athens High School","63","Oakland","LEA School","High School","City: Small","Oakland Region","5","All Grades","Mathematics","Male","Students with Disabilities","93.3"
"24 - 25 School Year","63","Oakland Schools","63150","Troy School District","06393","Athens High School","63","Oakland","LEA School","High School","City: Small","Oakland Region","5","All Grades","English Language Arts","Asian","Students without IEP","> 95"
"24 - 25 School Year","63","Oakland Schools","63150","Troy School District","06393","Athens High School","63","Oakland","LEA School","High School","City: Small","Oakland Region","5","All Grades","English Language Arts","Asian","Not English Learners","> 95"
"24 - 25 School Year","63","Oakland Schools","63150","Troy School District","06393","Athens High School","63","Oakland","LEA School","High School","City: Small","Oakland Region","5","All Grades","English Language Arts","Asian","English Learners","< 10"
"24 - 25 School Year","63","Oakland Schools","63150","Troy School District","06393","Athens High School","63","Oakland","LEA School","High School","City: Small","Oakland Region","5","All Grades","English Language Arts","Asian","Female","> 95"
"24 - 25 School Year","63","Oakland Schools","63150","Troy School District","06393","Athens High School","63","Oakland","LEA School","High School","City: Small","Oakland Region","5","All Grades","English Language Arts","Asian","Male","> 95"
"24 - 25 School Year","63","Oakland Schools","63150","Troy School District","06393","Athens High School","63","Oakland","LEA School","High School","City: Small","Oakland Region","5","All Grades","English Language Arts","Native Hawaiian or Other Pacific Islander","Students without IEP","< 10"
"24 - 25 School Year","63","Oakland Schools","63150","Troy School District","06393","Athens High School","63","Oakland","LEA School","High School","City: Small","Oakland Region","5","All Grades","Mathematics","Female","Students with Disabilities","< 10"
"24 - 25 School Year","63","Oakland Schools","63150","Troy School District","06393","Athens High School","63","Oakland","LEA School","High School","City: Small","Oakland Region","5","All Grades","Mathematics","Female","Students without IEP","> 95"
"24 - 25 School Year","63","Oakland Schools","63150","Troy School District","06393","Athens High School","63","Oakland","LEA School","High School","City: Small","Oakland Region","5","All Grades","English Language Arts","Male","Students without IEP","> 95"
"24 - 25 School Year","63","Oakland Schools","63150","Troy School District","06393","Athens High School","63","Oakland","LEA School","High School","City: Small","Oakland Region","5","All Grades","Mathematics","Two or More Races","Not English Learners","> 95"
"24 - 25 School Year","63","Oakland Schools","63150","Troy School District","06393","Athens High School","63","Oakland","LEA School","High School","City: Small","Oakland Region","5","All Grades","Mathematics","Asian","Female","> 95"
"24 - 25 School Year","63","Oakland Schools","63150","Troy School District","06393","Athens High School","63","Oakland","LEA School","High School","City: Small","Oakland Region","5","All Grades","English Language Arts","Asian","Students with Disabilities","< 10"
"24 - 25 School Year","63","Oakland Schools","63150","Troy School District","06393","Athens High School","63","Oakland","LEA School","High School","City: Small","Oakland Region","5","All Grades","English Language Arts","Female","Students without IEP","> 95"
"24 - 25 School Year","63","Oakland Schools","63150","Troy School District","06393","Athens High School","63","Oakland","LEA School","High School","City: Small","Oakland Region","5","All Grades","Mathematics","Hispanic","Students with Disabilities","< 10"
"24 - 25 School Year","63","Oakland Schools","63150","Troy School District","06393","Athens High School","63","Oakland","LEA School","High School","City: Small","Oakland Region","5","All Grades","English Language Arts","White, not of Hispanic origin","Male","> 95"
"24 - 25 School Year","63","Oakland Schools","63150","Troy School District","06393","Athens High School","63","Oakland","LEA School","High School","City: Small","Oakland Region","5","All Grades","English Language Arts","Hispanic","Students without IEP","> 95"
"24 - 25 School Year","63","Oakland Schools","63150","Troy School District","06393","Athens High School","63","Oakland","LEA School","High School","City: Small","Oakland Region","5","All Grades","English Language Arts","Hispanic","Students with Disabilities","< 10"
"24 - 25 School Year","63","Oakland Schools","63150","Troy School District","06393","Athens High School","63","Oakland","LEA School","High School","City: Small","Oakland Region","5","All Grades","Mathematics","White, not of Hispanic origin","Students with Disabilities","88.2"
"24 - 25 School Year","63","Oakland Schools","63150","Troy School District","06393","Athens High School","63","Oakland","LEA School","High School","City: Small","Oakland Region","5","All Grades","Mathematics","White, not of Hispanic origin","Students without IEP","> 95"
"24 - 25 School Year","63","Oakland Schools","63150","Troy School District","06393","Athens High School","63","Oakland","LEA School","High School","City: Small","Oakland Region","5","All Grades","Mathematics","Two or More Races","Male","< 10"
"24 - 25 School Year","63","Oakland Schools","63150","Troy School District","06393","Athens High School","63","Oakland","LEA School","High School","City: Small","Oakland Region","5","All Grades","Mathematics","Asian","English Learners","< 10"
"24 - 25 School Year","63","Oakland Schools","63150","Troy School District","06393","Athens High School","63","Oakland","LEA School","High School","City: Small","Oakland Region","5","All Grades","Mathematics","Asian","Not English Learners","> 95"
"24 - 25 School Year","63","Oakland Schools","63150","Troy School District","06393","Athens High School","63","Oakland","LEA School","High School","City: Small","Oakland Region","5","All Grades","Mathematics","Asian","Male","> 95"
"24 - 25 School Year","63","Oakland Schools","63150","Troy School District","06393","Athens High School","63","Oakland","LEA School","High School","City: Small","Oakland Region","5","All Grades","English Language Arts","Two or More Races","Male","< 10"
"24 - 25 School Year","63","Oakland Schools","63150","Troy School District","06393","Athens High School","63","Oakland","LEA School","High School","City: Small","Oakland Region","5","All Grades","English Language Arts","White, not of Hispanic origin","Students without IEP","> 95"
"24 - 25 School Year","63","Oakland Schools","63150","Troy School District","06393","Athens High School","63","Oakland","LEA School","High School","City: Small","Oakland Region","5","All Grades","Mathematics","Hispanic","Female","> 95"
"24 - 25 School Year","63","Oakland Schools","63150","Troy School District","06393","Athens High School","63","Oakland","LEA School","High School","City: Small","Oakland Region","5","All Grades","Mathematics","Male","Not English Learners","> 95"
"24 - 25 School Year","63","Oakland Schools","63150","Troy School District","06393","Athens High School","63","Oakland","LEA School","High School","City: Small","Oakland Region","5","All Grades","Mathematics","Male","English Learners","> 95"
"24 - 25 School Year","63","Oakland Schools","63150","Troy School District","06393","Athens High School","63","Oakland","LEA School","High School","City: Small","Oakland Region","5","All Grades","Mathematics","Two or More Races","Female","< 10"
"24 - 25 School Year","63","Oakland Schools","63150","Troy School District","06393","Athens High School","63","Oakland","LEA School","High School","City: Small","Oakland Region","5","All Grades","English Language Arts","White, not of Hispanic origin","Students with Disabilities","88.2"
"24 - 25 School Year","63","Oakland Schools","63150","Troy School District","06393","Athens High School","63","Oakland","LEA School","High School","City: Small","Oakland Region","5","All Grades","English Language Arts","Black, not of Hispanic origin","Female","93.3"
"24 - 25 School Year","63","Oakland Schools","63150","Troy School District","06393","Athens High School","63","Oakland","LEA School","High School","City: Small","Oakland Region","5","All Grades","English Language Arts","Two or More Races","Female","< 10"
"24 - 25 School Year","63","Oakland Schools","63150","Troy School District","06393","Athens High School","63","Oakland","LEA School","High School","City: Small","Oakland Region","5","All Grades","Mathematics","White, not of Hispanic origin","Female","> 95"
"24 - 25 School Year","63","Oakland Schools","63150","Troy School District","06393","Athens High School","63","Oakland","LEA School","High School","City: Small","Oakland Region","5","All Grades","English Language Arts","White, not of Hispanic origin","Not English Learners","> 95"
"24 - 25 School Year","63","Oakland Schools","63150","Troy School District","06393","Athens High School","63","Oakland","LEA School","High School","City: Small","Oakland Region","5","All Grades","English Language Arts","White, not of Hispanic origin","English Learners","> 95"
"24 - 25 School Year","63","Oakland Schools","63150","Troy School District","06393","Athens High School","63","Oakland","LEA School","High School","City: Small","Oakland Region","5","All Grades","Mathematics","Black, not of Hispanic origin","Not English Learners","> 95"
"24 - 25 School Year","63","Oakland Schools","63150","Troy School District","06393","Athens High School","63","Oakland","LEA School","High School","City: Small","Oakland Region","5","All Grades","Mathematics","Black, not of Hispanic origin","Male","> 95"
"24 - 25 School Year","63","Oakland Schools","63150","Troy School District","06393","Athens High School","63","Oakland","LEA School","High School","City: Small","Oakland Region","5","All Grades","English Language Arts","White, not of Hispanic origin","Female","> 95"
"24 - 25 School Year","63","Oakland Schools","63150","Troy School District","06393","Athens High School","63","Oakland","LEA School","High School","City: Small","Oakland Region","5","All Grades","Mathematics","Black, not of Hispanic origin","Students without IEP","> 95"
"24 - 25 School Year","63","Oakland Schools","63150","Troy School District","06393","Athens High School","63","Oakland","LEA School","High School","City: Small","Oakland Region","5","All Grades","English Language Arts","Female","Students with Disabilities","< 10"
"24 - 25 School Year","63","Oakland Schools","63150","Troy School District","06393","Athens High School","63","Oakland","LEA School","High School","City: Small","Oakland Region","5","All Grades","Mathematics","Native Hawaiian or Other Pacific Islander","Female","< 10"
"24 - 25 School Year","63","Oakland Schools","63150","Troy School District","06393","Athens High School","63","Oakland","LEA School","High School","City: Small","Oakland Region","5","All Grades","Mathematics","Native Hawaiian or Other Pacific Islander","Not English Learners","< 10"
"24 - 25 School Year","63","Oakland Schools","63150","Troy School District","06393","Athens High School","63","Oakland","LEA School","High School","City: Small","Oakland Region","5","All Grades","Mathematics","Native Hawaiian or Other Pacific Islander","Students without IEP","< 10"
"24 - 25 School Year","63","Oakland Schools","63150","Troy School District","06393","Athens High School","63","Oakland","LEA School","High School","City: Small","Oakland Region","5","All Grades","Mathematics","Hispanic","Students without IEP","> 95"
"24 - 25 School Year","63","Oakland Schools","63150","Troy School District","06393","Athens High School","63","Oakland","LEA School","High School","City: Small","Oakland Region","5","All Grades","Mathematics","Asian","Students with Disabilities","< 10"
"24 - 25 School Year","63","Oakland Schools","63150","Troy School District","06393","Athens High School","63","Oakland","LEA School","High School","City: Small","Oakland Region","5","All Grades","English Language Arts","Students with Disabilities","Not English Learners","90.0"
"24 - 25 School Year","63","Oakland Schools","63150","Troy School District","06393","Athens High School","63","Oakland","LEA School","High School","City: Small","Oakland Region","5","All Grades","English Language Arts","Students with Disabilities","English Learners","< 10"
"24 - 25 School Year","63","Oakland Schools","63150","Troy School District","06393","Athens High School","63","Oakland","LEA School","High School","City: Small","Oakland Region","5","All Grades","English Language Arts","Students without IEP","English Learners","> 95"
"24 - 25 School Year","63","Oakland Schools","63150","Troy School District","06393","Athens High School","63","Oakland","LEA School","High School","City: Small","Oakland Region","5","All Grades","English Language Arts","Students without IEP","Not English Learners","> 95"
"24 - 25 School Year","63","Oakland Schools","63150","Troy School District","06393","Athens High School","63","Oakland","LEA School","High School","City: Small","Oakland Region","5","All Grades","English Language Arts","Male","Not English Learners","> 95"
"24 - 25 School Year","63","Oakland Schools","63150","Troy School District","06393","Athens High School","63","Oakland","LEA School","High School","City: Small","Oakland Region","5","All Grades","English Language Arts","Male","English Learners","> 95"
"24 - 25 School Year","63","Oakland Schools","63150","Troy School District","06393","Athens High School","63","Oakland","LEA School","High School","City: Small","Oakland Region","5","All Grades","English Language Arts","Female","English Learners","> 95"
"24 - 25 School Year","63","Oakland Schools","63150","Troy School District","06393","Athens High School","63","Oakland","LEA School","High School","City: Small","Oakland Region","5","All Grades","English Language Arts","Female","Not English Learners","> 95"
"24 - 25 School Year","63","Oakland Schools","63150","Troy School District","06393","Athens High School","63","Oakland","LEA School","High School","City: Small","Oakland Region","5","All Grades","English Language Arts","Hispanic","Female","> 95"
"24 - 25 School Year","63","Oakland Schools","63150","Troy School District","06393","Athens High School","63","Oakland","LEA School","High School","City: Small","Oakland Region","5","All Grades","English Language Arts","Hispanic","Male","< 10"
"24 - 25 School Year","63","Oakland Schools","63150","Troy School District","06393","Athens High School","63","Oakland","LEA School","High School","City: Small","Oakland Region","5","All Grades","Mathematics","Hispanic","English Learners","< 10"
"24 - 25 School Year","63","Oakland Schools","63150","Troy School District","06393","Athens High School","63","Oakland","LEA School","High School","City: Small","Oakland Region","5","All Grades","Mathematics","Hispanic","Not English Learners","> 95"
"24 - 25 School Year","63","Oakland Schools","63150","Troy School District","06393","Athens High School","63","Oakland","LEA School","High School","City: Small","Oakland Region","5","All Grades","Mathematics","Black, not of Hispanic origin","Students with Disabilities","< 10"
"24 - 25 School Year","63","Oakland Schools","63150","Troy School District","06393","Athens High School","63","Oakland","LEA School","High School","City: Small","Oakland Region","5","All Grades","Mathematics","Male","Students without IEP","> 95"
"24 - 25 School Year","63","Oakland Schools","63150","Troy School District","06393","Athens High School","63","Oakland","LEA School","High School","City: Small","Oakland Region","5","All Grades","Mathematics","White, not of Hispanic origin","English Learners","> 95"
"24 - 25 School Year","63","Oakland Schools","63150","Troy School District","06393","Athens High School","63","Oakland","LEA School","High School","City: Small","Oakland Region","5","All Grades","Mathematics","White, not of Hispanic origin","Not English Learners","> 95"
"24 - 25 School Year","63","Oakland Schools","63150","Troy School District","06393","Athens High School","63","Oakland","LEA School","High School","City: Small","Oakland Region","5","All Grades","English Language Arts","Hispanic","Not English Learners","> 95"
"24 - 25 School Year","63","Oakland Schools","63150","Troy School District","06393","Athens High School","63","Oakland","LEA School","High School","City: Small","Oakland Region","5","All Grades","English Language Arts","Hispanic","English Learners","< 10"
"24 - 25 School Year","63","Oakland Schools","63150","Troy School District","06393","Athens High School","63","Oakland","LEA School","High School","City: Small","Oakland Region","5","All Grades","Mathematics","Students without IEP","Not English Learners","> 95"
"24 - 25 School Year","63","Oakland Schools","63150","Troy School District","06393","Athens High School","63","Oakland","LEA School","High School","City: Small","Oakland Region","5","All Grades","Mathematics","Two or More Races","Students without IEP","> 95"
"24 - 25 School Year","63","Oakland Schools","63150","Troy School District","06393","Athens High School","63","Oakland","LEA School","High School","City: Small","Oakland Region","5","All Grades","Mathematics","White, not of Hispanic origin","Male","> 95"
"24 - 25 School Year","63","Oakland Schools","63150","Troy School District","06939","Wass Elementary School","63","Oakland","LEA School","Elementary","City: Small","Oakland Region","5","All Grades","English Language Arts","Male","English Learners","> 95"
"24 - 25 School Year","63","Oakland Schools","63150","Troy School District","06939","Wass Elementary School","63","Oakland","LEA School","Elementary","City: Small","Oakland Region","5","All Grades","English Language Arts","Asian","Students without IEP","> 95"
"24 - 25 School Year","63","Oakland Schools","63150","Troy School District","06939","Wass Elementary School","63","Oakland","LEA School","Elementary","City: Small","Oakland Region","5","All Grades","English Language Arts","Black, not of Hispanic origin","Female","< 10"
"24 - 25 School Year","63","Oakland Schools","63150","Troy School District","06939","Wass Elementary School","63","Oakland","LEA School","Elementary","City: Small","Oakland Region","5","All Grades","Mathematics","White, not of Hispanic origin","Students without IEP","> 95"
"24 - 25 School Year","63","Oakland Schools","63150","Troy School District","06939","Wass Elementary School","63","Oakland","LEA School","Elementary","City: Small","Oakland Region","5","All Grades","Mathematics","White, not of Hispanic origin","Students with Disabilities","> 95"
"24 - 25 School Year","63","Oakland Schools","63150","Troy School District","06939","Wass Elementary School","63","Oakland","LEA School","Elementary","City: Small","Oakland Region","5","All Grades","English Language Arts","Two or More Races","Not English Learners","> 95"
"24 - 25 School Year","63","Oakland Schools","63150","Troy School District","06939","Wass Elementary School","63","Oakland","LEA School","Elementary","City: Small","Oakland Region","5","All Grades","Mathematics","Black, not of Hispanic origin","Female","< 10"
"24 - 25 School Year","63","Oakland Schools","63150","Troy School District","06939","Wass Elementary School","63","Oakland","LEA School","Elementary","City: Small","Oakland Region","5","All Grades","English Language Arts","Hispanic","Students without IEP","> 95"
"24 - 25 School Year","63","Oakland Schools","63150","Troy School District","06939","Wass Elementary School","63","Oakland","LEA School","Elementary","City: Small","Oakland Region","5","All Grades","Mathematics","Two or More Races","Female","< 10"
"24 - 25 School Year","63","Oakland Schools","63150","Troy School District","06939","Wass Elementary School","63","Oakland","LEA School","Elementary","City: Small","Oakland Region","5","All Grades","Mathematics","Male","Students with Disabilities","> 95"
"24 - 25 School Year","63","Oakland Schools","63150","Troy School District","06939","Wass Elementary School","63","Oakland","LEA School","Elementary","City: Small","Oakland Region","5","All Grades","Mathematics","Black, not of Hispanic origin","Male","< 10"
"24 - 25 School Year","63","Oakland Schools","63150","Troy School District","06939","Wass Elementary School","63","Oakland","LEA School","Elementary","City: Small","Oakland Region","5","All Grades","Mathematics","Hispanic","Students without IEP","> 95"
"24 - 25 School Year","63","Oakland Schools","63150","Troy School District","06939","Wass Elementary School","63","Oakland","LEA School","Elementary","City: Small","Oakland Region","5","All Grades","Mathematics","Hispanic","Students with Disabilities","< 10"
"24 - 25 School Year","63","Oakland Schools","63150","Troy School District","06939","Wass Elementary School","63","Oakland","LEA School","Elementary","City: Small","Oakland Region","5","All Grades","Mathematics","Hispanic","English Learners","< 10"
"24 - 25 School Year","63","Oakland Schools","63150","Troy School District","06939","Wass Elementary School","63","Oakland","LEA School","Elementary","City: Small","Oakland Region","5","All Grades","Mathematics","Hispanic","Not English Learners","< 10"
"24 - 25 School Year","63","Oakland Schools","63150","Troy School District","06939","Wass Elementary School","63","Oakland","LEA School","Elementary","City: Small","Oakland Region","5","All Grades","Mathematics","Students with Disabilities","English Learners","< 10"
"24 - 25 School Year","63","Oakland Schools","63150","Troy School District","06939","Wass Elementary School","63","Oakland","LEA School","Elementary","City: Small","Oakland Region","5","All Grades","Mathematics","Two or More Races","Students without IEP","> 95"
"24 - 25 School Year","63","Oakland Schools","63150","Troy School District","06939","Wass Elementary School","63","Oakland","LEA School","Elementary","City: Small","Oakland Region","5","All Grades","Mathematics","Two or More Races","Not English Learners","> 95"
"24 - 25 School Year","63","Oakland Schools","63150","Troy School District","06939","Wass Elementary School","63","Oakland","LEA School","Elementary","City: Small","Oakland Region","5","All Grades","Mathematics","Two or More Races","Students with Disabilities","< 10"
"24 - 25 School Year","63","Oakland Schools","63150","Troy School District","06939","Wass Elementary School","63","Oakland","LEA School","Elementary","City: Small","Oakland Region","5","All Grades","Mathematics","Asian","Male","> 95"
"24 - 25 School Year","63","Oakland Schools","63150","Troy School District","06939","Wass Elementary School","63","Oakland","LEA School","Elementary","City: Small","Oakland Region","5","All Grades","Mathematics","Male","Not English Learners","> 95"
"24 - 25 School Year","63","Oakland Schools","63150","Troy School District","06939","Wass Elementary School","63","Oakland","LEA School","Elementary","City: Small","Oakland Region","5","All Grades","English Language Arts","Black, not of Hispanic origin","Students with Disabilities","< 10"
"24 - 25 School Year","63","Oakland Schools","63150","Troy School District","06939","Wass Elementary School","63","Oakland","LEA School","Elementary","City: Small","Oakland Region","5","All Grades","English Language Arts","Hispanic","Female","< 10"
"24 - 25 School Year","63","Oakland Schools","63150","Troy School District","06939","Wass Elementary School","63","Oakland","LEA School","Elementary","City: Small","Oakland Region","5","All Grades","English Language Arts","Hispanic","Students with Disabilities","< 10"
"24 - 25 School Year","63","Oakland Schools","63150","Troy School District","06939","Wass Elementary School","63","Oakland","LEA School","Elementary","City: Small","Oakland Region","5","All Grades","Mathematics","Hispanic","Male","< 10"
"24 - 25 School Year","63","Oakland Schools","63150","Troy School District","06939","Wass Elementary School","63","Oakland","LEA School","Elementary","City: Small","Oakland Region","5","All Grades","English Language Arts","Female","English Learners","> 95"
"24 - 25 School Year","63","Oakland Schools","63150","Troy School District","06939","Wass Elementary School","63","Oakland","LEA School","Elementary","City: Small","Oakland Region","5","All Grades","Mathematics","Black, not of Hispanic origin","Students without IEP","< 10"
"24 - 25 School Year","63","Oakland Schools","63150","Troy School District","06939","Wass Elementary School","63","Oakland","LEA School","Elementary","City: Small","Oakland Region","5","All Grades","Mathematics","Black, not of Hispanic origin","Not English Learners","< 10"
"24 - 25 School Year","63","Oakland Schools","63150","Troy School District","06939","Wass Elementary School","63","Oakland","LEA School","Elementary","City: Small","Oakland Region","5","All Grades","Mathematics","Female","Students without IEP","> 95"
"24 - 25 School Year","63","Oakland Schools","63150","Troy School District","06939","Wass Elementary School","63","Oakland","LEA School","Elementary","City: Small","Oakland Region","5","All Grades","English Language Arts","Black, not of Hispanic origin","Students without IEP","< 10"
"24 - 25 School Year","63","Oakland Schools","63150","Troy School District","06939","Wass Elementary School","63","Oakland","LEA School","Elementary","City: Small","Oakland Region","5","All Grades","English Language Arts","Black, not of Hispanic origin","Not English Learners","< 10"
"24 - 25 School Year","63","Oakland Schools","63150","Troy School District","06939","Wass Elementary School","63","Oakland","LEA School","Elementary","City: Small","Oakland Region","5","All Grades","Mathematics","Asian","Female","> 95"
"24 - 25 School Year","63","Oakland Schools","63150","Troy School District","06939","Wass Elementary School","63","Oakland","LEA School","Elementary","City: Small","Oakland Region","5","All Grades","Mathematics","Male","Students without IEP","> 95"
"24 - 25 School Year","63","Oakland Schools","63150","Troy School District","06939","Wass Elementary School","63","Oakland","LEA School","Elementary","City: Small","Oakland Region","5","All Grades","Mathematics","Female","Students with Disabilities","> 95"
"24 - 25 School Year","63","Oakland Schools","63150","Troy School District","06939","Wass Elementary School","63","Oakland","LEA School","Elementary","City: Small","Oakland Region","5","All Grades","English Language Arts","Students with Disabilities","English Learners","< 10"
"24 - 25 School Year","63","Oakland Schools","63150","Troy School District","06939","Wass Elementary School","63","Oakland","LEA School","Elementary","City: Small","Oakland Region","5","All Grades","English Language Arts","Students with Disabilities","Not English Learners","> 95"
"24 - 25 School Year","63","Oakland Schools","63150","Troy School District","06939","Wass Elementary School","63","Oakland","LEA School","Elementary","City: Small","Oakland Region","5","All Grades","English Language Arts","Students without IEP","English Learners","> 95"
"24 - 25 School Year","63","Oakland Schools","63150","Troy School District","06939","Wass Elementary School","63","Oakland","LEA School","Elementary","City: Small","Oakland Region","5","All Grades","English Language Arts","Female","Not English Learners","> 95"
"24 - 25 School Year","63","Oakland Schools","63150","Troy School District","06939","Wass Elementary School","63","Oakland","LEA School","Elementary","City: Small","Oakland Region","5","All Grades","English Language Arts","Students without IEP","Not English Learners","> 95"
"24 - 25 School Year","63","Oakland Schools","63150","Troy School District","06939","Wass Elementary School","63","Oakland","LEA School","Elementary","City: Small","Oakland Region","5","All Grades","English Language Arts","Female","Students without IEP","> 95"
"24 - 25 School Year","63","Oakland Schools","63150","Troy School District","06939","Wass Elementary School","63","Oakland","LEA School","Elementary","City: Small","Oakland Region","5","All Grades","Mathematics","Black, not of Hispanic origin","Students with Disabilities","< 10"
"24 - 25 School Year","63","Oakland Schools","63150","Troy School District","06939","Wass Elementary School","63","Oakland","LEA School","Elementary","City: Small","Oakland Region","5","All Grades","Mathematics","White, not of Hispanic origin","Female","> 95"
"24 - 25 School Year","63","Oakland Schools","63150","Troy School District","06939","Wass Elementary School","63","Oakland","LEA School","Elementary","City: Small","Oakland Region","5","All Grades","Mathematics","White, not of Hispanic origin","Male","> 95"
"24 - 25 School Year","63","Oakland Schools","63150","Troy School District","06939","Wass Elementary School","63","Oakland","LEA School","Elementary","City: Small","Oakland Region","5","All Grades","English Language Arts","Black, not of Hispanic origin","Male","< 10"
"24 - 25 School Year","63","Oakland Schools","63150","Troy School District","06939","Wass Elementary School","63","Oakland","LEA School","Elementary","City: Small","Oakland Region","5","All Grades","English Language Arts","Female","Students with Disabilities","> 95"
"24 - 25 School Year","63","Oakland Schools","63150","Troy School District","06939","Wass Elementary School","63","Oakland","LEA School","Elementary","City: Small","Oakland Region","5","All Grades","English Language Arts","Hispanic","English Learners","< 10"
"24 - 25 School Year","63","Oakland Schools","63150","Troy School District","06939","Wass Elementary School","63","Oakland","LEA School","Elementary","City: Small","Oakland Region","5","All Grades","English Language Arts","Hispanic","Not English Learners","< 10"
"24 - 25 School Year","63","Oakland Schools","63150","Troy School District","06939","Wass Elementary School","63","Oakland","LEA School","Elementary","City: Small","Oakland Region","5","All Grades","English Language Arts","Asian","Female","> 95"
"24 - 25 School Year","63","Oakland Schools","63150","Troy School District","06939","Wass Elementary School","63","Oakland","LEA School","Elementary","City: Small","Oakland Region","5","All Grades","English Language Arts","Asian","Students with Disabilities","< 10"
"24 - 25 School Year","63","Oakland Schools","63150","Troy School District","06939","Wass Elementary School","63","Oakland","LEA School","Elementary","City: Small","Oakland Region","5","All Grades","Mathematics","Two or More Races","Male","< 10"
"24 - 25 School Year","63","Oakland Schools","63150","Troy School District","06939","Wass Elementary School","63","Oakland","LEA School","Elementary","City: Small","Oakland Region","5","All Grades","Mathematics","Asian","Students with Disabilities","< 10"
"24 - 25 School Year","63","Oakland Schools","63150","Troy School District","06939","Wass Elementary School","63","Oakland","LEA School","Elementary","City: Small","Oakland Region","5","All Grades","Mathematics","Asian","Students without IEP","> 95"
"24 - 25 School Year","63","Oakland Schools","63150","Troy School District","06939","Wass Elementary School","63","Oakland","LEA School","Elementary","City: Small","Oakland Region","5","All Grades","Mathematics","Asian","English Learners","> 95"
"24 - 25 School Year","63","Oakland Schools","63150","Troy School District","06939","Wass Elementary School","63","Oakland","LEA School","Elementary","City: Small","Oakland Region","5","All Grades","Mathematics","Asian","Not English Learners","> 95"
"24 - 25 School Year","63","Oakland Schools","63150","Troy School District","06939","Wass Elementary School","63","Oakland","LEA School","Elementary","City: Small","Oakland Region","5","All Grades","English Language Arts","Male","Not English Learners","> 95"
"24 - 25 School Year","63","Oakland Schools","63150","Troy School District","06939","Wass Elementary School","63","Oakland","LEA School","Elementary","City: Small","Oakland Region","5","All Grades","English Language Arts","White, not of Hispanic origin","Male","> 95"
"24 - 25 School Year","63","Oakland Schools","63150","Troy School District","06939","Wass Elementary School","63","Oakland","LEA School","Elementary","City: Small","Oakland Region","5","All Grades","English Language Arts","Asian","Male","> 95"
"24 - 25 School Year","63","Oakland Schools","63150","Troy School District","06939","Wass Elementary School","63","Oakland","LEA School","Elementary","City: Small","Oakland Region","5","All Grades","Mathematics","Hispanic","Female","< 10"
"24 - 25 School Year","63","Oakland Schools","63150","Troy School District","06939","Wass Elementary School","63","Oakland","LEA School","Elementary","City: Small","Oakland Region","5","All Grades","English Language Arts","Hispanic","Male","< 10"
"24 - 25 School Year","63","Oakland Schools","63150","Troy School District","06939","Wass Elementary School","63","Oakland","LEA School","Elementary","City: Small","Oakland Region","5","All Grades","English Language Arts","White, not of Hispanic origin","Not English Learners","> 95"
"24 - 25 School Year","63","Oakland Schools","63150","Troy School District","06939","Wass Elementary School","63","Oakland","LEA School","Elementary","City: Small","Oakland Region","5","All Grades","English Language Arts","Asian","English Learners","> 95"
"24 - 25 School Year","63","Oakland Schools","63150","Troy School District","06939","Wass Elementary School","63","Oakland","LEA School","Elementary","City: Small","Oakland Region","5","All Grades","English Language Arts","Asian","Not English Learners","> 95"
"24 - 25 School Year","63","Oakland Schools","63150","Troy School District","06939","Wass Elementary School","63","Oakland","LEA School","Elementary","City: Small","Oakland Region","5","All Grades","English Language Arts","Two or More Races","Female","< 10"
"24 - 25 School Year","63","Oakland Schools","63150","Troy School District","06939","Wass Elementary School","63","Oakland","LEA School","Elementary","City: Small","Oakland Region","5","All Grades","English Language Arts","Two or More Races","Male","< 10"
"24 - 25 School Year","63","Oakland Schools","63150","Troy School District","06939","Wass Elementary School","63","Oakland","LEA School","Elementary","City: Small","Oakland Region","5","All Grades","English Language Arts","White, not of Hispanic origin","Female","> 95"
"24 - 25 School Year","63","Oakland Schools","63150","Troy School District","06939","Wass Elementary School","63","Oakland","LEA School","Elementary","City: Small","Oakland Region","5","All Grades","English Language Arts","Male","Students with Disabilities","> 95"
"24 - 25 School Year","63","Oakland Schools","63150","Troy School District","06939","Wass Elementary School","63","Oakland","LEA School","Elementary","City: Small","Oakland Region","5","All Grades","English Language Arts","Male","Students without IEP","> 95"
"24 - 25 School Year","63","Oakland Schools","63150","Troy School District","06939","Wass Elementary School","63","Oakland","LEA School","Elementary","City: Small","Oakland Region","5","All Grades","English Language Arts","White, not of Hispanic origin","Students without IEP","> 95"
"24 - 25 School Year","63","Oakland Schools","63150","Troy School District","06939","Wass Elementary School","63","Oakland","LEA School","Elementary","City: Small","Oakland Region","5","All Grades","English Language Arts","White, not of Hispanic origin","English Learners","> 95"
"24 - 25 School Year","63","Oakland Schools","63150","Troy School District","06939","Wass Elementary School","63","Oakland","LEA School","Elementary","City: Small","Oakland Region","5","All Grades","Mathematics","Female","English Learners","> 95"
"24 - 25 School Year","63","Oakland Schools","63150","Troy School District","06939","Wass Elementary School","63","Oakland","LEA School","Elementary","City: Small","Oakland Region","5","All Grades","Mathematics","Male","English Learners","> 95"
"24 - 25 School Year","63","Oakland Schools","63150","Troy School District","06939","Wass Elementary School","63","Oakland","LEA School","Elementary","City: Small","Oakland Region","5","All Grades","Mathematics","Female","Not English Learners","> 95"
"24 - 25 School Year","63","Oakland Schools","63150","Troy School District","06939","Wass Elementary School","63","Oakland","LEA School","Elementary","City: Small","Oakland Region","5","All Grades","Mathematics","White, not of Hispanic origin","Not English Learners","> 95"
"24 - 25 School Year","63","Oakland Schools","63150","Troy School District","06939","Wass Elementary School","63","Oakland","LEA School","Elementary","City: Small","Oakland Region","5","All Grades","Mathematics","White, not of Hispanic origin","English Learners","> 95"
"24 - 25 School Year","63","Oakland Schools","63150","Troy School District","06939","Wass Elementary School","63","Oakland","LEA School","Elementary","City: Small","Oakland Region","5","All Grades","Mathematics","Students without IEP","Not English Learners","> 95"
"24 - 25 School Year","63","Oakland Schools","63150","Troy School District","06939","Wass Elementary School","63","Oakland","LEA School","Elementary","City: Small","Oakland Region","5","All Grades","Mathematics","Students with Disabilities","Not English Learners","> 95"
"24 - 25 School Year","63","Oakland Schools","63150","Troy School District","06939","Wass Elementary School","63","Oakland","LEA School","Elementary","City: Small","Oakland Region","5","All Grades","Mathematics","Students without IEP","English Learners","> 95"
"24 - 25 School Year","63","Oakland Schools","63150","Troy School District","06939","Wass Elementary School","63","Oakland","LEA School","Elementary","City: Small","Oakland Region","5","All Grades","English Language Arts","Two or More Races","Students with Disabilities","< 10"
"24 - 25 School Year","63","Oakland Schools","63150","Troy School District","06939","Wass Elementary School","63","Oakland","LEA School","Elementary","City: Small","Oakland Region","5","All Grades","English Language Arts","Two or More Races","Students without IEP","> 95"
"24 - 25 School Year","63","Oakland Schools","63150","Troy School District","06939","Wass Elementary School","63","Oakland","LEA School","Elementary","City: Small","Oakland Region","5","All Grades","English Language Arts","White, not of Hispanic origin","Students with Disabilities","> 95"
"24 - 25 School Year","63","Oakland Schools","63150","Troy School District","06940","Bemis Elementary School","63","Oakland","LEA School","Elementary","City: Small","Oakland Region","5","All Grades","English Language Arts","Male","Students without IEP","> 95"
"24 - 25 School Year","63","Oakland Schools","63150","Troy School District","06940","Bemis Elementary School","63","Oakland","LEA School","Elementary","City: Small","Oakland Region","5","All Grades","Mathematics","Asian","Female","> 95"
"24 - 25 School Year","63","Oakland Schools","63150","Troy School District","06940","Bemis Elementary School","63","Oakland","LEA School","Elementary","City: Small","Oakland Region","5","All Grades","Mathematics","Asian","Male","> 95"
"24 - 25 School Year","63","Oakland Schools","63150","Troy School District","06940","Bemis Elementary School","63","Oakland","LEA School","Elementary","City: Small","Oakland Region","5","All Grades","English Language Arts","Black, not of Hispanic origin","Not English Learners","< 10"
"24 - 25 School Year","63","Oakland Schools","63150","Troy School District","06940","Bemis Elementary School","63","Oakland","LEA School","Elementary","City: Small","Oakland Region","5","All Grades","Mathematics","Two or More Races","Female","< 10"
"24 - 25 School Year","63","Oakland Schools","63150","Troy School District","06940","Bemis Elementary School","63","Oakland","LEA School","Elementary","City: Small","Oakland Region","5","All Grades","English Language Arts","Students with Disabilities","English Learners","< 10"
"24 - 25 School Year","63","Oakland Schools","63150","Troy School District","06940","Bemis Elementary School","63","Oakland","LEA School","Elementary","City: Small","Oakland Region","5","All Grades","Mathematics","Female","Students with Disabilities","< 10"
"24 - 25 School Year","63","Oakland Schools","63150","Troy School District","06940","Bemis Elementary School","63","Oakland","LEA School","Elementary","City: Small","Oakland Region","5","All Grades","Mathematics","Female","Students without IEP","> 95"
"24 - 25 School Year","63","Oakland Schools","63150","Troy School District","06940","Bemis Elementary School","63","Oakland","LEA School","Elementary","City: Small","Oakland Region","5","All Grades","English Language Arts","Two or More Races","Female","< 10"
"24 - 25 School Year","63","Oakland Schools","63150","Troy School District","06940","Bemis Elementary School","63","Oakland","LEA School","Elementary","City: Small","Oakland Region","5","All Grades","English Language Arts","Two or More Races","Male","< 10"
"24 - 25 School Year","63","Oakland Schools","63150","Troy School District","06940","Bemis Elementary School","63","Oakland","LEA School","Elementary","City: Small","Oakland Region","5","All Grades","Mathematics","Two or More Races","English Learners","< 10"
"24 - 25 School Year","63","Oakland Schools","63150","Troy School District","06940","Bemis Elementary School","63","Oakland","LEA School","Elementary","City: Small","Oakland Region","5","All Grades","Mathematics","Two or More Races","Not English Learners","91.7"
"24 - 25 School Year","63","Oakland Schools","63150","Troy School District","06940","Bemis Elementary School","63","Oakland","LEA School","Elementary","City: Small","Oakland Region","5","All Grades","English Language Arts","Students with Disabilities","Not English Learners","> 95"
"24 - 25 School Year","63","Oakland Schools","63150","Troy School District","06940","Bemis Elementary School","63","Oakland","LEA School","Elementary","City: Small","Oakland Region","5","All Grades","English Language Arts","Students without IEP","English Learners","> 95"
"24 - 25 School Year","63","Oakland Schools","63150","Troy School District","06940","Bemis Elementary School","63","Oakland","LEA School","Elementary","City: Small","Oakland Region","5","All Grades","English Language Arts","White, not of Hispanic origin","Female","> 95"
"24 - 25 School Year","63","Oakland Schools","63150","Troy School District","06940","Bemis Elementary School","63","Oakland","LEA School","Elementary","City: Small","Oakland Region","5","All Grades","Mathematics","Black, not of Hispanic origin","Male","< 10"
"24 - 25 School Year","63","Oakland Schools","63150","Troy School District","06940","Bemis Elementary School","63","Oakland","LEA School","Elementary","City: Small","Oakland Region","5","All Grades","English Language Arts","Two or More Races","Students without IEP","> 95"
"24 - 25 School Year","63","Oakland Schools","63150","Troy School District","06940","Bemis Elementary School","63","Oakland","LEA School","Elementary","City: Small","Oakland Region","5","All Grades","English Language Arts","Two or More Races","Students with Disabilities","< 10"
"24 - 25 School Year","63","Oakland Schools","63150","Troy School District","06940","Bemis Elementary School","63","Oakland","LEA School","Elementary","City: Small","Oakland Region","5","All Grades","English Language Arts","Female","Students without IEP","> 95"
"24 - 25 School Year","63","Oakland Schools","63150","Troy School District","06940","Bemis Elementary School","63","Oakland","LEA School","Elementary","City: Small","Oakland Region","5","All Grades","English Language Arts","Female","Students with Disabilities","< 10"
"24 - 25 School Year","63","Oakland Schools","63150","Troy School District","06940","Bemis Elementary School","63","Oakland","LEA School","Elementary","City: Small","Oakland Region","5","All Grades","Mathematics","White, not of Hispanic origin","Male","> 95"
"24 - 25 School Year","63","Oakland Schools","63150","Troy School District","06940","Bemis Elementary School","63","Oakland","LEA School","Elementary","City: Small","Oakland Region","5","All Grades","English Language Arts","Hispanic","Female","< 10"
"24 - 25 School Year","63","Oakland Schools","63150","Troy School District","06940","Bemis Elementary School","63","Oakland","LEA School","Elementary","City: Small","Oakland Region","5","All Grades","English Language Arts","Hispanic","Students without IEP","< 10"
"24 - 25 School Year","63","Oakland Schools","63150","Troy School District","06940","Bemis Elementary School","63","Oakland","LEA School","Elementary","City: Small","Oakland Region","5","All Grades","English Language Arts","Hispanic","English Learners","< 10"
"24 - 25 School Year","63","Oakland Schools","63150","Troy School District","06940","Bemis Elementary School","63","Oakland","LEA School","Elementary","City: Small","Oakland Region","5","All Grades","English Language Arts","Hispanic","Not English Learners","< 10"
"24 - 25 School Year","63","Oakland Schools","63150","Troy School District","06940","Bemis Elementary School","63","Oakland","LEA School","Elementary","City: Small","Oakland Region","5","All Grades","Mathematics","Hispanic","Students without IEP","< 10"
"24 - 25 School Year","63","Oakland Schools","63150","Troy School District","06940","Bemis Elementary School","63","Oakland","LEA School","Elementary","City: Small","Oakland Region","5","All Grades","English Language Arts","White, not of Hispanic origin","Students with Disabilities","> 95"
"24 - 25 School Year","63","Oakland Schools","63150","Troy School District","06940","Bemis Elementary School","63","Oakland","LEA School","Elementary","City: Small","Oakland Region","5","All Grades","English Language Arts","White, not of Hispanic origin","Students without IEP","> 95"
"24 - 25 School Year","63","Oakland Schools","63150","Troy School District","06940","Bemis Elementary School","63","Oakland","LEA School","Elementary","City: Small","Oakland Region","5","All Grades","Mathematics","Two or More Races","Male","< 10"
"24 - 25 School Year","63","Oakland Schools","63150","Troy School District","06940","Bemis Elementary School","63","Oakland","LEA School","Elementary","City: Small","Oakland Region","5","All Grades","Mathematics","White, not of Hispanic origin","Female","> 95"
"24 - 25 School Year","63","Oakland Schools","63150","Troy School District","06940","Bemis Elementary School","63","Oakland","LEA School","Elementary","City: Small","Oakland Region","5","All Grades","Mathematics","White, not of Hispanic origin","Students without IEP","> 95"
"24 - 25 School Year","63","Oakland Schools","63150","Troy School District","06940","Bemis Elementary School","63","Oakland","LEA School","Elementary","City: Small","Oakland Region","5","All Grades","English Language Arts","Asian","Female","> 95"
"24 - 25 School Year","63","Oakland Schools","63150","Troy School District","06940","Bemis Elementary School","63","Oakland","LEA School","Elementary","City: Small","Oakland Region","5","All Grades","Mathematics","Asian","Students with Disabilities","< 10"
"24 - 25 School Year","63","Oakland Schools","63150","Troy School District","06940","Bemis Elementary School","63","Oakland","LEA School","Elementary","City: Small","Oakland Region","5","All Grades","Mathematics","Asian","Students without IEP","> 95"
"24 - 25 School Year","63","Oakland Schools","63150","Troy School District","06940","Bemis Elementary School","63","Oakland","LEA School","Elementary","City: Small","Oakland Region","5","All Grades","Mathematics","White, not of Hispanic origin","Students with Disabilities","> 95"
"24 - 25 School Year","63","Oakland Schools","63150","Troy School District","06940","Bemis Elementary School","63","Oakland","LEA School","Elementary","City: Small","Oakland Region","5","All Grades","Mathematics","Male","Students with Disabilities","> 95"
"24 - 25 School Year","63","Oakland Schools","63150","Troy School District","06940","Bemis Elementary School","63","Oakland","LEA School","Elementary","City: Small","Oakland Region","5","All Grades","Mathematics","Male","Students without IEP","> 95"
"24 - 25 School Year","63","Oakland Schools","63150","Troy School District","06940","Bemis Elementary School","63","Oakland","LEA School","Elementary","City: Small","Oakland Region","5","All Grades","English Language Arts","Asian","Students with Disabilities","< 10"
"24 - 25 School Year","63","Oakland Schools","63150","Troy School District","06940","Bemis Elementary School","63","Oakland","LEA School","Elementary","City: Small","Oakland Region","5","All Grades","Mathematics","Black, not of Hispanic origin","Not English Learners","< 10"
"24 - 25 School Year","63","Oakland Schools","63150","Troy School District","06940","Bemis Elementary School","63","Oakland","LEA School","Elementary","City: Small","Oakland Region","5","All Grades","Mathematics","Asian","Not English Learners","> 95"
"24 - 25 School Year","63","Oakland Schools","63150","Troy School District","06940","Bemis Elementary School","63","Oakland","LEA School","Elementary","City: Small","Oakland Region","5","All Grades","Mathematics","Asian","English Learners","> 95"
"24 - 25 School Year","63","Oakland Schools","63150","Troy School District","06940","Bemis Elementary School","63","Oakland","LEA School","Elementary","City: Small","Oakland Region","5","All Grades","English Language Arts","White, not of Hispanic origin","Not English Learners","> 95"
"24 - 25 School Year","63","Oakland Schools","63150","Troy School District","06940","Bemis Elementary School","63","Oakland","LEA School","Elementary","City: Small","Oakland Region","5","All Grades","English Language Arts","White, not of Hispanic origin","English Learners","< 10"
"24 - 25 School Year","63","Oakland Schools","63150","Troy School District","06940","Bemis Elementary School","63","Oakland","LEA School","Elementary","City: Small","Oakland Region","5","All Grades","English Language Arts","Black, not of Hispanic origin","Students without IEP","< 10"
"24 - 25 School Year","63","Oakland Schools","63150","Troy School District","06940","Bemis Elementary School","63","Oakland","LEA School","Elementary","City: Small","Oakland Region","5","All Grades","English Language Arts","Two or More Races","English Learners","< 10"
"24 - 25 School Year","63","Oakland Schools","63150","Troy School District","06940","Bemis Elementary School","63","Oakland","LEA School","Elementary","City: Small","Oakland Region","5","All Grades","English Language Arts","Two or More Races","Not English Learners","> 95"
"24 - 25 School Year","63","Oakland Schools","63150","Troy School District","06940","Bemis Elementary School","63","Oakland","LEA School","Elementary","City: Small","Oakland Region","5","All Grades","Mathematics","Black, not of Hispanic origin","Students with Disabilities","< 10"
"24 - 25 School Year","63","Oakland Schools","63150","Troy School District","06940","Bemis Elementary School","63","Oakland","LEA School","Elementary","City: Small","Oakland Region","5","All Grades","Mathematics","Black, not of Hispanic origin","Students without IEP","< 10"
"24 - 25 School Year","63","Oakland Schools","63150","Troy School District","06940","Bemis Elementary School","63","Oakland","LEA School","Elementary","City: Small","Oakland Region","5","All Grades","Mathematics","Hispanic","Male","< 10"
"24 - 25 School Year","63","Oakland Schools","63150","Troy School District","06940","Bemis Elementary School","63","Oakland","LEA School","Elementary","City: Small","Oakland Region","5","All Grades","English Language Arts","Hispanic","Male","< 10"
"24 - 25 School Year","63","Oakland Schools","63150","Troy School District","06940","Bemis Elementary School","63","Oakland","LEA School","Elementary","City: Small","Oakland Region","5","All Grades","English Language Arts","Female","English Learners","> 95"
"24 - 25 School Year","63","Oakland Schools","63150","Troy School District","06940","Bemis Elementary School","63","Oakland","LEA School","Elementary","City: Small","Oakland Region","5","All Grades","English Language Arts","Male","English Learners","> 95"
"24 - 25 School Year","63","Oakland Schools","63150","Troy School District","06940","Bemis Elementary School","63","Oakland","LEA School","Elementary","City: Small","Oakland Region","5","All Grades","English Language Arts","Male","Not English Learners","> 95"
"24 - 25 School Year","63","Oakland Schools","63150","Troy School District","06940","Bemis Elementary School","63","Oakland","LEA School","Elementary","City: Small","Oakland Region","5","All Grades","English Language Arts","Female","Not English Learners","> 95"
"24 - 25 School Year","63","Oakland Schools","63150","Troy School District","06940","Bemis Elementary School","63","Oakland","LEA School","Elementary","City: Small","Oakland Region","5","All Grades","English Language Arts","Students without IEP","Not English Learners","> 95"
"24 - 25 School Year","63","Oakland Schools","63150","Troy School District","06940","Bemis Elementary School","63","Oakland","LEA School","Elementary","City: Small","Oakland Region","5","All Grades","Mathematics","White, not of Hispanic origin","Not English Learners","> 95"
"24 - 25 School Year","63","Oakland Schools","63150","Troy School District","06940","Bemis Elementary School","63","Oakland","LEA School","Elementary","City: Small","Oakland Region","5","All Grades","Mathematics","White, not of Hispanic origin","English Learners","< 10"
"24 - 25 School Year","63","Oakland Schools","63150","Troy School District","06940","Bemis Elementary School","63","Oakland","LEA School","Elementary","City: Small","Oakland Region","5","All Grades","Mathematics","Hispanic","English Learners","< 10"
"24 - 25 School Year","63","Oakland Schools","63150","Troy School District","06940","Bemis Elementary School","63","Oakland","LEA School","Elementary","City: Small","Oakland Region","5","All Grades","Mathematics","Hispanic","Not English Learners","< 10"
"24 - 25 School Year","63","Oakland Schools","63150","Troy School District","06940","Bemis Elementary School","63","Oakland","LEA School","Elementary","City: Small","Oakland Region","5","All Grades","Mathematics","Hispanic","Female","< 10"
"24 - 25 School Year","63","Oakland Schools","63150","Troy School District","06940","Bemis Elementary School","63","Oakland","LEA School","Elementary","City: Small","Oakland Region","5","All Grades","English Language Arts","Black, not of Hispanic origin","Male","< 10"
"24 - 25 School Year","63","Oakland Schools","63150","Troy School District","06940","Bemis Elementary School","63","Oakland","LEA School","Elementary","City: Small","Oakland Region","5","All Grades","English Language Arts","Asian","Students without IEP","> 95"
"24 - 25 School Year","63","Oakland Schools","63150","Troy School District","06940","Bemis Elementary School","63","Oakland","LEA School","Elementary","City: Small","Oakland Region","5","All Grades","English Language Arts","White, not of Hispanic origin","Male","> 95"
"24 - 25 School Year","63","Oakland Schools","63150","Troy School District","06940","Bemis Elementary School","63","Oakland","LEA School","Elementary","City: Small","Oakland Region","5","All Grades","English Language Arts","Black, not of Hispanic origin","Students with Disabilities","< 10"
"24 - 25 School Year","63","Oakland Schools","63150","Troy School District","06940","Bemis Elementary School","63","Oakland","LEA School","Elementary","City: Small","Oakland Region","5","All Grades","English Language Arts","Asian","Male","> 95"
"24 - 25 School Year","63","Oakland Schools","63150","Troy School District","06940","Bemis Elementary School","63","Oakland","LEA School","Elementary","City: Small","Oakland Region","5","All Grades","Mathematics","Two or More Races","Students with Disabilities","< 10"
"24 - 25 School Year","63","Oakland Schools","63150","Troy School District","06940","Bemis Elementary School","63","Oakland","LEA School","Elementary","City: Small","Oakland Region","5","All Grades","Mathematics","Two or More Races","Students without IEP","> 95"
"24 - 25 School Year","63","Oakland Schools","63150","Troy School District","06940","Bemis Elementary School","63","Oakland","LEA School","Elementary","City: Small","Oakland Region","5","All Grades","Mathematics","Students with Disabilities","English Learners","< 10"
"24 - 25 School Year","63","Oakland Schools","63150","Troy School District","06940","Bemis Elementary School","63","Oakland","LEA School","Elementary","City: Small","Oakland Region","5","All Grades","Mathematics","Students without IEP","Not English Learners","> 95"
"24 - 25 School Year","63","Oakland Schools","63150","Troy School District","06940","Bemis Elementary School","63","Oakland","LEA School","Elementary","City: Small","Oakland Region","5","All Grades","Mathematics","Students without IEP","English Learners","> 95"
"24 - 25 School Year","63","Oakland Schools","63150","Troy School District","06940","Bemis Elementary School","63","Oakland","LEA School","Elementary","City: Small","Oakland Region","5","All Grades","Mathematics","Students with Disabilities","Not English Learners","92.3"
"24 - 25 School Year","63","Oakland Schools","63150","Troy School District","06940","Bemis Elementary School","63","Oakland","LEA School","Elementary","City: Small","Oakland Region","5","All Grades","Mathematics","Male","Not English Learners","> 95"
"24 - 25 School Year","63","Oakland Schools","63150","Troy School District","06940","Bemis Elementary School","63","Oakland","LEA School","Elementary","City: Small","Oakland Region","5","All Grades","Mathematics","Male","English Learners","> 95"
"24 - 25 School Year","63","Oakland Schools","63150","Troy School District","06940","Bemis Elementary School","63","Oakland","LEA School","Elementary","City: Small","Oakland Region","5","All Grades","Mathematics","Female","Not English Learners","> 95"
"24 - 25 School Year","63","Oakland Schools","63150","Troy School District","06940","Bemis Elementary School","63","Oakland","LEA School","Elementary","City: Small","Oakland Region","5","All Grades","Mathematics","Female","English Learners","> 95"
"24 - 25 School Year","63","Oakland Schools","63150","Troy School District","06940","Bemis Elementary School","63","Oakland","LEA School","Elementary","City: Small","Oakland Region","5","All Grades","English Language Arts","Asian","Not English Learners","> 95"
"24 - 25 School Year","63","Oakland Schools","63150","Troy School District","06940","Bemis Elementary School","63","Oakland","LEA School","Elementary","City: Small","Oakland Region","5","All Grades","English Language Arts","Asian","English Learners","> 95"
"24 - 25 School Year","63","Oakland Schools","63150","Troy School District","06940","Bemis Elementary School","63","Oakland","LEA School","Elementary","City: Small","Oakland Region","5","All Grades","English Language Arts","Male","Students with Disabilities","> 95"
"24 - 25 School Year","63","Oakland Schools","63150","Troy School District","06941","Barnard Elementary School","63","Oakland","LEA School","Elementary","City: Small","Oakland Region","5","All Grades","Mathematics","White, not of Hispanic origin","Male","> 95"
"24 - 25 School Year","63","Oakland Schools","63150","Troy School District","06941","Barnard Elementary School","63","Oakland","LEA School","Elementary","City: Small","Oakland Region","5","All Grades","Mathematics","Black, not of Hispanic origin","Male","< 10"
"24 - 25 School Year","63","Oakland Schools","63150","Troy School District","06941","Barnard Elementary School","63","Oakland","LEA School","Elementary","City: Small","Oakland Region","5","All Grades","Mathematics","Black, not of Hispanic origin","Female","< 10"
"24 - 25 School Year","63","Oakland Schools","63150","Troy School District","06941","Barnard Elementary School","63","Oakland","LEA School","Elementary","City: Small","Oakland Region","5","All Grades","English Language Arts","Black, not of Hispanic origin","Students without IEP","< 10"
"24 - 25 School Year","63","Oakland Schools","63150","Troy School District","06941","Barnard Elementary School","63","Oakland","LEA School","Elementary","City: Small","Oakland Region","5","All Grades","English Language Arts","Black, not of Hispanic origin","Students with Disabilities","< 10"
"24 - 25 School Year","63","Oakland Schools","63150","Troy School District","06941","Barnard Elementary School","63","Oakland","LEA School","Elementary","City: Small","Oakland Region","5","All Grades","Mathematics","Female","Students with Disabilities","< 10"
"24 - 25 School Year","63","Oakland Schools","63150","Troy School District","06941","Barnard Elementary School","63","Oakland","LEA School","Elementary","City: Small","Oakland Region","5","All Grades","Mathematics","Female","Students without IEP","> 95"
"24 - 25 School Year","63","Oakland Schools","63150","Troy School District","06941","Barnard Elementary School","63","Oakland","LEA School","Elementary","City: Small","Oakland Region","5","All Grades","Mathematics","White, not of Hispanic origin","Female","> 95"
"24 - 25 School Year","63","Oakland Schools","63150","Troy School District","06941","Barnard Elementary School","63","Oakland","LEA School","Elementary","City: Small","Oakland Region","5","All Grades","Mathematics","White, not of Hispanic origin","English Learners","> 95"
"24 - 25 School Year","63","Oakland Schools","63150","Troy School District","06941","Barnard Elementary School","63","Oakland","LEA School","Elementary","City: Small","Oakland Region","5","All Grades","Mathematics","White, not of Hispanic origin","Not English Learners","> 95"
"24 - 25 School Year","63","Oakland Schools","63150","Troy School District","06941","Barnard Elementary School","63","Oakland","LEA School","Elementary","City: Small","Oakland Region","5","All Grades","English Language Arts","Asian","Male","> 95"
"24 - 25 School Year","63","Oakland Schools","63150","Troy School District","06941","Barnard Elementary School","63","Oakland","LEA School","Elementary","City: Small","Oakland Region","5","All Grades","Mathematics","Male","English Learners","> 95"
"24 - 25 School Year","63","Oakland Schools","63150","Troy School District","06941","Barnard Elementary School","63","Oakland","LEA School","Elementary","City: Small","Oakland Region","5","All Grades","Mathematics","Female","Not English Learners","> 95"
"24 - 25 School Year","63","Oakland Schools","63150","Troy School District","06941","Barnard Elementary School","63","Oakland","LEA School","Elementary","City: Small","Oakland Region","5","All Grades","Mathematics","Male","Not English Learners","> 95"
"24 - 25 School Year","63","Oakland Schools","63150","Troy School District","06941","Barnard Elementary School","63","Oakland","LEA School","Elementary","City: Small","Oakland Region","5","All Grades","Mathematics","Students with Disabilities","English Learners","< 10"
"24 - 25 School Year","63","Oakland Schools","63150","Troy School District","06941","Barnard Elementary School","63","Oakland","LEA School","Elementary","City: Small","Oakland Region","5","All Grades","Mathematics","Students with Disabilities","Not English Learners","> 95"
"24 - 25 School Year","63","Oakland Schools","63150","Troy School District","06941","Barnard Elementary School","63","Oakland","LEA School","Elementary","City: Small","Oakland Region","5","All Grades","Mathematics","White, not of Hispanic origin","Students with Disabilities","> 95"
"24 - 25 School Year","63","Oakland Schools","63150","Troy School District","06941","Barnard Elementary School","63","Oakland","LEA School","Elementary","City: Small","Oakland Region","5","All Grades","English Language Arts","Black, not of Hispanic origin","Female","< 10"
"24 - 25 School Year","63","Oakland Schools","63150","Troy School District","06941","Barnard Elementary School","63","Oakland","LEA School","Elementary","City: Small","Oakland Region","5","All Grades","Mathematics","Asian","Male","> 95"
"24 - 25 School Year","63","Oakland Schools","63150","Troy School District","06941","Barnard Elementary School","63","Oakland","LEA School","Elementary","City: Small","Oakland Region","5","All Grades","Mathematics","Hispanic","Not English Learners","> 95"
"24 - 25 School Year","63","Oakland Schools","63150","Troy School District","06941","Barnard Elementary School","63","Oakland","LEA School","Elementary","City: Small","Oakland Region","5","All Grades","Mathematics","Hispanic","English Learners","< 10"
"24 - 25 School Year","63","Oakland Schools","63150","Troy School District","06941","Barnard Elementary School","63","Oakland","LEA School","Elementary","City: Small","Oakland Region","5","All Grades","Mathematics","Hispanic","Female","< 10"
"24 - 25 School Year","63","Oakland Schools","63150","Troy School District","06941","Barnard Elementary School","63","Oakland","LEA School","Elementary","City: Small","Oakland Region","5","All Grades","Mathematics","Two or More Races","Female","> 95"
"24 - 25 School Year","63","Oakland Schools","63150","Troy School District","06941","Barnard Elementary School","63","Oakland","LEA School","Elementary","City: Small","Oakland Region","5","All Grades","English Language Arts","Black, not of Hispanic origin","Male","< 10"
"24 - 25 School Year","63","Oakland Schools","63150","Troy School District","06941","Barnard Elementary School","63","Oakland","LEA School","Elementary","City: Small","Oakland Region","5","All Grades","Mathematics","Students without IEP","Not English Learners","> 95"
"24 - 25 School Year","63","Oakland Schools","63150","Troy School District","06941","Barnard Elementary School","63","Oakland","LEA School","Elementary","City: Small","Oakland Region","5","All Grades","Mathematics","Students without IEP","English Learners","> 95"
"24 - 25 School Year","63","Oakland Schools","63150","Troy School District","06941","Barnard Elementary School","63","Oakland","LEA School","Elementary","City: Small","Oakland Region","5","All Grades","English Language Arts","Asian","Students with Disabilities","< 10"
"24 - 25 School Year","63","Oakland Schools","63150","Troy School District","06941","Barnard Elementary School","63","Oakland","LEA School","Elementary","City: Small","Oakland Region","5","All Grades","English Language Arts","Asian","Students without IEP","> 95"
"24 - 25 School Year","63","Oakland Schools","63150","Troy School District","06941","Barnard Elementary School","63","Oakland","LEA School","Elementary","City: Small","Oakland Region","5","All Grades","English Language Arts","White, not of Hispanic origin","Students without IEP","> 95"
"24 - 25 School Year","63","Oakland Schools","63150","Troy School District","06941","Barnard Elementary School","63","Oakland","LEA School","Elementary","City: Small","Oakland Region","5","All Grades","English Language Arts","White, not of Hispanic origin","Students with Disabilities","> 95"
"24 - 25 School Year","63","Oakland Schools","63150","Troy School District","06941","Barnard Elementary School","63","Oakland","LEA School","Elementary","City: Small","Oakland Region","5","All Grades","Mathematics","Black, not of Hispanic origin","Students with Disabilities","< 10"
"24 - 25 School Year","63","Oakland Schools","63150","Troy School District","06941","Barnard Elementary School","63","Oakland","LEA School","Elementary","City: Small","Oakland Region","5","All Grades","English Language Arts","Female","Students without IEP","> 95"
"24 - 25 School Year","63","Oakland Schools","63150","Troy School District","06941","Barnard Elementary School","63","Oakland","LEA School","Elementary","City: Small","Oakland Region","5","All Grades","Mathematics","Two or More Races","Students with Disabilities","< 10"
"24 - 25 School Year","63","Oakland Schools","63150","Troy School District","06941","Barnard Elementary School","63","Oakland","LEA School","Elementary","City: Small","Oakland Region","5","All Grades","Mathematics","Two or More Races","Students without IEP","> 95"
"24 - 25 School Year","63","Oakland Schools","63150","Troy School District","06941","Barnard Elementary School","63","Oakland","LEA School","Elementary","City: Small","Oakland Region","5","All Grades","Mathematics","Two or More Races","Male","< 10"
"24 - 25 School Year","63","Oakland Schools","63150","Troy School District","06941","Barnard Elementary School","63","Oakland","LEA School","Elementary","City: Small","Oakland Region","5","All Grades","English Language Arts","Two or More Races","Female","> 95"
"24 - 25 School Year","63","Oakland Schools","63150","Troy School District","06941","Barnard Elementary School","63","Oakland","LEA School","Elementary","City: Small","Oakland Region","5","All Grades","English Language Arts","Two or More Races","Students without IEP","> 95"
"24 - 25 School Year","63","Oakland Schools","63150","Troy School District","06941","Barnard Elementary School","63","Oakland","LEA School","Elementary","City: Small","Oakland Region","5","All Grades","English Language Arts","Two or More Races","Students with Disabilities","< 10"
"24 - 25 School Year","63","Oakland Schools","63150","Troy School District","06941","Barnard Elementary School","63","Oakland","LEA School","Elementary","City: Small","Oakland Region","5","All Grades","English Language Arts","Two or More Races","Male","< 10"
"24 - 25 School Year","63","Oakland Schools","63150","Troy School District","06941","Barnard Elementary School","63","Oakland","LEA School","Elementary","City: Small","Oakland Region","5","All Grades","English Language Arts","White, not of Hispanic origin","English Learners","> 95"
"24 - 25 School Year","63","Oakland Schools","63150","Troy School District","06941","Barnard Elementary School","63","Oakland","LEA School","Elementary","City: Small","Oakland Region","5","All Grades","English Language Arts","White, not of Hispanic origin","Not English Learners","> 95"
"24 - 25 School Year","63","Oakland Schools","63150","Troy School District","06941","Barnard Elementary School","63","Oakland","LEA School","Elementary","City: Small","Oakland Region","5","All Grades","English Language Arts","Hispanic","Students without IEP","> 95"
"24 - 25 School Year","63","Oakland Schools","63150","Troy School District","06941","Barnard Elementary School","63","Oakland","LEA School","Elementary","City: Small","Oakland Region","5","All Grades","English Language Arts","Hispanic","English Learners","< 10"
"24 - 25 School Year","63","Oakland Schools","63150","Troy School District","06941","Barnard Elementary School","63","Oakland","LEA School","Elementary","City: Small","Oakland Region","5","All Grades","English Language Arts","Hispanic","Not English Learners","> 95"
"24 - 25 School Year","63","Oakland Schools","63150","Troy School District","06941","Barnard Elementary School","63","Oakland","LEA School","Elementary","City: Small","Oakland Region","5","All Grades","English Language Arts","Hispanic","Students with Disabilities","< 10"
"24 - 25 School Year","63","Oakland Schools","63150","Troy School District","06941","Barnard Elementary School","63","Oakland","LEA School","Elementary","City: Small","Oakland Region","5","All Grades","Mathematics","Asian","Not English Learners","> 95"
"24 - 25 School Year","63","Oakland Schools","63150","Troy School District","06941","Barnard Elementary School","63","Oakland","LEA School","Elementary","City: Small","Oakland Region","5","All Grades","Mathematics","Asian","English Learners","> 95"
"24 - 25 School Year","63","Oakland Schools","63150","Troy School District","06941","Barnard Elementary School","63","Oakland","LEA School","Elementary","City: Small","Oakland Region","5","All Grades","English Language Arts","White, not of Hispanic origin","Male","> 95"
"24 - 25 School Year","63","Oakland Schools","63150","Troy School District","06941","Barnard Elementary School","63","Oakland","LEA School","Elementary","City: Small","Oakland Region","5","All Grades","English Language Arts","White, not of Hispanic origin","Female","> 95"
"24 - 25 School Year","63","Oakland Schools","63150","Troy School District","06941","Barnard Elementary School","63","Oakland","LEA School","Elementary","City: Small","Oakland Region","5","All Grades","English Language Arts","Hispanic","Female","< 10"
"24 - 25 School Year","63","Oakland Schools","63150","Troy School District","06941","Barnard Elementary School","63","Oakland","LEA School","Elementary","City: Small","Oakland Region","5","All Grades","English Language Arts","Asian","Female","> 95"
"24 - 25 School Year","63","Oakland Schools","63150","Troy School District","06941","Barnard Elementary School","63","Oakland","LEA School","Elementary","City: Small","Oakland Region","5","All Grades","English Language Arts","Male","Students with Disabilities","> 95"
"24 - 25 School Year","63","Oakland Schools","63150","Troy School District","06941","Barnard Elementary School","63","Oakland","LEA School","Elementary","City: Small","Oakland Region","5","All Grades","English Language Arts","Students with Disabilities","English Learners","< 10"
"24 - 25 School Year","63","Oakland Schools","63150","Troy School District","06941","Barnard Elementary School","63","Oakland","LEA School","Elementary","City: Small","Oakland Region","5","All Grades","English Language Arts","Students with Disabilities","Not English Learners","> 95"
"24 - 25 School Year","63","Oakland Schools","63150","Troy School District","06941","Barnard Elementary School","63","Oakland","LEA School","Elementary","City: Small","Oakland Region","5","All Grades","English Language Arts","Students without IEP","English Learners","> 95"
"24 - 25 School Year","63","Oakland Schools","63150","Troy School District","06941","Barnard Elementary School","63","Oakland","LEA School","Elementary","City: Small","Oakland Region","5","All Grades","English Language Arts","Students without IEP","Not English Learners","> 95"
"24 - 25 School Year","63","Oakland Schools","63150","Troy School District","06941","Barnard Elementary School","63","Oakland","LEA School","Elementary","City: Small","Oakland Region","5","All Grades","Mathematics","Male","Students with Disabilities","> 95"
"24 - 25 School Year","63","Oakland Schools","63150","Troy School District","06941","Barnard Elementary School","63","Oakland","LEA School","Elementary","City: Small","Oakland Region","5","All Grades","English Language Arts","Black, not of Hispanic origin","Not English Learners","> 95"
"24 - 25 School Year","63","Oakland Schools","63150","Troy School District","06941","Barnard Elementary School","63","Oakland","LEA School","Elementary","City: Small","Oakland Region","5","All Grades","Mathematics","Asian","Female","> 95"
"24 - 25 School Year","63","Oakland Schools","63150","Troy School District","06941","Barnard Elementary School","63","Oakland","LEA School","Elementary","City: Small","Oakland Region","5","All Grades","English Language Arts","Female","Students with Disabilities","< 10"
"24 - 25 School Year","63","Oakland Schools","63150","Troy School District","06941","Barnard Elementary School","63","Oakland","LEA School","Elementary","City: Small","Oakland Region","5","All Grades","Mathematics","White, not of Hispanic origin","Students without IEP","> 95"
"24 - 25 School Year","63","Oakland Schools","63150","Troy School District","06941","Barnard Elementary School","63","Oakland","LEA School","Elementary","City: Small","Oakland Region","5","All Grades","Mathematics","Hispanic","Male","> 95"
"24 - 25 School Year","63","Oakland Schools","63150","Troy School District","06941","Barnard Elementary School","63","Oakland","LEA School","Elementary","City: Small","Oakland Region","5","All Grades","Mathematics","Hispanic","Students without IEP","> 95"
"24 - 25 School Year","63","Oakland Schools","63150","Troy School District","06941","Barnard Elementary School","63","Oakland","LEA School","Elementary","City: Small","Oakland Region","5","All Grades","English Language Arts","Asian","English Learners","> 95"
"24 - 25 School Year","63","Oakland Schools","63150","Troy School District","06941","Barnard Elementary School","63","Oakland","LEA School","Elementary","City: Small","Oakland Region","5","All Grades","English Language Arts","Asian","Not English Learners","> 95"
"24 - 25 School Year","63","Oakland Schools","63150","Troy School District","06941","Barnard Elementary School","63","Oakland","LEA School","Elementary","City: Small","Oakland Region","5","All Grades","Mathematics","Two or More Races","English Learners","< 10"
"24 - 25 School Year","63","Oakland Schools","63150","Troy School District","06941","Barnard Elementary School","63","Oakland","LEA School","Elementary","City: Small","Oakland Region","5","All Grades","Mathematics","Two or More Races","Not English Learners","> 95"
"24 - 25 School Year","63","Oakland Schools","63150","Troy School District","06941","Barnard Elementary School","63","Oakland","LEA School","Elementary","City: Small","Oakland Region","5","All Grades","Mathematics","Female","English Learners","> 95"
"24 - 25 School Year","63","Oakland Schools","63150","Troy School District","06941","Barnard Elementary School","63","Oakland","LEA School","Elementary","City: Small","Oakland Region","5","All Grades","Mathematics","Male","Students without IEP","> 95"
"24 - 25 School Year","63","Oakland Schools","63150","Troy School District","06941","Barnard Elementary School","63","Oakland","LEA School","Elementary","City: Small","Oakland Region","5","All Grades","English Language Arts","Male","Students without IEP","> 95"
"24 - 25 School Year","63","Oakland Schools","63150","Troy School District","06941","Barnard Elementary School","63","Oakland","LEA School","Elementary","City: Small","Oakland Region","5","All Grades","English Language Arts","Male","Not English Learners","> 95"
"24 - 25 School Year","63","Oakland Schools","63150","Troy School District","06941","Barnard Elementary School","63","Oakland","LEA School","Elementary","City: Small","Oakland Region","5","All Grades","English Language Arts","Male","English Learners","> 95"
"24 - 25 School Year","63","Oakland Schools","63150","Troy School District","06941","Barnard Elementary School","63","Oakland","LEA School","Elementary","City: Small","Oakland Region","5","All Grades","English Language Arts","Female","English Learners","> 95"
"24 - 25 School Year","63","Oakland Schools","63150","Troy School District","06941","Barnard Elementary School","63","Oakland","LEA School","Elementary","City: Small","Oakland Region","5","All Grades","English Language Arts","Female","Not English Learners","> 95"
"24 - 25 School Year","63","Oakland Schools","63150","Troy School District","06941","Barnard Elementary School","63","Oakland","LEA School","Elementary","City: Small","Oakland Region","5","All Grades","Mathematics","Black, not of Hispanic origin","Not English Learners","> 95"
"24 - 25 School Year","63","Oakland Schools","63150","Troy School District","06941","Barnard Elementary School","63","Oakland","LEA School","Elementary","City: Small","Oakland Region","5","All Grades","Mathematics","Black, not of Hispanic origin","Students without IEP","< 10"
"24 - 25 School Year","63","Oakland Schools","63150","Troy School District","06941","Barnard Elementary School","63","Oakland","LEA School","Elementary","City: Small","Oakland Region","5","All Grades","Mathematics","Asian","Students with Disabilities","< 10"
"24 - 25 School Year","63","Oakland Schools","63150","Troy School District","06941","Barnard Elementary School","63","Oakland","LEA School","Elementary","City: Small","Oakland Region","5","All Grades","Mathematics","Hispanic","Students with Disabilities","< 10"
"24 - 25 School Year","63","Oakland Schools","63150","Troy School District","06941","Barnard Elementary School","63","Oakland","LEA School","Elementary","City: Small","Oakland Region","5","All Grades","Mathematics","Asian","Students without IEP","> 95"
"24 - 25 School Year","63","Oakland Schools","63150","Troy School District","06941","Barnard Elementary School","63","Oakland","LEA School","Elementary","City: Small","Oakland Region","5","All Grades","English Language Arts","Two or More Races","Not English Learners","> 95"
"24 - 25 School Year","63","Oakland Schools","63150","Troy School District","06941","Barnard Elementary School","63","Oakland","LEA School","Elementary","City: Small","Oakland Region","5","All Grades","English Language Arts","Two or More Races","English Learners","< 10"
"24 - 25 School Year","63","Oakland Schools","63150","Troy School District","06941","Barnard Elementary School","63","Oakland","LEA School","Elementary","City: Small","Oakland Region","5","All Grades","English Language Arts","Hispanic","Male","> 95"
"24 - 25 School Year","63","Oakland Schools","63150","Troy School District","08286","Troy College and Career High School","63","Oakland","LEA School","Middle_High School","City: Small","Oakland Region","5","All Grades","Mathematics","Hispanic","Female","< 10"
"24 - 25 School Year","63","Oakland Schools","63150","Troy School District","08286","Troy College and Career High School","63","Oakland","LEA School","Middle_High School","City: Small","Oakland Region","5","All Grades","Mathematics","Black, not of Hispanic origin","Not English Learners","81.8"
"24 - 25 School Year","63","Oakland Schools","63150","Troy School District","08286","Troy College and Career High School","63","Oakland","LEA School","Middle_High School","City: Small","Oakland Region","5","All Grades","English Language Arts","Asian","English Learners","< 10"
"24 - 25 School Year","63","Oakland Schools","63150","Troy School District","08286","Troy College and Career High School","63","Oakland","LEA School","Middle_High School","City: Small","Oakland Region","5","All Grades","Mathematics","Hispanic","English Learners","< 10"
"24 - 25 School Year","63","Oakland Schools","63150","Troy School District","08286","Troy College and Career High School","63","Oakland","LEA School","Middle_High School","City: Small","Oakland Region","5","All Grades","English Language Arts","White, not of Hispanic origin","Male","81.8"
"24 - 25 School Year","63","Oakland Schools","63150","Troy School District","08286","Troy College and Career High School","63","Oakland","LEA School","Middle_High School","City: Small","Oakland Region","5","All Grades","Mathematics","Black, not of Hispanic origin","Male","< 10"
"24 - 25 School Year","63","Oakland Schools","63150","Troy School District","08286","Troy College and Career High School","63","Oakland","LEA School","Middle_High School","City: Small","Oakland Region","5","All Grades","Mathematics","Black, not of Hispanic origin","Female","< 10"
"24 - 25 School Year","63","Oakland Schools","63150","Troy School District","08286","Troy College and Career High School","63","Oakland","LEA School","Middle_High School","City: Small","Oakland Region","5","All Grades","Mathematics","Hispanic","Students without IEP","< 10"
"24 - 25 School Year","63","Oakland Schools","63150","Troy School District","08286","Troy College and Career High School","63","Oakland","LEA School","Middle_High School","City: Small","Oakland Region","5","All Grades","Mathematics","Black, not of Hispanic origin","Students without IEP","81.8"
"24 - 25 School Year","63","Oakland Schools","63150","Troy School District","08286","Troy College and Career High School","63","Oakland","LEA School","Middle_High School","City: Small","Oakland Region","5","All Grades","Mathematics","Two or More Races","Students without IEP","< 10"
"24 - 25 School Year","63","Oakland Schools","63150","Troy School District","08286","Troy College and Career High School","63","Oakland","LEA School","Middle_High School","City: Small","Oakland Region","5","All Grades","Mathematics","Hispanic","Male","< 10"
"24 - 25 School Year","63","Oakland Schools","63150","Troy School District","08286","Troy College and Career High School","63","Oakland","LEA School","Middle_High School","City: Small","Oakland Region","5","All Grades","English Language Arts","Two or More Races","Female","< 10"
"24 - 25 School Year","63","Oakland Schools","63150","Troy School District","08286","Troy College and Career High School","63","Oakland","LEA School","Middle_High School","City: Small","Oakland Region","5","All Grades","English Language Arts","Male","Students without IEP","78.3"
"24 - 25 School Year","63","Oakland Schools","63150","Troy School District","08286","Troy College and Career High School","63","Oakland","LEA School","Middle_High School","City: Small","Oakland Region","5","All Grades","Mathematics","Asian","Female","< 10"
"24 - 25 School Year","63","Oakland Schools","63150","Troy School District","08286","Troy College and Career High School","63","Oakland","LEA School","Middle_High School","City: Small","Oakland Region","5","All Grades","English Language Arts","Hispanic","Students with Disabilities","< 10"
"24 - 25 School Year","63","Oakland Schools","63150","Troy School District","08286","Troy College and Career High School","63","Oakland","LEA School","Middle_High School","City: Small","Oakland Region","5","All Grades","English Language Arts","Two or More Races","Students with Disabilities","< 10"
"24 - 25 School Year","63","Oakland Schools","63150","Troy School District","08286","Troy College and Career High School","63","Oakland","LEA School","Middle_High School","City: Small","Oakland Region","5","All Grades","English Language Arts","Asian","Male","< 10"
"24 - 25 School Year","63","Oakland Schools","63150","Troy School District","08286","Troy College and Career High School","63","Oakland","LEA School","Middle_High School","City: Small","Oakland Region","5","All Grades","Mathematics","White, not of Hispanic origin","Students without IEP","73.9"
"24 - 25 School Year","63","Oakland Schools","63150","Troy School District","08286","Troy College and Career High School","63","Oakland","LEA School","Middle_High School","City: Small","Oakland Region","5","All Grades","Mathematics","Female","Students with Disabilities","< 10"
"24 - 25 School Year","63","Oakland Schools","63150","Troy School District","08286","Troy College and Career High School","63","Oakland","LEA School","Middle_High School","City: Small","Oakland Region","5","All Grades","Mathematics","Female","Students without IEP","79.2"
"24 - 25 School Year","63","Oakland Schools","63150","Troy School District","08286","Troy College and Career High School","63","Oakland","LEA School","Middle_High School","City: Small","Oakland Region","5","All Grades","English Language Arts","White, not of Hispanic origin","Not English Learners","80.6"
"24 - 25 School Year","63","Oakland Schools","63150","Troy School District","08286","Troy College and Career High School","63","Oakland","LEA School","Middle_High School","City: Small","Oakland Region","5","All Grades","English Language Arts","White, not of Hispanic origin","English Learners","< 10"
"24 - 25 School Year","63","Oakland Schools","63150","Troy School District","08286","Troy College and Career High School","63","Oakland","LEA School","Middle_High School","City: Small","Oakland Region","5","All Grades","English Language Arts","White, not of Hispanic origin","Students without IEP","73.9"
"24 - 25 School Year","63","Oakland Schools","63150","Troy School District","08286","Troy College and Career High School","63","Oakland","LEA School","Middle_High School","City: Small","Oakland Region","5","All Grades","English Language Arts","Asian","Not English Learners","< 10"
"24 - 25 School Year","63","Oakland Schools","63150","Troy School District","08286","Troy College and Career High School","63","Oakland","LEA School","Middle_High School","City: Small","Oakland Region","5","All Grades","English Language Arts","Two or More Races","Not English Learners","< 10"
"24 - 25 School Year","63","Oakland Schools","63150","Troy School District","08286","Troy College and Career High School","63","Oakland","LEA School","Middle_High School","City: Small","Oakland Region","5","All Grades","Mathematics","Female","English Learners","< 10"
"24 - 25 School Year","63","Oakland Schools","63150","Troy School District","08286","Troy College and Career High School","63","Oakland","LEA School","Middle_High School","City: Small","Oakland Region","5","All Grades","Mathematics","Students with Disabilities","English Learners","< 10"
"24 - 25 School Year","63","Oakland Schools","63150","Troy School District","08286","Troy College and Career High School","63","Oakland","LEA School","Middle_High School","City: Small","Oakland Region","5","All Grades","Mathematics","Female","Not English Learners","80.0"
"24 - 25 School Year","63","Oakland Schools","63150","Troy School District","08286","Troy College and Career High School","63","Oakland","LEA School","Middle_High School","City: Small","Oakland Region","5","All Grades","English Language Arts","Female","Students without IEP","79.2"
"24 - 25 School Year","63","Oakland Schools","63150","Troy School District","08286","Troy College and Career High School","63","Oakland","LEA School","Middle_High School","City: Small","Oakland Region","5","All Grades","English Language Arts","Hispanic","Male","< 10"
"24 - 25 School Year","63","Oakland Schools","63150","Troy School District","08286","Troy College and Career High School","63","Oakland","LEA School","Middle_High School","City: Small","Oakland Region","5","All Grades","English Language Arts","Hispanic","Female","< 10"
"24 - 25 School Year","63","Oakland Schools","63150","Troy School District","08286","Troy College and Career High School","63","Oakland","LEA School","Middle_High School","City: Small","Oakland Region","5","All Grades","English Language Arts","Male","English Learners","< 10"
"24 - 25 School Year","63","Oakland Schools","63150","Troy School District","08286","Troy College and Career High School","63","Oakland","LEA School","Middle_High School","City: Small","Oakland Region","5","All Grades","English Language Arts","Male","Not English Learners","85.7"
"24 - 25 School Year","63","Oakland Schools","63150","Troy School District","08286","Troy College and Career High School","63","Oakland","LEA School","Middle_High School","City: Small","Oakland Region","5","All Grades","English Language Arts","Female","English Learners","< 10"
"24 - 25 School Year","63","Oakland Schools","63150","Troy School District","08286","Troy College and Career High School","63","Oakland","LEA School","Middle_High School","City: Small","Oakland Region","5","All Grades","English Language Arts","Female","Not English Learners","80.0"
"24 - 25 School Year","63","Oakland Schools","63150","Troy School District","08286","Troy College and Career High School","63","Oakland","LEA School","Middle_High School","City: Small","Oakland Region","5","All Grades","English Language Arts","Students without IEP","English Learners","< 10"
"24 - 25 School Year","63","Oakland Schools","63150","Troy School District","08286","Troy College and Career High School","63","Oakland","LEA School","Middle_High School","City: Small","Oakland Region","5","All Grades","English Language Arts","Students without IEP","Not English Learners","81.0"
"24 - 25 School Year","63","Oakland Schools","63150","Troy School District","08286","Troy College and Career High School","63","Oakland","LEA School","Middle_High School","City: Small","Oakland Region","5","All Grades","English Language Arts","Students with Disabilities","Not English Learners","90.9"
"24 - 25 School Year","63","Oakland Schools","63150","Troy School District","08286","Troy College and Career High School","63","Oakland","LEA School","Middle_High School","City: Small","Oakland Region","5","All Grades","English Language Arts","Students with Disabilities","English Learners","< 10"
"24 - 25 School Year","63","Oakland Schools","63150","Troy School District","08286","Troy College and Career High School","63","Oakland","LEA School","Middle_High School","City: Small","Oakland Region","5","All Grades","English Language Arts","Male","Students with Disabilities","90.9"
"24 - 25 School Year","63","Oakland Schools","63150","Troy School District","08286","Troy College and Career High School","63","Oakland","LEA School","Middle_High School","City: Small","Oakland Region","5","All Grades","English Language Arts","Hispanic","Students without IEP","< 10"
"24 - 25 School Year","63","Oakland Schools","63150","Troy School District","08286","Troy College and Career High School","63","Oakland","LEA School","Middle_High School","City: Small","Oakland Region","5","All Grades","English Language Arts","Hispanic","English Learners","< 10"
"24 - 25 School Year","63","Oakland Schools","63150","Troy School District","08286","Troy College and Career High School","63","Oakland","LEA School","Middle_High School","City: Small","Oakland Region","5","All Grades","English Language Arts","Hispanic","Not English Learners","< 10"
"24 - 25 School Year","63","Oakland Schools","63150","Troy School District","08286","Troy College and Career High School","63","Oakland","LEA School","Middle_High School","City: Small","Oakland Region","5","All Grades","Mathematics","Two or More Races","Students with Disabilities","< 10"
"24 - 25 School Year","63","Oakland Schools","63150","Troy School District","08286","Troy College and Career High School","63","Oakland","LEA School","Middle_High School","City: Small","Oakland Region","5","All Grades","Mathematics","White, not of Hispanic origin","Students with Disabilities","83.3"
"24 - 25 School Year","63","Oakland Schools","63150","Troy School District","08286","Troy College and Career High School","63","Oakland","LEA School","Middle_High School","City: Small","Oakland Region","5","All Grades","Mathematics","Two or More Races","Female","< 10"
"24 - 25 School Year","63","Oakland Schools","63150","Troy School District","08286","Troy College and Career High School","63","Oakland","LEA School","Middle_High School","City: Small","Oakland Region","5","All Grades","English Language Arts","Black, not of Hispanic origin","Male","< 10"
"24 - 25 School Year","63","Oakland Schools","63150","Troy School District","08286","Troy College and Career High School","63","Oakland","LEA School","Middle_High School","City: Small","Oakland Region","5","All Grades","Mathematics","Male","Students with Disabilities","90.9"
"24 - 25 School Year","63","Oakland Schools","63150","Troy School District","08286","Troy College and Career High School","63","Oakland","LEA School","Middle_High School","City: Small","Oakland Region","5","All Grades","Mathematics","Male","Students without IEP","78.3"
"24 - 25 School Year","63","Oakland Schools","63150","Troy School District","08286","Troy College and Career High School","63","Oakland","LEA School","Middle_High School","City: Small","Oakland Region","5","All Grades","English Language Arts","Black, not of Hispanic origin","Not English Learners","81.8"
"24 - 25 School Year","63","Oakland Schools","63150","Troy School District","08286","Troy College and Career High School","63","Oakland","LEA School","Middle_High School","City: Small","Oakland Region","5","All Grades","English Language Arts","Black, not of Hispanic origin","Female","< 10"
"24 - 25 School Year","63","Oakland Schools","63150","Troy School District","08286","Troy College and Career High School","63","Oakland","LEA School","Middle_High School","City: Small","Oakland Region","5","All Grades","English Language Arts","Black, not of Hispanic origin","Students without IEP","81.8"
"24 - 25 School Year","63","Oakland Schools","63150","Troy School District","08286","Troy College and Career High School","63","Oakland","LEA School","Middle_High School","City: Small","Oakland Region","5","All Grades","Mathematics","White, not of Hispanic origin","Female","69.2"
"24 - 25 School Year","63","Oakland Schools","63150","Troy School District","08286","Troy College and Career High School","63","Oakland","LEA School","Middle_High School","City: Small","Oakland Region","5","All Grades","Mathematics","White, not of Hispanic origin","Not English Learners","80.6"
"24 - 25 School Year","63","Oakland Schools","63150","Troy School District","08286","Troy College and Career High School","63","Oakland","LEA School","Middle_High School","City: Small","Oakland Region","5","All Grades","Mathematics","White, not of Hispanic origin","English Learners","< 10"
"24 - 25 School Year","63","Oakland Schools","63150","Troy School District","08286","Troy College and Career High School","63","Oakland","LEA School","Middle_High School","City: Small","Oakland Region","5","All Grades","Mathematics","White, not of Hispanic origin","Male","81.8"
"24 - 25 School Year","63","Oakland Schools","63150","Troy School District","08286","Troy College and Career High School","63","Oakland","LEA School","Middle_High School","City: Small","Oakland Region","5","All Grades","English Language Arts","Two or More Races","Male","< 10"
"24 - 25 School Year","63","Oakland Schools","63150","Troy School District","08286","Troy College and Career High School","63","Oakland","LEA School","Middle_High School","City: Small","Oakland Region","5","All Grades","Mathematics","Two or More Races","Male","< 10"
"24 - 25 School Year","63","Oakland Schools","63150","Troy School District","08286","Troy College and Career High School","63","Oakland","LEA School","Middle_High School","City: Small","Oakland Region","5","All Grades","Mathematics","Two or More Races","English Learners","< 10"
"24 - 25 School Year","63","Oakland Schools","63150","Troy School District","08286","Troy College and Career High School","63","Oakland","LEA School","Middle_High School","City: Small","Oakland Region","5","All Grades","Mathematics","Two or More Races","Not English Learners","< 10"
"24 - 25 School Year","63","Oakland Schools","63150","Troy School District","08286","Troy College and Career High School","63","Oakland","LEA School","Middle_High School","City: Small","Oakland Region","5","All Grades","Mathematics","Asian","Students without IEP","< 10"
"24 - 25 School Year","63","Oakland Schools","63150","Troy School District","08286","Troy College and Career High School","63","Oakland","LEA School","Middle_High School","City: Small","Oakland Region","5","All Grades","Mathematics","Hispanic","Students with Disabilities","< 10"
"24 - 25 School Year","63","Oakland Schools","63150","Troy School District","08286","Troy College and Career High School","63","Oakland","LEA School","Middle_High School","City: Small","Oakland Region","5","All Grades","English Language Arts","White, not of Hispanic origin","Students with Disabilities","83.3"
"24 - 25 School Year","63","Oakland Schools","63150","Troy School District","08286","Troy College and Career High School","63","Oakland","LEA School","Middle_High School","City: Small","Oakland Region","5","All Grades","English Language Arts","Female","Students with Disabilities","< 10"
"24 - 25 School Year","63","Oakland Schools","63150","Troy School District","08286","Troy College and Career High School","63","Oakland","LEA School","Middle_High School","City: Small","Oakland Region","5","All Grades","Mathematics","Hispanic","Not English Learners","< 10"
"24 - 25 School Year","63","Oakland Schools","63150","Troy School District","08286","Troy College and Career High School","63","Oakland","LEA School","Middle_High School","City: Small","Oakland Region","5","All Grades","Mathematics","Asian","Male","< 10"
"24 - 25 School Year","63","Oakland Schools","63150","Troy School District","08286","Troy College and Career High School","63","Oakland","LEA School","Middle_High School","City: Small","Oakland Region","5","All Grades","English Language Arts","Two or More Races","English Learners","< 10"
"24 - 25 School Year","63","Oakland Schools","63150","Troy School District","08286","Troy College and Career High School","63","Oakland","LEA School","Middle_High School","City: Small","Oakland Region","5","All Grades","English Language Arts","White, not of Hispanic origin","Female","69.2"
"24 - 25 School Year","63","Oakland Schools","63150","Troy School District","08286","Troy College and Career High School","63","Oakland","LEA School","Middle_High School","City: Small","Oakland Region","5","All Grades","English Language Arts","Two or More Races","Students without IEP","< 10"
"24 - 25 School Year","63","Oakland Schools","63150","Troy School District","08286","Troy College and Career High School","63","Oakland","LEA School","Middle_High School","City: Small","Oakland Region","5","All Grades","English Language Arts","Asian","Female","< 10"
"24 - 25 School Year","63","Oakland Schools","63150","Troy School District","08286","Troy College and Career High School","63","Oakland","LEA School","Middle_High School","City: Small","Oakland Region","5","All Grades","English Language Arts","Asian","Students without IEP","< 10"
"24 - 25 School Year","63","Oakland Schools","63150","Troy School District","08286","Troy College and Career High School","63","Oakland","LEA School","Middle_High School","City: Small","Oakland Region","5","All Grades","Mathematics","Male","Not English Learners","85.7"
"24 - 25 School Year","63","Oakland Schools","63150","Troy School District","08286","Troy College and Career High School","63","Oakland","LEA School","Middle_High School","City: Small","Oakland Region","5","All Grades","Mathematics","Male","English Learners","< 10"
"24 - 25 School Year","63","Oakland Schools","63150","Troy School District","08286","Troy College and Career High School","63","Oakland","LEA School","Middle_High School","City: Small","Oakland Region","5","All Grades","Mathematics","Students without IEP","Not English Learners","81.0"
"24 - 25 School Year","63","Oakland Schools","63150","Troy School District","08286","Troy College and Career High School","63","Oakland","LEA School","Middle_High School","City: Small","Oakland Region","5","All Grades","Mathematics","Students without IEP","English Learners","< 10"
"24 - 25 School Year","63","Oakland Schools","63150","Troy School District","08286","Troy College and Career High School","63","Oakland","LEA School","Middle_High School","City: Small","Oakland Region","5","All Grades","Mathematics","Students with Disabilities","Not English Learners","90.9"
"24 - 25 School Year","63","Oakland Schools","63150","Troy School District","08286","Troy College and Career High School","63","Oakland","LEA School","Middle_High School","City: Small","Oakland Region","5","All Grades","Mathematics","Asian","English Learners","< 10"
"24 - 25 School Year","63","Oakland Schools","63150","Troy School District","08286","Troy College and Career High School","63","Oakland","LEA School","Middle_High School","City: Small","Oakland Region","5","All Grades","Mathematics","Asian","Not English Learners","< 10"
