SchoolYear,IsdCode,IsdName,DistrictCode,DistrictName,BuildingCode,BuildingName,CountyCode,CountyName,EntityType,SchoolLevel,Locale,MISTEM_NAME,MISTEM_CODE,Grade,Subject,TestingGroup,NumberAboveAverageGrowth,NumberAverageGrowth,NumberBelowAverageGrowth,PercentAboveAverage,PercentAverageGrowth,PercentBelowAverage,TotalIncluded,MeanSGP
"22 - 23 School Year","63","Oakland Schools","63150","Troy School District","00000","All Buildings","63","Oakland","LEA District","Elem thru High School","City: Small","Oakland Region","5","05","Mathematics","Students without Disabilities","346","311","163","42.20","37.90","19.90","820","60.20"
"22 - 23 School Year","63","Oakland Schools","63150","Troy School District","00000","All Buildings","63","Oakland","LEA District","Elem thru High School","City: Small","Oakland Region","5","07","Mathematics","All Students","328","354","220","36.40","39.20","24.40","902","55.20"
"22 - 23 School Year","63","Oakland Schools","63150","Troy School District","00000","All Buildings","63","Oakland","LEA District","Elem thru High School","City: Small","Oakland Region","5","04","Mathematics","Asian","144","144","54","42.10","42.10","15.80","342","61.40"
"22 - 23 School Year","63","Oakland Schools","63150","Troy School District","00000","All Buildings","63","Oakland","LEA District","Elem thru High School","City: Small","Oakland Region","5","05","Mathematics","Asian","174","131","46","49.60","37.30","13.10","351","67.00"
"22 - 23 School Year","63","Oakland Schools","63150","Troy School District","00000","All Buildings","63","Oakland","LEA District","Elem thru High School","City: Small","Oakland Region","5","05","Mathematics","Two or More Races","15","11","< 10","44.10","32.40","23.50","34","61.60"
"22 - 23 School Year","63","Oakland Schools","63150","Troy School District","00000","All Buildings","63","Oakland","LEA District","Elem thru High School","City: Small","Oakland Region","5","06","Mathematics","Two or More Races","20","< 10","10","52.60","21.10","26.30","38","60.70"
"22 - 23 School Year","63","Oakland Schools","63150","Troy School District","00000","All Buildings","63","Oakland","LEA District","Elem thru High School","City: Small","Oakland Region","5","06","Mathematics","Asian","201","98","43","58.80","28.70","12.60","342","69.40"
"22 - 23 School Year","63","Oakland Schools","63150","Troy School District","00000","All Buildings","63","Oakland","LEA District","Elem thru High School","City: Small","Oakland Region","5","07","Mathematics","Asian","150","126","66","43.90","36.80","19.30","342","60.40"
"22 - 23 School Year","63","Oakland Schools","63150","Troy School District","00000","All Buildings","63","Oakland","LEA District","Elem thru High School","City: Small","Oakland Region","5","05","English Language Arts","Hispanic","< 10","17","< 10","21.90","53.10","25.00","32","47.90"
"22 - 23 School Year","63","Oakland Schools","63150","Troy School District","00000","All Buildings","63","Oakland","LEA District","Elem thru High School","City: Small","Oakland Region","5","05","English Language Arts","Economically Disadvantaged","42","51","57","28.00","34.00","38.00","150","47.50"
"22 - 23 School Year","63","Oakland Schools","63150","Troy School District","00000","All Buildings","63","Oakland","LEA District","Elem thru High School","City: Small","Oakland Region","5","04","English Language Arts","Not English Learners","276","225","124","44.20","36.00","19.80","625","60.50"
"22 - 23 School Year","63","Oakland Schools","63150","Troy School District","00000","All Buildings","63","Oakland","LEA District","Elem thru High School","City: Small","Oakland Region","5","04","English Language Arts","Hispanic","14","21","< 10","35.00","52.50","12.50","40","61.00"
"22 - 23 School Year","63","Oakland Schools","63150","Troy School District","00000","All Buildings","63","Oakland","LEA District","Elem thru High School","City: Small","Oakland Region","5","04","English Language Arts","Economically Disadvantaged","49","56","38","34.30","39.20","26.60","143","54.60"
"22 - 23 School Year","63","Oakland Schools","63150","Troy School District","00000","All Buildings","63","Oakland","LEA District","Elem thru High School","City: Small","Oakland Region","5","11","English Language Arts","Not English Learners","382","308","167","44.60","35.90","19.50","857","61.00"
"22 - 23 School Year","63","Oakland Schools","63150","Troy School District","00000","All Buildings","63","Oakland","LEA District","Elem thru High School","City: Small","Oakland Region","5","11","English Language Arts","Hispanic","16","12","14","38.10","28.60","33.30","42","52.70"
"22 - 23 School Year","63","Oakland Schools","63150","Troy School District","00000","All Buildings","63","Oakland","LEA District","Elem thru High School","City: Small","Oakland Region","5","11","English Language Arts","Economically Disadvantaged","51","60","33","35.40","41.70","22.90","144","55.40"
"22 - 23 School Year","63","Oakland Schools","63150","Troy School District","00000","All Buildings","63","Oakland","LEA District","Elem thru High School","City: Small","Oakland Region","5","11","English Language Arts","White, not of Hispanic origin","169","210","119","33.90","42.20","23.90","498","54.40"
"22 - 23 School Year","63","Oakland Schools","63150","Troy School District","00000","All Buildings","63","Oakland","LEA District","Elem thru High School","City: Small","Oakland Region","5","11","English Language Arts","Native Hawaiian or Other Pacific Islander","< 10","< 10","< 10","< 10","< 10","< 10","< 10","< 10"
"22 - 23 School Year","63","Oakland Schools","63150","Troy School District","00000","All Buildings","63","Oakland","LEA District","Elem thru High School","City: Small","Oakland Region","5","05","English Language Arts","Native Hawaiian or Other Pacific Islander","< 10","< 10","< 10","< 10","< 10","< 10","< 10","< 10"
"22 - 23 School Year","63","Oakland Schools","63150","Troy School District","00000","All Buildings","63","Oakland","LEA District","Elem thru High School","City: Small","Oakland Region","5","07","English Language Arts","All Students","304","345","243","34.10","38.70","27.20","892","53.00"
"22 - 23 School Year","63","Oakland Schools","63150","Troy School District","00000","All Buildings","63","Oakland","LEA District","Elem thru High School","City: Small","Oakland Region","5","11","English Language Arts","All Students","392","327","179","43.70","36.40","19.90","898","60.30"
"22 - 23 School Year","63","Oakland Schools","63150","Troy School District","00000","All Buildings","63","Oakland","LEA District","Elem thru High School","City: Small","Oakland Region","5","05","English Language Arts","English Learners","36","51","34","29.80","42.10","28.10","121","50.60"
"22 - 23 School Year","63","Oakland Schools","63150","Troy School District","00000","All Buildings","63","Oakland","LEA District","Elem thru High School","City: Small","Oakland Region","5","07","English Language Arts","Native Hawaiian or Other Pacific Islander","< 10","< 10","< 10","< 10","< 10","< 10","< 10","< 10"
"22 - 23 School Year","63","Oakland Schools","63150","Troy School District","00000","All Buildings","63","Oakland","LEA District","Elem thru High School","City: Small","Oakland Region","5","04","Mathematics","Not Migrant","314","326","170","38.80","40.20","21.00","810","57.80"
"22 - 23 School Year","63","Oakland Schools","63150","Troy School District","00000","All Buildings","63","Oakland","LEA District","Elem thru High School","City: Small","Oakland Region","5","04","Mathematics","Male","181","169","77","42.40","39.60","18.00","427","60.80"
"22 - 23 School Year","63","Oakland Schools","63150","Troy School District","00000","All Buildings","63","Oakland","LEA District","Elem thru High School","City: Small","Oakland Region","5","11","Mathematics","Not English Learners","441","256","160","51.50","29.90","18.70","857","63.70"
"22 - 23 School Year","63","Oakland Schools","63150","Troy School District","00000","All Buildings","63","Oakland","LEA District","Elem thru High School","City: Small","Oakland Region","5","11","Mathematics","Hispanic","15","17","13","33.30","37.80","28.90","45","55.30"
"22 - 23 School Year","63","Oakland Schools","63150","Troy School District","00000","All Buildings","63","Oakland","LEA District","Elem thru High School","City: Small","Oakland Region","5","11","Mathematics","Economically Disadvantaged","58","45","42","40.00","31.00","29.00","145","55.20"
"22 - 23 School Year","63","Oakland Schools","63150","Troy School District","00000","All Buildings","63","Oakland","LEA District","Elem thru High School","City: Small","Oakland Region","5","04","Mathematics","Not English Learners","231","266","131","36.80","42.40","20.90","628","57.30"
"22 - 23 School Year","63","Oakland Schools","63150","Troy School District","00000","All Buildings","63","Oakland","LEA District","Elem thru High School","City: Small","Oakland Region","5","04","Mathematics","Hispanic","18","17","< 10","41.90","39.50","18.60","43","57.10"
"22 - 23 School Year","63","Oakland Schools","63150","Troy School District","00000","All Buildings","63","Oakland","LEA District","Elem thru High School","City: Small","Oakland Region","5","04","Mathematics","Economically Disadvantaged","41","66","38","28.30","45.50","26.20","145","49.50"
"22 - 23 School Year","63","Oakland Schools","63150","Troy School District","00000","All Buildings","63","Oakland","LEA District","Elem thru High School","City: Small","Oakland Region","5","All Grades","Mathematics","Native Hawaiian or Other Pacific Islander","< 10","< 10","< 10","41.70","50.00","8.30","12","65.60"
"22 - 23 School Year","63","Oakland Schools","63150","Troy School District","00000","All Buildings","63","Oakland","LEA District","Elem thru High School","City: Small","Oakland Region","5","04","Mathematics","English Learners","83","60","39","45.60","33.00","21.40","182","59.30"
"22 - 23 School Year","63","Oakland Schools","63150","Troy School District","00000","All Buildings","63","Oakland","LEA District","Elem thru High School","City: Small","Oakland Region","5","04","Mathematics","Female","133","157","93","34.70","41.00","24.30","383","54.30"
"22 - 23 School Year","63","Oakland Schools","63150","Troy School District","00000","All Buildings","63","Oakland","LEA District","Elem thru High School","City: Small","Oakland Region","5","04","Mathematics","Black, not of Hispanic origin","12","11","14","32.40","29.70","37.80","37","49.50"
"22 - 23 School Year","63","Oakland Schools","63150","Troy School District","00000","All Buildings","63","Oakland","LEA District","Elem thru High School","City: Small","Oakland Region","5","05","Mathematics","Not Migrant","371","335","182","41.80","37.70","20.50","888","59.60"
"22 - 23 School Year","63","Oakland Schools","63150","Troy School District","00000","All Buildings","63","Oakland","LEA District","Elem thru High School","City: Small","Oakland Region","5","05","Mathematics","Male","187","166","100","41.30","36.60","22.10","453","59.40"
"22 - 23 School Year","63","Oakland Schools","63150","Troy School District","00000","All Buildings","63","Oakland","LEA District","Elem thru High School","City: Small","Oakland Region","5","05","Mathematics","White, not of Hispanic origin","162","162","102","38.00","38.00","23.90","426","55.60"
"22 - 23 School Year","63","Oakland Schools","63150","Troy School District","00000","All Buildings","63","Oakland","LEA District","Elem thru High School","City: Small","Oakland Region","5","05","Mathematics","Native Hawaiian or Other Pacific Islander","< 10","< 10","< 10","< 10","< 10","< 10","< 10","< 10"
"22 - 23 School Year","63","Oakland Schools","63150","Troy School District","00000","All Buildings","63","Oakland","LEA District","Elem thru High School","City: Small","Oakland Region","5","05","Mathematics","Hispanic","13","12","10","37.10","34.30","28.60","35","54.00"
"22 - 23 School Year","63","Oakland Schools","63150","Troy School District","00000","All Buildings","63","Oakland","LEA District","Elem thru High School","City: Small","Oakland Region","5","05","Mathematics","Not English Learners","312","284","157","41.40","37.70","20.80","753","59.30"
"22 - 23 School Year","63","Oakland Schools","63150","Troy School District","00000","All Buildings","63","Oakland","LEA District","Elem thru High School","City: Small","Oakland Region","5","07","Mathematics","Not Migrant","328","354","220","36.40","39.20","24.40","902","55.20"
"22 - 23 School Year","63","Oakland Schools","63150","Troy School District","00000","All Buildings","63","Oakland","LEA District","Elem thru High School","City: Small","Oakland Region","5","07","Mathematics","Male","184","166","119","39.20","35.40","25.40","469","55.90"
"22 - 23 School Year","63","Oakland Schools","63150","Troy School District","00000","All Buildings","63","Oakland","LEA District","Elem thru High School","City: Small","Oakland Region","5","08","Mathematics","Not Migrant","252","370","222","29.90","43.80","26.30","844","51.50"
"22 - 23 School Year","63","Oakland Schools","63150","Troy School District","00000","All Buildings","63","Oakland","LEA District","Elem thru High School","City: Small","Oakland Region","5","04","Mathematics","Native Hawaiian or Other Pacific Islander","< 10","< 10","< 10","< 10","< 10","< 10","< 10","< 10"
"22 - 23 School Year","63","Oakland Schools","63150","Troy School District","00000","All Buildings","63","Oakland","LEA District","Elem thru High School","City: Small","Oakland Region","5","04","Mathematics","White, not of Hispanic origin","131","142","85","36.60","39.70","23.70","358","55.50"
"22 - 23 School Year","63","Oakland Schools","63150","Troy School District","00000","All Buildings","63","Oakland","LEA District","Elem thru High School","City: Small","Oakland Region","5","11","Mathematics","White, not of Hispanic origin","215","173","110","43.20","34.70","22.10","498","59.00"
"22 - 23 School Year","63","Oakland Schools","63150","Troy School District","00000","All Buildings","63","Oakland","LEA District","Elem thru High School","City: Small","Oakland Region","5","11","Mathematics","Male","228","143","93","49.10","30.80","20.00","464","62.70"
"22 - 23 School Year","63","Oakland Schools","63150","Troy School District","00000","All Buildings","63","Oakland","LEA District","Elem thru High School","City: Small","Oakland Region","5","11","Mathematics","Not Migrant","454","272","175","50.40","30.20","19.40","901","63.10"
"22 - 23 School Year","63","Oakland Schools","63150","Troy School District","00000","All Buildings","63","Oakland","LEA District","Elem thru High School","City: Small","Oakland Region","5","11","Mathematics","Native Hawaiian or Other Pacific Islander","< 10","< 10","< 10","< 10","< 10","< 10","< 10","< 10"
"22 - 23 School Year","63","Oakland Schools","63150","Troy School District","00000","All Buildings","63","Oakland","LEA District","Elem thru High School","City: Small","Oakland Region","5","08","Mathematics","White, not of Hispanic origin","109","175","121","26.90","43.20","29.90","405","49.20"
"22 - 23 School Year","63","Oakland Schools","63150","Troy School District","00000","All Buildings","63","Oakland","LEA District","Elem thru High School","City: Small","Oakland Region","5","08","Mathematics","Male","127","191","118","29.10","43.80","27.10","436","51.00"
"22 - 23 School Year","63","Oakland Schools","63150","Troy School District","00000","All Buildings","63","Oakland","LEA District","Elem thru High School","City: Small","Oakland Region","5","08","Mathematics","Two or More Races","10","13","14","27.00","35.10","37.80","37","45.90"
"22 - 23 School Year","63","Oakland Schools","63150","Troy School District","00000","All Buildings","63","Oakland","LEA District","Elem thru High School","City: Small","Oakland Region","5","08","Mathematics","Asian","114","153","70","33.80","45.40","20.80","337","55.40"
"22 - 23 School Year","63","Oakland Schools","63150","Troy School District","00000","All Buildings","63","Oakland","LEA District","Elem thru High School","City: Small","Oakland Region","5","07","Mathematics","Two or More Races","16","21","< 10","36.40","47.70","15.90","44","57.20"
"22 - 23 School Year","63","Oakland Schools","63150","Troy School District","00000","All Buildings","63","Oakland","LEA District","Elem thru High School","City: Small","Oakland Region","5","All Grades","Mathematics","Students with Disabilities","116","141","142","29.10","35.30","35.60","399","48.40"
"22 - 23 School Year","63","Oakland Schools","63150","Troy School District","00000","All Buildings","63","Oakland","LEA District","Elem thru High School","City: Small","Oakland Region","5","08","Mathematics","Students with Disabilities","17","19","14","34.00","38.00","28.00","50","51.70"
"22 - 23 School Year","63","Oakland Schools","63150","Troy School District","00000","All Buildings","63","Oakland","LEA District","Elem thru High School","City: Small","Oakland Region","5","08","English Language Arts","Economically Disadvantaged","50","62","35","34.00","42.20","23.80","147","55.30"
"22 - 23 School Year","63","Oakland Schools","63150","Troy School District","00000","All Buildings","63","Oakland","LEA District","Elem thru High School","City: Small","Oakland Region","5","08","English Language Arts","Hispanic","< 10","< 10","< 10","42.90","28.60","28.60","21","57.30"
"22 - 23 School Year","63","Oakland Schools","63150","Troy School District","00000","All Buildings","63","Oakland","LEA District","Elem thru High School","City: Small","Oakland Region","5","08","English Language Arts","Not English Learners","293","316","169","37.70","40.60","21.70","778","56.70"
"22 - 23 School Year","63","Oakland Schools","63150","Troy School District","00000","All Buildings","63","Oakland","LEA District","Elem thru High School","City: Small","Oakland Region","5","08","English Language Arts","Female","157","161","87","38.80","39.80","21.50","405","57.60"
"22 - 23 School Year","63","Oakland Schools","63150","Troy School District","00000","All Buildings","63","Oakland","LEA District","Elem thru High School","City: Small","Oakland Region","5","08","English Language Arts","English Learners","24","24","12","40.00","40.00","20.00","60","57.20"
"22 - 23 School Year","63","Oakland Schools","63150","Troy School District","00000","All Buildings","63","Oakland","LEA District","Elem thru High School","City: Small","Oakland Region","5","11","English Language Arts","American Indian or Alaska Native","< 10","< 10","< 10","< 10","< 10","< 10","< 10","< 10"
"22 - 23 School Year","63","Oakland Schools","63150","Troy School District","00000","All Buildings","63","Oakland","LEA District","Elem thru High School","City: Small","Oakland Region","5","11","English Language Arts","Black, not of Hispanic origin","13","15","14","31.00","35.70","33.30","42","50.30"
"22 - 23 School Year","63","Oakland Schools","63150","Troy School District","00000","All Buildings","63","Oakland","LEA District","Elem thru High School","City: Small","Oakland Region","5","11","English Language Arts","Female","172","182","83","39.40","41.60","19.00","437","58.50"
"22 - 23 School Year","63","Oakland Schools","63150","Troy School District","00000","All Buildings","63","Oakland","LEA District","Elem thru High School","City: Small","Oakland Region","5","11","English Language Arts","English Learners","10","19","12","24.40","46.30","29.30","41","46.70"
"22 - 23 School Year","63","Oakland Schools","63150","Troy School District","00000","All Buildings","63","Oakland","LEA District","Elem thru High School","City: Small","Oakland Region","5","05","English Language Arts","Not English Learners","265","287","201","35.20","38.10","26.70","753","53.60"
"22 - 23 School Year","63","Oakland Schools","63150","Troy School District","00000","All Buildings","63","Oakland","LEA District","Elem thru High School","City: Small","Oakland Region","5","08","English Language Arts","Black, not of Hispanic origin","16","20","< 10","36.40","45.50","18.20","44","58.50"
"22 - 23 School Year","63","Oakland Schools","63150","Troy School District","00000","All Buildings","63","Oakland","LEA District","Elem thru High School","City: Small","Oakland Region","5","All Grades","English Language Arts","All Students","1901","2023","1275","36.60","38.90","24.50","5199","55.20"
"22 - 23 School Year","63","Oakland Schools","63150","Troy School District","00000","All Buildings","63","Oakland","LEA District","Elem thru High School","City: Small","Oakland Region","5","06","English Language Arts","All Students","251","367","279","28.00","40.90","31.10","897","49.00"
"22 - 23 School Year","63","Oakland Schools","63150","Troy School District","00000","All Buildings","63","Oakland","LEA District","Elem thru High School","City: Small","Oakland Region","5","05","English Language Arts","Not Economically Disadvantaged","259","287","178","35.80","39.60","24.60","724","54.30"
"22 - 23 School Year","63","Oakland Schools","63150","Troy School District","00000","All Buildings","63","Oakland","LEA District","Elem thru High School","City: Small","Oakland Region","5","04","English Language Arts","All Students","336","306","158","42.00","38.30","19.80","800","59.80"
"22 - 23 School Year","63","Oakland Schools","63150","Troy School District","00000","All Buildings","63","Oakland","LEA District","Elem thru High School","City: Small","Oakland Region","5","07","English Language Arts","English Learners","18","20","30","26.50","29.40","44.10","68","43.60"
"22 - 23 School Year","63","Oakland Schools","63150","Troy School District","00000","All Buildings","63","Oakland","LEA District","Elem thru High School","City: Small","Oakland Region","5","07","English Language Arts","Female","142","172","115","33.10","40.10","26.80","429","52.50"
"22 - 23 School Year","63","Oakland Schools","63150","Troy School District","00000","All Buildings","63","Oakland","LEA District","Elem thru High School","City: Small","Oakland Region","5","07","English Language Arts","Black, not of Hispanic origin","< 10","22","12","15.00","55.00","30.00","40","44.90"
"22 - 23 School Year","63","Oakland Schools","63150","Troy School District","00000","All Buildings","63","Oakland","LEA District","Elem thru High School","City: Small","Oakland Region","5","07","English Language Arts","American Indian or Alaska Native","< 10","< 10","< 10","< 10","< 10","< 10","< 10","< 10"
"22 - 23 School Year","63","Oakland Schools","63150","Troy School District","00000","All Buildings","63","Oakland","LEA District","Elem thru High School","City: Small","Oakland Region","5","06","English Language Arts","English Learners","18","23","25","27.30","34.80","37.90","66","48.80"
"22 - 23 School Year","63","Oakland Schools","63150","Troy School District","00000","All Buildings","63","Oakland","LEA District","Elem thru High School","City: Small","Oakland Region","5","06","English Language Arts","Female","125","209","131","26.90","44.90","28.20","465","50.00"
"22 - 23 School Year","63","Oakland Schools","63150","Troy School District","00000","All Buildings","63","Oakland","LEA District","Elem thru High School","City: Small","Oakland Region","5","06","English Language Arts","Black, not of Hispanic origin","10","18","23","19.60","35.30","45.10","51","42.60"
"22 - 23 School Year","63","Oakland Schools","63150","Troy School District","00000","All Buildings","63","Oakland","LEA District","Elem thru High School","City: Small","Oakland Region","5","04","English Language Arts","Not Migrant","336","306","158","42.00","38.30","19.80","800","59.80"
"22 - 23 School Year","63","Oakland Schools","63150","Troy School District","00000","All Buildings","63","Oakland","LEA District","Elem thru High School","City: Small","Oakland Region","5","04","English Language Arts","Male","187","160","72","44.60","38.20","17.20","419","62.30"
"22 - 23 School Year","63","Oakland Schools","63150","Troy School District","00000","All Buildings","63","Oakland","LEA District","Elem thru High School","City: Small","Oakland Region","5","04","English Language Arts","White, not of Hispanic origin","144","134","80","40.20","37.40","22.30","358","57.90"
"22 - 23 School Year","63","Oakland Schools","63150","Troy School District","00000","All Buildings","63","Oakland","LEA District","Elem thru High School","City: Small","Oakland Region","5","04","English Language Arts","Native Hawaiian or Other Pacific Islander","< 10","< 10","< 10","< 10","< 10","< 10","< 10","< 10"
"22 - 23 School Year","63","Oakland Schools","63150","Troy School District","00000","All Buildings","63","Oakland","LEA District","Elem thru High School","City: Small","Oakland Region","5","08","English Language Arts","Not Migrant","317","340","181","37.80","40.60","21.60","838","56.70"
"22 - 23 School Year","63","Oakland Schools","63150","Troy School District","00000","All Buildings","63","Oakland","LEA District","Elem thru High School","City: Small","Oakland Region","5","All Grades","English Language Arts","Asian","872","725","361","44.50","37.00","18.40","1958","61.00"
"22 - 23 School Year","63","Oakland Schools","63150","Troy School District","00000","All Buildings","63","Oakland","LEA District","Elem thru High School","City: Small","Oakland Region","5","All Grades","English Language Arts","Two or More Races","69","89","58","31.90","41.20","26.90","216","52.20"
"22 - 23 School Year","63","Oakland Schools","63150","Troy School District","00000","All Buildings","63","Oakland","LEA District","Elem thru High School","City: Small","Oakland Region","5","08","English Language Arts","Male","160","179","94","37.00","41.30","21.70","433","55.90"
"22 - 23 School Year","63","Oakland Schools","63150","Troy School District","00000","All Buildings","63","Oakland","LEA District","Elem thru High School","City: Small","Oakland Region","5","08","English Language Arts","White, not of Hispanic origin","137","171","94","34.10","42.50","23.40","402","54.20"
"22 - 23 School Year","63","Oakland Schools","63150","Troy School District","00000","All Buildings","63","Oakland","LEA District","Elem thru High School","City: Small","Oakland Region","5","05","English Language Arts","Female","149","176","105","34.70","40.90","24.40","430","54.30"
"22 - 23 School Year","63","Oakland Schools","63150","Troy School District","00000","All Buildings","63","Oakland","LEA District","Elem thru High School","City: Small","Oakland Region","5","05","English Language Arts","Black, not of Hispanic origin","12","13","15","30.00","32.50","37.50","40","47.00"
"22 - 23 School Year","63","Oakland Schools","63150","Troy School District","00000","All Buildings","63","Oakland","LEA District","Elem thru High School","City: Small","Oakland Region","5","05","English Language Arts","Not Migrant","301","338","235","34.40","38.70","26.90","874","53.20"
"22 - 23 School Year","63","Oakland Schools","63150","Troy School District","00000","All Buildings","63","Oakland","LEA District","Elem thru High School","City: Small","Oakland Region","5","05","English Language Arts","Male","152","162","130","34.20","36.50","29.30","444","52.10"
"22 - 23 School Year","63","Oakland Schools","63150","Troy School District","00000","All Buildings","63","Oakland","LEA District","Elem thru High School","City: Small","Oakland Region","5","05","English Language Arts","White, not of Hispanic origin","125","168","133","29.30","39.40","31.20","426","49.10"
"22 - 23 School Year","63","Oakland Schools","63150","Troy School District","00000","All Buildings","63","Oakland","LEA District","Elem thru High School","City: Small","Oakland Region","5","05","English Language Arts","American Indian or Alaska Native","< 10","< 10","< 10","< 10","< 10","< 10","< 10","< 10"
"22 - 23 School Year","63","Oakland Schools","63150","Troy School District","00000","All Buildings","63","Oakland","LEA District","Elem thru High School","City: Small","Oakland Region","5","04","English Language Arts","English Learners","60","81","34","34.30","46.30","19.40","175","57.20"
"22 - 23 School Year","63","Oakland Schools","63150","Troy School District","00000","All Buildings","63","Oakland","LEA District","Elem thru High School","City: Small","Oakland Region","5","04","English Language Arts","Female","149","146","86","39.10","38.30","22.60","381","57.00"
"22 - 23 School Year","63","Oakland Schools","63150","Troy School District","00000","All Buildings","63","Oakland","LEA District","Elem thru High School","City: Small","Oakland Region","5","04","English Language Arts","Black, not of Hispanic origin","12","13","11","33.30","36.10","30.60","36","52.30"
"22 - 23 School Year","63","Oakland Schools","63150","Troy School District","00000","All Buildings","63","Oakland","LEA District","Elem thru High School","City: Small","Oakland Region","5","All Grades","English Language Arts","Not Migrant","1901","2023","1275","36.60","38.90","24.50","5199","55.20"
"22 - 23 School Year","63","Oakland Schools","63150","Troy School District","00000","All Buildings","63","Oakland","LEA District","Elem thru High School","City: Small","Oakland Region","5","All Grades","English Language Arts","Male","1007","977","668","38.00","36.80","25.20","2652","55.60"
"22 - 23 School Year","63","Oakland Schools","63150","Troy School District","00000","All Buildings","63","Oakland","LEA District","Elem thru High School","City: Small","Oakland Region","5","All Grades","English Language Arts","White, not of Hispanic origin","821","1009","706","32.40","39.80","27.80","2536","52.10"
"22 - 23 School Year","63","Oakland Schools","63150","Troy School District","00000","All Buildings","63","Oakland","LEA District","Elem thru High School","City: Small","Oakland Region","5","All Grades","English Language Arts","Native Hawaiian or Other Pacific Islander","< 10","< 10","< 10","25.00","41.70","33.30","12","45.80"
"22 - 23 School Year","63","Oakland Schools","63150","Troy School District","00000","All Buildings","63","Oakland","LEA District","Elem thru High School","City: Small","Oakland Region","5","11","English Language Arts","Not Migrant","392","327","179","43.70","36.40","19.90","898","60.30"
"22 - 23 School Year","63","Oakland Schools","63150","Troy School District","00000","All Buildings","63","Oakland","LEA District","Elem thru High School","City: Small","Oakland Region","5","11","English Language Arts","Male","220","145","96","47.70","31.50","20.80","461","62.10"
"22 - 23 School Year","63","Oakland Schools","63150","Troy School District","00000","All Buildings","63","Oakland","LEA District","Elem thru High School","City: Small","Oakland Region","5","05","Mathematics","Not Economically Disadvantaged","328","268","141","44.50","36.40","19.10","737","61.40"
"22 - 23 School Year","63","Oakland Schools","63150","Troy School District","00000","All Buildings","63","Oakland","LEA District","Elem thru High School","City: Small","Oakland Region","5","All Grades","Mathematics","All Students","2111","1989","1157","40.20","37.80","22.00","5257","57.90"
"22 - 23 School Year","63","Oakland Schools","63150","Troy School District","00000","All Buildings","63","Oakland","LEA District","Elem thru High School","City: Small","Oakland Region","5","05","Mathematics","Economically Disadvantaged","43","67","41","28.50","44.40","27.20","151","51.20"
"22 - 23 School Year","63","Oakland Schools","63150","Troy School District","00000","All Buildings","63","Oakland","LEA District","Elem thru High School","City: Small","Oakland Region","5","07","Mathematics","Female","144","188","101","33.30","43.40","23.30","433","54.50"
"22 - 23 School Year","63","Oakland Schools","63150","Troy School District","00000","All Buildings","63","Oakland","LEA District","Elem thru High School","City: Small","Oakland Region","5","07","Mathematics","English Learners","30","28","17","40.00","37.30","22.70","75","55.80"
"22 - 23 School Year","63","Oakland Schools","63150","Troy School District","00000","All Buildings","63","Oakland","LEA District","Elem thru High School","City: Small","Oakland Region","5","08","Mathematics","Economically Disadvantaged","44","54","49","29.90","36.70","33.30","147","50.20"
"22 - 23 School Year","63","Oakland Schools","63150","Troy School District","00000","All Buildings","63","Oakland","LEA District","Elem thru High School","City: Small","Oakland Region","5","08","Mathematics","Hispanic","< 10","< 10","< 10","23.80","42.90","33.30","21","43.80"
"22 - 23 School Year","63","Oakland Schools","63150","Troy School District","00000","All Buildings","63","Oakland","LEA District","Elem thru High School","City: Small","Oakland Region","5","08","Mathematics","Not English Learners","232","347","202","29.70","44.40","25.90","781","51.60"
"22 - 23 School Year","63","Oakland Schools","63150","Troy School District","00000","All Buildings","63","Oakland","LEA District","Elem thru High School","City: Small","Oakland Region","5","08","Mathematics","Black, not of Hispanic origin","14","20","10","31.80","45.50","22.70","44","52.20"
"22 - 23 School Year","63","Oakland Schools","63150","Troy School District","00000","All Buildings","63","Oakland","LEA District","Elem thru High School","City: Small","Oakland Region","5","08","Mathematics","Female","125","179","104","30.60","43.90","25.50","408","52.00"
"22 - 23 School Year","63","Oakland Schools","63150","Troy School District","00000","All Buildings","63","Oakland","LEA District","Elem thru High School","City: Small","Oakland Region","5","08","Mathematics","English Learners","20","23","20","31.70","36.50","31.70","63","50.70"
"22 - 23 School Year","63","Oakland Schools","63150","Troy School District","00000","All Buildings","63","Oakland","LEA District","Elem thru High School","City: Small","Oakland Region","5","08","Mathematics","All Students","252","370","222","29.90","43.80","26.30","844","51.50"
"22 - 23 School Year","63","Oakland Schools","63150","Troy School District","00000","All Buildings","63","Oakland","LEA District","Elem thru High School","City: Small","Oakland Region","5","07","Mathematics","Not Economically Disadvantaged","286","296","182","37.40","38.70","23.80","764","56.10"
"22 - 23 School Year","63","Oakland Schools","63150","Troy School District","00000","All Buildings","63","Oakland","LEA District","Elem thru High School","City: Small","Oakland Region","5","06","Mathematics","Not Economically Disadvantaged","342","274","153","44.50","35.60","19.90","769","60.40"
"22 - 23 School Year","63","Oakland Schools","63150","Troy School District","00000","All Buildings","63","Oakland","LEA District","Elem thru High School","City: Small","Oakland Region","5","All Grades","Mathematics","Not Economically Disadvantaged","1833","1641","914","41.80","37.40","20.80","4388","59.00"
"22 - 23 School Year","63","Oakland Schools","63150","Troy School District","00000","All Buildings","63","Oakland","LEA District","Elem thru High School","City: Small","Oakland Region","5","All Grades","Mathematics","White, not of Hispanic origin","880","1007","655","34.60","39.60","25.80","2542","54.10"
"22 - 23 School Year","63","Oakland Schools","63150","Troy School District","00000","All Buildings","63","Oakland","LEA District","Elem thru High School","City: Small","Oakland Region","5","All Grades","Mathematics","Male","1091","999","597","40.60","37.20","22.20","2687","58.30"
"22 - 23 School Year","63","Oakland Schools","63150","Troy School District","00000","All Buildings","63","Oakland","LEA District","Elem thru High School","City: Small","Oakland Region","5","All Grades","Mathematics","Not Migrant","2111","1989","1157","40.20","37.80","22.00","5257","57.90"
"22 - 23 School Year","63","Oakland Schools","63150","Troy School District","00000","All Buildings","63","Oakland","LEA District","Elem thru High School","City: Small","Oakland Region","5","07","Mathematics","Students with Disabilities","23","28","23","31.10","37.80","31.10","74","52.40"
"22 - 23 School Year","63","Oakland Schools","63150","Troy School District","00000","All Buildings","63","Oakland","LEA District","Elem thru High School","City: Small","Oakland Region","5","11","Mathematics","Students without Disabilities","442","256","134","53.10","30.80","16.10","832","65.30"
"22 - 23 School Year","63","Oakland Schools","63150","Troy School District","00000","All Buildings","63","Oakland","LEA District","Elem thru High School","City: Small","Oakland Region","5","06","Mathematics","Students without Disabilities","376","307","167","44.20","36.10","19.60","850","60.60"
"22 - 23 School Year","63","Oakland Schools","63150","Troy School District","00000","All Buildings","63","Oakland","LEA District","Elem thru High School","City: Small","Oakland Region","5","08","English Language Arts","Students without Disabilities","307","317","165","38.90","40.20","20.90","789","57.40"
"22 - 23 School Year","63","Oakland Schools","63150","Troy School District","00000","All Buildings","63","Oakland","LEA District","Elem thru High School","City: Small","Oakland Region","5","11","English Language Arts","Students with Disabilities","14","28","27","20.30","40.60","39.10","69","41.50"
"22 - 23 School Year","63","Oakland Schools","63150","Troy School District","00000","All Buildings","63","Oakland","LEA District","Elem thru High School","City: Small","Oakland Region","5","05","English Language Arts","Students without Disabilities","283","313","209","35.20","38.90","26.00","805","53.90"
"22 - 23 School Year","63","Oakland Schools","63150","Troy School District","00000","All Buildings","63","Oakland","LEA District","Elem thru High School","City: Small","Oakland Region","5","06","Mathematics","All Students","392","332","188","43.00","36.40","20.60","912","59.80"
"22 - 23 School Year","63","Oakland Schools","63150","Troy School District","00000","All Buildings","63","Oakland","LEA District","Elem thru High School","City: Small","Oakland Region","5","06","Mathematics","White, not of Hispanic origin","137","184","113","31.60","42.40","26.00","434","53.30"
"22 - 23 School Year","63","Oakland Schools","63150","Troy School District","00000","All Buildings","63","Oakland","LEA District","Elem thru High School","City: Small","Oakland Region","5","06","Mathematics","Native Hawaiian or Other Pacific Islander","< 10","< 10","< 10","< 10","< 10","< 10","< 10","< 10"
"22 - 23 School Year","63","Oakland Schools","63150","Troy School District","00000","All Buildings","63","Oakland","LEA District","Elem thru High School","City: Small","Oakland Region","5","06","Mathematics","Not Migrant","392","332","188","43.00","36.40","20.60","912","59.80"
"22 - 23 School Year","63","Oakland Schools","63150","Troy School District","00000","All Buildings","63","Oakland","LEA District","Elem thru High School","City: Small","Oakland Region","5","06","Mathematics","Male","184","164","90","42.00","37.40","20.50","438","59.60"
"22 - 23 School Year","63","Oakland Schools","63150","Troy School District","00000","All Buildings","63","Oakland","LEA District","Elem thru High School","City: Small","Oakland Region","5","05","Mathematics","English Learners","59","51","25","43.70","37.80","18.50","135","61.70"
"22 - 23 School Year","63","Oakland Schools","63150","Troy School District","00000","All Buildings","63","Oakland","LEA District","Elem thru High School","City: Small","Oakland Region","5","05","Mathematics","Female","184","169","82","42.30","38.90","18.90","435","59.90"
"22 - 23 School Year","63","Oakland Schools","63150","Troy School District","00000","All Buildings","63","Oakland","LEA District","Elem thru High School","City: Small","Oakland Region","5","05","Mathematics","Black, not of Hispanic origin","< 10","17","16","17.50","42.50","40.00","40","42.10"
"22 - 23 School Year","63","Oakland Schools","63150","Troy School District","00000","All Buildings","63","Oakland","LEA District","Elem thru High School","City: Small","Oakland Region","5","05","Mathematics","American Indian or Alaska Native","< 10","< 10","< 10","< 10","< 10","< 10","< 10","< 10"
"22 - 23 School Year","63","Oakland Schools","63150","Troy School District","00000","All Buildings","63","Oakland","LEA District","Elem thru High School","City: Small","Oakland Region","5","05","Mathematics","Students with Disabilities","25","24","19","36.80","35.30","27.90","68","53.00"
"22 - 23 School Year","63","Oakland Schools","63150","Troy School District","00000","All Buildings","63","Oakland","LEA District","Elem thru High School","City: Small","Oakland Region","5","04","Mathematics","Students with Disabilities","23","29","24","30.30","38.20","31.60","76","49.70"
"22 - 23 School Year","63","Oakland Schools","63150","Troy School District","00000","All Buildings","63","Oakland","LEA District","Elem thru High School","City: Small","Oakland Region","5","All Grades","Science","Students with Disabilities","< 10","< 10","< 10","< 10","< 10","< 10","< 10","< 10"
"22 - 23 School Year","63","Oakland Schools","63150","Troy School District","00000","All Buildings","63","Oakland","LEA District","Elem thru High School","City: Small","Oakland Region","5","08","Science","Students with Disabilities","< 10","< 10","< 10","< 10","< 10","< 10","< 10","< 10"
"22 - 23 School Year","63","Oakland Schools","63150","Troy School District","00000","All Buildings","63","Oakland","LEA District","Elem thru High School","City: Small","Oakland Region","5","11","Mathematics","All Students","454","272","175","50.40","30.20","19.40","901","63.10"
"22 - 23 School Year","63","Oakland Schools","63150","Troy School District","00000","All Buildings","63","Oakland","LEA District","Elem thru High School","City: Small","Oakland Region","5","All Grades","English Language Arts","Students with Disabilities","84","152","160","21.20","38.40","40.40","396","42.40"
"22 - 23 School Year","63","Oakland Schools","63150","Troy School District","00000","All Buildings","63","Oakland","LEA District","Elem thru High School","City: Small","Oakland Region","5","06","English Language Arts","Students with Disabilities","11","20","30","18.00","32.80","49.20","61","38.40"
"22 - 23 School Year","63","Oakland Schools","63150","Troy School District","00000","All Buildings","63","Oakland","LEA District","Elem thru High School","City: Small","Oakland Region","5","07","English Language Arts","Students with Disabilities","14","23","37","18.90","31.10","50.00","74","37.60"
"22 - 23 School Year","63","Oakland Schools","63150","Troy School District","00000","All Buildings","63","Oakland","LEA District","Elem thru High School","City: Small","Oakland Region","5","04","English Language Arts","Students with Disabilities","17","33","24","23.00","44.60","32.40","74","47.00"
"22 - 23 School Year","63","Oakland Schools","63150","Troy School District","00000","All Buildings","63","Oakland","LEA District","Elem thru High School","City: Small","Oakland Region","5","07","English Language Arts","Students without Disabilities","290","322","206","35.50","39.40","25.20","818","54.40"
"22 - 23 School Year","63","Oakland Schools","63150","Troy School District","00000","All Buildings","63","Oakland","LEA District","Elem thru High School","City: Small","Oakland Region","5","11","English Language Arts","Students without Disabilities","378","299","152","45.60","36.10","18.30","829","61.90"
"22 - 23 School Year","63","Oakland Schools","63150","Troy School District","00000","All Buildings","63","Oakland","LEA District","Elem thru High School","City: Small","Oakland Region","5","All Grades","Mathematics","English Learners","234","208","135","40.60","36.00","23.40","577","57.30"
"22 - 23 School Year","63","Oakland Schools","63150","Troy School District","00000","All Buildings","63","Oakland","LEA District","Elem thru High School","City: Small","Oakland Region","5","All Grades","Mathematics","Female","1020","990","560","39.70","38.50","21.80","2570","57.50"
"22 - 23 School Year","63","Oakland Schools","63150","Troy School District","00000","All Buildings","63","Oakland","LEA District","Elem thru High School","City: Small","Oakland Region","5","06","Mathematics","English Learners","29","30","19","37.20","38.50","24.40","78","55.80"
"22 - 23 School Year","63","Oakland Schools","63150","Troy School District","00000","All Buildings","63","Oakland","LEA District","Elem thru High School","City: Small","Oakland Region","5","06","Mathematics","Female","208","168","98","43.90","35.40","20.70","474","59.90"
"22 - 23 School Year","63","Oakland Schools","63150","Troy School District","00000","All Buildings","63","Oakland","LEA District","Elem thru High School","City: Small","Oakland Region","5","06","Mathematics","Black, not of Hispanic origin","12","25","14","23.50","49.00","27.50","51","49.40"
"22 - 23 School Year","63","Oakland Schools","63150","Troy School District","00000","All Buildings","63","Oakland","LEA District","Elem thru High School","City: Small","Oakland Region","5","All Grades","Mathematics","Not English Learners","1877","1781","1022","40.10","38.10","21.80","4680","58.00"
"22 - 23 School Year","63","Oakland Schools","63150","Troy School District","00000","All Buildings","63","Oakland","LEA District","Elem thru High School","City: Small","Oakland Region","5","07","Mathematics","Black, not of Hispanic origin","12","21","< 10","28.60","50.00","21.40","42","53.00"
"22 - 23 School Year","63","Oakland Schools","63150","Troy School District","00000","All Buildings","63","Oakland","LEA District","Elem thru High School","City: Small","Oakland Region","5","07","Mathematics","American Indian or Alaska Native","< 10","< 10","< 10","< 10","< 10","< 10","< 10","< 10"
"22 - 23 School Year","63","Oakland Schools","63150","Troy School District","00000","All Buildings","63","Oakland","LEA District","Elem thru High School","City: Small","Oakland Region","5","All Grades","Mathematics","Asian","972","711","311","48.70","35.70","15.60","1994","64.20"
"22 - 23 School Year","63","Oakland Schools","63150","Troy School District","00000","All Buildings","63","Oakland","LEA District","Elem thru High School","City: Small","Oakland Region","5","All Grades","Mathematics","Two or More Races","86","74","55","40.00","34.40","25.60","215","56.60"
"22 - 23 School Year","63","Oakland Schools","63150","Troy School District","00000","All Buildings","63","Oakland","LEA District","Elem thru High School","City: Small","Oakland Region","5","All Grades","Mathematics","Black, not of Hispanic origin","74","106","76","28.90","41.40","29.70","256","50.30"
"22 - 23 School Year","63","Oakland Schools","63150","Troy School District","00000","All Buildings","63","Oakland","LEA District","Elem thru High School","City: Small","Oakland Region","5","All Grades","Mathematics","American Indian or Alaska Native","< 10","< 10","< 10","< 10","< 10","< 10","< 10","< 10"
"22 - 23 School Year","63","Oakland Schools","63150","Troy School District","00000","All Buildings","63","Oakland","LEA District","Elem thru High School","City: Small","Oakland Region","5","07","Mathematics","White, not of Hispanic origin","126","171","124","29.90","40.60","29.50","421","50.90"
"22 - 23 School Year","63","Oakland Schools","63150","Troy School District","00000","All Buildings","63","Oakland","LEA District","Elem thru High School","City: Small","Oakland Region","5","07","Mathematics","Native Hawaiian or Other Pacific Islander","< 10","< 10","< 10","< 10","< 10","< 10","< 10","< 10"
"22 - 23 School Year","63","Oakland Schools","63150","Troy School District","00000","All Buildings","63","Oakland","LEA District","Elem thru High School","City: Small","Oakland Region","5","04","Mathematics","Two or More Races","< 10","11","< 10","31.00","37.90","31.00","29","54.00"
"22 - 23 School Year","63","Oakland Schools","63150","Troy School District","00000","All Buildings","63","Oakland","LEA District","Elem thru High School","City: Small","Oakland Region","5","11","Mathematics","Asian","189","59","32","67.50","21.10","11.40","280","72.80"
"22 - 23 School Year","63","Oakland Schools","63150","Troy School District","00000","All Buildings","63","Oakland","LEA District","Elem thru High School","City: Small","Oakland Region","5","11","Mathematics","Two or More Races","16","10","< 10","48.50","30.30","21.20","33","60.10"
"22 - 23 School Year","63","Oakland Schools","63150","Troy School District","00000","All Buildings","63","Oakland","LEA District","Elem thru High School","City: Small","Oakland Region","5","04","English Language Arts","Asian","156","125","55","46.40","37.20","16.40","336","63.10"
"22 - 23 School Year","63","Oakland Schools","63150","Troy School District","00000","All Buildings","63","Oakland","LEA District","Elem thru High School","City: Small","Oakland Region","5","04","English Language Arts","Two or More Races","10","12","< 10","34.50","41.40","24.10","29","53.30"
"22 - 23 School Year","63","Oakland Schools","63150","Troy School District","00000","All Buildings","63","Oakland","LEA District","Elem thru High School","City: Small","Oakland Region","5","07","English Language Arts","Not Migrant","304","345","243","34.10","38.70","27.20","892","53.00"
"22 - 23 School Year","63","Oakland Schools","63150","Troy School District","00000","All Buildings","63","Oakland","LEA District","Elem thru High School","City: Small","Oakland Region","5","07","English Language Arts","Male","162","173","128","35.00","37.40","27.60","463","53.40"
"22 - 23 School Year","63","Oakland Schools","63150","Troy School District","00000","All Buildings","63","Oakland","LEA District","Elem thru High School","City: Small","Oakland Region","5","07","English Language Arts","White, not of Hispanic origin","132","145","143","31.40","34.50","34.00","420","49.00"
"22 - 23 School Year","63","Oakland Schools","63150","Troy School District","00000","All Buildings","63","Oakland","LEA District","Elem thru High School","City: Small","Oakland Region","5","All Grades","English Language Arts","English Learners","166","218","147","31.30","41.10","27.70","531","52.10"
"22 - 23 School Year","63","Oakland Schools","63150","Troy School District","00000","All Buildings","63","Oakland","LEA District","Elem thru High School","City: Small","Oakland Region","5","All Grades","English Language Arts","Female","894","1046","607","35.10","41.10","23.80","2547","54.90"
"22 - 23 School Year","63","Oakland Schools","63150","Troy School District","00000","All Buildings","63","Oakland","LEA District","Elem thru High School","City: Small","Oakland Region","5","06","English Language Arts","Asian","109","134","89","32.80","40.40","26.80","332","51.90"
"22 - 23 School Year","63","Oakland Schools","63150","Troy School District","00000","All Buildings","63","Oakland","LEA District","Elem thru High School","City: Small","Oakland Region","5","06","English Language Arts","Two or More Races","< 10","16","14","21.10","42.10","36.80","38","42.90"
"22 - 23 School Year","63","Oakland Schools","63150","Troy School District","00000","All Buildings","63","Oakland","LEA District","Elem thru High School","City: Small","Oakland Region","5","06","Mathematics","Students with Disabilities","16","25","21","25.80","40.30","33.90","62","48.10"
"22 - 23 School Year","63","Oakland Schools","63150","Troy School District","00000","All Buildings","63","Oakland","LEA District","Elem thru High School","City: Small","Oakland Region","5","11","Mathematics","Students with Disabilities","12","16","41","17.40","23.20","59.40","69","35.90"
"22 - 23 School Year","63","Oakland Schools","63150","Troy School District","00000","All Buildings","63","Oakland","LEA District","Elem thru High School","City: Small","Oakland Region","5","08","Mathematics","Students without Disabilities","235","351","208","29.60","44.20","26.20","794","51.50"
"22 - 23 School Year","63","Oakland Schools","63150","Troy School District","00000","All Buildings","63","Oakland","LEA District","Elem thru High School","City: Small","Oakland Region","5","All Grades","Mathematics","Students without Disabilities","1995","1848","1015","41.10","38.00","20.90","4858","58.70"
"22 - 23 School Year","63","Oakland Schools","63150","Troy School District","00000","All Buildings","63","Oakland","LEA District","Elem thru High School","City: Small","Oakland Region","5","08","English Language Arts","Students with Disabilities","10","23","16","20.40","46.90","32.70","49","46.50"
"22 - 23 School Year","63","Oakland Schools","63150","Troy School District","00000","All Buildings","63","Oakland","LEA District","Elem thru High School","City: Small","Oakland Region","5","All Grades","Science","Asian","< 10","< 10","< 10","< 10","< 10","< 10","< 10","< 10"
"22 - 23 School Year","63","Oakland Schools","63150","Troy School District","00000","All Buildings","63","Oakland","LEA District","Elem thru High School","City: Small","Oakland Region","5","All Grades","Science","Economically Disadvantaged","< 10","< 10","< 10","< 10","< 10","< 10","< 10","< 10"
"22 - 23 School Year","63","Oakland Schools","63150","Troy School District","00000","All Buildings","63","Oakland","LEA District","Elem thru High School","City: Small","Oakland Region","5","08","Science","Male","< 10","< 10","< 10","< 10","< 10","< 10","< 10","< 10"
"22 - 23 School Year","63","Oakland Schools","63150","Troy School District","00000","All Buildings","63","Oakland","LEA District","Elem thru High School","City: Small","Oakland Region","5","08","Science","White, not of Hispanic origin","< 10","< 10","< 10","< 10","< 10","< 10","< 10","< 10"
"22 - 23 School Year","63","Oakland Schools","63150","Troy School District","00000","All Buildings","63","Oakland","LEA District","Elem thru High School","City: Small","Oakland Region","5","08","Science","Not English Learners","< 10","< 10","< 10","< 10","< 10","< 10","< 10","< 10"
"22 - 23 School Year","63","Oakland Schools","63150","Troy School District","00000","All Buildings","63","Oakland","LEA District","Elem thru High School","City: Small","Oakland Region","5","08","Science","Economically Disadvantaged","< 10","< 10","< 10","< 10","< 10","< 10","< 10","< 10"
"22 - 23 School Year","63","Oakland Schools","63150","Troy School District","00000","All Buildings","63","Oakland","LEA District","Elem thru High School","City: Small","Oakland Region","5","08","Science","Not Migrant","< 10","< 10","< 10","< 10","< 10","< 10","< 10","< 10"
"22 - 23 School Year","63","Oakland Schools","63150","Troy School District","00000","All Buildings","63","Oakland","LEA District","Elem thru High School","City: Small","Oakland Region","5","08","Science","All Students","< 10","< 10","< 10","< 10","< 10","< 10","< 10","< 10"
"22 - 23 School Year","63","Oakland Schools","63150","Troy School District","00000","All Buildings","63","Oakland","LEA District","Elem thru High School","City: Small","Oakland Region","5","08","Science","Asian","< 10","< 10","< 10","< 10","< 10","< 10","< 10","< 10"
"22 - 23 School Year","63","Oakland Schools","63150","Troy School District","00000","All Buildings","63","Oakland","LEA District","Elem thru High School","City: Small","Oakland Region","5","All Grades","Science","All Students","< 10","< 10","< 10","< 10","< 10","< 10","< 10","< 10"
"22 - 23 School Year","63","Oakland Schools","63150","Troy School District","00000","All Buildings","63","Oakland","LEA District","Elem thru High School","City: Small","Oakland Region","5","All Grades","Science","Not Economically Disadvantaged","< 10","< 10","< 10","< 10","< 10","< 10","< 10","< 10"
"22 - 23 School Year","63","Oakland Schools","63150","Troy School District","00000","All Buildings","63","Oakland","LEA District","Elem thru High School","City: Small","Oakland Region","5","All Grades","Science","Not Migrant","< 10","< 10","< 10","< 10","< 10","< 10","< 10","< 10"
"22 - 23 School Year","63","Oakland Schools","63150","Troy School District","00000","All Buildings","63","Oakland","LEA District","Elem thru High School","City: Small","Oakland Region","5","All Grades","Science","Male","< 10","< 10","< 10","< 10","< 10","< 10","< 10","< 10"
"22 - 23 School Year","63","Oakland Schools","63150","Troy School District","00000","All Buildings","63","Oakland","LEA District","Elem thru High School","City: Small","Oakland Region","5","All Grades","Science","White, not of Hispanic origin","< 10","< 10","< 10","< 10","< 10","< 10","< 10","< 10"
"22 - 23 School Year","63","Oakland Schools","63150","Troy School District","00000","All Buildings","63","Oakland","LEA District","Elem thru High School","City: Small","Oakland Region","5","08","Science","Not Economically Disadvantaged","< 10","< 10","< 10","< 10","< 10","< 10","< 10","< 10"
"22 - 23 School Year","63","Oakland Schools","63150","Troy School District","00000","All Buildings","63","Oakland","LEA District","Elem thru High School","City: Small","Oakland Region","5","All Grades","Science","Not English Learners","< 10","< 10","< 10","< 10","< 10","< 10","< 10","< 10"
"22 - 23 School Year","63","Oakland Schools","63150","Troy School District","00000","All Buildings","63","Oakland","LEA District","Elem thru High School","City: Small","Oakland Region","5","06","Mathematics","Not English Learners","363","302","169","43.50","36.20","20.30","834","60.10"
"22 - 23 School Year","63","Oakland Schools","63150","Troy School District","00000","All Buildings","63","Oakland","LEA District","Elem thru High School","City: Small","Oakland Region","5","06","Mathematics","Hispanic","21","14","< 10","48.80","32.60","18.60","43","59.60"
"22 - 23 School Year","63","Oakland Schools","63150","Troy School District","00000","All Buildings","63","Oakland","LEA District","Elem thru High School","City: Small","Oakland Region","5","06","Mathematics","Economically Disadvantaged","50","58","35","35.00","40.60","24.50","143","56.20"
"22 - 23 School Year","63","Oakland Schools","63150","Troy School District","00000","All Buildings","63","Oakland","LEA District","Elem thru High School","City: Small","Oakland Region","5","07","Mathematics","Not English Learners","298","326","203","36.00","39.40","24.50","827","55.20"
"22 - 23 School Year","63","Oakland Schools","63150","Troy School District","00000","All Buildings","63","Oakland","LEA District","Elem thru High School","City: Small","Oakland Region","5","07","Mathematics","Hispanic","22","14","12","45.80","29.20","25.00","48","57.30"
"22 - 23 School Year","63","Oakland Schools","63150","Troy School District","00000","All Buildings","63","Oakland","LEA District","Elem thru High School","City: Small","Oakland Region","5","07","Mathematics","Economically Disadvantaged","42","58","38","30.40","42.00","27.50","138","50.30"
"22 - 23 School Year","63","Oakland Schools","63150","Troy School District","00000","All Buildings","63","Oakland","LEA District","Elem thru High School","City: Small","Oakland Region","5","08","Mathematics","Not Economically Disadvantaged","208","316","173","29.80","45.30","24.80","697","51.80"
"22 - 23 School Year","63","Oakland Schools","63150","Troy School District","00000","All Buildings","63","Oakland","LEA District","Elem thru High School","City: Small","Oakland Region","5","11","Mathematics","Not Economically Disadvantaged","396","227","133","52.40","30.00","17.60","756","64.60"
"22 - 23 School Year","63","Oakland Schools","63150","Troy School District","00000","All Buildings","63","Oakland","LEA District","Elem thru High School","City: Small","Oakland Region","5","04","Mathematics","Not Economically Disadvantaged","273","260","132","41.10","39.10","19.80","665","59.50"
"22 - 23 School Year","63","Oakland Schools","63150","Troy School District","00000","All Buildings","63","Oakland","LEA District","Elem thru High School","City: Small","Oakland Region","5","04","Mathematics","All Students","314","326","170","38.80","40.20","21.00","810","57.80"
"22 - 23 School Year","63","Oakland Schools","63150","Troy School District","00000","All Buildings","63","Oakland","LEA District","Elem thru High School","City: Small","Oakland Region","5","11","Mathematics","English Learners","13","16","15","29.50","36.40","34.10","44","50.80"
"22 - 23 School Year","63","Oakland Schools","63150","Troy School District","00000","All Buildings","63","Oakland","LEA District","Elem thru High School","City: Small","Oakland Region","5","11","Mathematics","Female","226","129","82","51.70","29.50","18.80","437","63.40"
"22 - 23 School Year","63","Oakland Schools","63150","Troy School District","00000","All Buildings","63","Oakland","LEA District","Elem thru High School","City: Small","Oakland Region","5","11","Mathematics","Black, not of Hispanic origin","17","12","13","40.50","28.60","31.00","42","55.00"
"22 - 23 School Year","63","Oakland Schools","63150","Troy School District","00000","All Buildings","63","Oakland","LEA District","Elem thru High School","City: Small","Oakland Region","5","11","Mathematics","American Indian or Alaska Native","< 10","< 10","< 10","< 10","< 10","< 10","< 10","< 10"
"22 - 23 School Year","63","Oakland Schools","63150","Troy School District","00000","All Buildings","63","Oakland","LEA District","Elem thru High School","City: Small","Oakland Region","5","05","Mathematics","All Students","371","335","182","41.80","37.70","20.50","888","59.60"
"22 - 23 School Year","63","Oakland Schools","63150","Troy School District","00000","All Buildings","63","Oakland","LEA District","Elem thru High School","City: Small","Oakland Region","5","All Grades","Mathematics","Hispanic","94","83","58","40.00","35.30","24.70","235","55.60"
"22 - 23 School Year","63","Oakland Schools","63150","Troy School District","00000","All Buildings","63","Oakland","LEA District","Elem thru High School","City: Small","Oakland Region","5","All Grades","Mathematics","Economically Disadvantaged","278","348","243","32.00","40.00","28.00","869","52.10"
"22 - 23 School Year","63","Oakland Schools","63150","Troy School District","00000","All Buildings","63","Oakland","LEA District","Elem thru High School","City: Small","Oakland Region","5","08","English Language Arts","All Students","317","340","181","37.80","40.60","21.60","838","56.70"
"22 - 23 School Year","63","Oakland Schools","63150","Troy School District","00000","All Buildings","63","Oakland","LEA District","Elem thru High School","City: Small","Oakland Region","5","05","English Language Arts","Two or More Races","11","14","< 10","32.40","41.20","26.50","34","53.50"
"22 - 23 School Year","63","Oakland Schools","63150","Troy School District","00000","All Buildings","63","Oakland","LEA District","Elem thru High School","City: Small","Oakland Region","5","05","English Language Arts","Asian","146","125","69","42.90","36.80","20.30","340","59.60"
"22 - 23 School Year","63","Oakland Schools","63150","Troy School District","00000","All Buildings","63","Oakland","LEA District","Elem thru High School","City: Small","Oakland Region","5","07","English Language Arts","Two or More Races","18","16","10","40.90","36.40","22.70","44","56.80"
"22 - 23 School Year","63","Oakland Schools","63150","Troy School District","00000","All Buildings","63","Oakland","LEA District","Elem thru High School","City: Small","Oakland Region","5","07","English Language Arts","Asian","135","141","61","40.10","41.80","18.10","337","59.40"
"22 - 23 School Year","63","Oakland Schools","63150","Troy School District","00000","All Buildings","63","Oakland","LEA District","Elem thru High School","City: Small","Oakland Region","5","11","English Language Arts","Two or More Races","16","< 10","< 10","48.50","27.30","24.20","33","59.40"
"22 - 23 School Year","63","Oakland Schools","63150","Troy School District","00000","All Buildings","63","Oakland","LEA District","Elem thru High School","City: Small","Oakland Region","5","11","English Language Arts","Asian","177","79","24","63.20","28.20","8.60","280","73.70"
"22 - 23 School Year","63","Oakland Schools","63150","Troy School District","00000","All Buildings","63","Oakland","LEA District","Elem thru High School","City: Small","Oakland Region","5","08","English Language Arts","Two or More Races","< 10","22","10","15.80","57.90","26.30","38","47.90"
"22 - 23 School Year","63","Oakland Schools","63150","Troy School District","00000","All Buildings","63","Oakland","LEA District","Elem thru High School","City: Small","Oakland Region","5","08","English Language Arts","Asian","149","121","63","44.70","36.30","18.90","333","60.50"
"22 - 23 School Year","63","Oakland Schools","63150","Troy School District","00000","All Buildings","63","Oakland","LEA District","Elem thru High School","City: Small","Oakland Region","5","06","English Language Arts","Native Hawaiian or Other Pacific Islander","< 10","< 10","< 10","< 10","< 10","< 10","< 10","< 10"
"22 - 23 School Year","63","Oakland Schools","63150","Troy School District","00000","All Buildings","63","Oakland","LEA District","Elem thru High School","City: Small","Oakland Region","5","06","English Language Arts","White, not of Hispanic origin","114","181","137","26.40","41.90","31.70","432","48.60"
"22 - 23 School Year","63","Oakland Schools","63150","Troy School District","00000","All Buildings","63","Oakland","LEA District","Elem thru High School","City: Small","Oakland Region","5","06","English Language Arts","Male","126","158","148","29.20","36.60","34.30","432","47.90"
"22 - 23 School Year","63","Oakland Schools","63150","Troy School District","00000","All Buildings","63","Oakland","LEA District","Elem thru High School","City: Small","Oakland Region","5","06","English Language Arts","Not Migrant","251","367","279","28.00","40.90","31.10","897","49.00"
"22 - 23 School Year","63","Oakland Schools","63150","Troy School District","00000","All Buildings","63","Oakland","LEA District","Elem thru High School","City: Small","Oakland Region","5","05","English Language Arts","Students with Disabilities","18","25","26","26.10","36.20","37.70","69","44.10"
"22 - 23 School Year","63","Oakland Schools","63150","Troy School District","00000","All Buildings","63","Oakland","LEA District","Elem thru High School","City: Small","Oakland Region","5","07","Mathematics","Students without Disabilities","305","326","197","36.80","39.40","23.80","828","55.50"
"22 - 23 School Year","63","Oakland Schools","63150","Troy School District","00000","All Buildings","63","Oakland","LEA District","Elem thru High School","City: Small","Oakland Region","5","04","Mathematics","Students without Disabilities","291","297","146","39.60","40.50","19.90","734","58.60"
"22 - 23 School Year","63","Oakland Schools","63150","Troy School District","00000","All Buildings","63","Oakland","LEA District","Elem thru High School","City: Small","Oakland Region","5","06","English Language Arts","Economically Disadvantaged","33","57","52","23.20","40.10","36.60","142","44.90"
"22 - 23 School Year","63","Oakland Schools","63150","Troy School District","00000","All Buildings","63","Oakland","LEA District","Elem thru High School","City: Small","Oakland Region","5","06","English Language Arts","Hispanic","< 10","17","14","22.50","42.50","35.00","40","43.90"
"22 - 23 School Year","63","Oakland Schools","63150","Troy School District","00000","All Buildings","63","Oakland","LEA District","Elem thru High School","City: Small","Oakland Region","5","06","English Language Arts","Not English Learners","233","344","254","28.00","41.40","30.60","831","49.00"
"22 - 23 School Year","63","Oakland Schools","63150","Troy School District","00000","All Buildings","63","Oakland","LEA District","Elem thru High School","City: Small","Oakland Region","5","07","English Language Arts","Economically Disadvantaged","36","50","51","26.30","36.50","37.20","137","45.80"
"22 - 23 School Year","63","Oakland Schools","63150","Troy School District","00000","All Buildings","63","Oakland","LEA District","Elem thru High School","City: Small","Oakland Region","5","07","English Language Arts","Hispanic","11","20","15","23.90","43.50","32.60","46","46.00"
"22 - 23 School Year","63","Oakland Schools","63150","Troy School District","00000","All Buildings","63","Oakland","LEA District","Elem thru High School","City: Small","Oakland Region","5","07","English Language Arts","Not English Learners","286","325","213","34.70","39.40","25.80","824","53.80"
"22 - 23 School Year","63","Oakland Schools","63150","Troy School District","00000","All Buildings","63","Oakland","LEA District","Elem thru High School","City: Small","Oakland Region","5","11","English Language Arts","Not Economically Disadvantaged","341","267","146","45.20","35.40","19.40","754","61.30"
"22 - 23 School Year","63","Oakland Schools","63150","Troy School District","00000","All Buildings","63","Oakland","LEA District","Elem thru High School","City: Small","Oakland Region","5","04","English Language Arts","Not Economically Disadvantaged","287","250","120","43.70","38.10","18.30","657","60.90"
"22 - 23 School Year","63","Oakland Schools","63150","Troy School District","00000","All Buildings","63","Oakland","LEA District","Elem thru High School","City: Small","Oakland Region","5","05","English Language Arts","All Students","301","338","235","34.40","38.70","26.90","874","53.20"
"22 - 23 School Year","63","Oakland Schools","63150","Troy School District","00000","All Buildings","63","Oakland","LEA District","Elem thru High School","City: Small","Oakland Region","5","All Grades","English Language Arts","Economically Disadvantaged","261","336","266","30.20","38.90","30.80","863","50.60"
"22 - 23 School Year","63","Oakland Schools","63150","Troy School District","00000","All Buildings","63","Oakland","LEA District","Elem thru High School","City: Small","Oakland Region","5","All Grades","English Language Arts","Hispanic","66","93","62","29.90","42.10","28.10","221","51.00"
"22 - 23 School Year","63","Oakland Schools","63150","Troy School District","00000","All Buildings","63","Oakland","LEA District","Elem thru High School","City: Small","Oakland Region","5","All Grades","English Language Arts","Not English Learners","1735","1805","1128","37.20","38.70","24.20","4668","55.60"
"22 - 23 School Year","63","Oakland Schools","63150","Troy School District","00000","All Buildings","63","Oakland","LEA District","Elem thru High School","City: Small","Oakland Region","5","All Grades","English Language Arts","Not Economically Disadvantaged","1640","1687","1009","37.80","38.90","23.30","4336","56.20"
"22 - 23 School Year","63","Oakland Schools","63150","Troy School District","00000","All Buildings","63","Oakland","LEA District","Elem thru High School","City: Small","Oakland Region","5","06","English Language Arts","Not Economically Disadvantaged","218","310","227","28.90","41.10","30.10","755","49.70"
"22 - 23 School Year","63","Oakland Schools","63150","Troy School District","00000","All Buildings","63","Oakland","LEA District","Elem thru High School","City: Small","Oakland Region","5","07","English Language Arts","Not Economically Disadvantaged","268","295","192","35.50","39.10","25.40","755","54.30"
"22 - 23 School Year","63","Oakland Schools","63150","Troy School District","00000","All Buildings","63","Oakland","LEA District","Elem thru High School","City: Small","Oakland Region","5","08","English Language Arts","Not Economically Disadvantaged","267","278","146","38.60","40.20","21.10","691","57.00"
"22 - 23 School Year","63","Oakland Schools","63150","Troy School District","00000","All Buildings","63","Oakland","LEA District","Elem thru High School","City: Small","Oakland Region","5","All Grades","English Language Arts","American Indian or Alaska Native","< 10","< 10","< 10","< 10","< 10","< 10","< 10","< 10"
"22 - 23 School Year","63","Oakland Schools","63150","Troy School District","00000","All Buildings","63","Oakland","LEA District","Elem thru High School","City: Small","Oakland Region","5","All Grades","English Language Arts","Black, not of Hispanic origin","69","101","83","27.30","39.90","32.80","253","49.10"
"22 - 23 School Year","63","Oakland Schools","63150","Troy School District","00000","All Buildings","63","Oakland","LEA District","Elem thru High School","City: Small","Oakland Region","5","All Grades","English Language Arts","Students without Disabilities","1817","1871","1115","37.80","39.00","23.20","4803","56.30"
"22 - 23 School Year","63","Oakland Schools","63150","Troy School District","00000","All Buildings","63","Oakland","LEA District","Elem thru High School","City: Small","Oakland Region","5","06","English Language Arts","Students without Disabilities","240","347","249","28.70","41.50","29.80","836","49.80"
"22 - 23 School Year","63","Oakland Schools","63150","Troy School District","00000","All Buildings","63","Oakland","LEA District","Elem thru High School","City: Small","Oakland Region","5","04","English Language Arts","Students without Disabilities","319","273","134","43.90","37.60","18.50","726","61.10"
"22 - 23 School Year","63","Oakland Schools","63150","Troy School District","00174","Baker Middle School","63","Oakland","LEA School","Middle School","City: Small","Oakland Region","5","08","English Language Arts","Students with Disabilities","< 10","< 10","< 10","25.00","50.00","25.00","12","47.80"
"22 - 23 School Year","63","Oakland Schools","63150","Troy School District","00174","Baker Middle School","63","Oakland","LEA School","Middle School","City: Small","Oakland Region","5","07","English Language Arts","Students with Disabilities","< 10","10","< 10","20.80","41.70","37.50","24","40.10"
"22 - 23 School Year","63","Oakland Schools","63150","Troy School District","00174","Baker Middle School","63","Oakland","LEA School","Middle School","City: Small","Oakland Region","5","06","English Language Arts","Students with Disabilities","< 10","< 10","< 10","14.30","28.60","57.10","14","34.40"
"22 - 23 School Year","63","Oakland Schools","63150","Troy School District","00174","Baker Middle School","63","Oakland","LEA School","Middle School","City: Small","Oakland Region","5","06","English Language Arts","Students without Disabilities","72","73","33","40.40","41.00","18.50","178","58.80"
"22 - 23 School Year","63","Oakland Schools","63150","Troy School District","00174","Baker Middle School","63","Oakland","LEA School","Middle School","City: Small","Oakland Region","5","All Grades","Mathematics","Students without Disabilities","212","201","128","39.20","37.20","23.70","541","57.10"
"22 - 23 School Year","63","Oakland Schools","63150","Troy School District","00174","Baker Middle School","63","Oakland","LEA School","Middle School","City: Small","Oakland Region","5","All Grades","English Language Arts","Two or More Races","10","< 10","< 10","37.00","33.30","29.60","27","51.10"
"22 - 23 School Year","63","Oakland Schools","63150","Troy School District","00174","Baker Middle School","63","Oakland","LEA School","Middle School","City: Small","Oakland Region","5","All Grades","English Language Arts","Asian","89","91","34","41.60","42.50","15.90","214","59.60"
"22 - 23 School Year","63","Oakland Schools","63150","Troy School District","00174","Baker Middle School","63","Oakland","LEA School","Middle School","City: Small","Oakland Region","5","07","English Language Arts","Students without Disabilities","67","82","33","36.80","45.10","18.10","182","58.00"
"22 - 23 School Year","63","Oakland Schools","63150","Troy School District","00174","Baker Middle School","63","Oakland","LEA School","Middle School","City: Small","Oakland Region","5","06","Mathematics","Students with Disabilities","< 10","< 10","< 10","26.70","46.70","26.70","15","52.10"
"22 - 23 School Year","63","Oakland Schools","63150","Troy School District","00174","Baker Middle School","63","Oakland","LEA School","Middle School","City: Small","Oakland Region","5","06","English Language Arts","All Students","74","77","41","38.50","40.10","21.40","192","57.00"
"22 - 23 School Year","63","Oakland Schools","63150","Troy School District","00174","Baker Middle School","63","Oakland","LEA School","Middle School","City: Small","Oakland Region","5","All Grades","English Language Arts","Male","108","127","75","34.80","41.00","24.20","310","54.50"
"22 - 23 School Year","63","Oakland Schools","63150","Troy School District","00174","Baker Middle School","63","Oakland","LEA School","Middle School","City: Small","Oakland Region","5","All Grades","English Language Arts","Not Migrant","206","248","129","35.30","42.50","22.10","583","55.10"
"22 - 23 School Year","63","Oakland Schools","63150","Troy School District","00174","Baker Middle School","63","Oakland","LEA School","Middle School","City: Small","Oakland Region","5","06","English Language Arts","Native Hawaiian or Other Pacific Islander","< 10","< 10","< 10","< 10","< 10","< 10","< 10","< 10"
"22 - 23 School Year","63","Oakland Schools","63150","Troy School District","00174","Baker Middle School","63","Oakland","LEA School","Middle School","City: Small","Oakland Region","5","06","English Language Arts","White, not of Hispanic origin","25","37","18","31.30","46.30","22.50","80","54.60"
"22 - 23 School Year","63","Oakland Schools","63150","Troy School District","00174","Baker Middle School","63","Oakland","LEA School","Middle School","City: Small","Oakland Region","5","06","English Language Arts","Male","31","40","28","31.30","40.40","28.30","99","52.10"
"22 - 23 School Year","63","Oakland Schools","63150","Troy School District","00174","Baker Middle School","63","Oakland","LEA School","Middle School","City: Small","Oakland Region","5","06","English Language Arts","Not Migrant","74","77","41","38.50","40.10","21.40","192","57.00"
"22 - 23 School Year","63","Oakland Schools","63150","Troy School District","00174","Baker Middle School","63","Oakland","LEA School","Middle School","City: Small","Oakland Region","5","07","English Language Arts","White, not of Hispanic origin","33","33","22","37.50","37.50","25.00","88","54.60"
"22 - 23 School Year","63","Oakland Schools","63150","Troy School District","00174","Baker Middle School","63","Oakland","LEA School","Middle School","City: Small","Oakland Region","5","07","English Language Arts","Male","40","42","22","38.50","40.40","21.20","104","57.20"
"22 - 23 School Year","63","Oakland Schools","63150","Troy School District","00174","Baker Middle School","63","Oakland","LEA School","Middle School","City: Small","Oakland Region","5","07","English Language Arts","Not Migrant","72","92","42","35.00","44.70","20.40","206","55.90"
"22 - 23 School Year","63","Oakland Schools","63150","Troy School District","00174","Baker Middle School","63","Oakland","LEA School","Middle School","City: Small","Oakland Region","5","08","Mathematics","Hispanic","< 10","< 10","< 10","< 10","< 10","< 10","< 10","< 10"
"22 - 23 School Year","63","Oakland Schools","63150","Troy School District","00174","Baker Middle School","63","Oakland","LEA School","Middle School","City: Small","Oakland Region","5","08","Mathematics","Economically Disadvantaged","11","15","23","22.40","30.60","46.90","49","42.40"
"22 - 23 School Year","63","Oakland Schools","63150","Troy School District","00174","Baker Middle School","63","Oakland","LEA School","Middle School","City: Small","Oakland Region","5","07","Mathematics","Not Migrant","67","94","50","31.80","44.50","23.70","211","53.20"
"22 - 23 School Year","63","Oakland Schools","63150","Troy School District","00174","Baker Middle School","63","Oakland","LEA School","Middle School","City: Small","Oakland Region","5","07","Mathematics","Male","37","43","25","35.20","41.00","23.80","105","54.90"
"22 - 23 School Year","63","Oakland Schools","63150","Troy School District","00174","Baker Middle School","63","Oakland","LEA School","Middle School","City: Small","Oakland Region","5","08","Mathematics","Not Migrant","47","74","66","25.10","39.60","35.30","187","46.60"
"22 - 23 School Year","63","Oakland Schools","63150","Troy School District","00174","Baker Middle School","63","Oakland","LEA School","Middle School","City: Small","Oakland Region","5","08","Mathematics","Male","31","39","38","28.70","36.10","35.20","108","47.80"
"22 - 23 School Year","63","Oakland Schools","63150","Troy School District","00174","Baker Middle School","63","Oakland","LEA School","Middle School","City: Small","Oakland Region","5","08","Mathematics","White, not of Hispanic origin","24","36","35","25.30","37.90","36.80","95","46.60"
"22 - 23 School Year","63","Oakland Schools","63150","Troy School District","00174","Baker Middle School","63","Oakland","LEA School","Middle School","City: Small","Oakland Region","5","08","Mathematics","Students without Disabilities","46","68","61","26.30","38.90","34.90","175","47.10"
"22 - 23 School Year","63","Oakland Schools","63150","Troy School District","00174","Baker Middle School","63","Oakland","LEA School","Middle School","City: Small","Oakland Region","5","07","Mathematics","Students without Disabilities","60","81","46","32.10","43.30","24.60","187","53.10"
"22 - 23 School Year","63","Oakland Schools","63150","Troy School District","00174","Baker Middle School","63","Oakland","LEA School","Middle School","City: Small","Oakland Region","5","08","Mathematics","Not Economically Disadvantaged","36","59","43","26.10","42.80","31.20","138","48.00"
"22 - 23 School Year","63","Oakland Schools","63150","Troy School District","00174","Baker Middle School","63","Oakland","LEA School","Middle School","City: Small","Oakland Region","5","07","Mathematics","Not Economically Disadvantaged","53","61","37","35.10","40.40","24.50","151","54.00"
"22 - 23 School Year","63","Oakland Schools","63150","Troy School District","00174","Baker Middle School","63","Oakland","LEA School","Middle School","City: Small","Oakland Region","5","All Grades","Mathematics","Economically Disadvantaged","44","70","43","28.00","44.60","27.40","157","51.90"
"22 - 23 School Year","63","Oakland Schools","63150","Troy School District","00174","Baker Middle School","63","Oakland","LEA School","Middle School","City: Small","Oakland Region","5","All Grades","Mathematics","Hispanic","17","11","< 10","45.90","29.70","24.30","37","58.00"
"22 - 23 School Year","63","Oakland Schools","63150","Troy School District","00174","Baker Middle School","63","Oakland","LEA School","Middle School","City: Small","Oakland Region","5","All Grades","Mathematics","Not English Learners","207","199","132","38.50","37.00","24.50","538","56.90"
"22 - 23 School Year","63","Oakland Schools","63150","Troy School District","00174","Baker Middle School","63","Oakland","LEA School","Middle School","City: Small","Oakland Region","5","08","Mathematics","Black, not of Hispanic origin","< 10","< 10","< 10","40.00","30.00","30.00","10","54.30"
"22 - 23 School Year","63","Oakland Schools","63150","Troy School District","00174","Baker Middle School","63","Oakland","LEA School","Middle School","City: Small","Oakland Region","5","08","Mathematics","Female","16","35","28","20.30","44.30","35.40","79","44.80"
"22 - 23 School Year","63","Oakland Schools","63150","Troy School District","00174","Baker Middle School","63","Oakland","LEA School","Middle School","City: Small","Oakland Region","5","08","Mathematics","English Learners","< 10","< 10","< 10","35.70","35.70","28.60","14","49.70"
"22 - 23 School Year","63","Oakland Schools","63150","Troy School District","00174","Baker Middle School","63","Oakland","LEA School","Middle School","City: Small","Oakland Region","5","07","Mathematics","Black, not of Hispanic origin","< 10","14","< 10","25.00","70.00","5.00","20","60.10"
"22 - 23 School Year","63","Oakland Schools","63150","Troy School District","00174","Baker Middle School","63","Oakland","LEA School","Middle School","City: Small","Oakland Region","5","07","Mathematics","Female","30","51","25","28.30","48.10","23.60","106","51.60"
"22 - 23 School Year","63","Oakland Schools","63150","Troy School District","00174","Baker Middle School","63","Oakland","LEA School","Middle School","City: Small","Oakland Region","5","07","Mathematics","English Learners","< 10","16","< 10","24.00","64.00","12.00","25","50.40"
"22 - 23 School Year","63","Oakland Schools","63150","Troy School District","00174","Baker Middle School","63","Oakland","LEA School","Middle School","City: Small","Oakland Region","5","06","Mathematics","Black, not of Hispanic origin","< 10","< 10","< 10","21.40","50.00","28.60","14","47.60"
"22 - 23 School Year","63","Oakland Schools","63150","Troy School District","00174","Baker Middle School","63","Oakland","LEA School","Middle School","City: Small","Oakland Region","5","06","Mathematics","Female","51","30","13","54.30","31.90","13.80","94","68.40"
"22 - 23 School Year","63","Oakland Schools","63150","Troy School District","00174","Baker Middle School","63","Oakland","LEA School","Middle School","City: Small","Oakland Region","5","06","Mathematics","English Learners","< 10","< 10","< 10","40.00","46.70","13.30","15","60.70"
"22 - 23 School Year","63","Oakland Schools","63150","Troy School District","00174","Baker Middle School","63","Oakland","LEA School","Middle School","City: Small","Oakland Region","5","All Grades","Mathematics","Black, not of Hispanic origin","12","24","< 10","27.30","54.50","18.20","44","54.80"
"22 - 23 School Year","63","Oakland Schools","63150","Troy School District","00174","Baker Middle School","63","Oakland","LEA School","Middle School","City: Small","Oakland Region","5","All Grades","Mathematics","Not Migrant","224","227","141","37.80","38.30","23.80","592","56.50"
"22 - 23 School Year","63","Oakland Schools","63150","Troy School District","00174","Baker Middle School","63","Oakland","LEA School","Middle School","City: Small","Oakland Region","5","All Grades","Mathematics","Male","127","111","75","40.60","35.50","24.00","313","57.50"
"22 - 23 School Year","63","Oakland Schools","63150","Troy School District","00174","Baker Middle School","63","Oakland","LEA School","Middle School","City: Small","Oakland Region","5","All Grades","Mathematics","White, not of Hispanic origin","83","103","78","31.40","39.00","29.50","264","52.20"
"22 - 23 School Year","63","Oakland Schools","63150","Troy School District","00174","Baker Middle School","63","Oakland","LEA School","Middle School","City: Small","Oakland Region","5","All Grades","Mathematics","Native Hawaiian or Other Pacific Islander","< 10","< 10","< 10","< 10","< 10","< 10","< 10","< 10"
"22 - 23 School Year","63","Oakland Schools","63150","Troy School District","00174","Baker Middle School","63","Oakland","LEA School","Middle School","City: Small","Oakland Region","5","06","Mathematics","All Students","110","59","25","56.70","30.40","12.90","194","69.70"
"22 - 23 School Year","63","Oakland Schools","63150","Troy School District","00174","Baker Middle School","63","Oakland","LEA School","Middle School","City: Small","Oakland Region","5","All Grades","Mathematics","Two or More Races","12","10","< 10","44.40","37.00","18.50","27","58.50"
"22 - 23 School Year","63","Oakland Schools","63150","Troy School District","00174","Baker Middle School","63","Oakland","LEA School","Middle School","City: Small","Oakland Region","5","All Grades","English Language Arts","All Students","206","248","129","35.30","42.50","22.10","583","55.10"
"22 - 23 School Year","63","Oakland Schools","63150","Troy School District","00174","Baker Middle School","63","Oakland","LEA School","Middle School","City: Small","Oakland Region","5","07","Mathematics","Students with Disabilities","< 10","13","< 10","29.20","54.20","16.70","24","54.30"
"22 - 23 School Year","63","Oakland Schools","63150","Troy School District","00174","Baker Middle School","63","Oakland","LEA School","Middle School","City: Small","Oakland Region","5","08","Mathematics","Students with Disabilities","< 10","< 10","< 10","8.30","50.00","41.70","12","38.60"
"22 - 23 School Year","63","Oakland Schools","63150","Troy School District","00174","Baker Middle School","63","Oakland","LEA School","Middle School","City: Small","Oakland Region","5","All Grades","Mathematics","Students with Disabilities","12","26","13","23.50","51.00","25.50","51","50.00"
"22 - 23 School Year","63","Oakland Schools","63150","Troy School District","00174","Baker Middle School","63","Oakland","LEA School","Middle School","City: Small","Oakland Region","5","06","Mathematics","Students without Disabilities","106","52","21","59.20","29.10","11.70","179","71.10"
"22 - 23 School Year","63","Oakland Schools","63150","Troy School District","00174","Baker Middle School","63","Oakland","LEA School","Middle School","City: Small","Oakland Region","5","06","Mathematics","Not Economically Disadvantaged","91","37","18","62.30","25.30","12.30","146","72.10"
"22 - 23 School Year","63","Oakland Schools","63150","Troy School District","00174","Baker Middle School","63","Oakland","LEA School","Middle School","City: Small","Oakland Region","5","All Grades","Mathematics","Not Economically Disadvantaged","180","157","98","41.40","36.10","22.50","435","58.20"
"22 - 23 School Year","63","Oakland Schools","63150","Troy School District","00174","Baker Middle School","63","Oakland","LEA School","Middle School","City: Small","Oakland Region","5","07","Mathematics","Two or More Races","< 10","< 10","< 10","35.70","42.90","21.40","14","53.10"
"22 - 23 School Year","63","Oakland Schools","63150","Troy School District","00174","Baker Middle School","63","Oakland","LEA School","Middle School","City: Small","Oakland Region","5","08","English Language Arts","Students without Disabilities","57","73","43","32.90","42.20","24.90","173","52.60"
"22 - 23 School Year","63","Oakland Schools","63150","Troy School District","00174","Baker Middle School","63","Oakland","LEA School","Middle School","City: Small","Oakland Region","5","07","Mathematics","Asian","25","34","14","34.20","46.60","19.20","73","56.10"
"22 - 23 School Year","63","Oakland Schools","63150","Troy School District","00174","Baker Middle School","63","Oakland","LEA School","Middle School","City: Small","Oakland Region","5","06","Mathematics","Two or More Races","< 10","< 10","< 10","< 10","< 10","< 10","< 10","< 10"
"22 - 23 School Year","63","Oakland Schools","63150","Troy School District","00174","Baker Middle School","63","Oakland","LEA School","Middle School","City: Small","Oakland Region","5","06","Mathematics","Asian","57","14","< 10","76.00","18.70","5.30","75","80.30"
"22 - 23 School Year","63","Oakland Schools","63150","Troy School District","00174","Baker Middle School","63","Oakland","LEA School","Middle School","City: Small","Oakland Region","5","All Grades","Mathematics","Asian","99","79","41","45.20","36.10","18.70","219","61.40"
"22 - 23 School Year","63","Oakland Schools","63150","Troy School District","00174","Baker Middle School","63","Oakland","LEA School","Middle School","City: Small","Oakland Region","5","08","Mathematics","Not English Learners","42","69","62","24.30","39.90","35.80","173","46.30"
"22 - 23 School Year","63","Oakland Schools","63150","Troy School District","00174","Baker Middle School","63","Oakland","LEA School","Middle School","City: Small","Oakland Region","5","06","Mathematics","Not English Learners","104","52","23","58.10","29.10","12.80","179","70.40"
"22 - 23 School Year","63","Oakland Schools","63150","Troy School District","00174","Baker Middle School","63","Oakland","LEA School","Middle School","City: Small","Oakland Region","5","07","Mathematics","Economically Disadvantaged","14","33","13","23.30","55.00","21.70","60","51.30"
"22 - 23 School Year","63","Oakland Schools","63150","Troy School District","00174","Baker Middle School","63","Oakland","LEA School","Middle School","City: Small","Oakland Region","5","07","Mathematics","Hispanic","< 10","< 10","< 10","53.30","33.30","13.30","15","66.20"
"22 - 23 School Year","63","Oakland Schools","63150","Troy School District","00174","Baker Middle School","63","Oakland","LEA School","Middle School","City: Small","Oakland Region","5","06","Mathematics","Economically Disadvantaged","19","22","< 10","39.60","45.80","14.60","48","62.30"
"22 - 23 School Year","63","Oakland Schools","63150","Troy School District","00174","Baker Middle School","63","Oakland","LEA School","Middle School","City: Small","Oakland Region","5","06","Mathematics","Hispanic","< 10","< 10","< 10","53.30","26.70","20.00","15","62.90"
"22 - 23 School Year","63","Oakland Schools","63150","Troy School District","00174","Baker Middle School","63","Oakland","LEA School","Middle School","City: Small","Oakland Region","5","08","English Language Arts","All Students","60","79","46","32.40","42.70","24.90","185","52.30"
"22 - 23 School Year","63","Oakland Schools","63150","Troy School District","00174","Baker Middle School","63","Oakland","LEA School","Middle School","City: Small","Oakland Region","5","08","English Language Arts","Two or More Races","< 10","< 10","< 10","< 10","< 10","< 10","< 10","< 10"
"22 - 23 School Year","63","Oakland Schools","63150","Troy School District","00174","Baker Middle School","63","Oakland","LEA School","Middle School","City: Small","Oakland Region","5","08","English Language Arts","Asian","23","28","18","33.30","40.60","26.10","69","52.00"
"22 - 23 School Year","63","Oakland Schools","63150","Troy School District","00174","Baker Middle School","63","Oakland","LEA School","Middle School","City: Small","Oakland Region","5","All Grades","English Language Arts","Black, not of Hispanic origin","< 10","20","14","20.90","46.50","32.60","43","47.80"
"22 - 23 School Year","63","Oakland Schools","63150","Troy School District","00174","Baker Middle School","63","Oakland","LEA School","Middle School","City: Small","Oakland Region","5","All Grades","English Language Arts","Female","98","121","54","35.90","44.30","19.80","273","55.80"
"22 - 23 School Year","63","Oakland Schools","63150","Troy School District","00174","Baker Middle School","63","Oakland","LEA School","Middle School","City: Small","Oakland Region","5","07","English Language Arts","All Students","72","92","42","35.00","44.70","20.40","206","55.90"
"22 - 23 School Year","63","Oakland Schools","63150","Troy School District","00174","Baker Middle School","63","Oakland","LEA School","Middle School","City: Small","Oakland Region","5","06","English Language Arts","Hispanic","< 10","< 10","< 10","35.70","35.70","28.60","14","53.10"
"22 - 23 School Year","63","Oakland Schools","63150","Troy School District","00174","Baker Middle School","63","Oakland","LEA School","Middle School","City: Small","Oakland Region","5","06","English Language Arts","Not English Learners","69","73","36","38.80","41.00","20.20","178","57.50"
"22 - 23 School Year","63","Oakland Schools","63150","Troy School District","00174","Baker Middle School","63","Oakland","LEA School","Middle School","City: Small","Oakland Region","5","07","English Language Arts","Economically Disadvantaged","16","27","16","27.10","45.80","27.10","59","48.80"
"22 - 23 School Year","63","Oakland Schools","63150","Troy School District","00174","Baker Middle School","63","Oakland","LEA School","Middle School","City: Small","Oakland Region","5","07","English Language Arts","Hispanic","< 10","< 10","< 10","14.30","57.10","28.60","14","45.40"
"22 - 23 School Year","63","Oakland Schools","63150","Troy School District","00174","Baker Middle School","63","Oakland","LEA School","Middle School","City: Small","Oakland Region","5","07","English Language Arts","Not English Learners","65","86","33","35.30","46.70","17.90","184","56.90"
"22 - 23 School Year","63","Oakland Schools","63150","Troy School District","00174","Baker Middle School","63","Oakland","LEA School","Middle School","City: Small","Oakland Region","5","07","English Language Arts","Asian","29","35","< 10","40.80","49.30","9.90","71","62.90"
"22 - 23 School Year","63","Oakland Schools","63150","Troy School District","00174","Baker Middle School","63","Oakland","LEA School","Middle School","City: Small","Oakland Region","5","07","English Language Arts","Two or More Races","< 10","< 10","< 10","42.90","28.60","28.60","14","52.90"
"22 - 23 School Year","63","Oakland Schools","63150","Troy School District","00174","Baker Middle School","63","Oakland","LEA School","Middle School","City: Small","Oakland Region","5","06","English Language Arts","Asian","37","28","< 10","50.00","37.80","12.20","74","63.50"
"22 - 23 School Year","63","Oakland Schools","63150","Troy School District","00174","Baker Middle School","63","Oakland","LEA School","Middle School","City: Small","Oakland Region","5","06","English Language Arts","Two or More Races","< 10","< 10","< 10","< 10","< 10","< 10","< 10","< 10"
"22 - 23 School Year","63","Oakland Schools","63150","Troy School District","00174","Baker Middle School","63","Oakland","LEA School","Middle School","City: Small","Oakland Region","5","06","Mathematics","Male","59","29","12","59.00","29.00","12.00","100","70.90"
"22 - 23 School Year","63","Oakland Schools","63150","Troy School District","00174","Baker Middle School","63","Oakland","LEA School","Middle School","City: Small","Oakland Region","5","06","Mathematics","Not Migrant","110","59","25","56.70","30.40","12.90","194","69.70"
"22 - 23 School Year","63","Oakland Schools","63150","Troy School District","00174","Baker Middle School","63","Oakland","LEA School","Middle School","City: Small","Oakland Region","5","All Grades","English Language Arts","Students without Disabilities","196","228","109","36.80","42.80","20.50","533","56.50"
"22 - 23 School Year","63","Oakland Schools","63150","Troy School District","00174","Baker Middle School","63","Oakland","LEA School","Middle School","City: Small","Oakland Region","5","08","Science","Students with Disabilities","< 10","< 10","< 10","< 10","< 10","< 10","< 10","< 10"
"22 - 23 School Year","63","Oakland Schools","63150","Troy School District","00174","Baker Middle School","63","Oakland","LEA School","Middle School","City: Small","Oakland Region","5","All Grades","English Language Arts","English Learners","15","18","17","30.00","36.00","34.00","50","48.70"
"22 - 23 School Year","63","Oakland Schools","63150","Troy School District","00174","Baker Middle School","63","Oakland","LEA School","Middle School","City: Small","Oakland Region","5","All Grades","Science","Students with Disabilities","< 10","< 10","< 10","< 10","< 10","< 10","< 10","< 10"
"22 - 23 School Year","63","Oakland Schools","63150","Troy School District","00174","Baker Middle School","63","Oakland","LEA School","Middle School","City: Small","Oakland Region","5","All Grades","English Language Arts","Students with Disabilities","10","20","20","20.00","40.00","40.00","50","40.40"
"22 - 23 School Year","63","Oakland Schools","63150","Troy School District","00174","Baker Middle School","63","Oakland","LEA School","Middle School","City: Small","Oakland Region","5","06","Mathematics","White, not of Hispanic origin","35","32","13","43.80","40.00","16.30","80","64.30"
"22 - 23 School Year","63","Oakland Schools","63150","Troy School District","00174","Baker Middle School","63","Oakland","LEA School","Middle School","City: Small","Oakland Region","5","06","Mathematics","Native Hawaiian or Other Pacific Islander","< 10","< 10","< 10","< 10","< 10","< 10","< 10","< 10"
"22 - 23 School Year","63","Oakland Schools","63150","Troy School District","00174","Baker Middle School","63","Oakland","LEA School","Middle School","City: Small","Oakland Region","5","07","Mathematics","White, not of Hispanic origin","24","35","30","27.00","39.30","33.70","89","47.20"
"22 - 23 School Year","63","Oakland Schools","63150","Troy School District","00174","Baker Middle School","63","Oakland","LEA School","Middle School","City: Small","Oakland Region","5","08","English Language Arts","Not Migrant","60","79","46","32.40","42.70","24.90","185","52.30"
"22 - 23 School Year","63","Oakland Schools","63150","Troy School District","00174","Baker Middle School","63","Oakland","LEA School","Middle School","City: Small","Oakland Region","5","08","English Language Arts","Male","37","45","25","34.60","42.10","23.40","107","54.10"
"22 - 23 School Year","63","Oakland Schools","63150","Troy School District","00174","Baker Middle School","63","Oakland","LEA School","Middle School","City: Small","Oakland Region","5","08","English Language Arts","White, not of Hispanic origin","31","43","21","32.60","45.30","22.10","95","53.00"
"22 - 23 School Year","63","Oakland Schools","63150","Troy School District","00174","Baker Middle School","63","Oakland","LEA School","Middle School","City: Small","Oakland Region","5","08","Science","Asian","< 10","< 10","< 10","< 10","< 10","< 10","< 10","< 10"
"22 - 23 School Year","63","Oakland Schools","63150","Troy School District","00174","Baker Middle School","63","Oakland","LEA School","Middle School","City: Small","Oakland Region","5","All Grades","Science","All Students","< 10","< 10","< 10","< 10","< 10","< 10","< 10","< 10"
"22 - 23 School Year","63","Oakland Schools","63150","Troy School District","00174","Baker Middle School","63","Oakland","LEA School","Middle School","City: Small","Oakland Region","5","08","Science","Not Migrant","< 10","< 10","< 10","< 10","< 10","< 10","< 10","< 10"
"22 - 23 School Year","63","Oakland Schools","63150","Troy School District","00174","Baker Middle School","63","Oakland","LEA School","Middle School","City: Small","Oakland Region","5","08","Science","All Students","< 10","< 10","< 10","< 10","< 10","< 10","< 10","< 10"
"22 - 23 School Year","63","Oakland Schools","63150","Troy School District","00174","Baker Middle School","63","Oakland","LEA School","Middle School","City: Small","Oakland Region","5","All Grades","Science","Economically Disadvantaged","< 10","< 10","< 10","< 10","< 10","< 10","< 10","< 10"
"22 - 23 School Year","63","Oakland Schools","63150","Troy School District","00174","Baker Middle School","63","Oakland","LEA School","Middle School","City: Small","Oakland Region","5","08","English Language Arts","Not English Learners","57","71","43","33.30","41.50","25.10","171","52.60"
"22 - 23 School Year","63","Oakland Schools","63150","Troy School District","00174","Baker Middle School","63","Oakland","LEA School","Middle School","City: Small","Oakland Region","5","08","English Language Arts","Hispanic","< 10","< 10","< 10","< 10","< 10","< 10","< 10","< 10"
"22 - 23 School Year","63","Oakland Schools","63150","Troy School District","00174","Baker Middle School","63","Oakland","LEA School","Middle School","City: Small","Oakland Region","5","08","English Language Arts","Economically Disadvantaged","15","21","13","30.60","42.90","26.50","49","52.40"
"22 - 23 School Year","63","Oakland Schools","63150","Troy School District","00174","Baker Middle School","63","Oakland","LEA School","Middle School","City: Small","Oakland Region","5","06","English Language Arts","Not Economically Disadvantaged","61","55","28","42.40","38.20","19.40","144","59.50"
"22 - 23 School Year","63","Oakland Schools","63150","Troy School District","00174","Baker Middle School","63","Oakland","LEA School","Middle School","City: Small","Oakland Region","5","All Grades","English Language Arts","Not Economically Disadvantaged","162","178","87","37.90","41.70","20.40","427","57.00"
"22 - 23 School Year","63","Oakland Schools","63150","Troy School District","00174","Baker Middle School","63","Oakland","LEA School","Middle School","City: Small","Oakland Region","5","All Grades","Science","Not English Learners","< 10","< 10","< 10","< 10","< 10","< 10","< 10","< 10"
"22 - 23 School Year","63","Oakland Schools","63150","Troy School District","00174","Baker Middle School","63","Oakland","LEA School","Middle School","City: Small","Oakland Region","5","All Grades","Mathematics","All Students","224","227","141","37.80","38.30","23.80","592","56.50"
"22 - 23 School Year","63","Oakland Schools","63150","Troy School District","00174","Baker Middle School","63","Oakland","LEA School","Middle School","City: Small","Oakland Region","5","All Grades","Science","Not Migrant","< 10","< 10","< 10","< 10","< 10","< 10","< 10","< 10"
"22 - 23 School Year","63","Oakland Schools","63150","Troy School District","00174","Baker Middle School","63","Oakland","LEA School","Middle School","City: Small","Oakland Region","5","All Grades","Science","Male","< 10","< 10","< 10","< 10","< 10","< 10","< 10","< 10"
"22 - 23 School Year","63","Oakland Schools","63150","Troy School District","00174","Baker Middle School","63","Oakland","LEA School","Middle School","City: Small","Oakland Region","5","08","Science","Male","< 10","< 10","< 10","< 10","< 10","< 10","< 10","< 10"
"22 - 23 School Year","63","Oakland Schools","63150","Troy School District","00174","Baker Middle School","63","Oakland","LEA School","Middle School","City: Small","Oakland Region","5","All Grades","Mathematics","Female","97","116","66","34.80","41.60","23.70","279","55.30"
"22 - 23 School Year","63","Oakland Schools","63150","Troy School District","00174","Baker Middle School","63","Oakland","LEA School","Middle School","City: Small","Oakland Region","5","All Grades","Mathematics","English Learners","17","28","< 10","31.50","51.90","16.70","54","53.10"
"22 - 23 School Year","63","Oakland Schools","63150","Troy School District","00174","Baker Middle School","63","Oakland","LEA School","Middle School","City: Small","Oakland Region","5","08","Science","Not English Learners","< 10","< 10","< 10","< 10","< 10","< 10","< 10","< 10"
"22 - 23 School Year","63","Oakland Schools","63150","Troy School District","00174","Baker Middle School","63","Oakland","LEA School","Middle School","City: Small","Oakland Region","5","08","Science","Economically Disadvantaged","< 10","< 10","< 10","< 10","< 10","< 10","< 10","< 10"
"22 - 23 School Year","63","Oakland Schools","63150","Troy School District","00174","Baker Middle School","63","Oakland","LEA School","Middle School","City: Small","Oakland Region","5","All Grades","Science","Asian","< 10","< 10","< 10","< 10","< 10","< 10","< 10","< 10"
"22 - 23 School Year","63","Oakland Schools","63150","Troy School District","00174","Baker Middle School","63","Oakland","LEA School","Middle School","City: Small","Oakland Region","5","08","Mathematics","Two or More Races","< 10","< 10","< 10","< 10","< 10","< 10","< 10","< 10"
"22 - 23 School Year","63","Oakland Schools","63150","Troy School District","00174","Baker Middle School","63","Oakland","LEA School","Middle School","City: Small","Oakland Region","5","08","Mathematics","Asian","17","31","23","23.90","43.70","32.40","71","47.00"
"22 - 23 School Year","63","Oakland Schools","63150","Troy School District","00174","Baker Middle School","63","Oakland","LEA School","Middle School","City: Small","Oakland Region","5","07","Mathematics","Not English Learners","61","78","47","32.80","41.90","25.30","186","53.60"
"22 - 23 School Year","63","Oakland Schools","63150","Troy School District","00174","Baker Middle School","63","Oakland","LEA School","Middle School","City: Small","Oakland Region","5","07","Mathematics","All Students","67","94","50","31.80","44.50","23.70","211","53.20"
"22 - 23 School Year","63","Oakland Schools","63150","Troy School District","00174","Baker Middle School","63","Oakland","LEA School","Middle School","City: Small","Oakland Region","5","08","Mathematics","All Students","47","74","66","25.10","39.60","35.30","187","46.60"
"22 - 23 School Year","63","Oakland Schools","63150","Troy School District","00174","Baker Middle School","63","Oakland","LEA School","Middle School","City: Small","Oakland Region","5","06","English Language Arts","Economically Disadvantaged","13","22","13","27.10","45.80","27.10","48","49.40"
"22 - 23 School Year","63","Oakland Schools","63150","Troy School District","00174","Baker Middle School","63","Oakland","LEA School","Middle School","City: Small","Oakland Region","5","All Grades","English Language Arts","Not English Learners","191","230","112","35.80","43.20","21.00","533","55.70"
"22 - 23 School Year","63","Oakland Schools","63150","Troy School District","00174","Baker Middle School","63","Oakland","LEA School","Middle School","City: Small","Oakland Region","5","All Grades","English Language Arts","Hispanic","< 10","15","11","25.70","42.90","31.40","35","49.10"
"22 - 23 School Year","63","Oakland Schools","63150","Troy School District","00174","Baker Middle School","63","Oakland","LEA School","Middle School","City: Small","Oakland Region","5","All Grades","English Language Arts","Economically Disadvantaged","44","70","42","28.20","44.90","26.90","156","50.10"
"22 - 23 School Year","63","Oakland Schools","63150","Troy School District","00174","Baker Middle School","63","Oakland","LEA School","Middle School","City: Small","Oakland Region","5","08","English Language Arts","English Learners","< 10","< 10","< 10","21.40","57.10","21.40","14","47.90"
"22 - 23 School Year","63","Oakland Schools","63150","Troy School District","00174","Baker Middle School","63","Oakland","LEA School","Middle School","City: Small","Oakland Region","5","08","English Language Arts","Female","23","34","21","29.50","43.60","26.90","78","49.80"
"22 - 23 School Year","63","Oakland Schools","63150","Troy School District","00174","Baker Middle School","63","Oakland","LEA School","Middle School","City: Small","Oakland Region","5","07","English Language Arts","English Learners","< 10","< 10","< 10","31.80","27.30","40.90","22","47.70"
"22 - 23 School Year","63","Oakland Schools","63150","Troy School District","00174","Baker Middle School","63","Oakland","LEA School","Middle School","City: Small","Oakland Region","5","07","English Language Arts","Female","32","50","20","31.40","49.00","19.60","102","54.60"
"22 - 23 School Year","63","Oakland Schools","63150","Troy School District","00174","Baker Middle School","63","Oakland","LEA School","Middle School","City: Small","Oakland Region","5","07","English Language Arts","Black, not of Hispanic origin","< 10","12","< 10","10.50","63.20","26.30","19","46.20"
"22 - 23 School Year","63","Oakland Schools","63150","Troy School District","00174","Baker Middle School","63","Oakland","LEA School","Middle School","City: Small","Oakland Region","5","08","English Language Arts","Black, not of Hispanic origin","< 10","< 10","< 10","40.00","30.00","30.00","10","55.80"
"22 - 23 School Year","63","Oakland Schools","63150","Troy School District","00174","Baker Middle School","63","Oakland","LEA School","Middle School","City: Small","Oakland Region","5","06","English Language Arts","English Learners","< 10","< 10","< 10","35.70","28.60","35.70","14","50.90"
"22 - 23 School Year","63","Oakland Schools","63150","Troy School District","00174","Baker Middle School","63","Oakland","LEA School","Middle School","City: Small","Oakland Region","5","06","English Language Arts","Female","43","37","13","46.20","39.80","14.00","93","62.20"
"22 - 23 School Year","63","Oakland Schools","63150","Troy School District","00174","Baker Middle School","63","Oakland","LEA School","Middle School","City: Small","Oakland Region","5","06","English Language Arts","Black, not of Hispanic origin","< 10","< 10","< 10","21.40","35.70","42.90","14","44.20"
"22 - 23 School Year","63","Oakland Schools","63150","Troy School District","00174","Baker Middle School","63","Oakland","LEA School","Middle School","City: Small","Oakland Region","5","All Grades","English Language Arts","White, not of Hispanic origin","89","113","61","33.80","43.00","23.20","263","54.00"
"22 - 23 School Year","63","Oakland Schools","63150","Troy School District","00174","Baker Middle School","63","Oakland","LEA School","Middle School","City: Small","Oakland Region","5","All Grades","English Language Arts","Native Hawaiian or Other Pacific Islander","< 10","< 10","< 10","< 10","< 10","< 10","< 10","< 10"
"22 - 23 School Year","63","Oakland Schools","63150","Troy School District","00174","Baker Middle School","63","Oakland","LEA School","Middle School","City: Small","Oakland Region","5","07","English Language Arts","Not Economically Disadvantaged","56","65","26","38.10","44.20","17.70","147","58.80"
"22 - 23 School Year","63","Oakland Schools","63150","Troy School District","00174","Baker Middle School","63","Oakland","LEA School","Middle School","City: Small","Oakland Region","5","08","English Language Arts","Not Economically Disadvantaged","45","58","33","33.10","42.60","24.30","136","52.30"
"22 - 23 School Year","63","Oakland Schools","63150","Troy School District","02161","Leonard Elementary School","63","Oakland","LEA School","Elementary","City: Small","Oakland Region","5","04","Mathematics","Students without Disabilities","30","18","11","50.80","30.50","18.60","59","63.00"
"22 - 23 School Year","63","Oakland Schools","63150","Troy School District","02161","Leonard Elementary School","63","Oakland","LEA School","Elementary","City: Small","Oakland Region","5","05","Mathematics","Students without Disabilities","21","26","12","35.60","44.10","20.30","59","56.70"
"22 - 23 School Year","63","Oakland Schools","63150","Troy School District","02161","Leonard Elementary School","63","Oakland","LEA School","Elementary","City: Small","Oakland Region","5","All Grades","Mathematics","Students without Disabilities","51","44","23","43.20","37.30","19.50","118","59.90"
"22 - 23 School Year","63","Oakland Schools","63150","Troy School District","02161","Leonard Elementary School","63","Oakland","LEA School","Elementary","City: Small","Oakland Region","5","05","Mathematics","White, not of Hispanic origin","< 10","17","11","15.20","51.50","33.30","33","43.50"
"22 - 23 School Year","63","Oakland Schools","63150","Troy School District","02161","Leonard Elementary School","63","Oakland","LEA School","Elementary","City: Small","Oakland Region","5","05","English Language Arts","Not English Learners","15","22","12","30.60","44.90","24.50","49","53.80"
"22 - 23 School Year","63","Oakland Schools","63150","Troy School District","02161","Leonard Elementary School","63","Oakland","LEA School","Elementary","City: Small","Oakland Region","5","05","English Language Arts","Hispanic","< 10","< 10","< 10","< 10","< 10","< 10","< 10","< 10"
"22 - 23 School Year","63","Oakland Schools","63150","Troy School District","02161","Leonard Elementary School","63","Oakland","LEA School","Elementary","City: Small","Oakland Region","5","05","English Language Arts","Economically Disadvantaged","< 10","< 10","< 10","< 10","< 10","< 10","< 10","< 10"
"22 - 23 School Year","63","Oakland Schools","63150","Troy School District","02161","Leonard Elementary School","63","Oakland","LEA School","Elementary","City: Small","Oakland Region","5","All Grades","English Language Arts","Black, not of Hispanic origin","< 10","< 10","< 10","< 10","< 10","< 10","< 10","< 10"
"22 - 23 School Year","63","Oakland Schools","63150","Troy School District","02161","Leonard Elementary School","63","Oakland","LEA School","Elementary","City: Small","Oakland Region","5","All Grades","English Language Arts","Female","26","20","17","41.30","31.70","27.00","63","56.00"
"22 - 23 School Year","63","Oakland Schools","63150","Troy School District","02161","Leonard Elementary School","63","Oakland","LEA School","Elementary","City: Small","Oakland Region","5","All Grades","English Language Arts","English Learners","10","< 10","11","33.30","30.00","36.70","30","51.30"
"22 - 23 School Year","63","Oakland Schools","63150","Troy School District","02161","Leonard Elementary School","63","Oakland","LEA School","Elementary","City: Small","Oakland Region","5","05","English Language Arts","Black, not of Hispanic origin","< 10","< 10","< 10","< 10","< 10","< 10","< 10","< 10"
"22 - 23 School Year","63","Oakland Schools","63150","Troy School District","02161","Leonard Elementary School","63","Oakland","LEA School","Elementary","City: Small","Oakland Region","5","04","English Language Arts","Black, not of Hispanic origin","< 10","< 10","< 10","< 10","< 10","< 10","< 10","< 10"
"22 - 23 School Year","63","Oakland Schools","63150","Troy School District","02161","Leonard Elementary School","63","Oakland","LEA School","Elementary","City: Small","Oakland Region","5","04","English Language Arts","Female","10","10","< 10","34.50","34.50","31.00","29","51.80"
"22 - 23 School Year","63","Oakland Schools","63150","Troy School District","02161","Leonard Elementary School","63","Oakland","LEA School","Elementary","City: Small","Oakland Region","5","04","English Language Arts","English Learners","< 10","< 10","< 10","30.80","53.80","15.40","13","60.50"
"22 - 23 School Year","63","Oakland Schools","63150","Troy School District","02161","Leonard Elementary School","63","Oakland","LEA School","Elementary","City: Small","Oakland Region","5","04","Mathematics","Asian","15","< 10","< 10","55.60","29.60","14.80","27","67.20"
"22 - 23 School Year","63","Oakland Schools","63150","Troy School District","02161","Leonard Elementary School","63","Oakland","LEA School","Elementary","City: Small","Oakland Region","5","04","Mathematics","Two or More Races","< 10","< 10","< 10","< 10","< 10","< 10","< 10","< 10"
"22 - 23 School Year","63","Oakland Schools","63150","Troy School District","02161","Leonard Elementary School","63","Oakland","LEA School","Elementary","City: Small","Oakland Region","5","05","Mathematics","Two or More Races","< 10","< 10","< 10","< 10","< 10","< 10","< 10","< 10"
"22 - 23 School Year","63","Oakland Schools","63150","Troy School District","02161","Leonard Elementary School","63","Oakland","LEA School","Elementary","City: Small","Oakland Region","5","05","English Language Arts","Asian","12","< 10","< 10","46.20","23.10","30.80","26","55.60"
"22 - 23 School Year","63","Oakland Schools","63150","Troy School District","02161","Leonard Elementary School","63","Oakland","LEA School","Elementary","City: Small","Oakland Region","5","05","English Language Arts","Two or More Races","< 10","< 10","< 10","< 10","< 10","< 10","< 10","< 10"
"22 - 23 School Year","63","Oakland Schools","63150","Troy School District","02161","Leonard Elementary School","63","Oakland","LEA School","Elementary","City: Small","Oakland Region","5","All Grades","Mathematics","All Students","57","46","29","43.20","34.80","22.00","132","58.80"
"22 - 23 School Year","63","Oakland Schools","63150","Troy School District","02161","Leonard Elementary School","63","Oakland","LEA School","Elementary","City: Small","Oakland Region","5","05","English Language Arts","Not Economically Disadvantaged","21","22","16","35.60","37.30","27.10","59","54.10"
"22 - 23 School Year","63","Oakland Schools","63150","Troy School District","02161","Leonard Elementary School","63","Oakland","LEA School","Elementary","City: Small","Oakland Region","5","05","Mathematics","Not Economically Disadvantaged","21","27","12","35.00","45.00","20.00","60","56.60"
"22 - 23 School Year","63","Oakland Schools","63150","Troy School District","02161","Leonard Elementary School","63","Oakland","LEA School","Elementary","City: Small","Oakland Region","5","All Grades","English Language Arts","Students without Disabilities","43","47","26","37.10","40.50","22.40","116","56.60"
"22 - 23 School Year","63","Oakland Schools","63150","Troy School District","02161","Leonard Elementary School","63","Oakland","LEA School","Elementary","City: Small","Oakland Region","5","04","Mathematics","Not Migrant","34","19","12","52.30","29.20","18.50","65","63.40"
"22 - 23 School Year","63","Oakland Schools","63150","Troy School District","02161","Leonard Elementary School","63","Oakland","LEA School","Elementary","City: Small","Oakland Region","5","04","Mathematics","Male","19","12","< 10","52.80","33.30","13.90","36","66.00"
"22 - 23 School Year","63","Oakland Schools","63150","Troy School District","02161","Leonard Elementary School","63","Oakland","LEA School","Elementary","City: Small","Oakland Region","5","05","Mathematics","All Students","23","27","17","34.30","40.30","25.40","67","54.30"
"22 - 23 School Year","63","Oakland Schools","63150","Troy School District","02161","Leonard Elementary School","63","Oakland","LEA School","Elementary","City: Small","Oakland Region","5","04","Mathematics","All Students","34","19","12","52.30","29.20","18.50","65","63.40"
"22 - 23 School Year","63","Oakland Schools","63150","Troy School District","02161","Leonard Elementary School","63","Oakland","LEA School","Elementary","City: Small","Oakland Region","5","All Grades","Mathematics","White, not of Hispanic origin","22","26","17","33.80","40.00","26.20","65","53.20"
"22 - 23 School Year","63","Oakland Schools","63150","Troy School District","02161","Leonard Elementary School","63","Oakland","LEA School","Elementary","City: Small","Oakland Region","5","All Grades","Mathematics","Male","32","23","13","47.10","33.80","19.10","68","61.90"
"22 - 23 School Year","63","Oakland Schools","63150","Troy School District","02161","Leonard Elementary School","63","Oakland","LEA School","Elementary","City: Small","Oakland Region","5","All Grades","Mathematics","Not Migrant","57","46","29","43.20","34.80","22.00","132","58.80"
"22 - 23 School Year","63","Oakland Schools","63150","Troy School District","02161","Leonard Elementary School","63","Oakland","LEA School","Elementary","City: Small","Oakland Region","5","05","Mathematics","Black, not of Hispanic origin","< 10","< 10","< 10","< 10","< 10","< 10","< 10","< 10"
"22 - 23 School Year","63","Oakland Schools","63150","Troy School District","02161","Leonard Elementary School","63","Oakland","LEA School","Elementary","City: Small","Oakland Region","5","05","Mathematics","Female","10","16","< 10","28.60","45.70","25.70","35","51.60"
"22 - 23 School Year","63","Oakland Schools","63150","Troy School District","02161","Leonard Elementary School","63","Oakland","LEA School","Elementary","City: Small","Oakland Region","5","05","Mathematics","English Learners","< 10","< 10","< 10","50.00","33.30","16.70","18","65.60"
"22 - 23 School Year","63","Oakland Schools","63150","Troy School District","02161","Leonard Elementary School","63","Oakland","LEA School","Elementary","City: Small","Oakland Region","5","All Grades","Mathematics","Not Economically Disadvantaged","51","42","21","44.70","36.80","18.40","114","60.90"
"22 - 23 School Year","63","Oakland Schools","63150","Troy School District","02161","Leonard Elementary School","63","Oakland","LEA School","Elementary","City: Small","Oakland Region","5","04","Mathematics","Not Economically Disadvantaged","30","15","< 10","55.60","27.80","16.70","54","65.80"
"22 - 23 School Year","63","Oakland Schools","63150","Troy School District","02161","Leonard Elementary School","63","Oakland","LEA School","Elementary","City: Small","Oakland Region","5","05","Mathematics","Not English Learners","14","21","14","28.60","42.90","28.60","49","50.10"
"22 - 23 School Year","63","Oakland Schools","63150","Troy School District","02161","Leonard Elementary School","63","Oakland","LEA School","Elementary","City: Small","Oakland Region","5","05","Mathematics","Hispanic","< 10","< 10","< 10","< 10","< 10","< 10","< 10","< 10"
"22 - 23 School Year","63","Oakland Schools","63150","Troy School District","02161","Leonard Elementary School","63","Oakland","LEA School","Elementary","City: Small","Oakland Region","5","05","Mathematics","Economically Disadvantaged","< 10","< 10","< 10","< 10","< 10","< 10","< 10","< 10"
"22 - 23 School Year","63","Oakland Schools","63150","Troy School District","02161","Leonard Elementary School","63","Oakland","LEA School","Elementary","City: Small","Oakland Region","5","04","Mathematics","Not English Learners","22","18","11","43.10","35.30","21.60","51","58.40"
"22 - 23 School Year","63","Oakland Schools","63150","Troy School District","02161","Leonard Elementary School","63","Oakland","LEA School","Elementary","City: Small","Oakland Region","5","05","Mathematics","Asian","16","< 10","< 10","59.30","33.30","7.40","27","71.80"
"22 - 23 School Year","63","Oakland Schools","63150","Troy School District","02161","Leonard Elementary School","63","Oakland","LEA School","Elementary","City: Small","Oakland Region","5","04","Mathematics","White, not of Hispanic origin","17","< 10","< 10","53.10","28.10","18.80","32","63.20"
"22 - 23 School Year","63","Oakland Schools","63150","Troy School District","02161","Leonard Elementary School","63","Oakland","LEA School","Elementary","City: Small","Oakland Region","5","04","Mathematics","Economically Disadvantaged","< 10","< 10","< 10","36.40","36.40","27.30","11","51.50"
"22 - 23 School Year","63","Oakland Schools","63150","Troy School District","02161","Leonard Elementary School","63","Oakland","LEA School","Elementary","City: Small","Oakland Region","5","04","Mathematics","Hispanic","< 10","< 10","< 10","< 10","< 10","< 10","< 10","< 10"
"22 - 23 School Year","63","Oakland Schools","63150","Troy School District","02161","Leonard Elementary School","63","Oakland","LEA School","Elementary","City: Small","Oakland Region","5","All Grades","Mathematics","Economically Disadvantaged","< 10","< 10","< 10","33.30","22.20","44.40","18","44.90"
"22 - 23 School Year","63","Oakland Schools","63150","Troy School District","02161","Leonard Elementary School","63","Oakland","LEA School","Elementary","City: Small","Oakland Region","5","All Grades","Mathematics","Hispanic","< 10","< 10","< 10","< 10","< 10","< 10","< 10","< 10"
"22 - 23 School Year","63","Oakland Schools","63150","Troy School District","02161","Leonard Elementary School","63","Oakland","LEA School","Elementary","City: Small","Oakland Region","5","All Grades","Mathematics","Not English Learners","36","39","25","36.00","39.00","25.00","100","54.30"
"22 - 23 School Year","63","Oakland Schools","63150","Troy School District","02161","Leonard Elementary School","63","Oakland","LEA School","Elementary","City: Small","Oakland Region","5","05","English Language Arts","Students without Disabilities","21","22","15","36.20","37.90","25.90","58","54.90"
"22 - 23 School Year","63","Oakland Schools","63150","Troy School District","02161","Leonard Elementary School","63","Oakland","LEA School","Elementary","City: Small","Oakland Region","5","04","English Language Arts","Students without Disabilities","22","25","11","37.90","43.10","19.00","58","58.40"
"22 - 23 School Year","63","Oakland Schools","63150","Troy School District","02161","Leonard Elementary School","63","Oakland","LEA School","Elementary","City: Small","Oakland Region","5","04","Mathematics","Students with Disabilities","< 10","< 10","< 10","< 10","< 10","< 10","< 10","< 10"
"22 - 23 School Year","63","Oakland Schools","63150","Troy School District","02161","Leonard Elementary School","63","Oakland","LEA School","Elementary","City: Small","Oakland Region","5","05","Mathematics","Students with Disabilities","< 10","< 10","< 10","< 10","< 10","< 10","< 10","< 10"
"22 - 23 School Year","63","Oakland Schools","63150","Troy School District","02161","Leonard Elementary School","63","Oakland","LEA School","Elementary","City: Small","Oakland Region","5","All Grades","Mathematics","Students with Disabilities","< 10","< 10","< 10","42.90","14.30","42.90","14","49.40"
"22 - 23 School Year","63","Oakland Schools","63150","Troy School District","02161","Leonard Elementary School","63","Oakland","LEA School","Elementary","City: Small","Oakland Region","5","05","English Language Arts","English Learners","< 10","< 10","< 10","35.30","11.80","52.90","17","44.30"
"22 - 23 School Year","63","Oakland Schools","63150","Troy School District","02161","Leonard Elementary School","63","Oakland","LEA School","Elementary","City: Small","Oakland Region","5","05","English Language Arts","Female","16","10","< 10","47.10","29.40","23.50","34","59.60"
"22 - 23 School Year","63","Oakland Schools","63150","Troy School District","02161","Leonard Elementary School","63","Oakland","LEA School","Elementary","City: Small","Oakland Region","5","04","English Language Arts","Two or More Races","< 10","< 10","< 10","< 10","< 10","< 10","< 10","< 10"
"22 - 23 School Year","63","Oakland Schools","63150","Troy School District","02161","Leonard Elementary School","63","Oakland","LEA School","Elementary","City: Small","Oakland Region","5","04","English Language Arts","Asian","< 10","13","< 10","34.60","50.00","15.40","26","61.20"
"22 - 23 School Year","63","Oakland Schools","63150","Troy School District","02161","Leonard Elementary School","63","Oakland","LEA School","Elementary","City: Small","Oakland Region","5","All Grades","English Language Arts","Two or More Races","< 10","< 10","< 10","< 10","< 10","< 10","< 10","< 10"
"22 - 23 School Year","63","Oakland Schools","63150","Troy School District","02161","Leonard Elementary School","63","Oakland","LEA School","Elementary","City: Small","Oakland Region","5","All Grades","English Language Arts","Asian","21","19","12","40.40","36.50","23.10","52","58.40"
"22 - 23 School Year","63","Oakland Schools","63150","Troy School District","02161","Leonard Elementary School","63","Oakland","LEA School","Elementary","City: Small","Oakland Region","5","04","Mathematics","Black, not of Hispanic origin","< 10","< 10","< 10","< 10","< 10","< 10","< 10","< 10"
"22 - 23 School Year","63","Oakland Schools","63150","Troy School District","02161","Leonard Elementary School","63","Oakland","LEA School","Elementary","City: Small","Oakland Region","5","05","English Language Arts","Male","< 10","14","13","15.60","43.80","40.60","32","42.60"
"22 - 23 School Year","63","Oakland Schools","63150","Troy School District","02161","Leonard Elementary School","63","Oakland","LEA School","Elementary","City: Small","Oakland Region","5","05","English Language Arts","White, not of Hispanic origin","< 10","14","12","21.20","42.40","36.40","33","45.50"
"22 - 23 School Year","63","Oakland Schools","63150","Troy School District","02161","Leonard Elementary School","63","Oakland","LEA School","Elementary","City: Small","Oakland Region","5","04","Mathematics","Female","15","< 10","< 10","51.70","24.10","24.10","29","60.10"
"22 - 23 School Year","63","Oakland Schools","63150","Troy School District","02161","Leonard Elementary School","63","Oakland","LEA School","Elementary","City: Small","Oakland Region","5","04","Mathematics","English Learners","12","< 10","< 10","85.70","7.10","7.10","14","81.60"
"22 - 23 School Year","63","Oakland Schools","63150","Troy School District","02161","Leonard Elementary School","63","Oakland","LEA School","Elementary","City: Small","Oakland Region","5","All Grades","Mathematics","Black, not of Hispanic origin","< 10","< 10","< 10","< 10","< 10","< 10","< 10","< 10"
"22 - 23 School Year","63","Oakland Schools","63150","Troy School District","02161","Leonard Elementary School","63","Oakland","LEA School","Elementary","City: Small","Oakland Region","5","All Grades","Mathematics","Female","25","23","16","39.10","35.90","25.00","64","55.40"
"22 - 23 School Year","63","Oakland Schools","63150","Troy School District","02161","Leonard Elementary School","63","Oakland","LEA School","Elementary","City: Small","Oakland Region","5","All Grades","Mathematics","English Learners","21","< 10","< 10","65.60","21.90","12.50","32","72.60"
"22 - 23 School Year","63","Oakland Schools","63150","Troy School District","02161","Leonard Elementary School","63","Oakland","LEA School","Elementary","City: Small","Oakland Region","5","04","English Language Arts","Not English Learners","19","20","12","37.30","39.20","23.50","51","55.30"
"22 - 23 School Year","63","Oakland Schools","63150","Troy School District","02161","Leonard Elementary School","63","Oakland","LEA School","Elementary","City: Small","Oakland Region","5","04","English Language Arts","Hispanic","< 10","< 10","< 10","< 10","< 10","< 10","< 10","< 10"
"22 - 23 School Year","63","Oakland Schools","63150","Troy School District","02161","Leonard Elementary School","63","Oakland","LEA School","Elementary","City: Small","Oakland Region","5","04","English Language Arts","Economically Disadvantaged","< 10","< 10","< 10","27.30","27.30","45.50","11","39.30"
"22 - 23 School Year","63","Oakland Schools","63150","Troy School District","02161","Leonard Elementary School","63","Oakland","LEA School","Elementary","City: Small","Oakland Region","5","All Grades","English Language Arts","Not English Learners","34","42","24","34.00","42.00","24.00","100","54.50"
"22 - 23 School Year","63","Oakland Schools","63150","Troy School District","02161","Leonard Elementary School","63","Oakland","LEA School","Elementary","City: Small","Oakland Region","5","All Grades","English Language Arts","Hispanic","< 10","< 10","< 10","< 10","< 10","< 10","< 10","< 10"
"22 - 23 School Year","63","Oakland Schools","63150","Troy School District","02161","Leonard Elementary School","63","Oakland","LEA School","Elementary","City: Small","Oakland Region","5","All Grades","English Language Arts","Economically Disadvantaged","< 10","< 10","10","16.70","27.80","55.60","18","34.80"
"22 - 23 School Year","63","Oakland Schools","63150","Troy School District","02161","Leonard Elementary School","63","Oakland","LEA School","Elementary","City: Small","Oakland Region","5","04","English Language Arts","Students with Disabilities","< 10","< 10","< 10","< 10","< 10","< 10","< 10","< 10"
"22 - 23 School Year","63","Oakland Schools","63150","Troy School District","02161","Leonard Elementary School","63","Oakland","LEA School","Elementary","City: Small","Oakland Region","5","05","English Language Arts","Students with Disabilities","< 10","< 10","< 10","< 10","< 10","< 10","< 10","< 10"
"22 - 23 School Year","63","Oakland Schools","63150","Troy School District","02161","Leonard Elementary School","63","Oakland","LEA School","Elementary","City: Small","Oakland Region","5","All Grades","English Language Arts","Students with Disabilities","< 10","< 10","< 10","7.10","28.60","64.30","14","30.20"
"22 - 23 School Year","63","Oakland Schools","63150","Troy School District","02161","Leonard Elementary School","63","Oakland","LEA School","Elementary","City: Small","Oakland Region","5","All Grades","Mathematics","Two or More Races","< 10","< 10","< 10","< 10","< 10","< 10","< 10","< 10"
"22 - 23 School Year","63","Oakland Schools","63150","Troy School District","02161","Leonard Elementary School","63","Oakland","LEA School","Elementary","City: Small","Oakland Region","5","All Grades","Mathematics","Asian","31","17","< 10","57.40","31.50","11.10","54","69.50"
"22 - 23 School Year","63","Oakland Schools","63150","Troy School District","02161","Leonard Elementary School","63","Oakland","LEA School","Elementary","City: Small","Oakland Region","5","05","Mathematics","Not Migrant","23","27","17","34.30","40.30","25.40","67","54.30"
"22 - 23 School Year","63","Oakland Schools","63150","Troy School District","02161","Leonard Elementary School","63","Oakland","LEA School","Elementary","City: Small","Oakland Region","5","05","Mathematics","Male","13","11","< 10","40.60","34.40","25.00","32","57.20"
"22 - 23 School Year","63","Oakland Schools","63150","Troy School District","02161","Leonard Elementary School","63","Oakland","LEA School","Elementary","City: Small","Oakland Region","5","All Grades","English Language Arts","White, not of Hispanic origin","20","25","20","30.80","38.50","30.80","65","49.90"
"22 - 23 School Year","63","Oakland Schools","63150","Troy School District","02161","Leonard Elementary School","63","Oakland","LEA School","Elementary","City: Small","Oakland Region","5","All Grades","English Language Arts","Male","18","31","18","26.90","46.30","26.90","67","51.70"
"22 - 23 School Year","63","Oakland Schools","63150","Troy School District","02161","Leonard Elementary School","63","Oakland","LEA School","Elementary","City: Small","Oakland Region","5","All Grades","English Language Arts","Not Migrant","44","51","35","33.80","39.20","26.90","130","53.80"
"22 - 23 School Year","63","Oakland Schools","63150","Troy School District","02161","Leonard Elementary School","63","Oakland","LEA School","Elementary","City: Small","Oakland Region","5","04","English Language Arts","White, not of Hispanic origin","13","11","< 10","40.60","34.40","25.00","32","54.40"
"22 - 23 School Year","63","Oakland Schools","63150","Troy School District","02161","Leonard Elementary School","63","Oakland","LEA School","Elementary","City: Small","Oakland Region","5","04","English Language Arts","Male","13","17","< 10","37.10","48.60","14.30","35","60.10"
"22 - 23 School Year","63","Oakland Schools","63150","Troy School District","02161","Leonard Elementary School","63","Oakland","LEA School","Elementary","City: Small","Oakland Region","5","04","English Language Arts","Not Migrant","23","27","14","35.90","42.20","21.90","64","56.30"
"22 - 23 School Year","63","Oakland Schools","63150","Troy School District","02161","Leonard Elementary School","63","Oakland","LEA School","Elementary","City: Small","Oakland Region","5","All Grades","English Language Arts","All Students","44","51","35","33.80","39.20","26.90","130","53.80"
"22 - 23 School Year","63","Oakland Schools","63150","Troy School District","02161","Leonard Elementary School","63","Oakland","LEA School","Elementary","City: Small","Oakland Region","5","All Grades","English Language Arts","Not Economically Disadvantaged","41","46","25","36.60","41.10","22.30","112","56.80"
"22 - 23 School Year","63","Oakland Schools","63150","Troy School District","02161","Leonard Elementary School","63","Oakland","LEA School","Elementary","City: Small","Oakland Region","5","04","English Language Arts","Not Economically Disadvantaged","20","24","< 10","37.70","45.30","17.00","53","59.90"
"22 - 23 School Year","63","Oakland Schools","63150","Troy School District","02161","Leonard Elementary School","63","Oakland","LEA School","Elementary","City: Small","Oakland Region","5","05","English Language Arts","Not Migrant","21","24","21","31.80","36.40","31.80","66","51.30"
"22 - 23 School Year","63","Oakland Schools","63150","Troy School District","02161","Leonard Elementary School","63","Oakland","LEA School","Elementary","City: Small","Oakland Region","5","05","English Language Arts","All Students","21","24","21","31.80","36.40","31.80","66","51.30"
"22 - 23 School Year","63","Oakland Schools","63150","Troy School District","02161","Leonard Elementary School","63","Oakland","LEA School","Elementary","City: Small","Oakland Region","5","04","English Language Arts","All Students","23","27","14","35.90","42.20","21.90","64","56.30"
"22 - 23 School Year","63","Oakland Schools","63150","Troy School District","02618","Morse Elementary School","63","Oakland","LEA School","Elementary","City: Small","Oakland Region","5","All Grades","English Language Arts","Students with Disabilities","< 10","< 10","< 10","14.30","50.00","35.70","14","42.20"
"22 - 23 School Year","63","Oakland Schools","63150","Troy School District","02618","Morse Elementary School","63","Oakland","LEA School","Elementary","City: Small","Oakland Region","5","All Grades","Mathematics","Students without Disabilities","43","41","28","38.40","36.60","25.00","112","55.70"
"22 - 23 School Year","63","Oakland Schools","63150","Troy School District","02618","Morse Elementary School","63","Oakland","LEA School","Elementary","City: Small","Oakland Region","5","04","Mathematics","All Students","16","22","18","28.60","39.30","32.10","56","48.80"
"22 - 23 School Year","63","Oakland Schools","63150","Troy School District","02618","Morse Elementary School","63","Oakland","LEA School","Elementary","City: Small","Oakland Region","5","All Grades","Mathematics","Students with Disabilities","< 10","< 10","< 10","7.10","50.00","42.90","14","35.00"
"22 - 23 School Year","63","Oakland Schools","63150","Troy School District","02618","Morse Elementary School","63","Oakland","LEA School","Elementary","City: Small","Oakland Region","5","All Grades","English Language Arts","Two or More Races","< 10","< 10","< 10","< 10","< 10","< 10","< 10","< 10"
"22 - 23 School Year","63","Oakland Schools","63150","Troy School District","02618","Morse Elementary School","63","Oakland","LEA School","Elementary","City: Small","Oakland Region","5","All Grades","English Language Arts","Asian","23","19","< 10","48.90","40.40","10.60","47","65.90"
"22 - 23 School Year","63","Oakland Schools","63150","Troy School District","02618","Morse Elementary School","63","Oakland","LEA School","Elementary","City: Small","Oakland Region","5","04","English Language Arts","Two or More Races","< 10","< 10","< 10","< 10","< 10","< 10","< 10","< 10"
"22 - 23 School Year","63","Oakland Schools","63150","Troy School District","02618","Morse Elementary School","63","Oakland","LEA School","Elementary","City: Small","Oakland Region","5","04","English Language Arts","Asian","12","< 10","< 10","60.00","30.00","10.00","20","69.80"
"22 - 23 School Year","63","Oakland Schools","63150","Troy School District","02618","Morse Elementary School","63","Oakland","LEA School","Elementary","City: Small","Oakland Region","5","All Grades","English Language Arts","English Learners","11","19","< 10","32.40","55.90","11.80","34","58.20"
"22 - 23 School Year","63","Oakland Schools","63150","Troy School District","02618","Morse Elementary School","63","Oakland","LEA School","Elementary","City: Small","Oakland Region","5","04","English Language Arts","Black, not of Hispanic origin","< 10","< 10","< 10","< 10","< 10","< 10","< 10","< 10"
"22 - 23 School Year","63","Oakland Schools","63150","Troy School District","02618","Morse Elementary School","63","Oakland","LEA School","Elementary","City: Small","Oakland Region","5","04","English Language Arts","Female","13","< 10","< 10","59.10","36.40","< 5","22","70.70"
"22 - 23 School Year","63","Oakland Schools","63150","Troy School District","02618","Morse Elementary School","63","Oakland","LEA School","Elementary","City: Small","Oakland Region","5","04","English Language Arts","English Learners","< 10","10","< 10","45.00","50.00","5.00","20","63.10"
"22 - 23 School Year","63","Oakland Schools","63150","Troy School District","02618","Morse Elementary School","63","Oakland","LEA School","Elementary","City: Small","Oakland Region","5","05","English Language Arts","Asian","11","13","< 10","40.70","48.10","11.10","27","62.90"
"22 - 23 School Year","63","Oakland Schools","63150","Troy School District","02618","Morse Elementary School","63","Oakland","LEA School","Elementary","City: Small","Oakland Region","5","All Grades","English Language Arts","Economically Disadvantaged","20","23","13","35.70","41.10","23.20","56","56.10"
"22 - 23 School Year","63","Oakland Schools","63150","Troy School District","02618","Morse Elementary School","63","Oakland","LEA School","Elementary","City: Small","Oakland Region","5","All Grades","English Language Arts","Hispanic","< 10","< 10","< 10","27.30","63.60","9.10","11","58.50"
"22 - 23 School Year","63","Oakland Schools","63150","Troy School District","02618","Morse Elementary School","63","Oakland","LEA School","Elementary","City: Small","Oakland Region","5","All Grades","English Language Arts","Not English Learners","39","33","18","43.30","36.70","20.00","90","61.20"
"22 - 23 School Year","63","Oakland Schools","63150","Troy School District","02618","Morse Elementary School","63","Oakland","LEA School","Elementary","City: Small","Oakland Region","5","04","English Language Arts","Economically Disadvantaged","12","11","< 10","46.20","42.30","11.50","26","63.90"
"22 - 23 School Year","63","Oakland Schools","63150","Troy School District","02618","Morse Elementary School","63","Oakland","LEA School","Elementary","City: Small","Oakland Region","5","04","English Language Arts","Students without Disabilities","28","14","< 10","60.90","30.40","8.70","46","70.90"
"22 - 23 School Year","63","Oakland Schools","63150","Troy School District","02618","Morse Elementary School","63","Oakland","LEA School","Elementary","City: Small","Oakland Region","5","05","Mathematics","Students without Disabilities","27","23","14","42.20","35.90","21.90","64","58.40"
"22 - 23 School Year","63","Oakland Schools","63150","Troy School District","02618","Morse Elementary School","63","Oakland","LEA School","Elementary","City: Small","Oakland Region","5","05","Mathematics","Students with Disabilities","< 10","< 10","< 10","< 10","< 10","< 10","< 10","< 10"
"22 - 23 School Year","63","Oakland Schools","63150","Troy School District","02618","Morse Elementary School","63","Oakland","LEA School","Elementary","City: Small","Oakland Region","5","04","Mathematics","Students with Disabilities","< 10","< 10","< 10","< 10","< 10","< 10","< 10","< 10"
"22 - 23 School Year","63","Oakland Schools","63150","Troy School District","02618","Morse Elementary School","63","Oakland","LEA School","Elementary","City: Small","Oakland Region","5","All Grades","Mathematics","All Students","44","48","34","34.90","38.10","27.00","126","53.40"
"22 - 23 School Year","63","Oakland Schools","63150","Troy School District","02618","Morse Elementary School","63","Oakland","LEA School","Elementary","City: Small","Oakland Region","5","05","Mathematics","American Indian or Alaska Native","< 10","< 10","< 10","< 10","< 10","< 10","< 10","< 10"
"22 - 23 School Year","63","Oakland Schools","63150","Troy School District","02618","Morse Elementary School","63","Oakland","LEA School","Elementary","City: Small","Oakland Region","5","05","Mathematics","Black, not of Hispanic origin","< 10","< 10","< 10","< 10","< 10","< 10","< 10","< 10"
"22 - 23 School Year","63","Oakland Schools","63150","Troy School District","02618","Morse Elementary School","63","Oakland","LEA School","Elementary","City: Small","Oakland Region","5","05","Mathematics","Female","12","14","< 10","36.40","42.40","21.20","33","55.00"
"22 - 23 School Year","63","Oakland Schools","63150","Troy School District","02618","Morse Elementary School","63","Oakland","LEA School","Elementary","City: Small","Oakland Region","5","05","Mathematics","English Learners","< 10","< 10","< 10","35.70","42.90","21.40","14","56.90"
"22 - 23 School Year","63","Oakland Schools","63150","Troy School District","02618","Morse Elementary School","63","Oakland","LEA School","Elementary","City: Small","Oakland Region","5","04","Mathematics","Asian","< 10","10","< 10","38.10","47.60","14.30","21","61.70"
"22 - 23 School Year","63","Oakland Schools","63150","Troy School District","02618","Morse Elementary School","63","Oakland","LEA School","Elementary","City: Small","Oakland Region","5","04","Mathematics","Two or More Races","< 10","< 10","< 10","< 10","< 10","< 10","< 10","< 10"
"22 - 23 School Year","63","Oakland Schools","63150","Troy School District","02618","Morse Elementary School","63","Oakland","LEA School","Elementary","City: Small","Oakland Region","5","All Grades","Mathematics","English Learners","14","11","< 10","41.20","32.40","26.50","34","54.60"
"22 - 23 School Year","63","Oakland Schools","63150","Troy School District","02618","Morse Elementary School","63","Oakland","LEA School","Elementary","City: Small","Oakland Region","5","All Grades","Mathematics","Female","19","20","16","34.50","36.40","29.10","55","50.90"
"22 - 23 School Year","63","Oakland Schools","63150","Troy School District","02618","Morse Elementary School","63","Oakland","LEA School","Elementary","City: Small","Oakland Region","5","All Grades","Mathematics","Black, not of Hispanic origin","< 10","< 10","< 10","21.40","50.00","28.60","14","45.50"
"22 - 23 School Year","63","Oakland Schools","63150","Troy School District","02618","Morse Elementary School","63","Oakland","LEA School","Elementary","City: Small","Oakland Region","5","All Grades","Mathematics","American Indian or Alaska Native","< 10","< 10","< 10","< 10","< 10","< 10","< 10","< 10"
"22 - 23 School Year","63","Oakland Schools","63150","Troy School District","02618","Morse Elementary School","63","Oakland","LEA School","Elementary","City: Small","Oakland Region","5","05","Mathematics","Asian","12","11","< 10","44.40","40.70","14.80","27","65.10"
"22 - 23 School Year","63","Oakland Schools","63150","Troy School District","02618","Morse Elementary School","63","Oakland","LEA School","Elementary","City: Small","Oakland Region","5","All Grades","Mathematics","Not English Learners","30","37","25","32.60","40.20","27.20","92","52.90"
"22 - 23 School Year","63","Oakland Schools","63150","Troy School District","02618","Morse Elementary School","63","Oakland","LEA School","Elementary","City: Small","Oakland Region","5","All Grades","Mathematics","Hispanic","< 10","< 10","< 10","27.30","36.40","36.40","11","43.10"
"22 - 23 School Year","63","Oakland Schools","63150","Troy School District","02618","Morse Elementary School","63","Oakland","LEA School","Elementary","City: Small","Oakland Region","5","All Grades","Mathematics","Economically Disadvantaged","14","23","20","24.60","40.40","35.10","57","44.20"
"22 - 23 School Year","63","Oakland Schools","63150","Troy School District","02618","Morse Elementary School","63","Oakland","LEA School","Elementary","City: Small","Oakland Region","5","All Grades","English Language Arts","White, not of Hispanic origin","21","16","13","42.00","32.00","26.00","50","58.20"
"22 - 23 School Year","63","Oakland Schools","63150","Troy School District","02618","Morse Elementary School","63","Oakland","LEA School","Elementary","City: Small","Oakland Region","5","All Grades","English Language Arts","Male","30","25","14","43.50","36.20","20.30","69","62.30"
"22 - 23 School Year","63","Oakland Schools","63150","Troy School District","02618","Morse Elementary School","63","Oakland","LEA School","Elementary","City: Small","Oakland Region","5","All Grades","English Language Arts","Not Migrant","50","52","22","40.30","41.90","17.70","124","60.40"
"22 - 23 School Year","63","Oakland Schools","63150","Troy School District","02618","Morse Elementary School","63","Oakland","LEA School","Elementary","City: Small","Oakland Region","5","04","English Language Arts","White, not of Hispanic origin","13","< 10","< 10","72.20","16.70","11.10","18","73.90"
"22 - 23 School Year","63","Oakland Schools","63150","Troy School District","02618","Morse Elementary School","63","Oakland","LEA School","Elementary","City: Small","Oakland Region","5","04","English Language Arts","Male","16","11","< 10","50.00","34.40","15.60","32","65.00"
"22 - 23 School Year","63","Oakland Schools","63150","Troy School District","02618","Morse Elementary School","63","Oakland","LEA School","Elementary","City: Small","Oakland Region","5","04","English Language Arts","Not Migrant","29","19","< 10","53.70","35.20","11.10","54","67.40"
"22 - 23 School Year","63","Oakland Schools","63150","Troy School District","02618","Morse Elementary School","63","Oakland","LEA School","Elementary","City: Small","Oakland Region","5","04","Mathematics","Not Migrant","16","22","18","28.60","39.30","32.10","56","48.80"
"22 - 23 School Year","63","Oakland Schools","63150","Troy School District","02618","Morse Elementary School","63","Oakland","LEA School","Elementary","City: Small","Oakland Region","5","04","Mathematics","Male","< 10","16","< 10","26.50","47.10","26.50","34","51.50"
"22 - 23 School Year","63","Oakland Schools","63150","Troy School District","02618","Morse Elementary School","63","Oakland","LEA School","Elementary","City: Small","Oakland Region","5","04","Mathematics","White, not of Hispanic origin","< 10","< 10","< 10","33.30","22.20","44.40","18","45.10"
"22 - 23 School Year","63","Oakland Schools","63150","Troy School District","02618","Morse Elementary School","63","Oakland","LEA School","Elementary","City: Small","Oakland Region","5","05","Mathematics","Not Migrant","28","26","16","40.00","37.10","22.90","70","57.00"
"22 - 23 School Year","63","Oakland Schools","63150","Troy School District","02618","Morse Elementary School","63","Oakland","LEA School","Elementary","City: Small","Oakland Region","5","05","Mathematics","Male","16","12","< 10","43.20","32.40","24.30","37","58.80"
"22 - 23 School Year","63","Oakland Schools","63150","Troy School District","02618","Morse Elementary School","63","Oakland","LEA School","Elementary","City: Small","Oakland Region","5","05","Mathematics","White, not of Hispanic origin","12","< 10","11","37.50","28.10","34.40","32","50.30"
"22 - 23 School Year","63","Oakland Schools","63150","Troy School District","02618","Morse Elementary School","63","Oakland","LEA School","Elementary","City: Small","Oakland Region","5","All Grades","Mathematics","Asian","20","21","< 10","41.70","43.80","14.60","48","63.60"
"22 - 23 School Year","63","Oakland Schools","63150","Troy School District","02618","Morse Elementary School","63","Oakland","LEA School","Elementary","City: Small","Oakland Region","5","All Grades","Mathematics","Two or More Races","< 10","< 10","< 10","< 10","< 10","< 10","< 10","< 10"
"22 - 23 School Year","63","Oakland Schools","63150","Troy School District","02618","Morse Elementary School","63","Oakland","LEA School","Elementary","City: Small","Oakland Region","5","05","English Language Arts","Students without Disabilities","20","31","13","31.30","48.40","20.30","64","56.80"
"22 - 23 School Year","63","Oakland Schools","63150","Troy School District","02618","Morse Elementary School","63","Oakland","LEA School","Elementary","City: Small","Oakland Region","5","04","Mathematics","Students without Disabilities","16","18","14","33.30","37.50","29.20","48","52.00"
"22 - 23 School Year","63","Oakland Schools","63150","Troy School District","02618","Morse Elementary School","63","Oakland","LEA School","Elementary","City: Small","Oakland Region","5","All Grades","English Language Arts","Students without Disabilities","48","45","17","43.60","40.90","15.50","110","62.70"
"22 - 23 School Year","63","Oakland Schools","63150","Troy School District","02618","Morse Elementary School","63","Oakland","LEA School","Elementary","City: Small","Oakland Region","5","05","Mathematics","Not English Learners","23","20","13","41.10","35.70","23.20","56","57.10"
"22 - 23 School Year","63","Oakland Schools","63150","Troy School District","02618","Morse Elementary School","63","Oakland","LEA School","Elementary","City: Small","Oakland Region","5","05","Mathematics","Economically Disadvantaged","< 10","12","< 10","30.00","40.00","30.00","30","49.00"
"22 - 23 School Year","63","Oakland Schools","63150","Troy School District","02618","Morse Elementary School","63","Oakland","LEA School","Elementary","City: Small","Oakland Region","5","05","Mathematics","Hispanic","< 10","< 10","< 10","< 10","< 10","< 10","< 10","< 10"
"22 - 23 School Year","63","Oakland Schools","63150","Troy School District","02618","Morse Elementary School","63","Oakland","LEA School","Elementary","City: Small","Oakland Region","5","05","English Language Arts","Students with Disabilities","< 10","< 10","< 10","< 10","< 10","< 10","< 10","< 10"
"22 - 23 School Year","63","Oakland Schools","63150","Troy School District","02618","Morse Elementary School","63","Oakland","LEA School","Elementary","City: Small","Oakland Region","5","05","Mathematics","All Students","28","26","16","40.00","37.10","22.90","70","57.00"
"22 - 23 School Year","63","Oakland Schools","63150","Troy School District","02618","Morse Elementary School","63","Oakland","LEA School","Elementary","City: Small","Oakland Region","5","All Grades","English Language Arts","Female","20","27","< 10","36.40","49.10","14.50","55","57.90"
"22 - 23 School Year","63","Oakland Schools","63150","Troy School District","02618","Morse Elementary School","63","Oakland","LEA School","Elementary","City: Small","Oakland Region","5","All Grades","English Language Arts","Black, not of Hispanic origin","< 10","< 10","< 10","23.10","53.80","23.10","13","54.20"
"22 - 23 School Year","63","Oakland Schools","63150","Troy School District","02618","Morse Elementary School","63","Oakland","LEA School","Elementary","City: Small","Oakland Region","5","All Grades","English Language Arts","American Indian or Alaska Native","< 10","< 10","< 10","< 10","< 10","< 10","< 10","< 10"
"22 - 23 School Year","63","Oakland Schools","63150","Troy School District","02618","Morse Elementary School","63","Oakland","LEA School","Elementary","City: Small","Oakland Region","5","05","English Language Arts","English Learners","< 10","< 10","< 10","14.30","64.30","21.40","14","51.20"
"22 - 23 School Year","63","Oakland Schools","63150","Troy School District","02618","Morse Elementary School","63","Oakland","LEA School","Elementary","City: Small","Oakland Region","5","05","English Language Arts","Female","< 10","19","< 10","21.20","57.60","21.20","33","49.40"
"22 - 23 School Year","63","Oakland Schools","63150","Troy School District","02618","Morse Elementary School","63","Oakland","LEA School","Elementary","City: Small","Oakland Region","5","05","English Language Arts","Black, not of Hispanic origin","< 10","< 10","< 10","< 10","< 10","< 10","< 10","< 10"
"22 - 23 School Year","63","Oakland Schools","63150","Troy School District","02618","Morse Elementary School","63","Oakland","LEA School","Elementary","City: Small","Oakland Region","5","05","English Language Arts","American Indian or Alaska Native","< 10","< 10","< 10","< 10","< 10","< 10","< 10","< 10"
"22 - 23 School Year","63","Oakland Schools","63150","Troy School District","02618","Morse Elementary School","63","Oakland","LEA School","Elementary","City: Small","Oakland Region","5","05","English Language Arts","Economically Disadvantaged","< 10","12","10","26.70","40.00","33.30","30","49.40"
"22 - 23 School Year","63","Oakland Schools","63150","Troy School District","02618","Morse Elementary School","63","Oakland","LEA School","Elementary","City: Small","Oakland Region","5","04","English Language Arts","Not English Learners","20","< 10","< 10","58.80","26.50","14.70","34","69.90"
"22 - 23 School Year","63","Oakland Schools","63150","Troy School District","02618","Morse Elementary School","63","Oakland","LEA School","Elementary","City: Small","Oakland Region","5","04","English Language Arts","Hispanic","< 10","< 10","< 10","< 10","< 10","< 10","< 10","< 10"
"22 - 23 School Year","63","Oakland Schools","63150","Troy School District","02618","Morse Elementary School","63","Oakland","LEA School","Elementary","City: Small","Oakland Region","5","05","English Language Arts","Not Economically Disadvantaged","13","21","< 10","32.50","52.50","15.00","40","59.30"
"22 - 23 School Year","63","Oakland Schools","63150","Troy School District","02618","Morse Elementary School","63","Oakland","LEA School","Elementary","City: Small","Oakland Region","5","All Grades","English Language Arts","Not Economically Disadvantaged","30","29","< 10","44.10","42.60","13.20","68","63.90"
"22 - 23 School Year","63","Oakland Schools","63150","Troy School District","02618","Morse Elementary School","63","Oakland","LEA School","Elementary","City: Small","Oakland Region","5","04","English Language Arts","Not Economically Disadvantaged","17","< 10","< 10","60.70","28.60","10.70","28","70.60"
"22 - 23 School Year","63","Oakland Schools","63150","Troy School District","02618","Morse Elementary School","63","Oakland","LEA School","Elementary","City: Small","Oakland Region","5","05","English Language Arts","All Students","21","33","16","30.00","47.10","22.90","70","55.00"
"22 - 23 School Year","63","Oakland Schools","63150","Troy School District","02618","Morse Elementary School","63","Oakland","LEA School","Elementary","City: Small","Oakland Region","5","05","English Language Arts","Not Migrant","21","33","16","30.00","47.10","22.90","70","55.00"
"22 - 23 School Year","63","Oakland Schools","63150","Troy School District","02618","Morse Elementary School","63","Oakland","LEA School","Elementary","City: Small","Oakland Region","5","05","English Language Arts","Male","14","14","< 10","37.80","37.80","24.30","37","60.00"
"22 - 23 School Year","63","Oakland Schools","63150","Troy School District","02618","Morse Elementary School","63","Oakland","LEA School","Elementary","City: Small","Oakland Region","5","05","English Language Arts","White, not of Hispanic origin","< 10","13","11","25.00","40.60","34.40","32","49.40"
"22 - 23 School Year","63","Oakland Schools","63150","Troy School District","02618","Morse Elementary School","63","Oakland","LEA School","Elementary","City: Small","Oakland Region","5","04","English Language Arts","Students with Disabilities","< 10","< 10","< 10","< 10","< 10","< 10","< 10","< 10"
"22 - 23 School Year","63","Oakland Schools","63150","Troy School District","02618","Morse Elementary School","63","Oakland","LEA School","Elementary","City: Small","Oakland Region","5","All Grades","Mathematics","Not Economically Disadvantaged","30","25","14","43.50","36.20","20.30","69","61.00"
"22 - 23 School Year","63","Oakland Schools","63150","Troy School District","02618","Morse Elementary School","63","Oakland","LEA School","Elementary","City: Small","Oakland Region","5","04","Mathematics","Not Economically Disadvantaged","11","11","< 10","37.90","37.90","24.10","29","58.10"
"22 - 23 School Year","63","Oakland Schools","63150","Troy School District","02618","Morse Elementary School","63","Oakland","LEA School","Elementary","City: Small","Oakland Region","5","04","Mathematics","Black, not of Hispanic origin","< 10","< 10","< 10","< 10","< 10","< 10","< 10","< 10"
"22 - 23 School Year","63","Oakland Schools","63150","Troy School District","02618","Morse Elementary School","63","Oakland","LEA School","Elementary","City: Small","Oakland Region","5","04","Mathematics","Female","< 10","< 10","< 10","31.80","27.30","40.90","22","44.80"
"22 - 23 School Year","63","Oakland Schools","63150","Troy School District","02618","Morse Elementary School","63","Oakland","LEA School","Elementary","City: Small","Oakland Region","5","04","Mathematics","English Learners","< 10","< 10","< 10","45.00","25.00","30.00","20","53.00"
"22 - 23 School Year","63","Oakland Schools","63150","Troy School District","02618","Morse Elementary School","63","Oakland","LEA School","Elementary","City: Small","Oakland Region","5","05","Mathematics","Not Economically Disadvantaged","19","14","< 10","47.50","35.00","17.50","40","63.10"
"22 - 23 School Year","63","Oakland Schools","63150","Troy School District","02618","Morse Elementary School","63","Oakland","LEA School","Elementary","City: Small","Oakland Region","5","04","Mathematics","Economically Disadvantaged","< 10","11","11","18.50","40.70","40.70","27","38.90"
"22 - 23 School Year","63","Oakland Schools","63150","Troy School District","02618","Morse Elementary School","63","Oakland","LEA School","Elementary","City: Small","Oakland Region","5","04","Mathematics","Hispanic","< 10","< 10","< 10","< 10","< 10","< 10","< 10","< 10"
"22 - 23 School Year","63","Oakland Schools","63150","Troy School District","02618","Morse Elementary School","63","Oakland","LEA School","Elementary","City: Small","Oakland Region","5","04","Mathematics","Not English Learners","< 10","17","12","19.40","47.20","33.30","36","46.50"
"22 - 23 School Year","63","Oakland Schools","63150","Troy School District","02618","Morse Elementary School","63","Oakland","LEA School","Elementary","City: Small","Oakland Region","5","All Grades","Mathematics","White, not of Hispanic origin","18","13","19","36.00","26.00","38.00","50","48.40"
"22 - 23 School Year","63","Oakland Schools","63150","Troy School District","02618","Morse Elementary School","63","Oakland","LEA School","Elementary","City: Small","Oakland Region","5","All Grades","Mathematics","Male","25","28","18","35.20","39.40","25.40","71","55.30"
"22 - 23 School Year","63","Oakland Schools","63150","Troy School District","02618","Morse Elementary School","63","Oakland","LEA School","Elementary","City: Small","Oakland Region","5","All Grades","Mathematics","Not Migrant","44","48","34","34.90","38.10","27.00","126","53.40"
"22 - 23 School Year","63","Oakland Schools","63150","Troy School District","02618","Morse Elementary School","63","Oakland","LEA School","Elementary","City: Small","Oakland Region","5","05","English Language Arts","Hispanic","< 10","< 10","< 10","< 10","< 10","< 10","< 10","< 10"
"22 - 23 School Year","63","Oakland Schools","63150","Troy School District","02618","Morse Elementary School","63","Oakland","LEA School","Elementary","City: Small","Oakland Region","5","05","English Language Arts","Not English Learners","19","24","13","33.90","42.90","23.20","56","56.00"
"22 - 23 School Year","63","Oakland Schools","63150","Troy School District","02618","Morse Elementary School","63","Oakland","LEA School","Elementary","City: Small","Oakland Region","5","04","English Language Arts","All Students","29","19","< 10","53.70","35.20","11.10","54","67.40"
"22 - 23 School Year","63","Oakland Schools","63150","Troy School District","02618","Morse Elementary School","63","Oakland","LEA School","Elementary","City: Small","Oakland Region","5","All Grades","English Language Arts","All Students","50","52","22","40.30","41.90","17.70","124","60.40"
"22 - 23 School Year","63","Oakland Schools","63150","Troy School District","03715","Hamilton Elementary School","63","Oakland","LEA School","Elementary","City: Small","Oakland Region","5","All Grades","Mathematics","Students without Disabilities","60","54","17","45.80","41.20","13.00","131","65.10"
"22 - 23 School Year","63","Oakland Schools","63150","Troy School District","03715","Hamilton Elementary School","63","Oakland","LEA School","Elementary","City: Small","Oakland Region","5","05","English Language Arts","Students with Disabilities","< 10","< 10","< 10","< 10","< 10","< 10","< 10","< 10"
"22 - 23 School Year","63","Oakland Schools","63150","Troy School District","03715","Hamilton Elementary School","63","Oakland","LEA School","Elementary","City: Small","Oakland Region","5","All Grades","English Language Arts","Two or More Races","< 10","< 10","< 10","40.00","40.00","20.00","10","58.50"
"22 - 23 School Year","63","Oakland Schools","63150","Troy School District","03715","Hamilton Elementary School","63","Oakland","LEA School","Elementary","City: Small","Oakland Region","5","All Grades","English Language Arts","Asian","29","27","14","41.40","38.60","20.00","70","62.00"
"22 - 23 School Year","63","Oakland Schools","63150","Troy School District","03715","Hamilton Elementary School","63","Oakland","LEA School","Elementary","City: Small","Oakland Region","5","05","Mathematics","Students with Disabilities","< 10","< 10","< 10","< 10","< 10","< 10","< 10","< 10"
"22 - 23 School Year","63","Oakland Schools","63150","Troy School District","03715","Hamilton Elementary School","63","Oakland","LEA School","Elementary","City: Small","Oakland Region","5","04","English Language Arts","Two or More Races","< 10","< 10","< 10","< 10","< 10","< 10","< 10","< 10"
"22 - 23 School Year","63","Oakland Schools","63150","Troy School District","03715","Hamilton Elementary School","63","Oakland","LEA School","Elementary","City: Small","Oakland Region","5","All Grades","English Language Arts","Not Migrant","59","56","28","41.30","39.20","19.60","143","60.50"
"22 - 23 School Year","63","Oakland Schools","63150","Troy School District","03715","Hamilton Elementary School","63","Oakland","LEA School","Elementary","City: Small","Oakland Region","5","04","Mathematics","Students with Disabilities","< 10","< 10","< 10","< 10","< 10","< 10","< 10","< 10"
"22 - 23 School Year","63","Oakland Schools","63150","Troy School District","03715","Hamilton Elementary School","63","Oakland","LEA School","Elementary","City: Small","Oakland Region","5","All Grades","English Language Arts","Male","31","25","12","45.60","36.80","17.60","68","63.10"
"22 - 23 School Year","63","Oakland Schools","63150","Troy School District","03715","Hamilton Elementary School","63","Oakland","LEA School","Elementary","City: Small","Oakland Region","5","05","English Language Arts","Asian","16","15","< 10","41.00","38.50","20.50","39","61.00"
"22 - 23 School Year","63","Oakland Schools","63150","Troy School District","03715","Hamilton Elementary School","63","Oakland","LEA School","Elementary","City: Small","Oakland Region","5","04","English Language Arts","Asian","13","12","< 10","41.90","38.70","19.40","31","63.20"
"22 - 23 School Year","63","Oakland Schools","63150","Troy School District","03715","Hamilton Elementary School","63","Oakland","LEA School","Elementary","City: Small","Oakland Region","5","05","English Language Arts","Two or More Races","< 10","< 10","< 10","< 10","< 10","< 10","< 10","< 10"
"22 - 23 School Year","63","Oakland Schools","63150","Troy School District","03715","Hamilton Elementary School","63","Oakland","LEA School","Elementary","City: Small","Oakland Region","5","04","Mathematics","Two or More Races","< 10","< 10","< 10","< 10","< 10","< 10","< 10","< 10"
"22 - 23 School Year","63","Oakland Schools","63150","Troy School District","03715","Hamilton Elementary School","63","Oakland","LEA School","Elementary","City: Small","Oakland Region","5","All Grades","Mathematics","Not English Learners","60","46","14","50.00","38.30","11.70","120","67.00"
"22 - 23 School Year","63","Oakland Schools","63150","Troy School District","03715","Hamilton Elementary School","63","Oakland","LEA School","Elementary","City: Small","Oakland Region","5","All Grades","Mathematics","Hispanic","< 10","< 10","< 10","< 10","< 10","< 10","< 10","< 10"
"22 - 23 School Year","63","Oakland Schools","63150","Troy School District","03715","Hamilton Elementary School","63","Oakland","LEA School","Elementary","City: Small","Oakland Region","5","All Grades","Mathematics","Economically Disadvantaged","< 10","< 10","< 10","25.00","66.70","8.30","12","57.50"
"22 - 23 School Year","63","Oakland Schools","63150","Troy School District","03715","Hamilton Elementary School","63","Oakland","LEA School","Elementary","City: Small","Oakland Region","5","04","Mathematics","Economically Disadvantaged","< 10","< 10","< 10","< 10","< 10","< 10","< 10","< 10"
"22 - 23 School Year","63","Oakland Schools","63150","Troy School District","03715","Hamilton Elementary School","63","Oakland","LEA School","Elementary","City: Small","Oakland Region","5","04","Mathematics","Not English Learners","28","21","< 10","51.90","38.90","9.30","54","67.30"
"22 - 23 School Year","63","Oakland Schools","63150","Troy School District","03715","Hamilton Elementary School","63","Oakland","LEA School","Elementary","City: Small","Oakland Region","5","04","Mathematics","Hispanic","< 10","< 10","< 10","< 10","< 10","< 10","< 10","< 10"
"22 - 23 School Year","63","Oakland Schools","63150","Troy School District","03715","Hamilton Elementary School","63","Oakland","LEA School","Elementary","City: Small","Oakland Region","5","All Grades","English Language Arts","Economically Disadvantaged","< 10","< 10","< 10","9.10","54.50","36.40","11","43.40"
"22 - 23 School Year","63","Oakland Schools","63150","Troy School District","03715","Hamilton Elementary School","63","Oakland","LEA School","Elementary","City: Small","Oakland Region","5","All Grades","English Language Arts","Hispanic","< 10","< 10","< 10","< 10","< 10","< 10","< 10","< 10"
"22 - 23 School Year","63","Oakland Schools","63150","Troy School District","03715","Hamilton Elementary School","63","Oakland","LEA School","Elementary","City: Small","Oakland Region","5","All Grades","English Language Arts","Not English Learners","55","41","24","45.80","34.20","20.00","120","61.50"
"22 - 23 School Year","63","Oakland Schools","63150","Troy School District","03715","Hamilton Elementary School","63","Oakland","LEA School","Elementary","City: Small","Oakland Region","5","04","English Language Arts","Economically Disadvantaged","< 10","< 10","< 10","< 10","< 10","< 10","< 10","< 10"
"22 - 23 School Year","63","Oakland Schools","63150","Troy School District","03715","Hamilton Elementary School","63","Oakland","LEA School","Elementary","City: Small","Oakland Region","5","04","English Language Arts","Hispanic","< 10","< 10","< 10","< 10","< 10","< 10","< 10","< 10"
"22 - 23 School Year","63","Oakland Schools","63150","Troy School District","03715","Hamilton Elementary School","63","Oakland","LEA School","Elementary","City: Small","Oakland Region","5","04","English Language Arts","Not English Learners","22","21","10","41.50","39.60","18.90","53","59.70"
"22 - 23 School Year","63","Oakland Schools","63150","Troy School District","03715","Hamilton Elementary School","63","Oakland","LEA School","Elementary","City: Small","Oakland Region","5","05","English Language Arts","Economically Disadvantaged","< 10","< 10","< 10","< 10","< 10","< 10","< 10","< 10"
"22 - 23 School Year","63","Oakland Schools","63150","Troy School District","03715","Hamilton Elementary School","63","Oakland","LEA School","Elementary","City: Small","Oakland Region","5","05","English Language Arts","Hispanic","< 10","< 10","< 10","< 10","< 10","< 10","< 10","< 10"
"22 - 23 School Year","63","Oakland Schools","63150","Troy School District","03715","Hamilton Elementary School","63","Oakland","LEA School","Elementary","City: Small","Oakland Region","5","05","English Language Arts","Not English Learners","33","20","14","49.30","29.90","20.90","67","62.90"
"22 - 23 School Year","63","Oakland Schools","63150","Troy School District","03715","Hamilton Elementary School","63","Oakland","LEA School","Elementary","City: Small","Oakland Region","5","04","Mathematics","Asian","13","15","< 10","39.40","45.50","15.20","33","61.20"
"22 - 23 School Year","63","Oakland Schools","63150","Troy School District","03715","Hamilton Elementary School","63","Oakland","LEA School","Elementary","City: Small","Oakland Region","5","04","Mathematics","Female","12","20","< 10","30.80","51.30","17.90","39","55.20"
"22 - 23 School Year","63","Oakland Schools","63150","Troy School District","03715","Hamilton Elementary School","63","Oakland","LEA School","Elementary","City: Small","Oakland Region","5","04","Mathematics","English Learners","< 10","< 10","< 10","20.00","46.70","33.30","15","45.80"
"22 - 23 School Year","63","Oakland Schools","63150","Troy School District","03715","Hamilton Elementary School","63","Oakland","LEA School","Elementary","City: Small","Oakland Region","5","All Grades","Mathematics","Female","34","33","10","44.20","42.90","13.00","77","62.40"
"22 - 23 School Year","63","Oakland Schools","63150","Troy School District","03715","Hamilton Elementary School","63","Oakland","LEA School","Elementary","City: Small","Oakland Region","5","All Grades","Mathematics","English Learners","< 10","13","< 10","28.00","52.00","20.00","25","56.30"
"22 - 23 School Year","63","Oakland Schools","63150","Troy School District","03715","Hamilton Elementary School","63","Oakland","LEA School","Elementary","City: Small","Oakland Region","5","04","Mathematics","Black, not of Hispanic origin","< 10","< 10","< 10","< 10","< 10","< 10","< 10","< 10"
"22 - 23 School Year","63","Oakland Schools","63150","Troy School District","03715","Hamilton Elementary School","63","Oakland","LEA School","Elementary","City: Small","Oakland Region","5","All Grades","Mathematics","Black, not of Hispanic origin","< 10","< 10","< 10","< 10","< 10","< 10","< 10","< 10"
"22 - 23 School Year","63","Oakland Schools","63150","Troy School District","03715","Hamilton Elementary School","63","Oakland","LEA School","Elementary","City: Small","Oakland Region","5","All Grades","Mathematics","All Students","67","59","19","46.20","40.70","13.10","145","65.20"
"22 - 23 School Year","63","Oakland Schools","63150","Troy School District","03715","Hamilton Elementary School","63","Oakland","LEA School","Elementary","City: Small","Oakland Region","5","05","Mathematics","English Learners","< 10","< 10","< 10","40.00","60.00","< 5","10","72.10"
"22 - 23 School Year","63","Oakland Schools","63150","Troy School District","03715","Hamilton Elementary School","63","Oakland","LEA School","Elementary","City: Small","Oakland Region","5","05","Mathematics","Female","22","13","< 10","57.90","34.20","7.90","38","69.90"
"22 - 23 School Year","63","Oakland Schools","63150","Troy School District","03715","Hamilton Elementary School","63","Oakland","LEA School","Elementary","City: Small","Oakland Region","5","All Grades","Mathematics","Asian","29","33","11","39.70","45.20","15.10","73","62.90"
"22 - 23 School Year","63","Oakland Schools","63150","Troy School District","03715","Hamilton Elementary School","63","Oakland","LEA School","Elementary","City: Small","Oakland Region","5","All Grades","Mathematics","Two or More Races","< 10","< 10","< 10","50.00","40.00","10.00","10","69.20"
"22 - 23 School Year","63","Oakland Schools","63150","Troy School District","03715","Hamilton Elementary School","63","Oakland","LEA School","Elementary","City: Small","Oakland Region","5","05","Mathematics","All Students","36","31","< 10","47.40","40.80","11.80","76","67.50"
"22 - 23 School Year","63","Oakland Schools","63150","Troy School District","03715","Hamilton Elementary School","63","Oakland","LEA School","Elementary","City: Small","Oakland Region","5","All Grades","Mathematics","Male","33","26","< 10","48.50","38.20","13.20","68","68.30"
"22 - 23 School Year","63","Oakland Schools","63150","Troy School District","03715","Hamilton Elementary School","63","Oakland","LEA School","Elementary","City: Small","Oakland Region","5","All Grades","Mathematics","White, not of Hispanic origin","28","18","< 10","53.80","34.60","11.50","52","67.80"
"22 - 23 School Year","63","Oakland Schools","63150","Troy School District","03715","Hamilton Elementary School","63","Oakland","LEA School","Elementary","City: Small","Oakland Region","5","All Grades","Mathematics","Native Hawaiian or Other Pacific Islander","< 10","< 10","< 10","< 10","< 10","< 10","< 10","< 10"
"22 - 23 School Year","63","Oakland Schools","63150","Troy School District","03715","Hamilton Elementary School","63","Oakland","LEA School","Elementary","City: Small","Oakland Region","5","All Grades","Mathematics","Not Migrant","67","59","19","46.20","40.70","13.10","145","65.20"
"22 - 23 School Year","63","Oakland Schools","63150","Troy School District","03715","Hamilton Elementary School","63","Oakland","LEA School","Elementary","City: Small","Oakland Region","5","04","Mathematics","All Students","31","28","10","44.90","40.60","14.50","69","62.60"
"22 - 23 School Year","63","Oakland Schools","63150","Troy School District","03715","Hamilton Elementary School","63","Oakland","LEA School","Elementary","City: Small","Oakland Region","5","04","English Language Arts","White, not of Hispanic origin","< 10","11","< 10","29.20","45.80","25.00","24","52.60"
"22 - 23 School Year","63","Oakland Schools","63150","Troy School District","03715","Hamilton Elementary School","63","Oakland","LEA School","Elementary","City: Small","Oakland Region","5","04","English Language Arts","Male","15","11","< 10","50.00","36.70","13.30","30","66.60"
"22 - 23 School Year","63","Oakland Schools","63150","Troy School District","03715","Hamilton Elementary School","63","Oakland","LEA School","Elementary","City: Small","Oakland Region","5","04","English Language Arts","Not Migrant","23","31","13","34.30","46.30","19.40","67","57.70"
"22 - 23 School Year","63","Oakland Schools","63150","Troy School District","03715","Hamilton Elementary School","63","Oakland","LEA School","Elementary","City: Small","Oakland Region","5","04","Mathematics","Students without Disabilities","28","24","< 10","45.90","39.30","14.80","61","63.30"
"22 - 23 School Year","63","Oakland Schools","63150","Troy School District","03715","Hamilton Elementary School","63","Oakland","LEA School","Elementary","City: Small","Oakland Region","5","04","English Language Arts","Students with Disabilities","< 10","< 10","< 10","< 10","< 10","< 10","< 10","< 10"
"22 - 23 School Year","63","Oakland Schools","63150","Troy School District","03715","Hamilton Elementary School","63","Oakland","LEA School","Elementary","City: Small","Oakland Region","5","All Grades","English Language Arts","Students without Disabilities","53","52","24","41.10","40.30","18.60","129","60.90"
"22 - 23 School Year","63","Oakland Schools","63150","Troy School District","03715","Hamilton Elementary School","63","Oakland","LEA School","Elementary","City: Small","Oakland Region","5","05","English Language Arts","Students without Disabilities","32","25","12","46.40","36.20","17.40","69","63.50"
"22 - 23 School Year","63","Oakland Schools","63150","Troy School District","03715","Hamilton Elementary School","63","Oakland","LEA School","Elementary","City: Small","Oakland Region","5","04","English Language Arts","Students without Disabilities","21","27","12","35.00","45.00","20.00","60","58.00"
"22 - 23 School Year","63","Oakland Schools","63150","Troy School District","03715","Hamilton Elementary School","63","Oakland","LEA School","Elementary","City: Small","Oakland Region","5","04","Mathematics","Not Economically Disadvantaged","31","23","< 10","49.20","36.50","14.30","63","65.10"
"22 - 23 School Year","63","Oakland Schools","63150","Troy School District","03715","Hamilton Elementary School","63","Oakland","LEA School","Elementary","City: Small","Oakland Region","5","All Grades","Mathematics","Students with Disabilities","< 10","< 10","< 10","50.00","35.70","14.30","14","66.10"
"22 - 23 School Year","63","Oakland Schools","63150","Troy School District","03715","Hamilton Elementary School","63","Oakland","LEA School","Elementary","City: Small","Oakland Region","5","05","Mathematics","Black, not of Hispanic origin","< 10","< 10","< 10","< 10","< 10","< 10","< 10","< 10"
"22 - 23 School Year","63","Oakland Schools","63150","Troy School District","03715","Hamilton Elementary School","63","Oakland","LEA School","Elementary","City: Small","Oakland Region","5","All Grades","English Language Arts","English Learners","< 10","15","< 10","17.40","65.20","17.40","23","55.30"
"22 - 23 School Year","63","Oakland Schools","63150","Troy School District","03715","Hamilton Elementary School","63","Oakland","LEA School","Elementary","City: Small","Oakland Region","5","04","English Language Arts","Black, not of Hispanic origin","< 10","< 10","< 10","< 10","< 10","< 10","< 10","< 10"
"22 - 23 School Year","63","Oakland Schools","63150","Troy School District","03715","Hamilton Elementary School","63","Oakland","LEA School","Elementary","City: Small","Oakland Region","5","04","English Language Arts","Female","< 10","20","< 10","21.60","54.10","24.30","37","50.40"
"22 - 23 School Year","63","Oakland Schools","63150","Troy School District","03715","Hamilton Elementary School","63","Oakland","LEA School","Elementary","City: Small","Oakland Region","5","04","English Language Arts","English Learners","< 10","10","< 10","7.10","71.40","21.40","14","50.10"
"22 - 23 School Year","63","Oakland Schools","63150","Troy School District","03715","Hamilton Elementary School","63","Oakland","LEA School","Elementary","City: Small","Oakland Region","5","All Grades","English Language Arts","Not Economically Disadvantaged","58","50","24","43.90","37.90","18.20","132","61.90"
"22 - 23 School Year","63","Oakland Schools","63150","Troy School District","03715","Hamilton Elementary School","63","Oakland","LEA School","Elementary","City: Small","Oakland Region","5","05","English Language Arts","Black, not of Hispanic origin","< 10","< 10","< 10","< 10","< 10","< 10","< 10","< 10"
"22 - 23 School Year","63","Oakland Schools","63150","Troy School District","03715","Hamilton Elementary School","63","Oakland","LEA School","Elementary","City: Small","Oakland Region","5","05","English Language Arts","Female","20","11","< 10","52.60","28.90","18.40","38","65.60"
"22 - 23 School Year","63","Oakland Schools","63150","Troy School District","03715","Hamilton Elementary School","63","Oakland","LEA School","Elementary","City: Small","Oakland Region","5","05","English Language Arts","English Learners","< 10","< 10","< 10","< 10","< 10","< 10","< 10","< 10"
"22 - 23 School Year","63","Oakland Schools","63150","Troy School District","03715","Hamilton Elementary School","63","Oakland","LEA School","Elementary","City: Small","Oakland Region","5","05","English Language Arts","Native Hawaiian or Other Pacific Islander","< 10","< 10","< 10","< 10","< 10","< 10","< 10","< 10"
"22 - 23 School Year","63","Oakland Schools","63150","Troy School District","03715","Hamilton Elementary School","63","Oakland","LEA School","Elementary","City: Small","Oakland Region","5","05","English Language Arts","White, not of Hispanic origin","16","< 10","< 10","55.20","27.60","17.20","29","64.30"
"22 - 23 School Year","63","Oakland Schools","63150","Troy School District","03715","Hamilton Elementary School","63","Oakland","LEA School","Elementary","City: Small","Oakland Region","5","05","English Language Arts","Male","16","14","< 10","42.10","36.80","21.10","38","60.40"
"22 - 23 School Year","63","Oakland Schools","63150","Troy School District","03715","Hamilton Elementary School","63","Oakland","LEA School","Elementary","City: Small","Oakland Region","5","05","English Language Arts","Not Migrant","36","25","15","47.40","32.90","19.70","76","63.00"
"22 - 23 School Year","63","Oakland Schools","63150","Troy School District","03715","Hamilton Elementary School","63","Oakland","LEA School","Elementary","City: Small","Oakland Region","5","05","English Language Arts","Not Economically Disadvantaged","35","21","14","50.00","30.00","20.00","70","63.60"
"22 - 23 School Year","63","Oakland Schools","63150","Troy School District","03715","Hamilton Elementary School","63","Oakland","LEA School","Elementary","City: Small","Oakland Region","5","04","English Language Arts","Not Economically Disadvantaged","23","29","10","37.10","46.80","16.10","62","60.00"
"22 - 23 School Year","63","Oakland Schools","63150","Troy School District","03715","Hamilton Elementary School","63","Oakland","LEA School","Elementary","City: Small","Oakland Region","5","All Grades","English Language Arts","All Students","59","56","28","41.30","39.20","19.60","143","60.50"
"22 - 23 School Year","63","Oakland Schools","63150","Troy School District","03715","Hamilton Elementary School","63","Oakland","LEA School","Elementary","City: Small","Oakland Region","5","All Grades","English Language Arts","White, not of Hispanic origin","23","19","11","43.40","35.80","20.80","53","59.00"
"22 - 23 School Year","63","Oakland Schools","63150","Troy School District","03715","Hamilton Elementary School","63","Oakland","LEA School","Elementary","City: Small","Oakland Region","5","All Grades","English Language Arts","Native Hawaiian or Other Pacific Islander","< 10","< 10","< 10","< 10","< 10","< 10","< 10","< 10"
"22 - 23 School Year","63","Oakland Schools","63150","Troy School District","03715","Hamilton Elementary School","63","Oakland","LEA School","Elementary","City: Small","Oakland Region","5","All Grades","English Language Arts","Students with Disabilities","< 10","< 10","< 10","42.90","28.60","28.60","14","56.40"
"22 - 23 School Year","63","Oakland Schools","63150","Troy School District","03715","Hamilton Elementary School","63","Oakland","LEA School","Elementary","City: Small","Oakland Region","5","04","English Language Arts","Native Hawaiian or Other Pacific Islander","< 10","< 10","< 10","< 10","< 10","< 10","< 10","< 10"
"22 - 23 School Year","63","Oakland Schools","63150","Troy School District","03715","Hamilton Elementary School","63","Oakland","LEA School","Elementary","City: Small","Oakland Region","5","05","English Language Arts","All Students","36","25","15","47.40","32.90","19.70","76","63.00"
"22 - 23 School Year","63","Oakland Schools","63150","Troy School District","03715","Hamilton Elementary School","63","Oakland","LEA School","Elementary","City: Small","Oakland Region","5","04","English Language Arts","All Students","23","31","13","34.30","46.30","19.40","67","57.70"
"22 - 23 School Year","63","Oakland Schools","63150","Troy School District","03715","Hamilton Elementary School","63","Oakland","LEA School","Elementary","City: Small","Oakland Region","5","05","Mathematics","Students without Disabilities","32","30","< 10","45.70","42.90","11.40","70","66.60"
"22 - 23 School Year","63","Oakland Schools","63150","Troy School District","03715","Hamilton Elementary School","63","Oakland","LEA School","Elementary","City: Small","Oakland Region","5","All Grades","Mathematics","Not Economically Disadvantaged","64","51","18","48.10","38.30","13.50","133","65.90"
"22 - 23 School Year","63","Oakland Schools","63150","Troy School District","03715","Hamilton Elementary School","63","Oakland","LEA School","Elementary","City: Small","Oakland Region","5","05","Mathematics","Economically Disadvantaged","< 10","< 10","< 10","< 10","< 10","< 10","< 10","< 10"
"22 - 23 School Year","63","Oakland Schools","63150","Troy School District","03715","Hamilton Elementary School","63","Oakland","LEA School","Elementary","City: Small","Oakland Region","5","05","Mathematics","Hispanic","< 10","< 10","< 10","< 10","< 10","< 10","< 10","< 10"
"22 - 23 School Year","63","Oakland Schools","63150","Troy School District","03715","Hamilton Elementary School","63","Oakland","LEA School","Elementary","City: Small","Oakland Region","5","05","Mathematics","Native Hawaiian or Other Pacific Islander","< 10","< 10","< 10","< 10","< 10","< 10","< 10","< 10"
"22 - 23 School Year","63","Oakland Schools","63150","Troy School District","03715","Hamilton Elementary School","63","Oakland","LEA School","Elementary","City: Small","Oakland Region","5","05","Mathematics","Not Migrant","36","31","< 10","47.40","40.80","11.80","76","67.50"
"22 - 23 School Year","63","Oakland Schools","63150","Troy School District","03715","Hamilton Elementary School","63","Oakland","LEA School","Elementary","City: Small","Oakland Region","5","04","Mathematics","Not Migrant","31","28","10","44.90","40.60","14.50","69","62.60"
"22 - 23 School Year","63","Oakland Schools","63150","Troy School District","03715","Hamilton Elementary School","63","Oakland","LEA School","Elementary","City: Small","Oakland Region","5","05","Mathematics","Male","14","18","< 10","36.80","47.40","15.80","38","65.20"
"22 - 23 School Year","63","Oakland Schools","63150","Troy School District","03715","Hamilton Elementary School","63","Oakland","LEA School","Elementary","City: Small","Oakland Region","5","05","Mathematics","White, not of Hispanic origin","15","11","< 10","53.60","39.30","7.10","28","71.10"
"22 - 23 School Year","63","Oakland Schools","63150","Troy School District","03715","Hamilton Elementary School","63","Oakland","LEA School","Elementary","City: Small","Oakland Region","5","05","Mathematics","Not English Learners","32","25","< 10","48.50","37.90","13.60","66","66.80"
"22 - 23 School Year","63","Oakland Schools","63150","Troy School District","03715","Hamilton Elementary School","63","Oakland","LEA School","Elementary","City: Small","Oakland Region","5","04","Mathematics","Native Hawaiian or Other Pacific Islander","< 10","< 10","< 10","< 10","< 10","< 10","< 10","< 10"
"22 - 23 School Year","63","Oakland Schools","63150","Troy School District","03715","Hamilton Elementary School","63","Oakland","LEA School","Elementary","City: Small","Oakland Region","5","04","Mathematics","White, not of Hispanic origin","13","< 10","< 10","54.20","29.20","16.70","24","63.90"
"22 - 23 School Year","63","Oakland Schools","63150","Troy School District","03715","Hamilton Elementary School","63","Oakland","LEA School","Elementary","City: Small","Oakland Region","5","04","Mathematics","Male","19","< 10","< 10","63.30","26.70","10.00","30","72.30"
"22 - 23 School Year","63","Oakland Schools","63150","Troy School District","03715","Hamilton Elementary School","63","Oakland","LEA School","Elementary","City: Small","Oakland Region","5","05","Mathematics","Asian","16","18","< 10","40.00","45.00","15.00","40","64.40"
"22 - 23 School Year","63","Oakland Schools","63150","Troy School District","03715","Hamilton Elementary School","63","Oakland","LEA School","Elementary","City: Small","Oakland Region","5","05","Mathematics","Two or More Races","< 10","< 10","< 10","< 10","< 10","< 10","< 10","< 10"
"22 - 23 School Year","63","Oakland Schools","63150","Troy School District","03715","Hamilton Elementary School","63","Oakland","LEA School","Elementary","City: Small","Oakland Region","5","05","Mathematics","Not Economically Disadvantaged","33","28","< 10","47.10","40.00","12.90","70","66.60"
"22 - 23 School Year","63","Oakland Schools","63150","Troy School District","03715","Hamilton Elementary School","63","Oakland","LEA School","Elementary","City: Small","Oakland Region","5","All Grades","English Language Arts","Black, not of Hispanic origin","< 10","< 10","< 10","< 10","< 10","< 10","< 10","< 10"
"22 - 23 School Year","63","Oakland Schools","63150","Troy School District","03715","Hamilton Elementary School","63","Oakland","LEA School","Elementary","City: Small","Oakland Region","5","All Grades","English Language Arts","Female","28","31","16","37.30","41.30","21.30","75","58.10"
"22 - 23 School Year","63","Oakland Schools","63150","Troy School District","04226","Troy High School","63","Oakland","LEA School","High School","City: Small","Oakland Region","5","11","English Language Arts","Students with Disabilities","< 10","15","11","23.50","44.10","32.40","34","45.10"
"22 - 23 School Year","63","Oakland Schools","63150","Troy School District","04226","Troy High School","63","Oakland","LEA School","High School","City: Small","Oakland Region","5","All Grades","English Language Arts","Students with Disabilities","< 10","15","11","23.50","44.10","32.40","34","45.10"
"22 - 23 School Year","63","Oakland Schools","63150","Troy School District","04226","Troy High School","63","Oakland","LEA School","High School","City: Small","Oakland Region","5","11","English Language Arts","Not English Learners","239","157","68","51.50","33.80","14.70","464","66.00"
"22 - 23 School Year","63","Oakland Schools","63150","Troy School District","04226","Troy High School","63","Oakland","LEA School","High School","City: Small","Oakland Region","5","11","English Language Arts","Hispanic","11","< 10","< 10","55.00","25.00","20.00","20","65.80"
"22 - 23 School Year","63","Oakland Schools","63150","Troy School District","04226","Troy High School","63","Oakland","LEA School","High School","City: Small","Oakland Region","5","11","English Language Arts","Economically Disadvantaged","24","25","13","38.70","40.30","21.00","62","58.30"
"22 - 23 School Year","63","Oakland Schools","63150","Troy School District","04226","Troy High School","63","Oakland","LEA School","High School","City: Small","Oakland Region","5","All Grades","Mathematics","Students with Disabilities","< 10","10","18","17.60","29.40","52.90","34","38.00"
"22 - 23 School Year","63","Oakland Schools","63150","Troy School District","04226","Troy High School","63","Oakland","LEA School","High School","City: Small","Oakland Region","5","All Grades","English Language Arts","Not English Learners","239","157","68","51.50","33.80","14.70","464","66.00"
"22 - 23 School Year","63","Oakland Schools","63150","Troy School District","04226","Troy High School","63","Oakland","LEA School","High School","City: Small","Oakland Region","5","All Grades","English Language Arts","Hispanic","11","< 10","< 10","55.00","25.00","20.00","20","65.80"
"22 - 23 School Year","63","Oakland Schools","63150","Troy School District","04226","Troy High School","63","Oakland","LEA School","High School","City: Small","Oakland Region","5","11","English Language Arts","All Students","245","166","73","50.60","34.30","15.10","484","65.30"
"22 - 23 School Year","63","Oakland Schools","63150","Troy School District","04226","Troy High School","63","Oakland","LEA School","High School","City: Small","Oakland Region","5","All Grades","English Language Arts","All Students","245","166","73","50.60","34.30","15.10","484","65.30"
"22 - 23 School Year","63","Oakland Schools","63150","Troy School District","04226","Troy High School","63","Oakland","LEA School","High School","City: Small","Oakland Region","5","All Grades","English Language Arts","Students without Disabilities","237","151","62","52.70","33.60","13.80","450","66.90"
"22 - 23 School Year","63","Oakland Schools","63150","Troy School District","04226","Troy High School","63","Oakland","LEA School","High School","City: Small","Oakland Region","5","11","English Language Arts","Students without Disabilities","237","151","62","52.70","33.60","13.80","450","66.90"
"22 - 23 School Year","63","Oakland Schools","63150","Troy School District","04226","Troy High School","63","Oakland","LEA School","High School","City: Small","Oakland Region","5","11","English Language Arts","Asian","133","55","13","66.20","27.40","6.50","201","75.90"
"22 - 23 School Year","63","Oakland Schools","63150","Troy School District","04226","Troy High School","63","Oakland","LEA School","High School","City: Small","Oakland Region","5","All Grades","English Language Arts","Two or More Races","10","< 10","< 10","66.70","26.70","6.70","15","71.20"
"22 - 23 School Year","63","Oakland Schools","63150","Troy School District","04226","Troy High School","63","Oakland","LEA School","High School","City: Small","Oakland Region","5","11","English Language Arts","Not Economically Disadvantaged","221","141","60","52.40","33.40","14.20","422","66.40"
"22 - 23 School Year","63","Oakland Schools","63150","Troy School District","04226","Troy High School","63","Oakland","LEA School","High School","City: Small","Oakland Region","5","All Grades","English Language Arts","Not Economically Disadvantaged","221","141","60","52.40","33.40","14.20","422","66.40"
"22 - 23 School Year","63","Oakland Schools","63150","Troy School District","04226","Troy High School","63","Oakland","LEA School","High School","City: Small","Oakland Region","5","11","English Language Arts","English Learners","< 10","< 10","< 10","30.00","45.00","25.00","20","49.70"
"22 - 23 School Year","63","Oakland Schools","63150","Troy School District","04226","Troy High School","63","Oakland","LEA School","High School","City: Small","Oakland Region","5","11","English Language Arts","Female","111","97","33","46.10","40.20","13.70","241","62.90"
"22 - 23 School Year","63","Oakland Schools","63150","Troy School District","04226","Troy High School","63","Oakland","LEA School","High School","City: Small","Oakland Region","5","11","English Language Arts","Black, not of Hispanic origin","< 10","< 10","< 10","36.80","42.10","21.10","19","57.70"
"22 - 23 School Year","63","Oakland Schools","63150","Troy School District","04226","Troy High School","63","Oakland","LEA School","High School","City: Small","Oakland Region","5","11","English Language Arts","American Indian or Alaska Native","< 10","< 10","< 10","< 10","< 10","< 10","< 10","< 10"
"22 - 23 School Year","63","Oakland Schools","63150","Troy School District","04226","Troy High School","63","Oakland","LEA School","High School","City: Small","Oakland Region","5","All Grades","English Language Arts","Asian","133","55","13","66.20","27.40","6.50","201","75.90"
"22 - 23 School Year","63","Oakland Schools","63150","Troy School District","04226","Troy High School","63","Oakland","LEA School","High School","City: Small","Oakland Region","5","11","English Language Arts","Two or More Races","10","< 10","< 10","66.70","26.70","6.70","15","71.20"
"22 - 23 School Year","63","Oakland Schools","63150","Troy School District","04226","Troy High School","63","Oakland","LEA School","High School","City: Small","Oakland Region","5","All Grades","Mathematics","Not Migrant","274","140","73","56.30","28.70","15.00","487","67.10"
"22 - 23 School Year","63","Oakland Schools","63150","Troy School District","04226","Troy High School","63","Oakland","LEA School","High School","City: Small","Oakland Region","5","All Grades","Mathematics","Male","143","68","35","58.10","27.60","14.20","246","68.30"
"22 - 23 School Year","63","Oakland Schools","63150","Troy School District","04226","Troy High School","63","Oakland","LEA School","High School","City: Small","Oakland Region","5","All Grades","Mathematics","White, not of Hispanic origin","105","80","42","46.30","35.20","18.50","227","61.90"
"22 - 23 School Year","63","Oakland Schools","63150","Troy School District","04226","Troy High School","63","Oakland","LEA School","High School","City: Small","Oakland Region","5","All Grades","Mathematics","Native Hawaiian or Other Pacific Islander","< 10","< 10","< 10","< 10","< 10","< 10","< 10","< 10"
"22 - 23 School Year","63","Oakland Schools","63150","Troy School District","04226","Troy High School","63","Oakland","LEA School","High School","City: Small","Oakland Region","5","11","Mathematics","White, not of Hispanic origin","105","80","42","46.30","35.20","18.50","227","61.90"
"22 - 23 School Year","63","Oakland Schools","63150","Troy School District","04226","Troy High School","63","Oakland","LEA School","High School","City: Small","Oakland Region","5","11","Mathematics","Male","143","68","35","58.10","27.60","14.20","246","68.30"
"22 - 23 School Year","63","Oakland Schools","63150","Troy School District","04226","Troy High School","63","Oakland","LEA School","High School","City: Small","Oakland Region","5","11","Mathematics","Native Hawaiian or Other Pacific Islander","< 10","< 10","< 10","< 10","< 10","< 10","< 10","< 10"
"22 - 23 School Year","63","Oakland Schools","63150","Troy School District","04226","Troy High School","63","Oakland","LEA School","High School","City: Small","Oakland Region","5","11","Mathematics","All Students","274","140","73","56.30","28.70","15.00","487","67.10"
"22 - 23 School Year","63","Oakland Schools","63150","Troy School District","04226","Troy High School","63","Oakland","LEA School","High School","City: Small","Oakland Region","5","11","Mathematics","American Indian or Alaska Native","< 10","< 10","< 10","< 10","< 10","< 10","< 10","< 10"
"22 - 23 School Year","63","Oakland Schools","63150","Troy School District","04226","Troy High School","63","Oakland","LEA School","High School","City: Small","Oakland Region","5","11","Mathematics","Black, not of Hispanic origin","< 10","< 10","< 10","31.60","31.60","36.80","19","49.80"
"22 - 23 School Year","63","Oakland Schools","63150","Troy School District","04226","Troy High School","63","Oakland","LEA School","High School","City: Small","Oakland Region","5","11","Mathematics","Female","131","72","38","54.40","29.90","15.80","241","65.90"
"22 - 23 School Year","63","Oakland Schools","63150","Troy School District","04226","Troy High School","63","Oakland","LEA School","High School","City: Small","Oakland Region","5","11","Mathematics","English Learners","< 10","10","< 10","26.10","43.50","30.40","23","49.40"
"22 - 23 School Year","63","Oakland Schools","63150","Troy School District","04226","Troy High School","63","Oakland","LEA School","High School","City: Small","Oakland Region","5","All Grades","Mathematics","Female","131","72","38","54.40","29.90","15.80","241","65.90"
"22 - 23 School Year","63","Oakland Schools","63150","Troy School District","04226","Troy High School","63","Oakland","LEA School","High School","City: Small","Oakland Region","5","All Grades","Mathematics","English Learners","< 10","10","< 10","26.10","43.50","30.40","23","49.40"
"22 - 23 School Year","63","Oakland Schools","63150","Troy School District","04226","Troy High School","63","Oakland","LEA School","High School","City: Small","Oakland Region","5","All Grades","Mathematics","Black, not of Hispanic origin","< 10","< 10","< 10","31.60","31.60","36.80","19","49.80"
"22 - 23 School Year","63","Oakland Schools","63150","Troy School District","04226","Troy High School","63","Oakland","LEA School","High School","City: Small","Oakland Region","5","All Grades","Mathematics","All Students","274","140","73","56.30","28.70","15.00","487","67.10"
"22 - 23 School Year","63","Oakland Schools","63150","Troy School District","04226","Troy High School","63","Oakland","LEA School","High School","City: Small","Oakland Region","5","All Grades","Mathematics","American Indian or Alaska Native","< 10","< 10","< 10","< 10","< 10","< 10","< 10","< 10"
"22 - 23 School Year","63","Oakland Schools","63150","Troy School District","04226","Troy High School","63","Oakland","LEA School","High School","City: Small","Oakland Region","5","11","Mathematics","Asian","142","41","18","70.60","20.40","9.00","201","74.90"
"22 - 23 School Year","63","Oakland Schools","63150","Troy School District","04226","Troy High School","63","Oakland","LEA School","High School","City: Small","Oakland Region","5","All Grades","Mathematics","Not English Learners","268","130","66","57.80","28.00","14.20","464","68.00"
"22 - 23 School Year","63","Oakland Schools","63150","Troy School District","04226","Troy High School","63","Oakland","LEA School","High School","City: Small","Oakland Region","5","All Grades","Mathematics","Hispanic","10","< 10","< 10","43.50","34.80","21.70","23","61.40"
"22 - 23 School Year","63","Oakland Schools","63150","Troy School District","04226","Troy High School","63","Oakland","LEA School","High School","City: Small","Oakland Region","5","All Grades","Mathematics","Economically Disadvantaged","27","22","14","42.90","34.90","22.20","63","58.50"
"22 - 23 School Year","63","Oakland Schools","63150","Troy School District","04226","Troy High School","63","Oakland","LEA School","High School","City: Small","Oakland Region","5","11","Mathematics","Hispanic","10","< 10","< 10","43.50","34.80","21.70","23","61.40"
"22 - 23 School Year","63","Oakland Schools","63150","Troy School District","04226","Troy High School","63","Oakland","LEA School","High School","City: Small","Oakland Region","5","All Grades","English Language Arts","Economically Disadvantaged","24","25","13","38.70","40.30","21.00","62","58.30"
"22 - 23 School Year","63","Oakland Schools","63150","Troy School District","04226","Troy High School","63","Oakland","LEA School","High School","City: Small","Oakland Region","5","11","Mathematics","Economically Disadvantaged","27","22","14","42.90","34.90","22.20","63","58.50"
"22 - 23 School Year","63","Oakland Schools","63150","Troy School District","04226","Troy High School","63","Oakland","LEA School","High School","City: Small","Oakland Region","5","11","Mathematics","Not English Learners","268","130","66","57.80","28.00","14.20","464","68.00"
"22 - 23 School Year","63","Oakland Schools","63150","Troy School District","04226","Troy High School","63","Oakland","LEA School","High School","City: Small","Oakland Region","5","11","Mathematics","Students without Disabilities","268","130","55","59.20","28.70","12.10","453","69.30"
"22 - 23 School Year","63","Oakland Schools","63150","Troy School District","04226","Troy High School","63","Oakland","LEA School","High School","City: Small","Oakland Region","5","11","Mathematics","Students with Disabilities","< 10","10","18","17.60","29.40","52.90","34","38.00"
"22 - 23 School Year","63","Oakland Schools","63150","Troy School District","04226","Troy High School","63","Oakland","LEA School","High School","City: Small","Oakland Region","5","11","English Language Arts","Native Hawaiian or Other Pacific Islander","< 10","< 10","< 10","< 10","< 10","< 10","< 10","< 10"
"22 - 23 School Year","63","Oakland Schools","63150","Troy School District","04226","Troy High School","63","Oakland","LEA School","High School","City: Small","Oakland Region","5","11","English Language Arts","White, not of Hispanic origin","83","93","51","36.60","41.00","22.50","227","56.20"
"22 - 23 School Year","63","Oakland Schools","63150","Troy School District","04226","Troy High School","63","Oakland","LEA School","High School","City: Small","Oakland Region","5","11","English Language Arts","Male","134","69","40","55.10","28.40","16.50","243","67.80"
"22 - 23 School Year","63","Oakland Schools","63150","Troy School District","04226","Troy High School","63","Oakland","LEA School","High School","City: Small","Oakland Region","5","11","English Language Arts","Not Migrant","245","166","73","50.60","34.30","15.10","484","65.30"
"22 - 23 School Year","63","Oakland Schools","63150","Troy School District","04226","Troy High School","63","Oakland","LEA School","High School","City: Small","Oakland Region","5","All Grades","Mathematics","Students without Disabilities","268","130","55","59.20","28.70","12.10","453","69.30"
"22 - 23 School Year","63","Oakland Schools","63150","Troy School District","04226","Troy High School","63","Oakland","LEA School","High School","City: Small","Oakland Region","5","11","Mathematics","Not Migrant","274","140","73","56.30","28.70","15.00","487","67.10"
"22 - 23 School Year","63","Oakland Schools","63150","Troy School District","04226","Troy High School","63","Oakland","LEA School","High School","City: Small","Oakland Region","5","11","Mathematics","Not Economically Disadvantaged","247","118","59","58.30","27.80","13.90","424","68.40"
"22 - 23 School Year","63","Oakland Schools","63150","Troy School District","04226","Troy High School","63","Oakland","LEA School","High School","City: Small","Oakland Region","5","All Grades","Mathematics","Not Economically Disadvantaged","247","118","59","58.30","27.80","13.90","424","68.40"
"22 - 23 School Year","63","Oakland Schools","63150","Troy School District","04226","Troy High School","63","Oakland","LEA School","High School","City: Small","Oakland Region","5","All Grades","Mathematics","Asian","142","41","18","70.60","20.40","9.00","201","74.90"
"22 - 23 School Year","63","Oakland Schools","63150","Troy School District","04226","Troy High School","63","Oakland","LEA School","High School","City: Small","Oakland Region","5","11","Mathematics","Two or More Races","10","< 10","< 10","66.70","26.70","6.70","15","71.50"
"22 - 23 School Year","63","Oakland Schools","63150","Troy School District","04226","Troy High School","63","Oakland","LEA School","High School","City: Small","Oakland Region","5","All Grades","Mathematics","Two or More Races","10","< 10","< 10","66.70","26.70","6.70","15","71.50"
"22 - 23 School Year","63","Oakland Schools","63150","Troy School District","04226","Troy High School","63","Oakland","LEA School","High School","City: Small","Oakland Region","5","All Grades","English Language Arts","Not Migrant","245","166","73","50.60","34.30","15.10","484","65.30"
"22 - 23 School Year","63","Oakland Schools","63150","Troy School District","04226","Troy High School","63","Oakland","LEA School","High School","City: Small","Oakland Region","5","All Grades","English Language Arts","Male","134","69","40","55.10","28.40","16.50","243","67.80"
"22 - 23 School Year","63","Oakland Schools","63150","Troy School District","04226","Troy High School","63","Oakland","LEA School","High School","City: Small","Oakland Region","5","All Grades","English Language Arts","White, not of Hispanic origin","83","93","51","36.60","41.00","22.50","227","56.20"
"22 - 23 School Year","63","Oakland Schools","63150","Troy School District","04226","Troy High School","63","Oakland","LEA School","High School","City: Small","Oakland Region","5","All Grades","English Language Arts","Native Hawaiian or Other Pacific Islander","< 10","< 10","< 10","< 10","< 10","< 10","< 10","< 10"
"22 - 23 School Year","63","Oakland Schools","63150","Troy School District","04226","Troy High School","63","Oakland","LEA School","High School","City: Small","Oakland Region","5","All Grades","English Language Arts","English Learners","< 10","< 10","< 10","30.00","45.00","25.00","20","49.70"
"22 - 23 School Year","63","Oakland Schools","63150","Troy School District","04226","Troy High School","63","Oakland","LEA School","High School","City: Small","Oakland Region","5","All Grades","English Language Arts","Female","111","97","33","46.10","40.20","13.70","241","62.90"
"22 - 23 School Year","63","Oakland Schools","63150","Troy School District","04226","Troy High School","63","Oakland","LEA School","High School","City: Small","Oakland Region","5","All Grades","English Language Arts","Black, not of Hispanic origin","< 10","< 10","< 10","36.80","42.10","21.10","19","57.70"
"22 - 23 School Year","63","Oakland Schools","63150","Troy School District","04226","Troy High School","63","Oakland","LEA School","High School","City: Small","Oakland Region","5","All Grades","English Language Arts","American Indian or Alaska Native","< 10","< 10","< 10","< 10","< 10","< 10","< 10","< 10"
"22 - 23 School Year","63","Oakland Schools","63150","Troy School District","04227","Troy Union Elementary School","63","Oakland","LEA School","Elementary","City: Small","Oakland Region","5","04","Mathematics","Students without Disabilities","15","34","15","23.40","53.10","23.40","64","50.10"
"22 - 23 School Year","63","Oakland Schools","63150","Troy School District","04227","Troy Union Elementary School","63","Oakland","LEA School","Elementary","City: Small","Oakland Region","5","05","Mathematics","Students without Disabilities","35","27","14","46.10","35.50","18.40","76","61.60"
"22 - 23 School Year","63","Oakland Schools","63150","Troy School District","04227","Troy Union Elementary School","63","Oakland","LEA School","Elementary","City: Small","Oakland Region","5","All Grades","Mathematics","Students without Disabilities","50","61","29","35.70","43.60","20.70","140","56.40"
"22 - 23 School Year","63","Oakland Schools","63150","Troy School District","04227","Troy Union Elementary School","63","Oakland","LEA School","Elementary","City: Small","Oakland Region","5","04","English Language Arts","Students with Disabilities","< 10","< 10","< 10","< 10","< 10","< 10","< 10","< 10"
"22 - 23 School Year","63","Oakland Schools","63150","Troy School District","04227","Troy Union Elementary School","63","Oakland","LEA School","Elementary","City: Small","Oakland Region","5","All Grades","Mathematics","Students with Disabilities","< 10","< 10","< 10","< 10","< 10","< 10","< 10","< 10"
"22 - 23 School Year","63","Oakland Schools","63150","Troy School District","04227","Troy Union Elementary School","63","Oakland","LEA School","Elementary","City: Small","Oakland Region","5","04","English Language Arts","Students without Disabilities","19","26","18","30.20","41.30","28.60","63","50.80"
"22 - 23 School Year","63","Oakland Schools","63150","Troy School District","04227","Troy Union Elementary School","63","Oakland","LEA School","Elementary","City: Small","Oakland Region","5","05","English Language Arts","Not Economically Disadvantaged","12","25","24","19.70","41.00","39.30","61","41.20"
"22 - 23 School Year","63","Oakland Schools","63150","Troy School District","04227","Troy Union Elementary School","63","Oakland","LEA School","Elementary","City: Small","Oakland Region","5","04","English Language Arts","Not Economically Disadvantaged","17","23","13","32.10","43.40","24.50","53","52.40"
"22 - 23 School Year","63","Oakland Schools","63150","Troy School District","04227","Troy Union Elementary School","63","Oakland","LEA School","Elementary","City: Small","Oakland Region","5","All Grades","English Language Arts","Not Economically Disadvantaged","29","48","37","25.40","42.10","32.50","114","46.40"
"22 - 23 School Year","63","Oakland Schools","63150","Troy School District","04227","Troy Union Elementary School","63","Oakland","LEA School","Elementary","City: Small","Oakland Region","5","All Grades","English Language Arts","English Learners","< 10","11","10","12.50","45.80","41.70","24","40.00"
"22 - 23 School Year","63","Oakland Schools","63150","Troy School District","04227","Troy Union Elementary School","63","Oakland","LEA School","Elementary","City: Small","Oakland Region","5","04","English Language Arts","All Students","21","30","20","29.60","42.30","28.20","71","51.00"
"22 - 23 School Year","63","Oakland Schools","63150","Troy School District","04227","Troy Union Elementary School","63","Oakland","LEA School","Elementary","City: Small","Oakland Region","5","All Grades","English Language Arts","Female","14","29","29","19.40","40.30","40.30","72","42.50"
"22 - 23 School Year","63","Oakland Schools","63150","Troy School District","04227","Troy Union Elementary School","63","Oakland","LEA School","Elementary","City: Small","Oakland Region","5","All Grades","English Language Arts","Black, not of Hispanic origin","< 10","< 10","< 10","< 10","< 10","< 10","< 10","< 10"
"22 - 23 School Year","63","Oakland Schools","63150","Troy School District","04227","Troy Union Elementary School","63","Oakland","LEA School","Elementary","City: Small","Oakland Region","5","04","English Language Arts","English Learners","< 10","< 10","< 10","20.00","60.00","20.00","15","50.30"
"22 - 23 School Year","63","Oakland Schools","63150","Troy School District","04227","Troy Union Elementary School","63","Oakland","LEA School","Elementary","City: Small","Oakland Region","5","04","English Language Arts","Female","< 10","13","13","21.20","39.40","39.40","33","44.50"
"22 - 23 School Year","63","Oakland Schools","63150","Troy School District","04227","Troy Union Elementary School","63","Oakland","LEA School","Elementary","City: Small","Oakland Region","5","04","English Language Arts","Black, not of Hispanic origin","< 10","< 10","< 10","< 10","< 10","< 10","< 10","< 10"
"22 - 23 School Year","63","Oakland Schools","63150","Troy School District","04227","Troy Union Elementary School","63","Oakland","LEA School","Elementary","City: Small","Oakland Region","5","All Grades","Mathematics","English Learners","< 10","14","< 10","25.90","51.90","22.20","27","51.50"
"22 - 23 School Year","63","Oakland Schools","63150","Troy School District","04227","Troy Union Elementary School","63","Oakland","LEA School","Elementary","City: Small","Oakland Region","5","All Grades","Mathematics","Female","26","32","16","35.10","43.20","21.60","74","54.30"
"22 - 23 School Year","63","Oakland Schools","63150","Troy School District","04227","Troy Union Elementary School","63","Oakland","LEA School","Elementary","City: Small","Oakland Region","5","04","Mathematics","Black, not of Hispanic origin","< 10","< 10","< 10","< 10","< 10","< 10","< 10","< 10"
"22 - 23 School Year","63","Oakland Schools","63150","Troy School District","04227","Troy Union Elementary School","63","Oakland","LEA School","Elementary","City: Small","Oakland Region","5","05","English Language Arts","English Learners","< 10","< 10","< 10","< 10","< 10","< 10","< 10","< 10"
"22 - 23 School Year","63","Oakland Schools","63150","Troy School District","04227","Troy Union Elementary School","63","Oakland","LEA School","Elementary","City: Small","Oakland Region","5","05","Mathematics","English Learners","< 10","< 10","< 10","27.30","54.50","18.20","11","55.80"
"22 - 23 School Year","63","Oakland Schools","63150","Troy School District","04227","Troy Union Elementary School","63","Oakland","LEA School","Elementary","City: Small","Oakland Region","5","05","Mathematics","Female","19","16","< 10","47.50","40.00","12.50","40","63.30"
"22 - 23 School Year","63","Oakland Schools","63150","Troy School District","04227","Troy Union Elementary School","63","Oakland","LEA School","Elementary","City: Small","Oakland Region","5","05","Mathematics","Black, not of Hispanic origin","< 10","< 10","< 10","< 10","< 10","< 10","< 10","< 10"
"22 - 23 School Year","63","Oakland Schools","63150","Troy School District","04227","Troy Union Elementary School","63","Oakland","LEA School","Elementary","City: Small","Oakland Region","5","05","English Language Arts","Students without Disabilities","13","29","32","17.60","39.20","43.20","74","39.50"
"22 - 23 School Year","63","Oakland Schools","63150","Troy School District","04227","Troy Union Elementary School","63","Oakland","LEA School","Elementary","City: Small","Oakland Region","5","04","Mathematics","English Learners","< 10","< 10","< 10","25.00","50.00","25.00","16","48.50"
"22 - 23 School Year","63","Oakland Schools","63150","Troy School District","04227","Troy Union Elementary School","63","Oakland","LEA School","Elementary","City: Small","Oakland Region","5","05","Mathematics","All Students","35","28","14","45.50","36.40","18.20","77","61.40"
"22 - 23 School Year","63","Oakland Schools","63150","Troy School District","04227","Troy Union Elementary School","63","Oakland","LEA School","Elementary","City: Small","Oakland Region","5","04","Mathematics","All Students","17","38","17","23.60","52.80","23.60","72","50.40"
"22 - 23 School Year","63","Oakland Schools","63150","Troy School District","04227","Troy Union Elementary School","63","Oakland","LEA School","Elementary","City: Small","Oakland Region","5","05","Mathematics","Two or More Races","< 10","< 10","< 10","< 10","< 10","< 10","< 10","< 10"
"22 - 23 School Year","63","Oakland Schools","63150","Troy School District","04227","Troy Union Elementary School","63","Oakland","LEA School","Elementary","City: Small","Oakland Region","5","04","Mathematics","Two or More Races","< 10","< 10","< 10","< 10","< 10","< 10","< 10","< 10"
"22 - 23 School Year","63","Oakland Schools","63150","Troy School District","04227","Troy Union Elementary School","63","Oakland","LEA School","Elementary","City: Small","Oakland Region","5","04","Mathematics","Asian","< 10","14","< 10","22.70","63.60","13.60","22","50.20"
"22 - 23 School Year","63","Oakland Schools","63150","Troy School District","04227","Troy Union Elementary School","63","Oakland","LEA School","Elementary","City: Small","Oakland Region","5","All Grades","Mathematics","All Students","52","66","31","34.90","44.30","20.80","149","56.10"
"22 - 23 School Year","63","Oakland Schools","63150","Troy School District","04227","Troy Union Elementary School","63","Oakland","LEA School","Elementary","City: Small","Oakland Region","5","04","Mathematics","Not Migrant","17","38","17","23.60","52.80","23.60","72","50.40"
"22 - 23 School Year","63","Oakland Schools","63150","Troy School District","04227","Troy Union Elementary School","63","Oakland","LEA School","Elementary","City: Small","Oakland Region","5","04","Mathematics","Male","10","22","< 10","26.30","57.90","15.80","38","56.40"
"22 - 23 School Year","63","Oakland Schools","63150","Troy School District","04227","Troy Union Elementary School","63","Oakland","LEA School","Elementary","City: Small","Oakland Region","5","All Grades","Mathematics","Black, not of Hispanic origin","< 10","< 10","< 10","< 10","< 10","< 10","< 10","< 10"
"22 - 23 School Year","63","Oakland Schools","63150","Troy School District","04227","Troy Union Elementary School","63","Oakland","LEA School","Elementary","City: Small","Oakland Region","5","All Grades","Mathematics","Two or More Races","< 10","< 10","< 10","< 10","< 10","< 10","< 10","< 10"
"22 - 23 School Year","63","Oakland Schools","63150","Troy School District","04227","Troy Union Elementary School","63","Oakland","LEA School","Elementary","City: Small","Oakland Region","5","All Grades","Mathematics","Asian","16","22","< 10","38.10","52.40","9.50","42","60.50"
"22 - 23 School Year","63","Oakland Schools","63150","Troy School District","04227","Troy Union Elementary School","63","Oakland","LEA School","Elementary","City: Small","Oakland Region","5","05","Mathematics","Asian","11","< 10","< 10","55.00","40.00","5.00","20","71.90"
"22 - 23 School Year","63","Oakland Schools","63150","Troy School District","04227","Troy Union Elementary School","63","Oakland","LEA School","Elementary","City: Small","Oakland Region","5","All Grades","English Language Arts","White, not of Hispanic origin","17","33","34","20.20","39.30","40.50","84","41.50"
"22 - 23 School Year","63","Oakland Schools","63150","Troy School District","04227","Troy Union Elementary School","63","Oakland","LEA School","Elementary","City: Small","Oakland Region","5","All Grades","English Language Arts","Male","20","30","24","27.00","40.50","32.40","74","47.20"
"22 - 23 School Year","63","Oakland Schools","63150","Troy School District","04227","Troy Union Elementary School","63","Oakland","LEA School","Elementary","City: Small","Oakland Region","5","All Grades","English Language Arts","Not Migrant","34","59","53","23.30","40.40","36.30","146","44.90"
"22 - 23 School Year","63","Oakland Schools","63150","Troy School District","04227","Troy Union Elementary School","63","Oakland","LEA School","Elementary","City: Small","Oakland Region","5","04","English Language Arts","White, not of Hispanic origin","10","15","11","27.80","41.70","30.60","36","48.50"
"22 - 23 School Year","63","Oakland Schools","63150","Troy School District","04227","Troy Union Elementary School","63","Oakland","LEA School","Elementary","City: Small","Oakland Region","5","04","English Language Arts","Male","14","17","< 10","36.80","44.70","18.40","38","56.60"
"22 - 23 School Year","63","Oakland Schools","63150","Troy School District","04227","Troy Union Elementary School","63","Oakland","LEA School","Elementary","City: Small","Oakland Region","5","04","English Language Arts","Not Migrant","21","30","20","29.60","42.30","28.20","71","51.00"
"22 - 23 School Year","63","Oakland Schools","63150","Troy School District","04227","Troy Union Elementary School","63","Oakland","LEA School","Elementary","City: Small","Oakland Region","5","05","English Language Arts","White, not of Hispanic origin","< 10","18","23","14.60","37.50","47.90","48","36.20"
"22 - 23 School Year","63","Oakland Schools","63150","Troy School District","04227","Troy Union Elementary School","63","Oakland","LEA School","Elementary","City: Small","Oakland Region","5","05","English Language Arts","Male","< 10","13","17","16.70","36.10","47.20","36","37.30"
"22 - 23 School Year","63","Oakland Schools","63150","Troy School District","04227","Troy Union Elementary School","63","Oakland","LEA School","Elementary","City: Small","Oakland Region","5","05","English Language Arts","Not Migrant","13","29","33","17.30","38.70","44.00","75","39.10"
"22 - 23 School Year","63","Oakland Schools","63150","Troy School District","04227","Troy Union Elementary School","63","Oakland","LEA School","Elementary","City: Small","Oakland Region","5","All Grades","Mathematics","Economically Disadvantaged","< 10","17","< 10","25.00","53.10","21.90","32","51.80"
"22 - 23 School Year","63","Oakland Schools","63150","Troy School District","04227","Troy Union Elementary School","63","Oakland","LEA School","Elementary","City: Small","Oakland Region","5","All Grades","English Language Arts","Students without Disabilities","32","55","50","23.40","40.10","36.50","137","44.70"
"22 - 23 School Year","63","Oakland Schools","63150","Troy School District","04227","Troy Union Elementary School","63","Oakland","LEA School","Elementary","City: Small","Oakland Region","5","04","Mathematics","Female","< 10","16","11","20.60","47.10","32.40","34","43.70"
"22 - 23 School Year","63","Oakland Schools","63150","Troy School District","04227","Troy Union Elementary School","63","Oakland","LEA School","Elementary","City: Small","Oakland Region","5","04","Mathematics","Students with Disabilities","< 10","< 10","< 10","< 10","< 10","< 10","< 10","< 10"
"22 - 23 School Year","63","Oakland Schools","63150","Troy School District","04227","Troy Union Elementary School","63","Oakland","LEA School","Elementary","City: Small","Oakland Region","5","05","Mathematics","Students with Disabilities","< 10","< 10","< 10","< 10","< 10","< 10","< 10","< 10"
"22 - 23 School Year","63","Oakland Schools","63150","Troy School District","04227","Troy Union Elementary School","63","Oakland","LEA School","Elementary","City: Small","Oakland Region","5","05","English Language Arts","Not English Learners","13","27","26","19.70","40.90","39.40","66","41.30"
"22 - 23 School Year","63","Oakland Schools","63150","Troy School District","04227","Troy Union Elementary School","63","Oakland","LEA School","Elementary","City: Small","Oakland Region","5","05","English Language Arts","Hispanic","< 10","< 10","< 10","< 10","< 10","< 10","< 10","< 10"
"22 - 23 School Year","63","Oakland Schools","63150","Troy School District","04227","Troy Union Elementary School","63","Oakland","LEA School","Elementary","City: Small","Oakland Region","5","05","English Language Arts","Economically Disadvantaged","< 10","< 10","< 10","7.10","28.60","64.30","14","30.10"
"22 - 23 School Year","63","Oakland Schools","63150","Troy School District","04227","Troy Union Elementary School","63","Oakland","LEA School","Elementary","City: Small","Oakland Region","5","04","English Language Arts","Not English Learners","18","21","17","32.10","37.50","30.40","56","51.20"
"22 - 23 School Year","63","Oakland Schools","63150","Troy School District","04227","Troy Union Elementary School","63","Oakland","LEA School","Elementary","City: Small","Oakland Region","5","04","English Language Arts","Hispanic","< 10","< 10","< 10","< 10","< 10","< 10","< 10","< 10"
"22 - 23 School Year","63","Oakland Schools","63150","Troy School District","04227","Troy Union Elementary School","63","Oakland","LEA School","Elementary","City: Small","Oakland Region","5","04","English Language Arts","Economically Disadvantaged","< 10","< 10","< 10","22.20","38.90","38.90","18","46.80"
"22 - 23 School Year","63","Oakland Schools","63150","Troy School District","04227","Troy Union Elementary School","63","Oakland","LEA School","Elementary","City: Small","Oakland Region","5","All Grades","English Language Arts","Not English Learners","31","48","43","25.40","39.30","35.20","122","45.90"
"22 - 23 School Year","63","Oakland Schools","63150","Troy School District","04227","Troy Union Elementary School","63","Oakland","LEA School","Elementary","City: Small","Oakland Region","5","All Grades","English Language Arts","Hispanic","< 10","< 10","< 10","< 10","< 10","< 10","< 10","< 10"
"22 - 23 School Year","63","Oakland Schools","63150","Troy School District","04227","Troy Union Elementary School","63","Oakland","LEA School","Elementary","City: Small","Oakland Region","5","All Grades","English Language Arts","Economically Disadvantaged","< 10","11","16","15.60","34.40","50.00","32","39.50"
"22 - 23 School Year","63","Oakland Schools","63150","Troy School District","04227","Troy Union Elementary School","63","Oakland","LEA School","Elementary","City: Small","Oakland Region","5","All Grades","English Language Arts","Asian","14","16","11","34.10","39.00","26.80","41","52.90"
"22 - 23 School Year","63","Oakland Schools","63150","Troy School District","04227","Troy Union Elementary School","63","Oakland","LEA School","Elementary","City: Small","Oakland Region","5","All Grades","English Language Arts","Two or More Races","< 10","< 10","< 10","< 10","< 10","< 10","< 10","< 10"
"22 - 23 School Year","63","Oakland Schools","63150","Troy School District","04227","Troy Union Elementary School","63","Oakland","LEA School","Elementary","City: Small","Oakland Region","5","05","English Language Arts","Students with Disabilities","< 10","< 10","< 10","< 10","< 10","< 10","< 10","< 10"
"22 - 23 School Year","63","Oakland Schools","63150","Troy School District","04227","Troy Union Elementary School","63","Oakland","LEA School","Elementary","City: Small","Oakland Region","5","All Grades","English Language Arts","Students with Disabilities","< 10","< 10","< 10","< 10","< 10","< 10","< 10","< 10"
"22 - 23 School Year","63","Oakland Schools","63150","Troy School District","04227","Troy Union Elementary School","63","Oakland","LEA School","Elementary","City: Small","Oakland Region","5","05","Mathematics","Economically Disadvantaged","< 10","< 10","< 10","35.70","42.90","21.40","14","55.10"
"22 - 23 School Year","63","Oakland Schools","63150","Troy School District","04227","Troy Union Elementary School","63","Oakland","LEA School","Elementary","City: Small","Oakland Region","5","04","Mathematics","Economically Disadvantaged","< 10","11","< 10","16.70","61.10","22.20","18","49.20"
"22 - 23 School Year","63","Oakland Schools","63150","Troy School District","04227","Troy Union Elementary School","63","Oakland","LEA School","Elementary","City: Small","Oakland Region","5","04","Mathematics","Hispanic","< 10","< 10","< 10","< 10","< 10","< 10","< 10","< 10"
"22 - 23 School Year","63","Oakland Schools","63150","Troy School District","04227","Troy Union Elementary School","63","Oakland","LEA School","Elementary","City: Small","Oakland Region","5","04","Mathematics","Not English Learners","13","30","13","23.20","53.60","23.20","56","50.90"
"22 - 23 School Year","63","Oakland Schools","63150","Troy School District","04227","Troy Union Elementary School","63","Oakland","LEA School","Elementary","City: Small","Oakland Region","5","All Grades","Mathematics","Hispanic","< 10","< 10","< 10","36.40","54.50","9.10","11","62.30"
"22 - 23 School Year","63","Oakland Schools","63150","Troy School District","04227","Troy Union Elementary School","63","Oakland","LEA School","Elementary","City: Small","Oakland Region","5","All Grades","Mathematics","Not English Learners","45","52","25","36.90","42.60","20.50","122","57.10"
"22 - 23 School Year","63","Oakland Schools","63150","Troy School District","04227","Troy Union Elementary School","63","Oakland","LEA School","Elementary","City: Small","Oakland Region","5","05","Mathematics","Male","16","12","< 10","43.20","32.40","24.30","37","59.40"
"22 - 23 School Year","63","Oakland Schools","63150","Troy School District","04227","Troy Union Elementary School","63","Oakland","LEA School","Elementary","City: Small","Oakland Region","5","05","Mathematics","Not Migrant","35","28","14","45.50","36.40","18.20","77","61.40"
"22 - 23 School Year","63","Oakland Schools","63150","Troy School District","04227","Troy Union Elementary School","63","Oakland","LEA School","Elementary","City: Small","Oakland Region","5","05","Mathematics","White, not of Hispanic origin","21","17","10","43.80","35.40","20.80","48","57.60"
"22 - 23 School Year","63","Oakland Schools","63150","Troy School District","04227","Troy Union Elementary School","63","Oakland","LEA School","Elementary","City: Small","Oakland Region","5","All Grades","Mathematics","Not Migrant","52","66","31","34.90","44.30","20.80","149","56.10"
"22 - 23 School Year","63","Oakland Schools","63150","Troy School District","04227","Troy Union Elementary School","63","Oakland","LEA School","Elementary","City: Small","Oakland Region","5","All Grades","Mathematics","Male","26","34","15","34.70","45.30","20.00","75","57.80"
"22 - 23 School Year","63","Oakland Schools","63150","Troy School District","04227","Troy Union Elementary School","63","Oakland","LEA School","Elementary","City: Small","Oakland Region","5","04","Mathematics","White, not of Hispanic origin","< 10","17","11","22.20","47.20","30.60","36","48.40"
"22 - 23 School Year","63","Oakland Schools","63150","Troy School District","04227","Troy Union Elementary School","63","Oakland","LEA School","Elementary","City: Small","Oakland Region","5","All Grades","Mathematics","White, not of Hispanic origin","29","34","21","34.50","40.50","25.00","84","53.60"
"22 - 23 School Year","63","Oakland Schools","63150","Troy School District","04227","Troy Union Elementary School","63","Oakland","LEA School","Elementary","City: Small","Oakland Region","5","05","Mathematics","Not English Learners","32","22","12","48.50","33.30","18.20","66","62.30"
"22 - 23 School Year","63","Oakland Schools","63150","Troy School District","04227","Troy Union Elementary School","63","Oakland","LEA School","Elementary","City: Small","Oakland Region","5","05","Mathematics","Hispanic","< 10","< 10","< 10","< 10","< 10","< 10","< 10","< 10"
"22 - 23 School Year","63","Oakland Schools","63150","Troy School District","04227","Troy Union Elementary School","63","Oakland","LEA School","Elementary","City: Small","Oakland Region","5","05","Mathematics","Not Economically Disadvantaged","30","22","11","47.60","34.90","17.50","63","62.80"
"22 - 23 School Year","63","Oakland Schools","63150","Troy School District","04227","Troy Union Elementary School","63","Oakland","LEA School","Elementary","City: Small","Oakland Region","5","04","Mathematics","Not Economically Disadvantaged","14","27","13","25.90","50.00","24.10","54","50.80"
"22 - 23 School Year","63","Oakland Schools","63150","Troy School District","04227","Troy Union Elementary School","63","Oakland","LEA School","Elementary","City: Small","Oakland Region","5","All Grades","Mathematics","Not Economically Disadvantaged","44","49","24","37.60","41.90","20.50","117","57.30"
"22 - 23 School Year","63","Oakland Schools","63150","Troy School District","04227","Troy Union Elementary School","63","Oakland","LEA School","Elementary","City: Small","Oakland Region","5","04","English Language Arts","Two or More Races","< 10","< 10","< 10","< 10","< 10","< 10","< 10","< 10"
"22 - 23 School Year","63","Oakland Schools","63150","Troy School District","04227","Troy Union Elementary School","63","Oakland","LEA School","Elementary","City: Small","Oakland Region","5","04","English Language Arts","Asian","< 10","< 10","< 10","40.90","36.40","22.70","22","57.10"
"22 - 23 School Year","63","Oakland Schools","63150","Troy School District","04227","Troy Union Elementary School","63","Oakland","LEA School","Elementary","City: Small","Oakland Region","5","05","English Language Arts","Two or More Races","< 10","< 10","< 10","< 10","< 10","< 10","< 10","< 10"
"22 - 23 School Year","63","Oakland Schools","63150","Troy School District","04227","Troy Union Elementary School","63","Oakland","LEA School","Elementary","City: Small","Oakland Region","5","05","English Language Arts","Asian","< 10","< 10","< 10","26.30","42.10","31.60","19","48.10"
"22 - 23 School Year","63","Oakland Schools","63150","Troy School District","04227","Troy Union Elementary School","63","Oakland","LEA School","Elementary","City: Small","Oakland Region","5","05","English Language Arts","All Students","13","29","33","17.30","38.70","44.00","75","39.10"
"22 - 23 School Year","63","Oakland Schools","63150","Troy School District","04227","Troy Union Elementary School","63","Oakland","LEA School","Elementary","City: Small","Oakland Region","5","All Grades","English Language Arts","All Students","34","59","53","23.30","40.40","36.30","146","44.90"
"22 - 23 School Year","63","Oakland Schools","63150","Troy School District","04227","Troy Union Elementary School","63","Oakland","LEA School","Elementary","City: Small","Oakland Region","5","05","English Language Arts","Female","< 10","16","16","17.90","41.00","41.00","39","40.90"
"22 - 23 School Year","63","Oakland Schools","63150","Troy School District","04227","Troy Union Elementary School","63","Oakland","LEA School","Elementary","City: Small","Oakland Region","5","05","English Language Arts","Black, not of Hispanic origin","< 10","< 10","< 10","< 10","< 10","< 10","< 10","< 10"
"22 - 23 School Year","63","Oakland Schools","63150","Troy School District","05163","Hill Elementary School","63","Oakland","LEA School","Elementary","City: Small","Oakland Region","5","All Grades","Mathematics","Students without Disabilities","41","42","25","38.00","38.90","23.10","108","56.90"
"22 - 23 School Year","63","Oakland Schools","63150","Troy School District","05163","Hill Elementary School","63","Oakland","LEA School","Elementary","City: Small","Oakland Region","5","04","Mathematics","Students without Disabilities","12","18","16","26.10","39.10","34.80","46","48.20"
"22 - 23 School Year","63","Oakland Schools","63150","Troy School District","05163","Hill Elementary School","63","Oakland","LEA School","Elementary","City: Small","Oakland Region","5","05","English Language Arts","Students with Disabilities","< 10","< 10","< 10","< 10","< 10","< 10","< 10","< 10"
"22 - 23 School Year","63","Oakland Schools","63150","Troy School District","05163","Hill Elementary School","63","Oakland","LEA School","Elementary","City: Small","Oakland Region","5","All Grades","English Language Arts","Two or More Races","< 10","< 10","< 10","< 10","< 10","< 10","< 10","< 10"
"22 - 23 School Year","63","Oakland Schools","63150","Troy School District","05163","Hill Elementary School","63","Oakland","LEA School","Elementary","City: Small","Oakland Region","5","All Grades","English Language Arts","Asian","12","15","< 10","36.40","45.50","18.20","33","56.90"
"22 - 23 School Year","63","Oakland Schools","63150","Troy School District","05163","Hill Elementary School","63","Oakland","LEA School","Elementary","City: Small","Oakland Region","5","All Grades","English Language Arts","Not Migrant","38","59","25","31.10","48.40","20.50","122","53.50"
"22 - 23 School Year","63","Oakland Schools","63150","Troy School District","05163","Hill Elementary School","63","Oakland","LEA School","Elementary","City: Small","Oakland Region","5","05","English Language Arts","Not English Learners","16","21","15","30.80","40.40","28.80","52","51.40"
"22 - 23 School Year","63","Oakland Schools","63150","Troy School District","05163","Hill Elementary School","63","Oakland","LEA School","Elementary","City: Small","Oakland Region","5","05","English Language Arts","Hispanic","< 10","< 10","< 10","< 10","< 10","< 10","< 10","< 10"
"22 - 23 School Year","63","Oakland Schools","63150","Troy School District","05163","Hill Elementary School","63","Oakland","LEA School","Elementary","City: Small","Oakland Region","5","05","English Language Arts","Economically Disadvantaged","< 10","< 10","< 10","31.30","37.50","31.30","16","49.70"
"22 - 23 School Year","63","Oakland Schools","63150","Troy School District","05163","Hill Elementary School","63","Oakland","LEA School","Elementary","City: Small","Oakland Region","5","All Grades","English Language Arts","Male","15","20","12","31.90","42.60","25.50","47","51.00"
"22 - 23 School Year","63","Oakland Schools","63150","Troy School District","05163","Hill Elementary School","63","Oakland","LEA School","Elementary","City: Small","Oakland Region","5","All Grades","English Language Arts","White, not of Hispanic origin","24","37","11","33.30","51.40","15.30","72","56.80"
"22 - 23 School Year","63","Oakland Schools","63150","Troy School District","05163","Hill Elementary School","63","Oakland","LEA School","Elementary","City: Small","Oakland Region","5","04","English Language Arts","Two or More Races","< 10","< 10","< 10","< 10","< 10","< 10","< 10","< 10"
"22 - 23 School Year","63","Oakland Schools","63150","Troy School District","05163","Hill Elementary School","63","Oakland","LEA School","Elementary","City: Small","Oakland Region","5","All Grades","English Language Arts","Not Economically Disadvantaged","30","48","17","31.60","50.50","17.90","95","54.40"
"22 - 23 School Year","63","Oakland Schools","63150","Troy School District","05163","Hill Elementary School","63","Oakland","LEA School","Elementary","City: Small","Oakland Region","5","04","English Language Arts","Not English Learners","15","23","< 10","34.10","52.30","13.60","44","56.40"
"22 - 23 School Year","63","Oakland Schools","63150","Troy School District","05163","Hill Elementary School","63","Oakland","LEA School","Elementary","City: Small","Oakland Region","5","04","English Language Arts","Hispanic","< 10","< 10","< 10","< 10","< 10","< 10","< 10","< 10"
"22 - 23 School Year","63","Oakland Schools","63150","Troy School District","05163","Hill Elementary School","63","Oakland","LEA School","Elementary","City: Small","Oakland Region","5","05","English Language Arts","Not Migrant","22","31","16","31.90","44.90","23.20","69","52.90"
"22 - 23 School Year","63","Oakland Schools","63150","Troy School District","05163","Hill Elementary School","63","Oakland","LEA School","Elementary","City: Small","Oakland Region","5","05","English Language Arts","Male","< 10","12","< 10","28.60","42.90","28.60","28","48.50"
"22 - 23 School Year","63","Oakland Schools","63150","Troy School District","05163","Hill Elementary School","63","Oakland","LEA School","Elementary","City: Small","Oakland Region","5","05","English Language Arts","Asian","< 10","< 10","< 10","40.00","45.00","15.00","20","59.70"
"22 - 23 School Year","63","Oakland Schools","63150","Troy School District","05163","Hill Elementary School","63","Oakland","LEA School","Elementary","City: Small","Oakland Region","5","05","English Language Arts","Two or More Races","< 10","< 10","< 10","< 10","< 10","< 10","< 10","< 10"
"22 - 23 School Year","63","Oakland Schools","63150","Troy School District","05163","Hill Elementary School","63","Oakland","LEA School","Elementary","City: Small","Oakland Region","5","04","English Language Arts","Asian","< 10","< 10","< 10","30.80","46.20","23.10","13","52.50"
"22 - 23 School Year","63","Oakland Schools","63150","Troy School District","05163","Hill Elementary School","63","Oakland","LEA School","Elementary","City: Small","Oakland Region","5","05","English Language Arts","All Students","22","31","16","31.90","44.90","23.20","69","52.90"
"22 - 23 School Year","63","Oakland Schools","63150","Troy School District","05163","Hill Elementary School","63","Oakland","LEA School","Elementary","City: Small","Oakland Region","5","04","English Language Arts","Black, not of Hispanic origin","< 10","< 10","< 10","< 10","< 10","< 10","< 10","< 10"
"22 - 23 School Year","63","Oakland Schools","63150","Troy School District","05163","Hill Elementary School","63","Oakland","LEA School","Elementary","City: Small","Oakland Region","5","All Grades","English Language Arts","English Learners","< 10","15","< 10","26.90","57.70","15.40","26","53.10"
"22 - 23 School Year","63","Oakland Schools","63150","Troy School District","05163","Hill Elementary School","63","Oakland","LEA School","Elementary","City: Small","Oakland Region","5","All Grades","English Language Arts","Female","23","39","13","30.70","52.00","17.30","75","55.10"
"22 - 23 School Year","63","Oakland Schools","63150","Troy School District","05163","Hill Elementary School","63","Oakland","LEA School","Elementary","City: Small","Oakland Region","5","All Grades","English Language Arts","Black, not of Hispanic origin","< 10","< 10","< 10","10.00","40.00","50.00","10","29.70"
"22 - 23 School Year","63","Oakland Schools","63150","Troy School District","05163","Hill Elementary School","63","Oakland","LEA School","Elementary","City: Small","Oakland Region","5","04","English Language Arts","Not Economically Disadvantaged","13","23","< 10","31.00","54.80","14.30","42","55.20"
"22 - 23 School Year","63","Oakland Schools","63150","Troy School District","05163","Hill Elementary School","63","Oakland","LEA School","Elementary","City: Small","Oakland Region","5","05","English Language Arts","Not Economically Disadvantaged","17","25","11","32.10","47.20","20.80","53","53.80"
"22 - 23 School Year","63","Oakland Schools","63150","Troy School District","05163","Hill Elementary School","63","Oakland","LEA School","Elementary","City: Small","Oakland Region","5","All Grades","Mathematics","English Learners","13","< 10","< 10","50.00","26.90","23.10","26","60.60"
"22 - 23 School Year","63","Oakland Schools","63150","Troy School District","05163","Hill Elementary School","63","Oakland","LEA School","Elementary","City: Small","Oakland Region","5","All Grades","Mathematics","Female","28","31","16","37.30","41.30","21.30","75","56.60"
"22 - 23 School Year","63","Oakland Schools","63150","Troy School District","05163","Hill Elementary School","63","Oakland","LEA School","Elementary","City: Small","Oakland Region","5","All Grades","Mathematics","Black, not of Hispanic origin","< 10","< 10","< 10","< 5","40.00","60.00","10","29.40"
"22 - 23 School Year","63","Oakland Schools","63150","Troy School District","05163","Hill Elementary School","63","Oakland","LEA School","Elementary","City: Small","Oakland Region","5","05","Mathematics","Not Economically Disadvantaged","26","18","< 10","49.10","34.00","17.00","53","63.10"
"22 - 23 School Year","63","Oakland Schools","63150","Troy School District","05163","Hill Elementary School","63","Oakland","LEA School","Elementary","City: Small","Oakland Region","5","04","Mathematics","Not Economically Disadvantaged","10","17","15","23.80","40.50","35.70","42","47.70"
"22 - 23 School Year","63","Oakland Schools","63150","Troy School District","05163","Hill Elementary School","63","Oakland","LEA School","Elementary","City: Small","Oakland Region","5","05","English Language Arts","Students without Disabilities","21","27","14","33.90","43.50","22.60","62","54.20"
"22 - 23 School Year","63","Oakland Schools","63150","Troy School District","05163","Hill Elementary School","63","Oakland","LEA School","Elementary","City: Small","Oakland Region","5","04","English Language Arts","Students without Disabilities","14","26","< 10","30.40","56.50","13.00","46","55.80"
"22 - 23 School Year","63","Oakland Schools","63150","Troy School District","05163","Hill Elementary School","63","Oakland","LEA School","Elementary","City: Small","Oakland Region","5","05","Mathematics","Economically Disadvantaged","< 10","< 10","< 10","37.50","50.00","12.50","16","57.70"
"22 - 23 School Year","63","Oakland Schools","63150","Troy School District","05163","Hill Elementary School","63","Oakland","LEA School","Elementary","City: Small","Oakland Region","5","05","Mathematics","Hispanic","< 10","< 10","< 10","< 10","< 10","< 10","< 10","< 10"
"22 - 23 School Year","63","Oakland Schools","63150","Troy School District","05163","Hill Elementary School","63","Oakland","LEA School","Elementary","City: Small","Oakland Region","5","05","Mathematics","Not English Learners","21","21","10","40.40","40.40","19.20","52","58.20"
"22 - 23 School Year","63","Oakland Schools","63150","Troy School District","05163","Hill Elementary School","63","Oakland","LEA School","Elementary","City: Small","Oakland Region","5","All Grades","English Language Arts","Students without Disabilities","35","53","20","32.40","49.10","18.50","108","54.90"
"22 - 23 School Year","63","Oakland Schools","63150","Troy School District","05163","Hill Elementary School","63","Oakland","LEA School","Elementary","City: Small","Oakland Region","5","04","Mathematics","Black, not of Hispanic origin","< 10","< 10","< 10","< 10","< 10","< 10","< 10","< 10"
"22 - 23 School Year","63","Oakland Schools","63150","Troy School District","05163","Hill Elementary School","63","Oakland","LEA School","Elementary","City: Small","Oakland Region","5","04","Mathematics","All Students","14","21","18","26.40","39.60","34.00","53","48.30"
"22 - 23 School Year","63","Oakland Schools","63150","Troy School District","05163","Hill Elementary School","63","Oakland","LEA School","Elementary","City: Small","Oakland Region","5","All Grades","Mathematics","All Students","46","47","29","37.70","38.50","23.80","122","56.00"
"22 - 23 School Year","63","Oakland Schools","63150","Troy School District","05163","Hill Elementary School","63","Oakland","LEA School","Elementary","City: Small","Oakland Region","5","05","Mathematics","White, not of Hispanic origin","18","17","< 10","45.00","42.50","12.50","40","62.00"
"22 - 23 School Year","63","Oakland Schools","63150","Troy School District","05163","Hill Elementary School","63","Oakland","LEA School","Elementary","City: Small","Oakland Region","5","05","Mathematics","Male","11","10","< 10","39.30","35.70","25.00","28","57.10"
"22 - 23 School Year","63","Oakland Schools","63150","Troy School District","05163","Hill Elementary School","63","Oakland","LEA School","Elementary","City: Small","Oakland Region","5","05","Mathematics","Not Migrant","32","26","11","46.40","37.70","15.90","69","61.90"
"22 - 23 School Year","63","Oakland Schools","63150","Troy School District","05163","Hill Elementary School","63","Oakland","LEA School","Elementary","City: Small","Oakland Region","5","04","Mathematics","Two or More Races","< 10","< 10","< 10","< 10","< 10","< 10","< 10","< 10"
"22 - 23 School Year","63","Oakland Schools","63150","Troy School District","05163","Hill Elementary School","63","Oakland","LEA School","Elementary","City: Small","Oakland Region","5","04","Mathematics","Not English Learners","12","19","13","27.30","43.20","29.50","44","50.60"
"22 - 23 School Year","63","Oakland Schools","63150","Troy School District","05163","Hill Elementary School","63","Oakland","LEA School","Elementary","City: Small","Oakland Region","5","04","Mathematics","Hispanic","< 10","< 10","< 10","< 10","< 10","< 10","< 10","< 10"
"22 - 23 School Year","63","Oakland Schools","63150","Troy School District","05163","Hill Elementary School","63","Oakland","LEA School","Elementary","City: Small","Oakland Region","5","04","Mathematics","Economically Disadvantaged","< 10","< 10","< 10","36.40","36.40","27.30","11","50.70"
"22 - 23 School Year","63","Oakland Schools","63150","Troy School District","05163","Hill Elementary School","63","Oakland","LEA School","Elementary","City: Small","Oakland Region","5","05","Mathematics","All Students","32","26","11","46.40","37.70","15.90","69","61.90"
"22 - 23 School Year","63","Oakland Schools","63150","Troy School District","05163","Hill Elementary School","63","Oakland","LEA School","Elementary","City: Small","Oakland Region","5","05","Mathematics","Black, not of Hispanic origin","< 10","< 10","< 10","< 10","< 10","< 10","< 10","< 10"
"22 - 23 School Year","63","Oakland Schools","63150","Troy School District","05163","Hill Elementary School","63","Oakland","LEA School","Elementary","City: Small","Oakland Region","5","05","Mathematics","Female","21","16","< 10","51.20","39.00","9.80","41","65.10"
"22 - 23 School Year","63","Oakland Schools","63150","Troy School District","05163","Hill Elementary School","63","Oakland","LEA School","Elementary","City: Small","Oakland Region","5","05","Mathematics","Students with Disabilities","< 10","< 10","< 10","< 10","< 10","< 10","< 10","< 10"
"22 - 23 School Year","63","Oakland Schools","63150","Troy School District","05163","Hill Elementary School","63","Oakland","LEA School","Elementary","City: Small","Oakland Region","5","05","Mathematics","English Learners","11","< 10","< 10","64.70","29.40","5.90","17","73.10"
"22 - 23 School Year","63","Oakland Schools","63150","Troy School District","05163","Hill Elementary School","63","Oakland","LEA School","Elementary","City: Small","Oakland Region","5","All Grades","Mathematics","Students with Disabilities","< 10","< 10","< 10","35.70","35.70","28.60","14","48.80"
"22 - 23 School Year","63","Oakland Schools","63150","Troy School District","05163","Hill Elementary School","63","Oakland","LEA School","Elementary","City: Small","Oakland Region","5","04","Mathematics","Students with Disabilities","< 10","< 10","< 10","< 10","< 10","< 10","< 10","< 10"
"22 - 23 School Year","63","Oakland Schools","63150","Troy School District","05163","Hill Elementary School","63","Oakland","LEA School","Elementary","City: Small","Oakland Region","5","All Grades","Mathematics","Economically Disadvantaged","10","12","< 10","37.00","44.40","18.50","27","54.90"
"22 - 23 School Year","63","Oakland Schools","63150","Troy School District","05163","Hill Elementary School","63","Oakland","LEA School","Elementary","City: Small","Oakland Region","5","All Grades","Mathematics","Hispanic","< 10","< 10","< 10","< 10","< 10","< 10","< 10","< 10"
"22 - 23 School Year","63","Oakland Schools","63150","Troy School District","05163","Hill Elementary School","63","Oakland","LEA School","Elementary","City: Small","Oakland Region","5","All Grades","Mathematics","Not English Learners","33","40","23","34.40","41.70","24.00","96","54.70"
"22 - 23 School Year","63","Oakland Schools","63150","Troy School District","05163","Hill Elementary School","63","Oakland","LEA School","Elementary","City: Small","Oakland Region","5","04","English Language Arts","White, not of Hispanic origin","10","18","< 10","31.30","56.30","12.50","32","57.40"
"22 - 23 School Year","63","Oakland Schools","63150","Troy School District","05163","Hill Elementary School","63","Oakland","LEA School","Elementary","City: Small","Oakland Region","5","04","English Language Arts","Male","< 10","< 10","< 10","36.80","42.10","21.10","19","54.60"
"22 - 23 School Year","63","Oakland Schools","63150","Troy School District","05163","Hill Elementary School","63","Oakland","LEA School","Elementary","City: Small","Oakland Region","5","04","English Language Arts","Not Migrant","16","28","< 10","30.20","52.80","17.00","53","54.40"
"22 - 23 School Year","63","Oakland Schools","63150","Troy School District","05163","Hill Elementary School","63","Oakland","LEA School","Elementary","City: Small","Oakland Region","5","05","English Language Arts","White, not of Hispanic origin","14","19","< 10","35.00","47.50","17.50","40","56.40"
"22 - 23 School Year","63","Oakland Schools","63150","Troy School District","05163","Hill Elementary School","63","Oakland","LEA School","Elementary","City: Small","Oakland Region","5","05","English Language Arts","English Learners","< 10","10","< 10","35.30","58.80","5.90","17","57.50"
"22 - 23 School Year","63","Oakland Schools","63150","Troy School District","05163","Hill Elementary School","63","Oakland","LEA School","Elementary","City: Small","Oakland Region","5","05","English Language Arts","Female","14","19","< 10","34.10","46.30","19.50","41","55.90"
"22 - 23 School Year","63","Oakland Schools","63150","Troy School District","05163","Hill Elementary School","63","Oakland","LEA School","Elementary","City: Small","Oakland Region","5","05","English Language Arts","Black, not of Hispanic origin","< 10","< 10","< 10","< 10","< 10","< 10","< 10","< 10"
"22 - 23 School Year","63","Oakland Schools","63150","Troy School District","05163","Hill Elementary School","63","Oakland","LEA School","Elementary","City: Small","Oakland Region","5","All Grades","English Language Arts","Economically Disadvantaged","< 10","11","< 10","29.60","40.70","29.60","27","50.40"
"22 - 23 School Year","63","Oakland Schools","63150","Troy School District","05163","Hill Elementary School","63","Oakland","LEA School","Elementary","City: Small","Oakland Region","5","All Grades","English Language Arts","Hispanic","< 10","< 10","< 10","< 10","< 10","< 10","< 10","< 10"
"22 - 23 School Year","63","Oakland Schools","63150","Troy School District","05163","Hill Elementary School","63","Oakland","LEA School","Elementary","City: Small","Oakland Region","5","All Grades","English Language Arts","Not English Learners","31","44","21","32.30","45.80","21.90","96","53.70"
"22 - 23 School Year","63","Oakland Schools","63150","Troy School District","05163","Hill Elementary School","63","Oakland","LEA School","Elementary","City: Small","Oakland Region","5","04","English Language Arts","Economically Disadvantaged","< 10","< 10","< 10","27.30","45.50","27.30","11","51.50"
"22 - 23 School Year","63","Oakland Schools","63150","Troy School District","05163","Hill Elementary School","63","Oakland","LEA School","Elementary","City: Small","Oakland Region","5","04","Mathematics","Asian","< 10","< 10","< 10","15.40","38.50","46.20","13","40.40"
"22 - 23 School Year","63","Oakland Schools","63150","Troy School District","05163","Hill Elementary School","63","Oakland","LEA School","Elementary","City: Small","Oakland Region","5","04","English Language Arts","English Learners","< 10","< 10","< 10","< 10","< 10","< 10","< 10","< 10"
"22 - 23 School Year","63","Oakland Schools","63150","Troy School District","05163","Hill Elementary School","63","Oakland","LEA School","Elementary","City: Small","Oakland Region","5","04","English Language Arts","Female","< 10","20","< 10","26.50","58.80","14.70","34","54.30"
"22 - 23 School Year","63","Oakland Schools","63150","Troy School District","05163","Hill Elementary School","63","Oakland","LEA School","Elementary","City: Small","Oakland Region","5","05","Mathematics","Asian","12","< 10","< 10","60.00","30.00","10.00","20","69.80"
"22 - 23 School Year","63","Oakland Schools","63150","Troy School District","05163","Hill Elementary School","63","Oakland","LEA School","Elementary","City: Small","Oakland Region","5","05","Mathematics","Students without Disabilities","29","24","< 10","46.80","38.70","14.50","62","63.40"
"22 - 23 School Year","63","Oakland Schools","63150","Troy School District","05163","Hill Elementary School","63","Oakland","LEA School","Elementary","City: Small","Oakland Region","5","04","English Language Arts","Students with Disabilities","< 10","< 10","< 10","< 10","< 10","< 10","< 10","< 10"
"22 - 23 School Year","63","Oakland Schools","63150","Troy School District","05163","Hill Elementary School","63","Oakland","LEA School","Elementary","City: Small","Oakland Region","5","All Grades","English Language Arts","Students with Disabilities","< 10","< 10","< 10","21.40","42.90","35.70","14","43.00"
"22 - 23 School Year","63","Oakland Schools","63150","Troy School District","05163","Hill Elementary School","63","Oakland","LEA School","Elementary","City: Small","Oakland Region","5","05","Mathematics","Two or More Races","< 10","< 10","< 10","< 10","< 10","< 10","< 10","< 10"
"22 - 23 School Year","63","Oakland Schools","63150","Troy School District","05163","Hill Elementary School","63","Oakland","LEA School","Elementary","City: Small","Oakland Region","5","All Grades","Mathematics","Asian","14","11","< 10","42.40","33.30","24.20","33","58.20"
"22 - 23 School Year","63","Oakland Schools","63150","Troy School District","05163","Hill Elementary School","63","Oakland","LEA School","Elementary","City: Small","Oakland Region","5","All Grades","Mathematics","Two or More Races","< 10","< 10","< 10","< 10","< 10","< 10","< 10","< 10"
"22 - 23 School Year","63","Oakland Schools","63150","Troy School District","05163","Hill Elementary School","63","Oakland","LEA School","Elementary","City: Small","Oakland Region","5","All Grades","Mathematics","Not Economically Disadvantaged","36","35","24","37.90","36.80","25.30","95","56.30"
"22 - 23 School Year","63","Oakland Schools","63150","Troy School District","05163","Hill Elementary School","63","Oakland","LEA School","Elementary","City: Small","Oakland Region","5","All Grades","Mathematics","White, not of Hispanic origin","28","30","14","38.90","41.70","19.40","72","57.50"
"22 - 23 School Year","63","Oakland Schools","63150","Troy School District","05163","Hill Elementary School","63","Oakland","LEA School","Elementary","City: Small","Oakland Region","5","All Grades","Mathematics","Not Migrant","46","47","29","37.70","38.50","23.80","122","56.00"
"22 - 23 School Year","63","Oakland Schools","63150","Troy School District","05163","Hill Elementary School","63","Oakland","LEA School","Elementary","City: Small","Oakland Region","5","All Grades","Mathematics","Male","18","16","13","38.30","34.00","27.70","47","55.00"
"22 - 23 School Year","63","Oakland Schools","63150","Troy School District","05163","Hill Elementary School","63","Oakland","LEA School","Elementary","City: Small","Oakland Region","5","04","Mathematics","Not Migrant","14","21","18","26.40","39.60","34.00","53","48.30"
"22 - 23 School Year","63","Oakland Schools","63150","Troy School District","05163","Hill Elementary School","63","Oakland","LEA School","Elementary","City: Small","Oakland Region","5","04","Mathematics","Male","< 10","< 10","< 10","36.80","31.60","31.60","19","51.80"
"22 - 23 School Year","63","Oakland Schools","63150","Troy School District","05163","Hill Elementary School","63","Oakland","LEA School","Elementary","City: Small","Oakland Region","5","04","Mathematics","White, not of Hispanic origin","10","13","< 10","31.30","40.60","28.10","32","52.00"
"22 - 23 School Year","63","Oakland Schools","63150","Troy School District","05163","Hill Elementary School","63","Oakland","LEA School","Elementary","City: Small","Oakland Region","5","04","Mathematics","English Learners","< 10","< 10","< 10","< 10","< 10","< 10","< 10","< 10"
"22 - 23 School Year","63","Oakland Schools","63150","Troy School District","05163","Hill Elementary School","63","Oakland","LEA School","Elementary","City: Small","Oakland Region","5","04","Mathematics","Female","< 10","15","12","20.60","44.10","35.30","34","46.40"
"22 - 23 School Year","63","Oakland Schools","63150","Troy School District","05163","Hill Elementary School","63","Oakland","LEA School","Elementary","City: Small","Oakland Region","5","04","English Language Arts","All Students","16","28","< 10","30.20","52.80","17.00","53","54.40"
"22 - 23 School Year","63","Oakland Schools","63150","Troy School District","05163","Hill Elementary School","63","Oakland","LEA School","Elementary","City: Small","Oakland Region","5","All Grades","English Language Arts","All Students","38","59","25","31.10","48.40","20.50","122","53.50"
"22 - 23 School Year","63","Oakland Schools","63150","Troy School District","05413","Smith Middle School","63","Oakland","LEA School","Middle School","City: Small","Oakland Region","5","07","English Language Arts","Students with Disabilities","< 10","< 10","< 10","7.70","38.50","53.80","13","33.50"
"22 - 23 School Year","63","Oakland Schools","63150","Troy School District","05413","Smith Middle School","63","Oakland","LEA School","Middle School","City: Small","Oakland Region","5","08","Mathematics","Students with Disabilities","< 10","< 10","< 10","53.80","23.10","23.10","13","62.20"
"22 - 23 School Year","63","Oakland Schools","63150","Troy School District","05413","Smith Middle School","63","Oakland","LEA School","Middle School","City: Small","Oakland Region","5","07","English Language Arts","All Students","68","77","61","33.00","37.40","29.60","206","50.90"
"22 - 23 School Year","63","Oakland Schools","63150","Troy School District","05413","Smith Middle School","63","Oakland","LEA School","Middle School","City: Small","Oakland Region","5","All Grades","Mathematics","Students without Disabilities","177","216","144","33.00","40.20","26.80","537","52.30"
"22 - 23 School Year","63","Oakland Schools","63150","Troy School District","05413","Smith Middle School","63","Oakland","LEA School","Middle School","City: Small","Oakland Region","5","06","Mathematics","Students with Disabilities","< 10","< 10","< 10","15.00","45.00","40.00","20","43.20"
"22 - 23 School Year","63","Oakland Schools","63150","Troy School District","05413","Smith Middle School","63","Oakland","LEA School","Middle School","City: Small","Oakland Region","5","06","Mathematics","Not Migrant","59","75","67","29.40","37.30","33.30","201","49.40"
"22 - 23 School Year","63","Oakland Schools","63150","Troy School District","05413","Smith Middle School","63","Oakland","LEA School","Middle School","City: Small","Oakland Region","5","07","Mathematics","Not Migrant","70","81","58","33.50","38.80","27.80","209","51.80"
"22 - 23 School Year","63","Oakland Schools","63150","Troy School District","05413","Smith Middle School","63","Oakland","LEA School","Middle School","City: Small","Oakland Region","5","07","Mathematics","Male","40","42","29","36.00","37.80","26.10","111","53.50"
"22 - 23 School Year","63","Oakland Schools","63150","Troy School District","05413","Smith Middle School","63","Oakland","LEA School","Middle School","City: Small","Oakland Region","5","07","Mathematics","White, not of Hispanic origin","26","48","33","24.30","44.90","30.80","107","46.80"
"22 - 23 School Year","63","Oakland Schools","63150","Troy School District","05413","Smith Middle School","63","Oakland","LEA School","Middle School","City: Small","Oakland Region","5","08","Mathematics","Not Migrant","63","76","35","36.20","43.70","20.10","174","56.20"
"22 - 23 School Year","63","Oakland Schools","63150","Troy School District","05413","Smith Middle School","63","Oakland","LEA School","Middle School","City: Small","Oakland Region","5","08","Mathematics","Male","24","38","18","30.00","47.50","22.50","80","53.10"
"22 - 23 School Year","63","Oakland Schools","63150","Troy School District","05413","Smith Middle School","63","Oakland","LEA School","Middle School","City: Small","Oakland Region","5","08","Mathematics","White, not of Hispanic origin","28","41","21","31.10","45.60","23.30","90","53.10"
"22 - 23 School Year","63","Oakland Schools","63150","Troy School District","05413","Smith Middle School","63","Oakland","LEA School","Middle School","City: Small","Oakland Region","5","07","English Language Arts","Students without Disabilities","67","72","54","34.70","37.30","28.00","193","52.10"
"22 - 23 School Year","63","Oakland Schools","63150","Troy School District","05413","Smith Middle School","63","Oakland","LEA School","Middle School","City: Small","Oakland Region","5","06","English Language Arts","Native Hawaiian or Other Pacific Islander","< 10","< 10","< 10","< 10","< 10","< 10","< 10","< 10"
"22 - 23 School Year","63","Oakland Schools","63150","Troy School District","05413","Smith Middle School","63","Oakland","LEA School","Middle School","City: Small","Oakland Region","5","07","English Language Arts","Two or More Races","< 10","< 10","< 10","30.00","30.00","40.00","10","47.90"
"22 - 23 School Year","63","Oakland Schools","63150","Troy School District","05413","Smith Middle School","63","Oakland","LEA School","Middle School","City: Small","Oakland Region","5","06","English Language Arts","Asian","13","23","13","26.50","46.90","26.50","49","49.00"
"22 - 23 School Year","63","Oakland Schools","63150","Troy School District","05413","Smith Middle School","63","Oakland","LEA School","Middle School","City: Small","Oakland Region","5","06","English Language Arts","Two or More Races","< 10","< 10","< 10","< 10","< 10","< 10","< 10","< 10"
"22 - 23 School Year","63","Oakland Schools","63150","Troy School District","05413","Smith Middle School","63","Oakland","LEA School","Middle School","City: Small","Oakland Region","5","All Grades","English Language Arts","Asian","60","72","38","35.30","42.40","22.40","170","54.10"
"22 - 23 School Year","63","Oakland Schools","63150","Troy School District","05413","Smith Middle School","63","Oakland","LEA School","Middle School","City: Small","Oakland Region","5","All Grades","English Language Arts","Two or More Races","< 10","16","10","16.10","51.60","32.30","31","44.00"
"22 - 23 School Year","63","Oakland Schools","63150","Troy School District","05413","Smith Middle School","63","Oakland","LEA School","Middle School","City: Small","Oakland Region","5","06","English Language Arts","Not Migrant","42","68","87","21.30","34.50","44.20","197","41.20"
"22 - 23 School Year","63","Oakland Schools","63150","Troy School District","05413","Smith Middle School","63","Oakland","LEA School","Middle School","City: Small","Oakland Region","5","06","English Language Arts","Male","27","25","47","27.30","25.30","47.50","99","40.70"
"22 - 23 School Year","63","Oakland Schools","63150","Troy School District","05413","Smith Middle School","63","Oakland","LEA School","Middle School","City: Small","Oakland Region","5","06","English Language Arts","White, not of Hispanic origin","24","35","56","20.90","30.40","48.70","115","39.90"
"22 - 23 School Year","63","Oakland Schools","63150","Troy School District","05413","Smith Middle School","63","Oakland","LEA School","Middle School","City: Small","Oakland Region","5","All Grades","English Language Arts","Economically Disadvantaged","18","31","43","19.60","33.70","46.70","92","41.00"
"22 - 23 School Year","63","Oakland Schools","63150","Troy School District","05413","Smith Middle School","63","Oakland","LEA School","Middle School","City: Small","Oakland Region","5","08","Mathematics","Not Economically Disadvantaged","48","58","30","35.30","42.60","22.10","136","54.70"
"22 - 23 School Year","63","Oakland Schools","63150","Troy School District","05413","Smith Middle School","63","Oakland","LEA School","Middle School","City: Small","Oakland Region","5","07","Mathematics","Not Economically Disadvantaged","62","71","47","34.40","39.40","26.10","180","53.10"
"22 - 23 School Year","63","Oakland Schools","63150","Troy School District","05413","Smith Middle School","63","Oakland","LEA School","Middle School","City: Small","Oakland Region","5","06","Mathematics","Not Economically Disadvantaged","55","63","58","31.30","35.80","33.00","176","49.90"
"22 - 23 School Year","63","Oakland Schools","63150","Troy School District","05413","Smith Middle School","63","Oakland","LEA School","Middle School","City: Small","Oakland Region","5","All Grades","Mathematics","Not Economically Disadvantaged","165","192","135","33.50","39.00","27.40","492","52.40"
"22 - 23 School Year","63","Oakland Schools","63150","Troy School District","05413","Smith Middle School","63","Oakland","LEA School","Middle School","City: Small","Oakland Region","5","All Grades","English Language Arts","Hispanic","< 10","14","< 10","21.40","50.00","28.60","28","46.90"
"22 - 23 School Year","63","Oakland Schools","63150","Troy School District","05413","Smith Middle School","63","Oakland","LEA School","Middle School","City: Small","Oakland Region","5","08","English Language Arts","Not Economically Disadvantaged","43","66","25","32.10","49.30","18.70","134","56.30"
"22 - 23 School Year","63","Oakland Schools","63150","Troy School District","05413","Smith Middle School","63","Oakland","LEA School","Middle School","City: Small","Oakland Region","5","06","English Language Arts","Hispanic","< 10","< 10","< 10","18.20","36.40","45.50","11","37.30"
"22 - 23 School Year","63","Oakland Schools","63150","Troy School District","05413","Smith Middle School","63","Oakland","LEA School","Middle School","City: Small","Oakland Region","5","06","English Language Arts","Not English Learners","40","63","81","21.70","34.20","44.00","184","41.10"
"22 - 23 School Year","63","Oakland Schools","63150","Troy School District","05413","Smith Middle School","63","Oakland","LEA School","Middle School","City: Small","Oakland Region","5","07","English Language Arts","Not Economically Disadvantaged","63","68","46","35.60","38.40","26.00","177","52.70"
"22 - 23 School Year","63","Oakland Schools","63150","Troy School District","05413","Smith Middle School","63","Oakland","LEA School","Middle School","City: Small","Oakland Region","5","06","English Language Arts","Not Economically Disadvantaged","36","63","73","20.90","36.60","42.40","172","41.80"
"22 - 23 School Year","63","Oakland Schools","63150","Troy School District","05413","Smith Middle School","63","Oakland","LEA School","Middle School","City: Small","Oakland Region","5","All Grades","English Language Arts","Not Economically Disadvantaged","142","197","144","29.40","40.80","29.80","483","49.80"
"22 - 23 School Year","63","Oakland Schools","63150","Troy School District","05413","Smith Middle School","63","Oakland","LEA School","Middle School","City: Small","Oakland Region","5","06","English Language Arts","Economically Disadvantaged","< 10","< 10","14","24.00","20.00","56.00","25","37.20"
"22 - 23 School Year","63","Oakland Schools","63150","Troy School District","05413","Smith Middle School","63","Oakland","LEA School","Middle School","City: Small","Oakland Region","5","All Grades","English Language Arts","Not English Learners","155","213","174","28.60","39.30","32.10","542","48.60"
"22 - 23 School Year","63","Oakland Schools","63150","Troy School District","05413","Smith Middle School","63","Oakland","LEA School","Middle School","City: Small","Oakland Region","5","08","Mathematics","Asian","28","20","< 10","51.90","37.00","11.10","54","64.90"
"22 - 23 School Year","63","Oakland Schools","63150","Troy School District","05413","Smith Middle School","63","Oakland","LEA School","Middle School","City: Small","Oakland Region","5","08","Mathematics","Two or More Races","< 10","< 10","< 10","15.40","46.20","38.50","13","43.10"
"22 - 23 School Year","63","Oakland Schools","63150","Troy School District","05413","Smith Middle School","63","Oakland","LEA School","Middle School","City: Small","Oakland Region","5","07","Mathematics","Asian","34","21","13","50.00","30.90","19.10","68","62.20"
"22 - 23 School Year","63","Oakland Schools","63150","Troy School District","05413","Smith Middle School","63","Oakland","LEA School","Middle School","City: Small","Oakland Region","5","07","Mathematics","Two or More Races","< 10","< 10","< 10","20.00","40.00","40.00","10","43.30"
"22 - 23 School Year","63","Oakland Schools","63150","Troy School District","05413","Smith Middle School","63","Oakland","LEA School","Middle School","City: Small","Oakland Region","5","07","Mathematics","Students without Disabilities","65","77","53","33.30","39.50","27.20","195","51.60"
"22 - 23 School Year","63","Oakland Schools","63150","Troy School District","05413","Smith Middle School","63","Oakland","LEA School","Middle School","City: Small","Oakland Region","5","All Grades","Mathematics","Economically Disadvantaged","27","40","25","29.30","43.50","27.20","92","51.70"
"22 - 23 School Year","63","Oakland Schools","63150","Troy School District","05413","Smith Middle School","63","Oakland","LEA School","Middle School","City: Small","Oakland Region","5","All Grades","Mathematics","Hispanic","11","10","< 10","37.90","34.50","27.60","29","52.40"
"22 - 23 School Year","63","Oakland Schools","63150","Troy School District","05413","Smith Middle School","63","Oakland","LEA School","Middle School","City: Small","Oakland Region","5","All Grades","Mathematics","Not English Learners","177","219","149","32.50","40.20","27.30","545","52.00"
"22 - 23 School Year","63","Oakland Schools","63150","Troy School District","05413","Smith Middle School","63","Oakland","LEA School","Middle School","City: Small","Oakland Region","5","07","Mathematics","Students with Disabilities","< 10","< 10","< 10","35.70","28.60","35.70","14","53.70"
"22 - 23 School Year","63","Oakland Schools","63150","Troy School District","05413","Smith Middle School","63","Oakland","LEA School","Middle School","City: Small","Oakland Region","5","06","Mathematics","All Students","59","75","67","29.40","37.30","33.30","201","49.40"
"22 - 23 School Year","63","Oakland Schools","63150","Troy School District","05413","Smith Middle School","63","Oakland","LEA School","Middle School","City: Small","Oakland Region","5","06","Mathematics","Male","23","43","34","23.00","43.00","34.00","100","46.30"
"22 - 23 School Year","63","Oakland Schools","63150","Troy School District","05413","Smith Middle School","63","Oakland","LEA School","Middle School","City: Small","Oakland Region","5","All Grades","Mathematics","Not Migrant","192","232","160","32.90","39.70","27.40","584","52.30"
"22 - 23 School Year","63","Oakland Schools","63150","Troy School District","05413","Smith Middle School","63","Oakland","LEA School","Middle School","City: Small","Oakland Region","5","All Grades","Mathematics","Male","87","123","81","29.90","42.30","27.80","291","50.90"
"22 - 23 School Year","63","Oakland Schools","63150","Troy School District","05413","Smith Middle School","63","Oakland","LEA School","Middle School","City: Small","Oakland Region","5","All Grades","Mathematics","White, not of Hispanic origin","79","132","100","25.40","42.40","32.20","311","47.30"
"22 - 23 School Year","63","Oakland Schools","63150","Troy School District","05413","Smith Middle School","63","Oakland","LEA School","Middle School","City: Small","Oakland Region","5","All Grades","Mathematics","Native Hawaiian or Other Pacific Islander","< 10","< 10","< 10","< 10","< 10","< 10","< 10","< 10"
"22 - 23 School Year","63","Oakland Schools","63150","Troy School District","05413","Smith Middle School","63","Oakland","LEA School","Middle School","City: Small","Oakland Region","5","06","Mathematics","White, not of Hispanic origin","25","43","46","21.90","37.70","40.40","114","43.20"
"22 - 23 School Year","63","Oakland Schools","63150","Troy School District","05413","Smith Middle School","63","Oakland","LEA School","Middle School","City: Small","Oakland Region","5","06","Mathematics","Native Hawaiian or Other Pacific Islander","< 10","< 10","< 10","< 10","< 10","< 10","< 10","< 10"
"22 - 23 School Year","63","Oakland Schools","63150","Troy School District","05413","Smith Middle School","63","Oakland","LEA School","Middle School","City: Small","Oakland Region","5","08","English Language Arts","Black, not of Hispanic origin","< 10","< 10","< 10","25.00","41.70","33.30","12","52.30"
"22 - 23 School Year","63","Oakland Schools","63150","Troy School District","05413","Smith Middle School","63","Oakland","LEA School","Middle School","City: Small","Oakland Region","5","08","English Language Arts","Female","28","46","19","30.10","49.50","20.40","93","54.00"
"22 - 23 School Year","63","Oakland Schools","63150","Troy School District","05413","Smith Middle School","63","Oakland","LEA School","Middle School","City: Small","Oakland Region","5","08","English Language Arts","English Learners","< 10","< 10","< 10","9.10","54.50","36.40","11","41.30"
"22 - 23 School Year","63","Oakland Schools","63150","Troy School District","05413","Smith Middle School","63","Oakland","LEA School","Middle School","City: Small","Oakland Region","5","07","English Language Arts","Economically Disadvantaged","< 10","< 10","15","17.20","31.00","51.70","29","40.00"
"22 - 23 School Year","63","Oakland Schools","63150","Troy School District","05413","Smith Middle School","63","Oakland","LEA School","Middle School","City: Small","Oakland Region","5","08","Mathematics","All Students","63","76","35","36.20","43.70","20.10","174","56.20"
"22 - 23 School Year","63","Oakland Schools","63150","Troy School District","05413","Smith Middle School","63","Oakland","LEA School","Middle School","City: Small","Oakland Region","5","07","English Language Arts","Hispanic","< 10","< 10","< 10","16.70","58.30","25.00","12","49.10"
"22 - 23 School Year","63","Oakland Schools","63150","Troy School District","05413","Smith Middle School","63","Oakland","LEA School","Middle School","City: Small","Oakland Region","5","07","English Language Arts","Not English Learners","66","73","58","33.50","37.10","29.40","197","50.90"
"22 - 23 School Year","63","Oakland Schools","63150","Troy School District","05413","Smith Middle School","63","Oakland","LEA School","Middle School","City: Small","Oakland Region","5","All Grades","English Language Arts","All Students","160","228","187","27.80","39.70","32.50","575","48.40"
"22 - 23 School Year","63","Oakland Schools","63150","Troy School District","05413","Smith Middle School","63","Oakland","LEA School","Middle School","City: Small","Oakland Region","5","06","English Language Arts","All Students","42","68","87","21.30","34.50","44.20","197","41.20"
"22 - 23 School Year","63","Oakland Schools","63150","Troy School District","05413","Smith Middle School","63","Oakland","LEA School","Middle School","City: Small","Oakland Region","5","07","Mathematics","All Students","70","81","58","33.50","38.80","27.80","209","51.80"
"22 - 23 School Year","63","Oakland Schools","63150","Troy School District","05413","Smith Middle School","63","Oakland","LEA School","Middle School","City: Small","Oakland Region","5","08","English Language Arts","Students without Disabilities","49","76","35","30.60","47.50","21.90","160","53.80"
"22 - 23 School Year","63","Oakland Schools","63150","Troy School District","05413","Smith Middle School","63","Oakland","LEA School","Middle School","City: Small","Oakland Region","5","08","Mathematics","Students without Disabilities","56","73","32","34.80","45.30","19.90","161","55.70"
"22 - 23 School Year","63","Oakland Schools","63150","Troy School District","05413","Smith Middle School","63","Oakland","LEA School","Middle School","City: Small","Oakland Region","5","07","Mathematics","Not English Learners","66","79","54","33.20","39.70","27.10","199","51.70"
"22 - 23 School Year","63","Oakland Schools","63150","Troy School District","05413","Smith Middle School","63","Oakland","LEA School","Middle School","City: Small","Oakland Region","5","06","Mathematics","Students without Disabilities","56","66","59","30.90","36.50","32.60","181","50.10"
"22 - 23 School Year","63","Oakland Schools","63150","Troy School District","05413","Smith Middle School","63","Oakland","LEA School","Middle School","City: Small","Oakland Region","5","All Grades","English Language Arts","Students without Disabilities","156","209","165","29.40","39.40","31.10","530","49.30"
"22 - 23 School Year","63","Oakland Schools","63150","Troy School District","05413","Smith Middle School","63","Oakland","LEA School","Middle School","City: Small","Oakland Region","5","07","Mathematics","American Indian or Alaska Native","< 10","< 10","< 10","< 10","< 10","< 10","< 10","< 10"
"22 - 23 School Year","63","Oakland Schools","63150","Troy School District","05413","Smith Middle School","63","Oakland","LEA School","Middle School","City: Small","Oakland Region","5","07","Mathematics","Black, not of Hispanic origin","< 10","< 10","< 10","45.50","18.20","36.40","11","52.70"
"22 - 23 School Year","63","Oakland Schools","63150","Troy School District","05413","Smith Middle School","63","Oakland","LEA School","Middle School","City: Small","Oakland Region","5","06","Mathematics","Black, not of Hispanic origin","< 10","< 10","< 10","16.70","58.30","25.00","12","49.20"
"22 - 23 School Year","63","Oakland Schools","63150","Troy School District","05413","Smith Middle School","63","Oakland","LEA School","Middle School","City: Small","Oakland Region","5","06","Mathematics","Female","36","32","33","35.60","31.70","32.70","101","52.40"
"22 - 23 School Year","63","Oakland Schools","63150","Troy School District","05413","Smith Middle School","63","Oakland","LEA School","Middle School","City: Small","Oakland Region","5","06","Mathematics","English Learners","< 10","< 10","< 10","35.30","35.30","29.40","17","54.90"
"22 - 23 School Year","63","Oakland Schools","63150","Troy School District","05413","Smith Middle School","63","Oakland","LEA School","Middle School","City: Small","Oakland Region","5","All Grades","Mathematics","Female","105","109","79","35.80","37.20","27.00","293","53.60"
"22 - 23 School Year","63","Oakland Schools","63150","Troy School District","05413","Smith Middle School","63","Oakland","LEA School","Middle School","City: Small","Oakland Region","5","All Grades","Mathematics","English Learners","15","13","11","38.50","33.30","28.20","39","56.30"
"22 - 23 School Year","63","Oakland Schools","63150","Troy School District","05413","Smith Middle School","63","Oakland","LEA School","Middle School","City: Small","Oakland Region","5","All Grades","Mathematics","Black, not of Hispanic origin","11","16","< 10","31.40","45.70","22.90","35","54.20"
"22 - 23 School Year","63","Oakland Schools","63150","Troy School District","05413","Smith Middle School","63","Oakland","LEA School","Middle School","City: Small","Oakland Region","5","All Grades","Mathematics","American Indian or Alaska Native","< 10","< 10","< 10","< 10","< 10","< 10","< 10","< 10"
"22 - 23 School Year","63","Oakland Schools","63150","Troy School District","05413","Smith Middle School","63","Oakland","LEA School","Middle School","City: Small","Oakland Region","5","08","Mathematics","Economically Disadvantaged","15","18","< 10","39.50","47.40","13.20","38","61.70"
"22 - 23 School Year","63","Oakland Schools","63150","Troy School District","05413","Smith Middle School","63","Oakland","LEA School","Middle School","City: Small","Oakland Region","5","08","Mathematics","Hispanic","< 10","< 10","< 10","< 10","< 10","< 10","< 10","< 10"
"22 - 23 School Year","63","Oakland Schools","63150","Troy School District","05413","Smith Middle School","63","Oakland","LEA School","Middle School","City: Small","Oakland Region","5","08","Mathematics","Not English Learners","58","71","33","35.80","43.80","20.40","162","55.80"
"22 - 23 School Year","63","Oakland Schools","63150","Troy School District","05413","Smith Middle School","63","Oakland","LEA School","Middle School","City: Small","Oakland Region","5","08","English Language Arts","Hispanic","< 10","< 10","< 10","< 10","< 10","< 10","< 10","< 10"
"22 - 23 School Year","63","Oakland Schools","63150","Troy School District","05413","Smith Middle School","63","Oakland","LEA School","Middle School","City: Small","Oakland Region","5","08","English Language Arts","Economically Disadvantaged","< 10","17","14","18.40","44.70","36.80","38","44.30"
"22 - 23 School Year","63","Oakland Schools","63150","Troy School District","05413","Smith Middle School","63","Oakland","LEA School","Middle School","City: Small","Oakland Region","5","07","English Language Arts","Black, not of Hispanic origin","< 10","< 10","< 10","40.00","40.00","20.00","10","57.10"
"22 - 23 School Year","63","Oakland Schools","63150","Troy School District","05413","Smith Middle School","63","Oakland","LEA School","Middle School","City: Small","Oakland Region","5","07","English Language Arts","American Indian or Alaska Native","< 10","< 10","< 10","< 10","< 10","< 10","< 10","< 10"
"22 - 23 School Year","63","Oakland Schools","63150","Troy School District","05413","Smith Middle School","63","Oakland","LEA School","Middle School","City: Small","Oakland Region","5","07","English Language Arts","English Learners","< 10","< 10","< 10","< 10","< 10","< 10","< 10","< 10"
"22 - 23 School Year","63","Oakland Schools","63150","Troy School District","05413","Smith Middle School","63","Oakland","LEA School","Middle School","City: Small","Oakland Region","5","07","English Language Arts","Female","29","37","32","29.60","37.80","32.70","98","48.50"
"22 - 23 School Year","63","Oakland Schools","63150","Troy School District","05413","Smith Middle School","63","Oakland","LEA School","Middle School","City: Small","Oakland Region","5","06","English Language Arts","English Learners","< 10","< 10","< 10","15.40","38.50","46.20","13","42.60"
"22 - 23 School Year","63","Oakland Schools","63150","Troy School District","05413","Smith Middle School","63","Oakland","LEA School","Middle School","City: Small","Oakland Region","5","06","English Language Arts","Female","15","43","40","15.30","43.90","40.80","98","41.70"
"22 - 23 School Year","63","Oakland Schools","63150","Troy School District","05413","Smith Middle School","63","Oakland","LEA School","Middle School","City: Small","Oakland Region","5","06","English Language Arts","Black, not of Hispanic origin","< 10","< 10","< 10","16.70","16.70","66.70","12","33.90"
"22 - 23 School Year","63","Oakland Schools","63150","Troy School District","05413","Smith Middle School","63","Oakland","LEA School","Middle School","City: Small","Oakland Region","5","06","Mathematics","Asian","24","18","11","45.30","34.00","20.80","53","61.20"
"22 - 23 School Year","63","Oakland Schools","63150","Troy School District","05413","Smith Middle School","63","Oakland","LEA School","Middle School","City: Small","Oakland Region","5","All Grades","Mathematics","Two or More Races","< 10","13","13","16.10","41.90","41.90","31","42.20"
"22 - 23 School Year","63","Oakland Schools","63150","Troy School District","05413","Smith Middle School","63","Oakland","LEA School","Middle School","City: Small","Oakland Region","5","All Grades","Mathematics","Asian","86","59","30","49.10","33.70","17.10","175","62.70"
"22 - 23 School Year","63","Oakland Schools","63150","Troy School District","05413","Smith Middle School","63","Oakland","LEA School","Middle School","City: Small","Oakland Region","5","All Grades","Mathematics","Students with Disabilities","15","16","16","31.90","34.00","34.00","47","51.60"
"22 - 23 School Year","63","Oakland Schools","63150","Troy School District","05413","Smith Middle School","63","Oakland","LEA School","Middle School","City: Small","Oakland Region","5","06","English Language Arts","Students without Disabilities","40","61","76","22.60","34.50","42.90","177","42.30"
"22 - 23 School Year","63","Oakland Schools","63150","Troy School District","05413","Smith Middle School","63","Oakland","LEA School","Middle School","City: Small","Oakland Region","5","07","English Language Arts","Asian","25","28","14","37.30","41.80","20.90","67","55.10"
"22 - 23 School Year","63","Oakland Schools","63150","Troy School District","05413","Smith Middle School","63","Oakland","LEA School","Middle School","City: Small","Oakland Region","5","08","English Language Arts","Asian","22","21","11","40.70","38.90","20.40","54","57.40"
"22 - 23 School Year","63","Oakland Schools","63150","Troy School District","05413","Smith Middle School","63","Oakland","LEA School","Middle School","City: Small","Oakland Region","5","08","English Language Arts","Two or More Races","< 10","< 10","< 10","15.40","69.20","15.40","13","50.80"
"22 - 23 School Year","63","Oakland Schools","63150","Troy School District","05413","Smith Middle School","63","Oakland","LEA School","Middle School","City: Small","Oakland Region","5","08","English Language Arts","Not English Learners","49","77","35","30.40","47.80","21.70","161","54.40"
"22 - 23 School Year","63","Oakland Schools","63150","Troy School District","05413","Smith Middle School","63","Oakland","LEA School","Middle School","City: Small","Oakland Region","5","All Grades","English Language Arts","Students with Disabilities","< 10","19","22","8.90","42.20","48.90","45","37.30"
"22 - 23 School Year","63","Oakland Schools","63150","Troy School District","05413","Smith Middle School","63","Oakland","LEA School","Middle School","City: Small","Oakland Region","5","06","English Language Arts","Students with Disabilities","< 10","< 10","11","10.00","35.00","55.00","20","31.40"
"22 - 23 School Year","63","Oakland Schools","63150","Troy School District","05413","Smith Middle School","63","Oakland","LEA School","Middle School","City: Small","Oakland Region","5","All Grades","English Language Arts","English Learners","< 10","15","13","15.20","45.50","39.40","33","44.30"
"22 - 23 School Year","63","Oakland Schools","63150","Troy School District","05413","Smith Middle School","63","Oakland","LEA School","Middle School","City: Small","Oakland Region","5","All Grades","English Language Arts","Female","72","126","91","24.90","43.60","31.50","289","48.00"
"22 - 23 School Year","63","Oakland Schools","63150","Troy School District","05413","Smith Middle School","63","Oakland","LEA School","Middle School","City: Small","Oakland Region","5","All Grades","English Language Arts","Black, not of Hispanic origin","< 10","11","14","26.50","32.40","41.20","34","47.20"
"22 - 23 School Year","63","Oakland Schools","63150","Troy School District","05413","Smith Middle School","63","Oakland","LEA School","Middle School","City: Small","Oakland Region","5","All Grades","English Language Arts","American Indian or Alaska Native","< 10","< 10","< 10","< 10","< 10","< 10","< 10","< 10"
"22 - 23 School Year","63","Oakland Schools","63150","Troy School District","05413","Smith Middle School","63","Oakland","LEA School","Middle School","City: Small","Oakland Region","5","08","English Language Arts","All Students","50","83","39","29.10","48.30","22.70","172","53.60"
"22 - 23 School Year","63","Oakland Schools","63150","Troy School District","05413","Smith Middle School","63","Oakland","LEA School","Middle School","City: Small","Oakland Region","5","07","Mathematics","Economically Disadvantaged","< 10","10","11","27.60","34.50","37.90","29","43.70"
"22 - 23 School Year","63","Oakland Schools","63150","Troy School District","05413","Smith Middle School","63","Oakland","LEA School","Middle School","City: Small","Oakland Region","5","07","Mathematics","Hispanic","< 10","< 10","< 10","25.00","50.00","25.00","12","47.40"
"22 - 23 School Year","63","Oakland Schools","63150","Troy School District","05413","Smith Middle School","63","Oakland","LEA School","Middle School","City: Small","Oakland Region","5","06","Mathematics","Economically Disadvantaged","< 10","12","< 10","16.00","48.00","36.00","25","45.50"
"22 - 23 School Year","63","Oakland Schools","63150","Troy School District","05413","Smith Middle School","63","Oakland","LEA School","Middle School","City: Small","Oakland Region","5","06","Mathematics","Hispanic","< 10","< 10","< 10","58.30","16.70","25.00","12","62.10"
"22 - 23 School Year","63","Oakland Schools","63150","Troy School District","05413","Smith Middle School","63","Oakland","LEA School","Middle School","City: Small","Oakland Region","5","06","Mathematics","Not English Learners","53","69","62","28.80","37.50","33.70","184","48.90"
"22 - 23 School Year","63","Oakland Schools","63150","Troy School District","05413","Smith Middle School","63","Oakland","LEA School","Middle School","City: Small","Oakland Region","5","06","Mathematics","Two or More Races","< 10","< 10","< 10","< 10","< 10","< 10","< 10","< 10"
"22 - 23 School Year","63","Oakland Schools","63150","Troy School District","05413","Smith Middle School","63","Oakland","LEA School","Middle School","City: Small","Oakland Region","5","08","Mathematics","Black, not of Hispanic origin","< 10","< 10","< 10","33.30","58.30","8.30","12","60.70"
"22 - 23 School Year","63","Oakland Schools","63150","Troy School District","05413","Smith Middle School","63","Oakland","LEA School","Middle School","City: Small","Oakland Region","5","08","Mathematics","Female","39","38","17","41.50","40.40","18.10","94","58.90"
"22 - 23 School Year","63","Oakland Schools","63150","Troy School District","05413","Smith Middle School","63","Oakland","LEA School","Middle School","City: Small","Oakland Region","5","08","Mathematics","English Learners","< 10","< 10","< 10","41.70","41.70","16.70","12","61.80"
"22 - 23 School Year","63","Oakland Schools","63150","Troy School District","05413","Smith Middle School","63","Oakland","LEA School","Middle School","City: Small","Oakland Region","5","07","Mathematics","Female","30","39","29","30.60","39.80","29.60","98","49.80"
"22 - 23 School Year","63","Oakland Schools","63150","Troy School District","05413","Smith Middle School","63","Oakland","LEA School","Middle School","City: Small","Oakland Region","5","07","Mathematics","English Learners","< 10","< 10","< 10","40.00","20.00","40.00","10","52.30"
"22 - 23 School Year","63","Oakland Schools","63150","Troy School District","05413","Smith Middle School","63","Oakland","LEA School","Middle School","City: Small","Oakland Region","5","All Grades","Mathematics","All Students","192","232","160","32.90","39.70","27.40","584","52.30"
"22 - 23 School Year","63","Oakland Schools","63150","Troy School District","05413","Smith Middle School","63","Oakland","LEA School","Middle School","City: Small","Oakland Region","5","08","English Language Arts","Students with Disabilities","< 10","< 10","< 10","8.30","58.30","33.30","12","51.30"
"22 - 23 School Year","63","Oakland Schools","63150","Troy School District","05413","Smith Middle School","63","Oakland","LEA School","Middle School","City: Small","Oakland Region","5","08","English Language Arts","Not Migrant","50","83","39","29.10","48.30","22.70","172","53.60"
"22 - 23 School Year","63","Oakland Schools","63150","Troy School District","05413","Smith Middle School","63","Oakland","LEA School","Middle School","City: Small","Oakland Region","5","08","English Language Arts","Male","22","37","20","27.80","46.80","25.30","79","53.10"
"22 - 23 School Year","63","Oakland Schools","63150","Troy School District","05413","Smith Middle School","63","Oakland","LEA School","Middle School","City: Small","Oakland Region","5","08","English Language Arts","White, not of Hispanic origin","21","45","22","23.90","51.10","25.00","88","51.30"
"22 - 23 School Year","63","Oakland Schools","63150","Troy School District","05413","Smith Middle School","63","Oakland","LEA School","Middle School","City: Small","Oakland Region","5","07","English Language Arts","Not Migrant","68","77","61","33.00","37.40","29.60","206","50.90"
"22 - 23 School Year","63","Oakland Schools","63150","Troy School District","05413","Smith Middle School","63","Oakland","LEA School","Middle School","City: Small","Oakland Region","5","07","English Language Arts","Male","39","40","29","36.10","37.00","26.90","108","53.10"
"22 - 23 School Year","63","Oakland Schools","63150","Troy School District","05413","Smith Middle School","63","Oakland","LEA School","Middle School","City: Small","Oakland Region","5","07","English Language Arts","White, not of Hispanic origin","34","35","37","32.10","33.00","34.90","106","48.60"
"22 - 23 School Year","63","Oakland Schools","63150","Troy School District","05413","Smith Middle School","63","Oakland","LEA School","Middle School","City: Small","Oakland Region","5","All Grades","English Language Arts","Not Migrant","160","228","187","27.80","39.70","32.50","575","48.40"
"22 - 23 School Year","63","Oakland Schools","63150","Troy School District","05413","Smith Middle School","63","Oakland","LEA School","Middle School","City: Small","Oakland Region","5","All Grades","English Language Arts","Native Hawaiian or Other Pacific Islander","< 10","< 10","< 10","< 10","< 10","< 10","< 10","< 10"
"22 - 23 School Year","63","Oakland Schools","63150","Troy School District","05413","Smith Middle School","63","Oakland","LEA School","Middle School","City: Small","Oakland Region","5","All Grades","English Language Arts","White, not of Hispanic origin","79","115","115","25.60","37.20","37.20","309","46.10"
"22 - 23 School Year","63","Oakland Schools","63150","Troy School District","05413","Smith Middle School","63","Oakland","LEA School","Middle School","City: Small","Oakland Region","5","All Grades","English Language Arts","Male","88","102","96","30.80","35.70","33.60","286","48.80"
"22 - 23 School Year","63","Oakland Schools","63150","Troy School District","05537","Wattles Elementary School","63","Oakland","LEA School","Elementary","City: Small","Oakland Region","5","04","English Language Arts","Two or More Races","< 10","< 10","< 10","< 10","< 10","< 10","< 10","< 10"
"22 - 23 School Year","63","Oakland Schools","63150","Troy School District","05537","Wattles Elementary School","63","Oakland","LEA School","Elementary","City: Small","Oakland Region","5","04","English Language Arts","Asian","17","< 10","< 10","54.80","29.00","16.10","31","65.70"
"22 - 23 School Year","63","Oakland Schools","63150","Troy School District","05537","Wattles Elementary School","63","Oakland","LEA School","Elementary","City: Small","Oakland Region","5","All Grades","English Language Arts","Asian","30","17","13","50.00","28.30","21.70","60","60.80"
"22 - 23 School Year","63","Oakland Schools","63150","Troy School District","05537","Wattles Elementary School","63","Oakland","LEA School","Elementary","City: Small","Oakland Region","5","All Grades","English Language Arts","Black, not of Hispanic origin","< 10","< 10","< 10","< 10","< 10","< 10","< 10","< 10"
"22 - 23 School Year","63","Oakland Schools","63150","Troy School District","05537","Wattles Elementary School","63","Oakland","LEA School","Elementary","City: Small","Oakland Region","5","All Grades","English Language Arts","Female","26","18","12","46.40","32.10","21.40","56","61.40"
"22 - 23 School Year","63","Oakland Schools","63150","Troy School District","05537","Wattles Elementary School","63","Oakland","LEA School","Elementary","City: Small","Oakland Region","5","All Grades","English Language Arts","English Learners","< 10","< 10","< 10","50.00","22.20","27.80","18","56.90"
"22 - 23 School Year","63","Oakland Schools","63150","Troy School District","05537","Wattles Elementary School","63","Oakland","LEA School","Elementary","City: Small","Oakland Region","5","04","Mathematics","English Learners","< 10","< 10","< 10","60.00","26.70","13.30","15","69.50"
"22 - 23 School Year","63","Oakland Schools","63150","Troy School District","05537","Wattles Elementary School","63","Oakland","LEA School","Elementary","City: Small","Oakland Region","5","05","Mathematics","Asian","< 10","12","12","17.20","41.40","41.40","29","46.60"
"22 - 23 School Year","63","Oakland Schools","63150","Troy School District","05537","Wattles Elementary School","63","Oakland","LEA School","Elementary","City: Small","Oakland Region","5","05","Mathematics","Two or More Races","< 10","< 10","< 10","< 10","< 10","< 10","< 10","< 10"
"22 - 23 School Year","63","Oakland Schools","63150","Troy School District","05537","Wattles Elementary School","63","Oakland","LEA School","Elementary","City: Small","Oakland Region","5","04","Mathematics","Female","12","10","< 10","44.40","37.00","18.50","27","62.00"
"22 - 23 School Year","63","Oakland Schools","63150","Troy School District","05537","Wattles Elementary School","63","Oakland","LEA School","Elementary","City: Small","Oakland Region","5","04","English Language Arts","Black, not of Hispanic origin","< 10","< 10","< 10","< 10","< 10","< 10","< 10","< 10"
"22 - 23 School Year","63","Oakland Schools","63150","Troy School District","05537","Wattles Elementary School","63","Oakland","LEA School","Elementary","City: Small","Oakland Region","5","04","Mathematics","Black, not of Hispanic origin","< 10","< 10","< 10","< 10","< 10","< 10","< 10","< 10"
"22 - 23 School Year","63","Oakland Schools","63150","Troy School District","05537","Wattles Elementary School","63","Oakland","LEA School","Elementary","City: Small","Oakland Region","5","04","English Language Arts","Female","18","< 10","< 10","66.70","22.20","11.10","27","74.30"
"22 - 23 School Year","63","Oakland Schools","63150","Troy School District","05537","Wattles Elementary School","63","Oakland","LEA School","Elementary","City: Small","Oakland Region","5","04","English Language Arts","English Learners","< 10","< 10","< 10","60.00","13.30","26.70","15","61.80"
"22 - 23 School Year","63","Oakland Schools","63150","Troy School District","05537","Wattles Elementary School","63","Oakland","LEA School","Elementary","City: Small","Oakland Region","5","05","English Language Arts","Black, not of Hispanic origin","< 10","< 10","< 10","< 10","< 10","< 10","< 10","< 10"
"22 - 23 School Year","63","Oakland Schools","63150","Troy School District","05537","Wattles Elementary School","63","Oakland","LEA School","Elementary","City: Small","Oakland Region","5","05","English Language Arts","Female","< 10","12","< 10","27.60","41.40","31.00","29","49.30"
"22 - 23 School Year","63","Oakland Schools","63150","Troy School District","05537","Wattles Elementary School","63","Oakland","LEA School","Elementary","City: Small","Oakland Region","5","05","English Language Arts","English Learners","< 10","< 10","< 10","< 10","< 10","< 10","< 10","< 10"
"22 - 23 School Year","63","Oakland Schools","63150","Troy School District","05537","Wattles Elementary School","63","Oakland","LEA School","Elementary","City: Small","Oakland Region","5","04","Mathematics","Not Economically Disadvantaged","24","14","< 10","51.10","29.80","19.10","47","65.80"
"22 - 23 School Year","63","Oakland Schools","63150","Troy School District","05537","Wattles Elementary School","63","Oakland","LEA School","Elementary","City: Small","Oakland Region","5","All Grades","Mathematics","Not Economically Disadvantaged","34","33","29","35.40","34.40","30.20","96","55.10"
"22 - 23 School Year","63","Oakland Schools","63150","Troy School District","05537","Wattles Elementary School","63","Oakland","LEA School","Elementary","City: Small","Oakland Region","5","All Grades","English Language Arts","Not Economically Disadvantaged","42","28","26","43.80","29.20","27.10","96","56.00"
"22 - 23 School Year","63","Oakland Schools","63150","Troy School District","05537","Wattles Elementary School","63","Oakland","LEA School","Elementary","City: Small","Oakland Region","5","04","English Language Arts","Not Economically Disadvantaged","29","13","< 10","61.70","27.70","10.60","47","71.10"
"22 - 23 School Year","63","Oakland Schools","63150","Troy School District","05537","Wattles Elementary School","63","Oakland","LEA School","Elementary","City: Small","Oakland Region","5","05","English Language Arts","Not Economically Disadvantaged","13","15","21","26.50","30.60","42.90","49","41.40"
"22 - 23 School Year","63","Oakland Schools","63150","Troy School District","05537","Wattles Elementary School","63","Oakland","LEA School","Elementary","City: Small","Oakland Region","5","All Grades","Mathematics","Black, not of Hispanic origin","< 10","< 10","< 10","< 10","< 10","< 10","< 10","< 10"
"22 - 23 School Year","63","Oakland Schools","63150","Troy School District","05537","Wattles Elementary School","63","Oakland","LEA School","Elementary","City: Small","Oakland Region","5","04","Mathematics","Students with Disabilities","< 10","< 10","< 10","< 10","< 10","< 10","< 10","< 10"
"22 - 23 School Year","63","Oakland Schools","63150","Troy School District","05537","Wattles Elementary School","63","Oakland","LEA School","Elementary","City: Small","Oakland Region","5","05","Mathematics","Students with Disabilities","< 10","< 10","< 10","< 10","< 10","< 10","< 10","< 10"
"22 - 23 School Year","63","Oakland Schools","63150","Troy School District","05537","Wattles Elementary School","63","Oakland","LEA School","Elementary","City: Small","Oakland Region","5","All Grades","Mathematics","Female","17","23","16","30.40","41.10","28.60","56","52.70"
"22 - 23 School Year","63","Oakland Schools","63150","Troy School District","05537","Wattles Elementary School","63","Oakland","LEA School","Elementary","City: Small","Oakland Region","5","All Grades","Mathematics","English Learners","10","< 10","< 10","52.60","26.30","21.10","19","62.70"
"22 - 23 School Year","63","Oakland Schools","63150","Troy School District","05537","Wattles Elementary School","63","Oakland","LEA School","Elementary","City: Small","Oakland Region","5","All Grades","Mathematics","Students with Disabilities","< 10","< 10","< 10","< 10","< 10","< 10","< 10","< 10"
"22 - 23 School Year","63","Oakland Schools","63150","Troy School District","05537","Wattles Elementary School","63","Oakland","LEA School","Elementary","City: Small","Oakland Region","5","04","Mathematics","Students without Disabilities","31","18","< 10","54.40","31.60","14.00","57","68.30"
"22 - 23 School Year","63","Oakland Schools","63150","Troy School District","05537","Wattles Elementary School","63","Oakland","LEA School","Elementary","City: Small","Oakland Region","5","05","Mathematics","Students without Disabilities","12","25","27","18.80","39.10","42.20","64","44.10"
"22 - 23 School Year","63","Oakland Schools","63150","Troy School District","05537","Wattles Elementary School","63","Oakland","LEA School","Elementary","City: Small","Oakland Region","5","All Grades","Mathematics","Students without Disabilities","43","43","35","35.50","35.50","28.90","121","55.50"
"22 - 23 School Year","63","Oakland Schools","63150","Troy School District","05537","Wattles Elementary School","63","Oakland","LEA School","Elementary","City: Small","Oakland Region","5","05","Mathematics","Not English Learners","11","25","27","17.50","39.70","42.90","63","43.60"
"22 - 23 School Year","63","Oakland Schools","63150","Troy School District","05537","Wattles Elementary School","63","Oakland","LEA School","Elementary","City: Small","Oakland Region","5","04","Mathematics","Two or More Races","< 10","< 10","< 10","< 10","< 10","< 10","< 10","< 10"
"22 - 23 School Year","63","Oakland Schools","63150","Troy School District","05537","Wattles Elementary School","63","Oakland","LEA School","Elementary","City: Small","Oakland Region","5","04","Mathematics","Asian","15","< 10","< 10","48.40","29.00","22.60","31","63.60"
"22 - 23 School Year","63","Oakland Schools","63150","Troy School District","05537","Wattles Elementary School","63","Oakland","LEA School","Elementary","City: Small","Oakland Region","5","05","Mathematics","Not Migrant","12","26","29","17.90","38.80","43.30","67","43.20"
"22 - 23 School Year","63","Oakland Schools","63150","Troy School District","05537","Wattles Elementary School","63","Oakland","LEA School","Elementary","City: Small","Oakland Region","5","05","Mathematics","Male","< 10","13","18","18.40","34.20","47.40","38","42.60"
"22 - 23 School Year","63","Oakland Schools","63150","Troy School District","05537","Wattles Elementary School","63","Oakland","LEA School","Elementary","City: Small","Oakland Region","5","All Grades","Mathematics","Asian","20","21","19","33.30","35.00","31.70","60","55.40"
"22 - 23 School Year","63","Oakland Schools","63150","Troy School District","05537","Wattles Elementary School","63","Oakland","LEA School","Elementary","City: Small","Oakland Region","5","All Grades","Mathematics","Two or More Races","< 10","< 10","< 10","< 10","< 10","< 10","< 10","< 10"
"22 - 23 School Year","63","Oakland Schools","63150","Troy School District","05537","Wattles Elementary School","63","Oakland","LEA School","Elementary","City: Small","Oakland Region","5","All Grades","English Language Arts","Male","31","19","21","43.70","26.80","29.60","71","54.90"
"22 - 23 School Year","63","Oakland Schools","63150","Troy School District","05537","Wattles Elementary School","63","Oakland","LEA School","Elementary","City: Small","Oakland Region","5","All Grades","English Language Arts","Economically Disadvantaged","15","< 10","< 10","48.40","29.00","22.60","31","63.30"
"22 - 23 School Year","63","Oakland Schools","63150","Troy School District","05537","Wattles Elementary School","63","Oakland","LEA School","Elementary","City: Small","Oakland Region","5","All Grades","English Language Arts","Hispanic","< 10","< 10","< 10","< 10","< 10","< 10","< 10","< 10"
"22 - 23 School Year","63","Oakland Schools","63150","Troy School District","05537","Wattles Elementary School","63","Oakland","LEA School","Elementary","City: Small","Oakland Region","5","All Grades","English Language Arts","Not English Learners","48","33","28","44.00","30.30","25.70","109","57.90"
"22 - 23 School Year","63","Oakland Schools","63150","Troy School District","05537","Wattles Elementary School","63","Oakland","LEA School","Elementary","City: Small","Oakland Region","5","04","English Language Arts","Economically Disadvantaged","< 10","< 10","< 10","57.10","14.30","28.60","14","66.10"
"22 - 23 School Year","63","Oakland Schools","63150","Troy School District","05537","Wattles Elementary School","63","Oakland","LEA School","Elementary","City: Small","Oakland Region","5","04","English Language Arts","Hispanic","< 10","< 10","< 10","< 10","< 10","< 10","< 10","< 10"
"22 - 23 School Year","63","Oakland Schools","63150","Troy School District","05537","Wattles Elementary School","63","Oakland","LEA School","Elementary","City: Small","Oakland Region","5","04","English Language Arts","All Students","37","15","< 10","60.70","24.60","14.80","61","70.00"
"22 - 23 School Year","63","Oakland Schools","63150","Troy School District","05537","Wattles Elementary School","63","Oakland","LEA School","Elementary","City: Small","Oakland Region","5","05","English Language Arts","All Students","20","22","24","30.30","33.30","36.40","66","46.40"
"22 - 23 School Year","63","Oakland Schools","63150","Troy School District","05537","Wattles Elementary School","63","Oakland","LEA School","Elementary","City: Small","Oakland Region","5","04","Mathematics","Economically Disadvantaged","< 10","< 10","< 10","57.10","35.70","7.10","14","69.30"
"22 - 23 School Year","63","Oakland Schools","63150","Troy School District","05537","Wattles Elementary School","63","Oakland","LEA School","Elementary","City: Small","Oakland Region","5","All Grades","English Language Arts","Students with Disabilities","< 10","< 10","< 10","< 10","< 10","< 10","< 10","< 10"
"22 - 23 School Year","63","Oakland Schools","63150","Troy School District","05537","Wattles Elementary School","63","Oakland","LEA School","Elementary","City: Small","Oakland Region","5","04","Mathematics","Hispanic","< 10","< 10","< 10","< 10","< 10","< 10","< 10","< 10"
"22 - 23 School Year","63","Oakland Schools","63150","Troy School District","05537","Wattles Elementary School","63","Oakland","LEA School","Elementary","City: Small","Oakland Region","5","04","Mathematics","Not English Learners","23","15","< 10","50.00","32.60","17.40","46","65.60"
"22 - 23 School Year","63","Oakland Schools","63150","Troy School District","05537","Wattles Elementary School","63","Oakland","LEA School","Elementary","City: Small","Oakland Region","5","05","Mathematics","Economically Disadvantaged","< 10","< 10","< 10","11.10","38.90","50.00","18","38.50"
"22 - 23 School Year","63","Oakland Schools","63150","Troy School District","05537","Wattles Elementary School","63","Oakland","LEA School","Elementary","City: Small","Oakland Region","5","All Grades","English Language Arts","Students without Disabilities","57","35","28","47.50","29.20","23.30","120","60.00"
"22 - 23 School Year","63","Oakland Schools","63150","Troy School District","05537","Wattles Elementary School","63","Oakland","LEA School","Elementary","City: Small","Oakland Region","5","05","Mathematics","Hispanic","< 10","< 10","< 10","< 10","< 10","< 10","< 10","< 10"
"22 - 23 School Year","63","Oakland Schools","63150","Troy School District","05537","Wattles Elementary School","63","Oakland","LEA School","Elementary","City: Small","Oakland Region","5","All Grades","Mathematics","All Students","44","45","39","34.40","35.20","30.50","128","54.30"
"22 - 23 School Year","63","Oakland Schools","63150","Troy School District","05537","Wattles Elementary School","63","Oakland","LEA School","Elementary","City: Small","Oakland Region","5","05","Mathematics","All Students","12","26","29","17.90","38.80","43.30","67","43.20"
"22 - 23 School Year","63","Oakland Schools","63150","Troy School District","05537","Wattles Elementary School","63","Oakland","LEA School","Elementary","City: Small","Oakland Region","5","04","Mathematics","All Students","32","19","10","52.50","31.10","16.40","61","66.60"
"22 - 23 School Year","63","Oakland Schools","63150","Troy School District","05537","Wattles Elementary School","63","Oakland","LEA School","Elementary","City: Small","Oakland Region","5","All Grades","Mathematics","Economically Disadvantaged","10","12","10","31.30","37.50","31.30","32","52.00"
"22 - 23 School Year","63","Oakland Schools","63150","Troy School District","05537","Wattles Elementary School","63","Oakland","LEA School","Elementary","City: Small","Oakland Region","5","All Grades","Mathematics","Hispanic","< 10","< 10","< 10","< 10","< 10","< 10","< 10","< 10"
"22 - 23 School Year","63","Oakland Schools","63150","Troy School District","05537","Wattles Elementary School","63","Oakland","LEA School","Elementary","City: Small","Oakland Region","5","All Grades","Mathematics","Not English Learners","34","40","35","31.20","36.70","32.10","109","52.90"
"22 - 23 School Year","63","Oakland Schools","63150","Troy School District","05537","Wattles Elementary School","63","Oakland","LEA School","Elementary","City: Small","Oakland Region","5","05","Mathematics","Not Economically Disadvantaged","10","19","20","20.40","38.80","40.80","49","44.90"
"22 - 23 School Year","63","Oakland Schools","63150","Troy School District","05537","Wattles Elementary School","63","Oakland","LEA School","Elementary","City: Small","Oakland Region","5","All Grades","Mathematics","Not Migrant","44","45","39","34.40","35.20","30.50","128","54.30"
"22 - 23 School Year","63","Oakland Schools","63150","Troy School District","05537","Wattles Elementary School","63","Oakland","LEA School","Elementary","City: Small","Oakland Region","5","All Grades","Mathematics","Male","27","22","23","37.50","30.60","31.90","72","55.60"
"22 - 23 School Year","63","Oakland Schools","63150","Troy School District","05537","Wattles Elementary School","63","Oakland","LEA School","Elementary","City: Small","Oakland Region","5","All Grades","Mathematics","White, not of Hispanic origin","19","16","15","38.00","32.00","30.00","50","54.40"
"22 - 23 School Year","63","Oakland Schools","63150","Troy School District","05537","Wattles Elementary School","63","Oakland","LEA School","Elementary","City: Small","Oakland Region","5","04","Mathematics","Not Migrant","32","19","10","52.50","31.10","16.40","61","66.60"
"22 - 23 School Year","63","Oakland Schools","63150","Troy School District","05537","Wattles Elementary School","63","Oakland","LEA School","Elementary","City: Small","Oakland Region","5","04","Mathematics","Male","20","< 10","< 10","58.80","26.50","14.70","34","70.20"
"22 - 23 School Year","63","Oakland Schools","63150","Troy School District","05537","Wattles Elementary School","63","Oakland","LEA School","Elementary","City: Small","Oakland Region","5","04","Mathematics","White, not of Hispanic origin","12","< 10","< 10","54.50","31.80","13.60","22","67.40"
"22 - 23 School Year","63","Oakland Schools","63150","Troy School District","05537","Wattles Elementary School","63","Oakland","LEA School","Elementary","City: Small","Oakland Region","5","05","Mathematics","White, not of Hispanic origin","< 10","< 10","12","25.00","32.10","42.90","28","44.20"
"22 - 23 School Year","63","Oakland Schools","63150","Troy School District","05537","Wattles Elementary School","63","Oakland","LEA School","Elementary","City: Small","Oakland Region","5","05","English Language Arts","Economically Disadvantaged","< 10","< 10","< 10","41.20","41.20","17.60","17","60.90"
"22 - 23 School Year","63","Oakland Schools","63150","Troy School District","05537","Wattles Elementary School","63","Oakland","LEA School","Elementary","City: Small","Oakland Region","5","05","English Language Arts","Hispanic","< 10","< 10","< 10","< 10","< 10","< 10","< 10","< 10"
"22 - 23 School Year","63","Oakland Schools","63150","Troy School District","05537","Wattles Elementary School","63","Oakland","LEA School","Elementary","City: Small","Oakland Region","5","05","English Language Arts","Not English Learners","20","20","23","31.70","31.70","36.50","63","47.10"
"22 - 23 School Year","63","Oakland Schools","63150","Troy School District","05537","Wattles Elementary School","63","Oakland","LEA School","Elementary","City: Small","Oakland Region","5","05","English Language Arts","Not Migrant","20","22","24","30.30","33.30","36.40","66","46.40"
"22 - 23 School Year","63","Oakland Schools","63150","Troy School District","05537","Wattles Elementary School","63","Oakland","LEA School","Elementary","City: Small","Oakland Region","5","05","English Language Arts","Male","12","10","15","32.40","27.00","40.50","37","44.20"
"22 - 23 School Year","63","Oakland Schools","63150","Troy School District","05537","Wattles Elementary School","63","Oakland","LEA School","Elementary","City: Small","Oakland Region","5","05","English Language Arts","White, not of Hispanic origin","< 10","10","11","25.00","35.70","39.30","28","43.10"
"22 - 23 School Year","63","Oakland Schools","63150","Troy School District","05537","Wattles Elementary School","63","Oakland","LEA School","Elementary","City: Small","Oakland Region","5","04","English Language Arts","Not Migrant","37","15","< 10","60.70","24.60","14.80","61","70.00"
"22 - 23 School Year","63","Oakland Schools","63150","Troy School District","05537","Wattles Elementary School","63","Oakland","LEA School","Elementary","City: Small","Oakland Region","5","04","English Language Arts","Male","19","< 10","< 10","55.90","26.50","17.60","34","66.50"
"22 - 23 School Year","63","Oakland Schools","63150","Troy School District","05537","Wattles Elementary School","63","Oakland","LEA School","Elementary","City: Small","Oakland Region","5","04","English Language Arts","White, not of Hispanic origin","14","< 10","< 10","63.60","18.20","18.20","22","72.70"
"22 - 23 School Year","63","Oakland Schools","63150","Troy School District","05537","Wattles Elementary School","63","Oakland","LEA School","Elementary","City: Small","Oakland Region","5","All Grades","English Language Arts","Not Migrant","57","37","33","44.90","29.10","26.00","127","57.70"
"22 - 23 School Year","63","Oakland Schools","63150","Troy School District","05537","Wattles Elementary School","63","Oakland","LEA School","Elementary","City: Small","Oakland Region","5","04","English Language Arts","Not English Learners","28","13","< 10","60.90","28.30","10.90","46","72.60"
"22 - 23 School Year","63","Oakland Schools","63150","Troy School District","05537","Wattles Elementary School","63","Oakland","LEA School","Elementary","City: Small","Oakland Region","5","All Grades","English Language Arts","Two or More Races","< 10","< 10","< 10","< 10","< 10","< 10","< 10","< 10"
"22 - 23 School Year","63","Oakland Schools","63150","Troy School District","05537","Wattles Elementary School","63","Oakland","LEA School","Elementary","City: Small","Oakland Region","5","All Grades","English Language Arts","All Students","57","37","33","44.90","29.10","26.00","127","57.70"
"22 - 23 School Year","63","Oakland Schools","63150","Troy School District","05537","Wattles Elementary School","63","Oakland","LEA School","Elementary","City: Small","Oakland Region","5","04","English Language Arts","Students with Disabilities","< 10","< 10","< 10","< 10","< 10","< 10","< 10","< 10"
"22 - 23 School Year","63","Oakland Schools","63150","Troy School District","05537","Wattles Elementary School","63","Oakland","LEA School","Elementary","City: Small","Oakland Region","5","05","English Language Arts","Students without Disabilities","20","21","22","31.70","33.30","34.90","63","48.00"
"22 - 23 School Year","63","Oakland Schools","63150","Troy School District","05537","Wattles Elementary School","63","Oakland","LEA School","Elementary","City: Small","Oakland Region","5","04","English Language Arts","Students without Disabilities","37","14","< 10","64.90","24.60","10.50","57","73.10"
"22 - 23 School Year","63","Oakland Schools","63150","Troy School District","05537","Wattles Elementary School","63","Oakland","LEA School","Elementary","City: Small","Oakland Region","5","05","English Language Arts","Students with Disabilities","< 10","< 10","< 10","< 10","< 10","< 10","< 10","< 10"
"22 - 23 School Year","63","Oakland Schools","63150","Troy School District","05537","Wattles Elementary School","63","Oakland","LEA School","Elementary","City: Small","Oakland Region","5","05","Mathematics","English Learners","< 10","< 10","< 10","< 10","< 10","< 10","< 10","< 10"
"22 - 23 School Year","63","Oakland Schools","63150","Troy School District","05537","Wattles Elementary School","63","Oakland","LEA School","Elementary","City: Small","Oakland Region","5","05","Mathematics","Female","< 10","13","11","17.20","44.80","37.90","29","44.00"
"22 - 23 School Year","63","Oakland Schools","63150","Troy School District","05537","Wattles Elementary School","63","Oakland","LEA School","Elementary","City: Small","Oakland Region","5","05","Mathematics","Black, not of Hispanic origin","< 10","< 10","< 10","< 10","< 10","< 10","< 10","< 10"
"22 - 23 School Year","63","Oakland Schools","63150","Troy School District","05537","Wattles Elementary School","63","Oakland","LEA School","Elementary","City: Small","Oakland Region","5","All Grades","English Language Arts","White, not of Hispanic origin","21","14","15","42.00","28.00","30.00","50","56.10"
"22 - 23 School Year","63","Oakland Schools","63150","Troy School District","05537","Wattles Elementary School","63","Oakland","LEA School","Elementary","City: Small","Oakland Region","5","05","English Language Arts","Asian","13","< 10","< 10","44.80","27.60","27.60","29","55.50"
"22 - 23 School Year","63","Oakland Schools","63150","Troy School District","05537","Wattles Elementary School","63","Oakland","LEA School","Elementary","City: Small","Oakland Region","5","05","English Language Arts","Two or More Races","< 10","< 10","< 10","< 10","< 10","< 10","< 10","< 10"
"22 - 23 School Year","63","Oakland Schools","63150","Troy School District","06124","Schroeder Elementary School","63","Oakland","LEA School","Elementary","City: Small","Oakland Region","5","05","English Language Arts","Students with Disabilities","< 10","< 10","< 10","< 10","< 10","< 10","< 10","< 10"
"22 - 23 School Year","63","Oakland Schools","63150","Troy School District","06124","Schroeder Elementary School","63","Oakland","LEA School","Elementary","City: Small","Oakland Region","5","All Grades","Mathematics","Students without Disabilities","55","62","23","39.30","44.30","16.40","140","59.60"
"22 - 23 School Year","63","Oakland Schools","63150","Troy School District","06124","Schroeder Elementary School","63","Oakland","LEA School","Elementary","City: Small","Oakland Region","5","04","Mathematics","Students without Disabilities","18","36","18","25.00","50.00","25.00","72","48.80"
"22 - 23 School Year","63","Oakland Schools","63150","Troy School District","06124","Schroeder Elementary School","63","Oakland","LEA School","Elementary","City: Small","Oakland Region","5","04","English Language Arts","Economically Disadvantaged","< 10","< 10","< 10","< 10","< 10","< 10","< 10","< 10"
"22 - 23 School Year","63","Oakland Schools","63150","Troy School District","06124","Schroeder Elementary School","63","Oakland","LEA School","Elementary","City: Small","Oakland Region","5","All Grades","English Language Arts","Two or More Races","< 10","< 10","< 10","< 10","< 10","< 10","< 10","< 10"
"22 - 23 School Year","63","Oakland Schools","63150","Troy School District","06124","Schroeder Elementary School","63","Oakland","LEA School","Elementary","City: Small","Oakland Region","5","All Grades","English Language Arts","Asian","31","34","10","41.30","45.30","13.30","75","64.30"
"22 - 23 School Year","63","Oakland Schools","63150","Troy School District","06124","Schroeder Elementary School","63","Oakland","LEA School","Elementary","City: Small","Oakland Region","5","04","English Language Arts","Two or More Races","< 10","< 10","< 10","< 10","< 10","< 10","< 10","< 10"
"22 - 23 School Year","63","Oakland Schools","63150","Troy School District","06124","Schroeder Elementary School","63","Oakland","LEA School","Elementary","City: Small","Oakland Region","5","04","English Language Arts","Asian","15","19","< 10","35.70","45.20","19.00","42","57.80"
"22 - 23 School Year","63","Oakland Schools","63150","Troy School District","06124","Schroeder Elementary School","63","Oakland","LEA School","Elementary","City: Small","Oakland Region","5","05","English Language Arts","Two or More Races","< 10","< 10","< 10","< 10","< 10","< 10","< 10","< 10"
"22 - 23 School Year","63","Oakland Schools","63150","Troy School District","06124","Schroeder Elementary School","63","Oakland","LEA School","Elementary","City: Small","Oakland Region","5","05","English Language Arts","Asian","16","15","< 10","48.50","45.50","6.10","33","72.50"
"22 - 23 School Year","63","Oakland Schools","63150","Troy School District","06124","Schroeder Elementary School","63","Oakland","LEA School","Elementary","City: Small","Oakland Region","5","05","Mathematics","Two or More Races","< 10","< 10","< 10","< 10","< 10","< 10","< 10","< 10"
"22 - 23 School Year","63","Oakland Schools","63150","Troy School District","06124","Schroeder Elementary School","63","Oakland","LEA School","Elementary","City: Small","Oakland Region","5","04","Mathematics","Two or More Races","< 10","< 10","< 10","< 10","< 10","< 10","< 10","< 10"
"22 - 23 School Year","63","Oakland Schools","63150","Troy School District","06124","Schroeder Elementary School","63","Oakland","LEA School","Elementary","City: Small","Oakland Region","5","04","Mathematics","Asian","12","19","11","28.60","45.20","26.20","42","50.40"
"22 - 23 School Year","63","Oakland Schools","63150","Troy School District","06124","Schroeder Elementary School","63","Oakland","LEA School","Elementary","City: Small","Oakland Region","5","All Grades","Mathematics","Two or More Races","< 10","< 10","< 10","< 10","< 10","< 10","< 10","< 10"
"22 - 23 School Year","63","Oakland Schools","63150","Troy School District","06124","Schroeder Elementary School","63","Oakland","LEA School","Elementary","City: Small","Oakland Region","5","All Grades","Mathematics","Asian","31","34","12","40.30","44.20","15.60","77","61.30"
"22 - 23 School Year","63","Oakland Schools","63150","Troy School District","06124","Schroeder Elementary School","63","Oakland","LEA School","Elementary","City: Small","Oakland Region","5","05","Mathematics","Students without Disabilities","37","26","< 10","54.40","38.20","7.40","68","71.10"
"22 - 23 School Year","63","Oakland Schools","63150","Troy School District","06124","Schroeder Elementary School","63","Oakland","LEA School","Elementary","City: Small","Oakland Region","5","05","Mathematics","Black, not of Hispanic origin","< 10","< 10","< 10","< 10","< 10","< 10","< 10","< 10"
"22 - 23 School Year","63","Oakland Schools","63150","Troy School District","06124","Schroeder Elementary School","63","Oakland","LEA School","Elementary","City: Small","Oakland Region","5","05","Mathematics","Female","17","13","< 10","53.10","40.60","6.30","32","71.90"
"22 - 23 School Year","63","Oakland Schools","63150","Troy School District","06124","Schroeder Elementary School","63","Oakland","LEA School","Elementary","City: Small","Oakland Region","5","04","Mathematics","Black, not of Hispanic origin","< 10","< 10","< 10","< 10","< 10","< 10","< 10","< 10"
"22 - 23 School Year","63","Oakland Schools","63150","Troy School District","06124","Schroeder Elementary School","63","Oakland","LEA School","Elementary","City: Small","Oakland Region","5","04","Mathematics","Female","10","17","13","25.00","42.50","32.50","40","47.10"
"22 - 23 School Year","63","Oakland Schools","63150","Troy School District","06124","Schroeder Elementary School","63","Oakland","LEA School","Elementary","City: Small","Oakland Region","5","04","Mathematics","English Learners","< 10","< 10","< 10","28.60","50.00","21.40","14","50.30"
"22 - 23 School Year","63","Oakland Schools","63150","Troy School District","06124","Schroeder Elementary School","63","Oakland","LEA School","Elementary","City: Small","Oakland Region","5","All Grades","Mathematics","Economically Disadvantaged","< 10","< 10","< 10","< 10","< 10","< 10","< 10","< 10"
"22 - 23 School Year","63","Oakland Schools","63150","Troy School District","06124","Schroeder Elementary School","63","Oakland","LEA School","Elementary","City: Small","Oakland Region","5","All Grades","Mathematics","Hispanic","< 10","< 10","< 10","< 10","< 10","< 10","< 10","< 10"
"22 - 23 School Year","63","Oakland Schools","63150","Troy School District","06124","Schroeder Elementary School","63","Oakland","LEA School","Elementary","City: Small","Oakland Region","5","All Grades","Mathematics","Not English Learners","51","53","23","40.20","41.70","18.10","127","59.40"
"22 - 23 School Year","63","Oakland Schools","63150","Troy School District","06124","Schroeder Elementary School","63","Oakland","LEA School","Elementary","City: Small","Oakland Region","5","05","Mathematics","English Learners","< 10","< 10","< 10","< 10","< 10","< 10","< 10","< 10"
"22 - 23 School Year","63","Oakland Schools","63150","Troy School District","06124","Schroeder Elementary School","63","Oakland","LEA School","Elementary","City: Small","Oakland Region","5","04","English Language Arts","All Students","25","31","21","32.50","40.30","27.30","77","53.30"
"22 - 23 School Year","63","Oakland Schools","63150","Troy School District","06124","Schroeder Elementary School","63","Oakland","LEA School","Elementary","City: Small","Oakland Region","5","All Grades","English Language Arts","Not Migrant","61","60","25","41.80","41.10","17.10","146","61.70"
"22 - 23 School Year","63","Oakland Schools","63150","Troy School District","06124","Schroeder Elementary School","63","Oakland","LEA School","Elementary","City: Small","Oakland Region","5","All Grades","English Language Arts","All Students","61","60","25","41.80","41.10","17.10","146","61.70"
"22 - 23 School Year","63","Oakland Schools","63150","Troy School District","06124","Schroeder Elementary School","63","Oakland","LEA School","Elementary","City: Small","Oakland Region","5","05","English Language Arts","All Students","36","29","< 10","52.20","42.00","5.80","69","71.20"
"22 - 23 School Year","63","Oakland Schools","63150","Troy School District","06124","Schroeder Elementary School","63","Oakland","LEA School","Elementary","City: Small","Oakland Region","5","04","English Language Arts","White, not of Hispanic origin","< 10","11","10","22.20","40.70","37.00","27","45.60"
"22 - 23 School Year","63","Oakland Schools","63150","Troy School District","06124","Schroeder Elementary School","63","Oakland","LEA School","Elementary","City: Small","Oakland Region","5","04","English Language Arts","Male","13","15","< 10","35.10","40.50","24.30","37","58.10"
"22 - 23 School Year","63","Oakland Schools","63150","Troy School District","06124","Schroeder Elementary School","63","Oakland","LEA School","Elementary","City: Small","Oakland Region","5","04","English Language Arts","Not Migrant","25","31","21","32.50","40.30","27.30","77","53.30"
"22 - 23 School Year","63","Oakland Schools","63150","Troy School District","06124","Schroeder Elementary School","63","Oakland","LEA School","Elementary","City: Small","Oakland Region","5","05","English Language Arts","White, not of Hispanic origin","16","13","< 10","51.60","41.90","6.50","31","68.40"
"22 - 23 School Year","63","Oakland Schools","63150","Troy School District","06124","Schroeder Elementary School","63","Oakland","LEA School","Elementary","City: Small","Oakland Region","5","05","Mathematics","Asian","19","15","< 10","54.30","42.90","< 5","35","74.40"
"22 - 23 School Year","63","Oakland Schools","63150","Troy School District","06124","Schroeder Elementary School","63","Oakland","LEA School","Elementary","City: Small","Oakland Region","5","05","Mathematics","Economically Disadvantaged","< 10","< 10","< 10","< 10","< 10","< 10","< 10","< 10"
"22 - 23 School Year","63","Oakland Schools","63150","Troy School District","06124","Schroeder Elementary School","63","Oakland","LEA School","Elementary","City: Small","Oakland Region","5","05","Mathematics","Hispanic","< 10","< 10","< 10","< 10","< 10","< 10","< 10","< 10"
"22 - 23 School Year","63","Oakland Schools","63150","Troy School District","06124","Schroeder Elementary School","63","Oakland","LEA School","Elementary","City: Small","Oakland Region","5","05","Mathematics","Not English Learners","36","24","< 10","57.10","38.10","< 5","63","73.00"
"22 - 23 School Year","63","Oakland Schools","63150","Troy School District","06124","Schroeder Elementary School","63","Oakland","LEA School","Elementary","City: Small","Oakland Region","5","05","Mathematics","Not Migrant","40","27","< 10","55.60","37.50","6.90","72","71.80"
"22 - 23 School Year","63","Oakland Schools","63150","Troy School District","06124","Schroeder Elementary School","63","Oakland","LEA School","Elementary","City: Small","Oakland Region","5","05","Mathematics","Male","23","14","< 10","57.50","35.00","7.50","40","71.60"
"22 - 23 School Year","63","Oakland Schools","63150","Troy School District","06124","Schroeder Elementary School","63","Oakland","LEA School","Elementary","City: Small","Oakland Region","5","05","Mathematics","White, not of Hispanic origin","19","10","< 10","61.30","32.30","6.50","31","71.60"
"22 - 23 School Year","63","Oakland Schools","63150","Troy School District","06124","Schroeder Elementary School","63","Oakland","LEA School","Elementary","City: Small","Oakland Region","5","04","Mathematics","Economically Disadvantaged","< 10","< 10","< 10","< 10","< 10","< 10","< 10","< 10"
"22 - 23 School Year","63","Oakland Schools","63150","Troy School District","06124","Schroeder Elementary School","63","Oakland","LEA School","Elementary","City: Small","Oakland Region","5","04","Mathematics","Hispanic","< 10","< 10","< 10","< 10","< 10","< 10","< 10","< 10"
"22 - 23 School Year","63","Oakland Schools","63150","Troy School District","06124","Schroeder Elementary School","63","Oakland","LEA School","Elementary","City: Small","Oakland Region","5","All Grades","Mathematics","Black, not of Hispanic origin","< 10","< 10","< 10","< 10","< 10","< 10","< 10","< 10"
"22 - 23 School Year","63","Oakland Schools","63150","Troy School District","06124","Schroeder Elementary School","63","Oakland","LEA School","Elementary","City: Small","Oakland Region","5","All Grades","Mathematics","Female","27","30","15","37.50","41.70","20.80","72","58.10"
"22 - 23 School Year","63","Oakland Schools","63150","Troy School District","06124","Schroeder Elementary School","63","Oakland","LEA School","Elementary","City: Small","Oakland Region","5","All Grades","Mathematics","English Learners","< 10","10","< 10","34.80","43.50","21.70","23","55.30"
"22 - 23 School Year","63","Oakland Schools","63150","Troy School District","06124","Schroeder Elementary School","63","Oakland","LEA School","Elementary","City: Small","Oakland Region","5","04","Mathematics","Not English Learners","15","29","20","23.40","45.30","31.30","64","46.10"
"22 - 23 School Year","63","Oakland Schools","63150","Troy School District","06124","Schroeder Elementary School","63","Oakland","LEA School","Elementary","City: Small","Oakland Region","5","All Grades","Mathematics","Not Migrant","59","63","28","39.30","42.00","18.70","150","58.80"
"22 - 23 School Year","63","Oakland Schools","63150","Troy School District","06124","Schroeder Elementary School","63","Oakland","LEA School","Elementary","City: Small","Oakland Region","5","All Grades","Mathematics","Male","32","33","13","41.00","42.30","16.70","78","59.40"
"22 - 23 School Year","63","Oakland Schools","63150","Troy School District","06124","Schroeder Elementary School","63","Oakland","LEA School","Elementary","City: Small","Oakland Region","5","All Grades","Mathematics","White, not of Hispanic origin","23","26","< 10","39.70","44.80","15.50","58","58.20"
"22 - 23 School Year","63","Oakland Schools","63150","Troy School District","06124","Schroeder Elementary School","63","Oakland","LEA School","Elementary","City: Small","Oakland Region","5","04","Mathematics","Not Migrant","19","36","23","24.40","46.20","29.50","78","46.80"
"22 - 23 School Year","63","Oakland Schools","63150","Troy School District","06124","Schroeder Elementary School","63","Oakland","LEA School","Elementary","City: Small","Oakland Region","5","04","Mathematics","Male","< 10","19","10","23.70","50.00","26.30","38","46.60"
"22 - 23 School Year","63","Oakland Schools","63150","Troy School District","06124","Schroeder Elementary School","63","Oakland","LEA School","Elementary","City: Small","Oakland Region","5","04","Mathematics","White, not of Hispanic origin","< 10","16","< 10","14.80","59.30","25.90","27","42.80"
"22 - 23 School Year","63","Oakland Schools","63150","Troy School District","06124","Schroeder Elementary School","63","Oakland","LEA School","Elementary","City: Small","Oakland Region","5","05","Mathematics","Not Economically Disadvantaged","39","25","< 10","56.50","36.20","7.20","69","71.80"
"22 - 23 School Year","63","Oakland Schools","63150","Troy School District","06124","Schroeder Elementary School","63","Oakland","LEA School","Elementary","City: Small","Oakland Region","5","04","Mathematics","Not Economically Disadvantaged","18","33","21","25.00","45.80","29.20","72","47.50"
"22 - 23 School Year","63","Oakland Schools","63150","Troy School District","06124","Schroeder Elementary School","63","Oakland","LEA School","Elementary","City: Small","Oakland Region","5","All Grades","Mathematics","Not Economically Disadvantaged","57","58","26","40.40","41.10","18.40","141","59.40"
"22 - 23 School Year","63","Oakland Schools","63150","Troy School District","06124","Schroeder Elementary School","63","Oakland","LEA School","Elementary","City: Small","Oakland Region","5","All Grades","English Language Arts","Black, not of Hispanic origin","< 10","< 10","< 10","< 10","< 10","< 10","< 10","< 10"
"22 - 23 School Year","63","Oakland Schools","63150","Troy School District","06124","Schroeder Elementary School","63","Oakland","LEA School","Elementary","City: Small","Oakland Region","5","All Grades","English Language Arts","Female","29","29","13","40.80","40.80","18.30","71","59.30"
"22 - 23 School Year","63","Oakland Schools","63150","Troy School District","06124","Schroeder Elementary School","63","Oakland","LEA School","Elementary","City: Small","Oakland Region","5","All Grades","English Language Arts","English Learners","< 10","10","< 10","15.80","52.60","31.60","19","49.10"
"22 - 23 School Year","63","Oakland Schools","63150","Troy School District","06124","Schroeder Elementary School","63","Oakland","LEA School","Elementary","City: Small","Oakland Region","5","05","English Language Arts","Not English Learners","35","25","< 10","55.60","39.70","< 5","63","73.30"
"22 - 23 School Year","63","Oakland Schools","63150","Troy School District","06124","Schroeder Elementary School","63","Oakland","LEA School","Elementary","City: Small","Oakland Region","5","05","English Language Arts","Hispanic","< 10","< 10","< 10","< 10","< 10","< 10","< 10","< 10"
"22 - 23 School Year","63","Oakland Schools","63150","Troy School District","06124","Schroeder Elementary School","63","Oakland","LEA School","Elementary","City: Small","Oakland Region","5","05","English Language Arts","Economically Disadvantaged","< 10","< 10","< 10","< 10","< 10","< 10","< 10","< 10"
"22 - 23 School Year","63","Oakland Schools","63150","Troy School District","06124","Schroeder Elementary School","63","Oakland","LEA School","Elementary","City: Small","Oakland Region","5","05","English Language Arts","Male","19","16","< 10","50.00","42.10","7.90","38","69.80"
"22 - 23 School Year","63","Oakland Schools","63150","Troy School District","06124","Schroeder Elementary School","63","Oakland","LEA School","Elementary","City: Small","Oakland Region","5","05","English Language Arts","Not Migrant","36","29","< 10","52.20","42.00","5.80","69","71.20"
"22 - 23 School Year","63","Oakland Schools","63150","Troy School District","06124","Schroeder Elementary School","63","Oakland","LEA School","Elementary","City: Small","Oakland Region","5","04","English Language Arts","Not English Learners","23","25","16","35.90","39.10","25.00","64","54.10"
"22 - 23 School Year","63","Oakland Schools","63150","Troy School District","06124","Schroeder Elementary School","63","Oakland","LEA School","Elementary","City: Small","Oakland Region","5","04","English Language Arts","Hispanic","< 10","< 10","< 10","< 10","< 10","< 10","< 10","< 10"
"22 - 23 School Year","63","Oakland Schools","63150","Troy School District","06124","Schroeder Elementary School","63","Oakland","LEA School","Elementary","City: Small","Oakland Region","5","05","English Language Arts","Not Economically Disadvantaged","35","27","< 10","53.00","40.90","6.10","66","71.30"
"22 - 23 School Year","63","Oakland Schools","63150","Troy School District","06124","Schroeder Elementary School","63","Oakland","LEA School","Elementary","City: Small","Oakland Region","5","04","English Language Arts","Not Economically Disadvantaged","25","26","20","35.20","36.60","28.20","71","54.30"
"22 - 23 School Year","63","Oakland Schools","63150","Troy School District","06124","Schroeder Elementary School","63","Oakland","LEA School","Elementary","City: Small","Oakland Region","5","All Grades","English Language Arts","Not Economically Disadvantaged","60","53","24","43.80","38.70","17.50","137","62.50"
"22 - 23 School Year","63","Oakland Schools","63150","Troy School District","06124","Schroeder Elementary School","63","Oakland","LEA School","Elementary","City: Small","Oakland Region","5","All Grades","English Language Arts","Students with Disabilities","< 10","< 10","< 10","20.00","60.00","20.00","10","51.00"
"22 - 23 School Year","63","Oakland Schools","63150","Troy School District","06124","Schroeder Elementary School","63","Oakland","LEA School","Elementary","City: Small","Oakland Region","5","04","English Language Arts","Students with Disabilities","< 10","< 10","< 10","< 10","< 10","< 10","< 10","< 10"
"22 - 23 School Year","63","Oakland Schools","63150","Troy School District","06124","Schroeder Elementary School","63","Oakland","LEA School","Elementary","City: Small","Oakland Region","5","All Grades","English Language Arts","Students without Disabilities","59","54","23","43.40","39.70","16.90","136","62.50"
"22 - 23 School Year","63","Oakland Schools","63150","Troy School District","06124","Schroeder Elementary School","63","Oakland","LEA School","Elementary","City: Small","Oakland Region","5","04","English Language Arts","Students without Disabilities","25","27","19","35.20","38.00","26.80","71","54.50"
"22 - 23 School Year","63","Oakland Schools","63150","Troy School District","06124","Schroeder Elementary School","63","Oakland","LEA School","Elementary","City: Small","Oakland Region","5","05","English Language Arts","Students without Disabilities","34","27","< 10","52.30","41.50","6.20","65","71.30"
"22 - 23 School Year","63","Oakland Schools","63150","Troy School District","06124","Schroeder Elementary School","63","Oakland","LEA School","Elementary","City: Small","Oakland Region","5","05","Mathematics","Students with Disabilities","< 10","< 10","< 10","< 10","< 10","< 10","< 10","< 10"
"22 - 23 School Year","63","Oakland Schools","63150","Troy School District","06124","Schroeder Elementary School","63","Oakland","LEA School","Elementary","City: Small","Oakland Region","5","04","Mathematics","Students with Disabilities","< 10","< 10","< 10","< 10","< 10","< 10","< 10","< 10"
"22 - 23 School Year","63","Oakland Schools","63150","Troy School District","06124","Schroeder Elementary School","63","Oakland","LEA School","Elementary","City: Small","Oakland Region","5","All Grades","Mathematics","Students with Disabilities","< 10","< 10","< 10","40.00","10.00","50.00","10","47.20"
"22 - 23 School Year","63","Oakland Schools","63150","Troy School District","06124","Schroeder Elementary School","63","Oakland","LEA School","Elementary","City: Small","Oakland Region","5","04","English Language Arts","Black, not of Hispanic origin","< 10","< 10","< 10","< 10","< 10","< 10","< 10","< 10"
"22 - 23 School Year","63","Oakland Schools","63150","Troy School District","06124","Schroeder Elementary School","63","Oakland","LEA School","Elementary","City: Small","Oakland Region","5","05","English Language Arts","English Learners","< 10","< 10","< 10","< 10","< 10","< 10","< 10","< 10"
"22 - 23 School Year","63","Oakland Schools","63150","Troy School District","06124","Schroeder Elementary School","63","Oakland","LEA School","Elementary","City: Small","Oakland Region","5","05","English Language Arts","Female","17","13","< 10","54.80","41.90","< 5","31","72.90"
"22 - 23 School Year","63","Oakland Schools","63150","Troy School District","06124","Schroeder Elementary School","63","Oakland","LEA School","Elementary","City: Small","Oakland Region","5","05","English Language Arts","Black, not of Hispanic origin","< 10","< 10","< 10","< 10","< 10","< 10","< 10","< 10"
"22 - 23 School Year","63","Oakland Schools","63150","Troy School District","06124","Schroeder Elementary School","63","Oakland","LEA School","Elementary","City: Small","Oakland Region","5","04","English Language Arts","English Learners","< 10","< 10","< 10","15.40","46.20","38.50","13","49.20"
"22 - 23 School Year","63","Oakland Schools","63150","Troy School District","06124","Schroeder Elementary School","63","Oakland","LEA School","Elementary","City: Small","Oakland Region","5","04","English Language Arts","Female","12","16","12","30.00","40.00","30.00","40","48.80"
"22 - 23 School Year","63","Oakland Schools","63150","Troy School District","06124","Schroeder Elementary School","63","Oakland","LEA School","Elementary","City: Small","Oakland Region","5","04","Mathematics","All Students","19","36","23","24.40","46.20","29.50","78","46.80"
"22 - 23 School Year","63","Oakland Schools","63150","Troy School District","06124","Schroeder Elementary School","63","Oakland","LEA School","Elementary","City: Small","Oakland Region","5","All Grades","Mathematics","All Students","59","63","28","39.30","42.00","18.70","150","58.80"
"22 - 23 School Year","63","Oakland Schools","63150","Troy School District","06124","Schroeder Elementary School","63","Oakland","LEA School","Elementary","City: Small","Oakland Region","5","05","Mathematics","All Students","40","27","< 10","55.60","37.50","6.90","72","71.80"
"22 - 23 School Year","63","Oakland Schools","63150","Troy School District","06124","Schroeder Elementary School","63","Oakland","LEA School","Elementary","City: Small","Oakland Region","5","All Grades","English Language Arts","Male","32","31","12","42.70","41.30","16.00","75","64.10"
"22 - 23 School Year","63","Oakland Schools","63150","Troy School District","06124","Schroeder Elementary School","63","Oakland","LEA School","Elementary","City: Small","Oakland Region","5","All Grades","English Language Arts","White, not of Hispanic origin","22","24","12","37.90","41.40","20.70","58","57.80"
"22 - 23 School Year","63","Oakland Schools","63150","Troy School District","06124","Schroeder Elementary School","63","Oakland","LEA School","Elementary","City: Small","Oakland Region","5","All Grades","English Language Arts","Not English Learners","58","50","19","45.70","39.40","15.00","127","63.60"
"22 - 23 School Year","63","Oakland Schools","63150","Troy School District","06124","Schroeder Elementary School","63","Oakland","LEA School","Elementary","City: Small","Oakland Region","5","All Grades","English Language Arts","Hispanic","< 10","< 10","< 10","< 10","< 10","< 10","< 10","< 10"
"22 - 23 School Year","63","Oakland Schools","63150","Troy School District","06124","Schroeder Elementary School","63","Oakland","LEA School","Elementary","City: Small","Oakland Region","5","All Grades","English Language Arts","Economically Disadvantaged","< 10","< 10","< 10","< 10","< 10","< 10","< 10","< 10"
"22 - 23 School Year","63","Oakland Schools","63150","Troy School District","06364","Costello Elementary School","63","Oakland","LEA School","Elementary","City: Small","Oakland Region","5","04","English Language Arts","Students with Disabilities","< 10","< 10","< 10","< 10","< 10","< 10","< 10","< 10"
"22 - 23 School Year","63","Oakland Schools","63150","Troy School District","06364","Costello Elementary School","63","Oakland","LEA School","Elementary","City: Small","Oakland Region","5","All Grades","English Language Arts","Students with Disabilities","< 10","< 10","< 10","< 5","45.50","54.50","11","29.00"
"22 - 23 School Year","63","Oakland Schools","63150","Troy School District","06364","Costello Elementary School","63","Oakland","LEA School","Elementary","City: Small","Oakland Region","5","05","English Language Arts","Students without Disabilities","28","38","19","32.90","44.70","22.40","85","55.20"
"22 - 23 School Year","63","Oakland Schools","63150","Troy School District","06364","Costello Elementary School","63","Oakland","LEA School","Elementary","City: Small","Oakland Region","5","04","English Language Arts","Students without Disabilities","32","18","11","52.50","29.50","18.00","61","64.60"
"22 - 23 School Year","63","Oakland Schools","63150","Troy School District","06364","Costello Elementary School","63","Oakland","LEA School","Elementary","City: Small","Oakland Region","5","05","Mathematics","Students without Disabilities","32","28","27","36.80","32.20","31.00","87","52.80"
"22 - 23 School Year","63","Oakland Schools","63150","Troy School District","06364","Costello Elementary School","63","Oakland","LEA School","Elementary","City: Small","Oakland Region","5","04","Mathematics","Students with Disabilities","< 10","< 10","< 10","< 10","< 10","< 10","< 10","< 10"
"22 - 23 School Year","63","Oakland Schools","63150","Troy School District","06364","Costello Elementary School","63","Oakland","LEA School","Elementary","City: Small","Oakland Region","5","All Grades","Mathematics","Students with Disabilities","< 10","< 10","< 10","18.20","45.50","36.40","11","44.00"
"22 - 23 School Year","63","Oakland Schools","63150","Troy School District","06364","Costello Elementary School","63","Oakland","LEA School","Elementary","City: Small","Oakland Region","5","All Grades","English Language Arts","All Students","60","61","36","38.20","38.90","22.90","157","57.00"
"22 - 23 School Year","63","Oakland Schools","63150","Troy School District","06364","Costello Elementary School","63","Oakland","LEA School","Elementary","City: Small","Oakland Region","5","04","English Language Arts","White, not of Hispanic origin","16","11","11","42.10","28.90","28.90","38","55.70"
"22 - 23 School Year","63","Oakland Schools","63150","Troy School District","06364","Costello Elementary School","63","Oakland","LEA School","Elementary","City: Small","Oakland Region","5","All Grades","English Language Arts","Two or More Races","< 10","< 10","< 10","< 10","< 10","< 10","< 10","< 10"
"22 - 23 School Year","63","Oakland Schools","63150","Troy School District","06364","Costello Elementary School","63","Oakland","LEA School","Elementary","City: Small","Oakland Region","5","All Grades","English Language Arts","Asian","23","27","< 10","39.00","45.80","15.30","59","61.20"
"22 - 23 School Year","63","Oakland Schools","63150","Troy School District","06364","Costello Elementary School","63","Oakland","LEA School","Elementary","City: Small","Oakland Region","5","05","English Language Arts","Economically Disadvantaged","< 10","< 10","< 10","23.50","23.50","52.90","17","40.90"
"22 - 23 School Year","63","Oakland Schools","63150","Troy School District","06364","Costello Elementary School","63","Oakland","LEA School","Elementary","City: Small","Oakland Region","5","04","English Language Arts","Asian","13","< 10","< 10","52.00","36.00","12.00","25","67.40"
"22 - 23 School Year","63","Oakland Schools","63150","Troy School District","06364","Costello Elementary School","63","Oakland","LEA School","Elementary","City: Small","Oakland Region","5","04","English Language Arts","Two or More Races","< 10","< 10","< 10","< 10","< 10","< 10","< 10","< 10"
"22 - 23 School Year","63","Oakland Schools","63150","Troy School District","06364","Costello Elementary School","63","Oakland","LEA School","Elementary","City: Small","Oakland Region","5","05","English Language Arts","Asian","10","18","< 10","29.40","52.90","17.60","34","56.60"
"22 - 23 School Year","63","Oakland Schools","63150","Troy School District","06364","Costello Elementary School","63","Oakland","LEA School","Elementary","City: Small","Oakland Region","5","05","English Language Arts","Two or More Races","< 10","< 10","< 10","< 10","< 10","< 10","< 10","< 10"
"22 - 23 School Year","63","Oakland Schools","63150","Troy School District","06364","Costello Elementary School","63","Oakland","LEA School","Elementary","City: Small","Oakland Region","5","05","English Language Arts","English Learners","< 10","< 10","< 10","37.50","43.80","18.80","16","56.10"
"22 - 23 School Year","63","Oakland Schools","63150","Troy School District","06364","Costello Elementary School","63","Oakland","LEA School","Elementary","City: Small","Oakland Region","5","05","English Language Arts","Female","13","21","< 10","31.70","51.20","17.10","41","57.90"
"22 - 23 School Year","63","Oakland Schools","63150","Troy School District","06364","Costello Elementary School","63","Oakland","LEA School","Elementary","City: Small","Oakland Region","5","05","English Language Arts","Black, not of Hispanic origin","< 10","< 10","< 10","< 10","< 10","< 10","< 10","< 10"
"22 - 23 School Year","63","Oakland Schools","63150","Troy School District","06364","Costello Elementary School","63","Oakland","LEA School","Elementary","City: Small","Oakland Region","5","05","English Language Arts","All Students","28","41","21","31.10","45.60","23.30","90","54.10"
"22 - 23 School Year","63","Oakland Schools","63150","Troy School District","06364","Costello Elementary School","63","Oakland","LEA School","Elementary","City: Small","Oakland Region","5","04","English Language Arts","All Students","32","20","15","47.80","29.90","22.40","67","60.90"
"22 - 23 School Year","63","Oakland Schools","63150","Troy School District","06364","Costello Elementary School","63","Oakland","LEA School","Elementary","City: Small","Oakland Region","5","04","English Language Arts","English Learners","< 10","< 10","< 10","31.30","43.80","25.00","16","55.30"
"22 - 23 School Year","63","Oakland Schools","63150","Troy School District","06364","Costello Elementary School","63","Oakland","LEA School","Elementary","City: Small","Oakland Region","5","04","English Language Arts","Female","< 10","< 10","< 10","33.30","37.50","29.20","24","53.30"
"22 - 23 School Year","63","Oakland Schools","63150","Troy School District","06364","Costello Elementary School","63","Oakland","LEA School","Elementary","City: Small","Oakland Region","5","All Grades","English Language Arts","English Learners","11","14","< 10","34.40","43.80","21.90","32","55.70"
"22 - 23 School Year","63","Oakland Schools","63150","Troy School District","06364","Costello Elementary School","63","Oakland","LEA School","Elementary","City: Small","Oakland Region","5","All Grades","English Language Arts","Female","21","30","14","32.30","46.20","21.50","65","56.20"
"22 - 23 School Year","63","Oakland Schools","63150","Troy School District","06364","Costello Elementary School","63","Oakland","LEA School","Elementary","City: Small","Oakland Region","5","All Grades","English Language Arts","Black, not of Hispanic origin","< 10","< 10","< 10","< 10","< 10","< 10","< 10","< 10"
"22 - 23 School Year","63","Oakland Schools","63150","Troy School District","06364","Costello Elementary School","63","Oakland","LEA School","Elementary","City: Small","Oakland Region","5","04","Mathematics","Male","26","< 10","< 10","61.90","19.00","19.00","42","67.80"
"22 - 23 School Year","63","Oakland Schools","63150","Troy School District","06364","Costello Elementary School","63","Oakland","LEA School","Elementary","City: Small","Oakland Region","5","04","Mathematics","White, not of Hispanic origin","19","11","< 10","51.40","29.70","18.90","37","62.50"
"22 - 23 School Year","63","Oakland Schools","63150","Troy School District","06364","Costello Elementary School","63","Oakland","LEA School","Elementary","City: Small","Oakland Region","5","05","Mathematics","Not Migrant","33","31","28","35.90","33.70","30.40","92","52.80"
"22 - 23 School Year","63","Oakland Schools","63150","Troy School District","06364","Costello Elementary School","63","Oakland","LEA School","Elementary","City: Small","Oakland Region","5","05","Mathematics","Male","20","15","14","40.80","30.60","28.60","49","54.70"
"22 - 23 School Year","63","Oakland Schools","63150","Troy School District","06364","Costello Elementary School","63","Oakland","LEA School","Elementary","City: Small","Oakland Region","5","05","Mathematics","White, not of Hispanic origin","10","20","16","21.70","43.50","34.80","46","46.00"
"22 - 23 School Year","63","Oakland Schools","63150","Troy School District","06364","Costello Elementary School","63","Oakland","LEA School","Elementary","City: Small","Oakland Region","5","04","Mathematics","Not Migrant","37","18","11","56.10","27.30","16.70","66","64.80"
"22 - 23 School Year","63","Oakland Schools","63150","Troy School District","06364","Costello Elementary School","63","Oakland","LEA School","Elementary","City: Small","Oakland Region","5","05","English Language Arts","Not Migrant","28","41","21","31.10","45.60","23.30","90","54.10"
"22 - 23 School Year","63","Oakland Schools","63150","Troy School District","06364","Costello Elementary School","63","Oakland","LEA School","Elementary","City: Small","Oakland Region","5","05","English Language Arts","Male","15","20","14","30.60","40.80","28.60","49","51.00"
"22 - 23 School Year","63","Oakland Schools","63150","Troy School District","06364","Costello Elementary School","63","Oakland","LEA School","Elementary","City: Small","Oakland Region","5","05","English Language Arts","White, not of Hispanic origin","13","20","13","28.30","43.50","28.30","46","50.10"
"22 - 23 School Year","63","Oakland Schools","63150","Troy School District","06364","Costello Elementary School","63","Oakland","LEA School","Elementary","City: Small","Oakland Region","5","04","English Language Arts","Not Migrant","32","20","15","47.80","29.90","22.40","67","60.90"
"22 - 23 School Year","63","Oakland Schools","63150","Troy School District","06364","Costello Elementary School","63","Oakland","LEA School","Elementary","City: Small","Oakland Region","5","04","English Language Arts","Male","24","11","< 10","55.80","25.60","18.60","43","65.10"
"22 - 23 School Year","63","Oakland Schools","63150","Troy School District","06364","Costello Elementary School","63","Oakland","LEA School","Elementary","City: Small","Oakland Region","5","05","Mathematics","Not English Learners","25","26","23","33.80","35.10","31.10","74","51.40"
"22 - 23 School Year","63","Oakland Schools","63150","Troy School District","06364","Costello Elementary School","63","Oakland","LEA School","Elementary","City: Small","Oakland Region","5","05","Mathematics","Hispanic","< 10","< 10","< 10","< 10","< 10","< 10","< 10","< 10"
"22 - 23 School Year","63","Oakland Schools","63150","Troy School District","06364","Costello Elementary School","63","Oakland","LEA School","Elementary","City: Small","Oakland Region","5","05","Mathematics","Economically Disadvantaged","< 10","< 10","< 10","23.50","47.10","29.40","17","49.60"
"22 - 23 School Year","63","Oakland Schools","63150","Troy School District","06364","Costello Elementary School","63","Oakland","LEA School","Elementary","City: Small","Oakland Region","5","All Grades","Mathematics","Black, not of Hispanic origin","< 10","< 10","< 10","< 10","< 10","< 10","< 10","< 10"
"22 - 23 School Year","63","Oakland Schools","63150","Troy School District","06364","Costello Elementary School","63","Oakland","LEA School","Elementary","City: Small","Oakland Region","5","All Grades","Mathematics","Female","24","26","17","35.80","38.80","25.40","67","53.70"
"22 - 23 School Year","63","Oakland Schools","63150","Troy School District","06364","Costello Elementary School","63","Oakland","LEA School","Elementary","City: Small","Oakland Region","5","04","Mathematics","English Learners","< 10","< 10","< 10","50.00","25.00","25.00","16","57.40"
"22 - 23 School Year","63","Oakland Schools","63150","Troy School District","06364","Costello Elementary School","63","Oakland","LEA School","Elementary","City: Small","Oakland Region","5","04","Mathematics","Female","11","10","< 10","45.80","41.70","12.50","24","59.50"
"22 - 23 School Year","63","Oakland Schools","63150","Troy School District","06364","Costello Elementary School","63","Oakland","LEA School","Elementary","City: Small","Oakland Region","5","04","Mathematics","All Students","37","18","11","56.10","27.30","16.70","66","64.80"
"22 - 23 School Year","63","Oakland Schools","63150","Troy School District","06364","Costello Elementary School","63","Oakland","LEA School","Elementary","City: Small","Oakland Region","5","All Grades","Mathematics","English Learners","16","< 10","< 10","47.10","26.50","26.50","34","57.90"
"22 - 23 School Year","63","Oakland Schools","63150","Troy School District","06364","Costello Elementary School","63","Oakland","LEA School","Elementary","City: Small","Oakland Region","5","All Grades","Mathematics","Asian","33","16","12","54.10","26.20","19.70","61","62.50"
"22 - 23 School Year","63","Oakland Schools","63150","Troy School District","06364","Costello Elementary School","63","Oakland","LEA School","Elementary","City: Small","Oakland Region","5","All Grades","Mathematics","Two or More Races","< 10","< 10","< 10","< 10","< 10","< 10","< 10","< 10"
"22 - 23 School Year","63","Oakland Schools","63150","Troy School District","06364","Costello Elementary School","63","Oakland","LEA School","Elementary","City: Small","Oakland Region","5","04","Mathematics","Asian","16","< 10","< 10","64.00","24.00","12.00","25","68.40"
"22 - 23 School Year","63","Oakland Schools","63150","Troy School District","06364","Costello Elementary School","63","Oakland","LEA School","Elementary","City: Small","Oakland Region","5","04","Mathematics","Two or More Races","< 10","< 10","< 10","< 10","< 10","< 10","< 10","< 10"
"22 - 23 School Year","63","Oakland Schools","63150","Troy School District","06364","Costello Elementary School","63","Oakland","LEA School","Elementary","City: Small","Oakland Region","5","05","Mathematics","Asian","17","10","< 10","47.20","27.80","25.00","36","58.40"
"22 - 23 School Year","63","Oakland Schools","63150","Troy School District","06364","Costello Elementary School","63","Oakland","LEA School","Elementary","City: Small","Oakland Region","5","05","Mathematics","Two or More Races","< 10","< 10","< 10","< 10","< 10","< 10","< 10","< 10"
"22 - 23 School Year","63","Oakland Schools","63150","Troy School District","06364","Costello Elementary School","63","Oakland","LEA School","Elementary","City: Small","Oakland Region","5","All Grades","Mathematics","All Students","70","49","39","44.30","31.00","24.70","158","57.80"
"22 - 23 School Year","63","Oakland Schools","63150","Troy School District","06364","Costello Elementary School","63","Oakland","LEA School","Elementary","City: Small","Oakland Region","5","All Grades","Mathematics","Not Economically Disadvantaged","61","38","31","46.90","29.20","23.80","130","59.10"
"22 - 23 School Year","63","Oakland Schools","63150","Troy School District","06364","Costello Elementary School","63","Oakland","LEA School","Elementary","City: Small","Oakland Region","5","All Grades","Mathematics","White, not of Hispanic origin","29","31","23","34.90","37.30","27.70","83","53.40"
"22 - 23 School Year","63","Oakland Schools","63150","Troy School District","06364","Costello Elementary School","63","Oakland","LEA School","Elementary","City: Small","Oakland Region","5","All Grades","Mathematics","Male","46","23","22","50.50","25.30","24.20","91","60.80"
"22 - 23 School Year","63","Oakland Schools","63150","Troy School District","06364","Costello Elementary School","63","Oakland","LEA School","Elementary","City: Small","Oakland Region","5","All Grades","Mathematics","Not Migrant","70","49","39","44.30","31.00","24.70","158","57.80"
"22 - 23 School Year","63","Oakland Schools","63150","Troy School District","06364","Costello Elementary School","63","Oakland","LEA School","Elementary","City: Small","Oakland Region","5","04","Mathematics","Not Economically Disadvantaged","32","15","< 10","58.20","27.30","14.50","55","66.70"
"22 - 23 School Year","63","Oakland Schools","63150","Troy School District","06364","Costello Elementary School","63","Oakland","LEA School","Elementary","City: Small","Oakland Region","5","05","Mathematics","Not Economically Disadvantaged","29","23","23","38.70","30.70","30.70","75","53.50"
"22 - 23 School Year","63","Oakland Schools","63150","Troy School District","06364","Costello Elementary School","63","Oakland","LEA School","Elementary","City: Small","Oakland Region","5","04","Mathematics","Economically Disadvantaged","< 10","< 10","< 10","45.50","27.30","27.30","11","55.50"
"22 - 23 School Year","63","Oakland Schools","63150","Troy School District","06364","Costello Elementary School","63","Oakland","LEA School","Elementary","City: Small","Oakland Region","5","04","Mathematics","Hispanic","< 10","< 10","< 10","< 10","< 10","< 10","< 10","< 10"
"22 - 23 School Year","63","Oakland Schools","63150","Troy School District","06364","Costello Elementary School","63","Oakland","LEA School","Elementary","City: Small","Oakland Region","5","All Grades","English Language Arts","Not English Learners","49","47","29","39.20","37.60","23.20","125","57.30"
"22 - 23 School Year","63","Oakland Schools","63150","Troy School District","06364","Costello Elementary School","63","Oakland","LEA School","Elementary","City: Small","Oakland Region","5","04","English Language Arts","Economically Disadvantaged","< 10","< 10","< 10","27.30","54.50","18.20","11","55.30"
"22 - 23 School Year","63","Oakland Schools","63150","Troy School District","06364","Costello Elementary School","63","Oakland","LEA School","Elementary","City: Small","Oakland Region","5","04","English Language Arts","Hispanic","< 10","< 10","< 10","< 10","< 10","< 10","< 10","< 10"
"22 - 23 School Year","63","Oakland Schools","63150","Troy School District","06364","Costello Elementary School","63","Oakland","LEA School","Elementary","City: Small","Oakland Region","5","04","English Language Arts","Not English Learners","27","13","11","52.90","25.50","21.60","51","62.60"
"22 - 23 School Year","63","Oakland Schools","63150","Troy School District","06364","Costello Elementary School","63","Oakland","LEA School","Elementary","City: Small","Oakland Region","5","All Grades","English Language Arts","Economically Disadvantaged","< 10","10","11","25.00","35.70","39.30","28","46.50"
"22 - 23 School Year","63","Oakland Schools","63150","Troy School District","06364","Costello Elementary School","63","Oakland","LEA School","Elementary","City: Small","Oakland Region","5","All Grades","English Language Arts","Hispanic","< 10","< 10","< 10","< 10","< 10","< 10","< 10","< 10"
"22 - 23 School Year","63","Oakland Schools","63150","Troy School District","06364","Costello Elementary School","63","Oakland","LEA School","Elementary","City: Small","Oakland Region","5","All Grades","English Language Arts","Not Economically Disadvantaged","53","51","25","41.10","39.50","19.40","129","59.30"
"22 - 23 School Year","63","Oakland Schools","63150","Troy School District","06364","Costello Elementary School","63","Oakland","LEA School","Elementary","City: Small","Oakland Region","5","04","English Language Arts","Not Economically Disadvantaged","29","14","13","51.80","25.00","23.20","56","61.90"
"22 - 23 School Year","63","Oakland Schools","63150","Troy School District","06364","Costello Elementary School","63","Oakland","LEA School","Elementary","City: Small","Oakland Region","5","05","English Language Arts","Not Economically Disadvantaged","24","37","12","32.90","50.70","16.40","73","57.20"
"22 - 23 School Year","63","Oakland Schools","63150","Troy School District","06364","Costello Elementary School","63","Oakland","LEA School","Elementary","City: Small","Oakland Region","5","All Grades","English Language Arts","Not Migrant","60","61","36","38.20","38.90","22.90","157","57.00"
"22 - 23 School Year","63","Oakland Schools","63150","Troy School District","06364","Costello Elementary School","63","Oakland","LEA School","Elementary","City: Small","Oakland Region","5","All Grades","English Language Arts","White, not of Hispanic origin","29","31","24","34.50","36.90","28.60","84","52.60"
"22 - 23 School Year","63","Oakland Schools","63150","Troy School District","06364","Costello Elementary School","63","Oakland","LEA School","Elementary","City: Small","Oakland Region","5","All Grades","English Language Arts","Male","39","31","22","42.40","33.70","23.90","92","57.60"
"22 - 23 School Year","63","Oakland Schools","63150","Troy School District","06364","Costello Elementary School","63","Oakland","LEA School","Elementary","City: Small","Oakland Region","5","All Grades","English Language Arts","Students without Disabilities","60","56","30","41.10","38.40","20.50","146","59.10"
"22 - 23 School Year","63","Oakland Schools","63150","Troy School District","06364","Costello Elementary School","63","Oakland","LEA School","Elementary","City: Small","Oakland Region","5","04","Mathematics","Students without Disabilities","36","16","< 10","60.00","26.70","13.30","60","67.50"
"22 - 23 School Year","63","Oakland Schools","63150","Troy School District","06364","Costello Elementary School","63","Oakland","LEA School","Elementary","City: Small","Oakland Region","5","05","English Language Arts","Students with Disabilities","< 10","< 10","< 10","< 10","< 10","< 10","< 10","< 10"
"22 - 23 School Year","63","Oakland Schools","63150","Troy School District","06364","Costello Elementary School","63","Oakland","LEA School","Elementary","City: Small","Oakland Region","5","All Grades","Mathematics","Students without Disabilities","68","44","35","46.30","29.90","23.80","147","58.80"
"22 - 23 School Year","63","Oakland Schools","63150","Troy School District","06364","Costello Elementary School","63","Oakland","LEA School","Elementary","City: Small","Oakland Region","5","05","Mathematics","Students with Disabilities","< 10","< 10","< 10","< 10","< 10","< 10","< 10","< 10"
"22 - 23 School Year","63","Oakland Schools","63150","Troy School District","06364","Costello Elementary School","63","Oakland","LEA School","Elementary","City: Small","Oakland Region","5","04","Mathematics","Not English Learners","29","14","< 10","58.00","28.00","14.00","50","67.20"
"22 - 23 School Year","63","Oakland Schools","63150","Troy School District","06364","Costello Elementary School","63","Oakland","LEA School","Elementary","City: Small","Oakland Region","5","05","Mathematics","Black, not of Hispanic origin","< 10","< 10","< 10","< 10","< 10","< 10","< 10","< 10"
"22 - 23 School Year","63","Oakland Schools","63150","Troy School District","06364","Costello Elementary School","63","Oakland","LEA School","Elementary","City: Small","Oakland Region","5","05","Mathematics","Female","13","16","14","30.20","37.20","32.60","43","50.50"
"22 - 23 School Year","63","Oakland Schools","63150","Troy School District","06364","Costello Elementary School","63","Oakland","LEA School","Elementary","City: Small","Oakland Region","5","05","Mathematics","English Learners","< 10","< 10","< 10","44.40","27.80","27.80","18","58.20"
"22 - 23 School Year","63","Oakland Schools","63150","Troy School District","06364","Costello Elementary School","63","Oakland","LEA School","Elementary","City: Small","Oakland Region","5","05","Mathematics","All Students","33","31","28","35.90","33.70","30.40","92","52.80"
"22 - 23 School Year","63","Oakland Schools","63150","Troy School District","06364","Costello Elementary School","63","Oakland","LEA School","Elementary","City: Small","Oakland Region","5","All Grades","Mathematics","Not English Learners","54","40","30","43.50","32.30","24.20","124","57.80"
"22 - 23 School Year","63","Oakland Schools","63150","Troy School District","06364","Costello Elementary School","63","Oakland","LEA School","Elementary","City: Small","Oakland Region","5","All Grades","Mathematics","Hispanic","< 10","< 10","< 10","< 10","< 10","< 10","< 10","< 10"
"22 - 23 School Year","63","Oakland Schools","63150","Troy School District","06364","Costello Elementary School","63","Oakland","LEA School","Elementary","City: Small","Oakland Region","5","All Grades","Mathematics","Economically Disadvantaged","< 10","11","< 10","32.10","39.30","28.60","28","52.00"
"22 - 23 School Year","63","Oakland Schools","63150","Troy School District","06364","Costello Elementary School","63","Oakland","LEA School","Elementary","City: Small","Oakland Region","5","05","English Language Arts","Not English Learners","22","34","18","29.70","45.90","24.30","74","53.70"
"22 - 23 School Year","63","Oakland Schools","63150","Troy School District","06364","Costello Elementary School","63","Oakland","LEA School","Elementary","City: Small","Oakland Region","5","05","English Language Arts","Hispanic","< 10","< 10","< 10","< 10","< 10","< 10","< 10","< 10"
"22 - 23 School Year","63","Oakland Schools","63150","Troy School District","06365","Martell Elementary School","63","Oakland","LEA School","Elementary","City: Small","Oakland Region","5","04","English Language Arts","Students with Disabilities","< 10","< 10","< 10","< 10","< 10","< 10","< 10","< 10"
"22 - 23 School Year","63","Oakland Schools","63150","Troy School District","06365","Martell Elementary School","63","Oakland","LEA School","Elementary","City: Small","Oakland Region","5","05","English Language Arts","Students with Disabilities","< 10","< 10","< 10","< 10","< 10","< 10","< 10","< 10"
"22 - 23 School Year","63","Oakland Schools","63150","Troy School District","06365","Martell Elementary School","63","Oakland","LEA School","Elementary","City: Small","Oakland Region","5","04","English Language Arts","White, not of Hispanic origin","17","13","< 10","51.50","39.40","9.10","33","68.40"
"22 - 23 School Year","63","Oakland Schools","63150","Troy School District","06365","Martell Elementary School","63","Oakland","LEA School","Elementary","City: Small","Oakland Region","5","04","English Language Arts","Male","20","11","< 10","54.10","29.70","16.20","37","68.40"
"22 - 23 School Year","63","Oakland Schools","63150","Troy School District","06365","Martell Elementary School","63","Oakland","LEA School","Elementary","City: Small","Oakland Region","5","04","English Language Arts","Not Migrant","37","22","< 10","56.10","33.30","10.60","66","68.80"
"22 - 23 School Year","63","Oakland Schools","63150","Troy School District","06365","Martell Elementary School","63","Oakland","LEA School","Elementary","City: Small","Oakland Region","5","All Grades","English Language Arts","Not Migrant","60","44","20","48.40","35.50","16.10","124","62.70"
"22 - 23 School Year","63","Oakland Schools","63150","Troy School District","06365","Martell Elementary School","63","Oakland","LEA School","Elementary","City: Small","Oakland Region","5","All Grades","English Language Arts","Male","33","26","12","46.50","36.60","16.90","71","63.60"
"22 - 23 School Year","63","Oakland Schools","63150","Troy School District","06365","Martell Elementary School","63","Oakland","LEA School","Elementary","City: Small","Oakland Region","5","All Grades","English Language Arts","White, not of Hispanic origin","29","24","12","44.60","36.90","18.50","65","61.40"
"22 - 23 School Year","63","Oakland Schools","63150","Troy School District","06365","Martell Elementary School","63","Oakland","LEA School","Elementary","City: Small","Oakland Region","5","05","Mathematics","Students with Disabilities","< 10","< 10","< 10","< 10","< 10","< 10","< 10","< 10"
"22 - 23 School Year","63","Oakland Schools","63150","Troy School District","06365","Martell Elementary School","63","Oakland","LEA School","Elementary","City: Small","Oakland Region","5","05","English Language Arts","Students without Disabilities","19","19","12","38.00","38.00","24.00","50","53.80"
"22 - 23 School Year","63","Oakland Schools","63150","Troy School District","06365","Martell Elementary School","63","Oakland","LEA School","Elementary","City: Small","Oakland Region","5","04","Mathematics","Students with Disabilities","< 10","< 10","< 10","< 10","< 10","< 10","< 10","< 10"
"22 - 23 School Year","63","Oakland Schools","63150","Troy School District","06365","Martell Elementary School","63","Oakland","LEA School","Elementary","City: Small","Oakland Region","5","All Grades","English Language Arts","Asian","25","19","< 10","51.00","38.80","10.20","49","65.10"
"22 - 23 School Year","63","Oakland Schools","63150","Troy School District","06365","Martell Elementary School","63","Oakland","LEA School","Elementary","City: Small","Oakland Region","5","All Grades","English Language Arts","Two or More Races","< 10","< 10","< 10","< 10","< 10","< 10","< 10","< 10"
"22 - 23 School Year","63","Oakland Schools","63150","Troy School District","06365","Martell Elementary School","63","Oakland","LEA School","Elementary","City: Small","Oakland Region","5","05","English Language Arts","All Students","23","22","13","39.70","37.90","22.40","58","55.70"
"22 - 23 School Year","63","Oakland Schools","63150","Troy School District","06365","Martell Elementary School","63","Oakland","LEA School","Elementary","City: Small","Oakland Region","5","05","English Language Arts","Economically Disadvantaged","< 10","< 10","< 10","< 10","< 10","< 10","< 10","< 10"
"22 - 23 School Year","63","Oakland Schools","63150","Troy School District","06365","Martell Elementary School","63","Oakland","LEA School","Elementary","City: Small","Oakland Region","5","05","Mathematics","All Students","28","23","< 10","46.70","38.30","15.00","60","64.50"
"22 - 23 School Year","63","Oakland Schools","63150","Troy School District","06365","Martell Elementary School","63","Oakland","LEA School","Elementary","City: Small","Oakland Region","5","All Grades","Mathematics","Economically Disadvantaged","< 10","< 10","< 10","38.10","38.10","23.80","21","54.50"
"22 - 23 School Year","63","Oakland Schools","63150","Troy School District","06365","Martell Elementary School","63","Oakland","LEA School","Elementary","City: Small","Oakland Region","5","All Grades","Mathematics","Hispanic","< 10","< 10","< 10","< 10","< 10","< 10","< 10","< 10"
"22 - 23 School Year","63","Oakland Schools","63150","Troy School District","06365","Martell Elementary School","63","Oakland","LEA School","Elementary","City: Small","Oakland Region","5","All Grades","Mathematics","Not English Learners","38","45","23","35.80","42.50","21.70","106","58.30"
"22 - 23 School Year","63","Oakland Schools","63150","Troy School District","06365","Martell Elementary School","63","Oakland","LEA School","Elementary","City: Small","Oakland Region","5","04","Mathematics","Students without Disabilities","21","24","16","34.40","39.30","26.20","61","55.00"
"22 - 23 School Year","63","Oakland Schools","63150","Troy School District","06365","Martell Elementary School","63","Oakland","LEA School","Elementary","City: Small","Oakland Region","5","All Grades","Mathematics","Students without Disabilities","47","43","23","41.60","38.10","20.40","113","60.50"
"22 - 23 School Year","63","Oakland Schools","63150","Troy School District","06365","Martell Elementary School","63","Oakland","LEA School","Elementary","City: Small","Oakland Region","5","04","Mathematics","Not Migrant","23","27","17","34.30","40.30","25.40","67","55.40"
"22 - 23 School Year","63","Oakland Schools","63150","Troy School District","06365","Martell Elementary School","63","Oakland","LEA School","Elementary","City: Small","Oakland Region","5","04","Mathematics","Male","13","18","< 10","34.20","47.40","18.40","38","58.70"
"22 - 23 School Year","63","Oakland Schools","63150","Troy School District","06365","Martell Elementary School","63","Oakland","LEA School","Elementary","City: Small","Oakland Region","5","05","Mathematics","Not Migrant","28","23","< 10","46.70","38.30","15.00","60","64.50"
"22 - 23 School Year","63","Oakland Schools","63150","Troy School District","06365","Martell Elementary School","63","Oakland","LEA School","Elementary","City: Small","Oakland Region","5","05","Mathematics","Male","15","17","< 10","41.70","47.20","11.10","36","62.30"
"22 - 23 School Year","63","Oakland Schools","63150","Troy School District","06365","Martell Elementary School","63","Oakland","LEA School","Elementary","City: Small","Oakland Region","5","05","Mathematics","White, not of Hispanic origin","16","11","< 10","50.00","34.40","15.60","32","63.00"
"22 - 23 School Year","63","Oakland Schools","63150","Troy School District","06365","Martell Elementary School","63","Oakland","LEA School","Elementary","City: Small","Oakland Region","5","04","Mathematics","English Learners","11","< 10","< 10","68.80","18.80","12.50","16","69.10"
"22 - 23 School Year","63","Oakland Schools","63150","Troy School District","06365","Martell Elementary School","63","Oakland","LEA School","Elementary","City: Small","Oakland Region","5","05","Mathematics","Black, not of Hispanic origin","< 10","< 10","< 10","< 10","< 10","< 10","< 10","< 10"
"22 - 23 School Year","63","Oakland Schools","63150","Troy School District","06365","Martell Elementary School","63","Oakland","LEA School","Elementary","City: Small","Oakland Region","5","05","Mathematics","Female","13","< 10","< 10","54.20","25.00","20.80","24","67.80"
"22 - 23 School Year","63","Oakland Schools","63150","Troy School District","06365","Martell Elementary School","63","Oakland","LEA School","Elementary","City: Small","Oakland Region","5","05","Mathematics","English Learners","< 10","< 10","< 10","< 10","< 10","< 10","< 10","< 10"
"22 - 23 School Year","63","Oakland Schools","63150","Troy School District","06365","Martell Elementary School","63","Oakland","LEA School","Elementary","City: Small","Oakland Region","5","04","Mathematics","Not English Learners","12","24","15","23.50","47.10","29.40","51","51.20"
"22 - 23 School Year","63","Oakland Schools","63150","Troy School District","06365","Martell Elementary School","63","Oakland","LEA School","Elementary","City: Small","Oakland Region","5","04","Mathematics","Hispanic","< 10","< 10","< 10","< 10","< 10","< 10","< 10","< 10"
"22 - 23 School Year","63","Oakland Schools","63150","Troy School District","06365","Martell Elementary School","63","Oakland","LEA School","Elementary","City: Small","Oakland Region","5","04","Mathematics","Economically Disadvantaged","< 10","< 10","< 10","30.80","46.20","23.10","13","51.50"
"22 - 23 School Year","63","Oakland Schools","63150","Troy School District","06365","Martell Elementary School","63","Oakland","LEA School","Elementary","City: Small","Oakland Region","5","04","Mathematics","All Students","23","27","17","34.30","40.30","25.40","67","55.40"
"22 - 23 School Year","63","Oakland Schools","63150","Troy School District","06365","Martell Elementary School","63","Oakland","LEA School","Elementary","City: Small","Oakland Region","5","All Grades","Mathematics","Asian","27","19","< 10","52.90","37.30","9.80","51","70.40"
"22 - 23 School Year","63","Oakland Schools","63150","Troy School District","06365","Martell Elementary School","63","Oakland","LEA School","Elementary","City: Small","Oakland Region","5","All Grades","Mathematics","Two or More Races","< 10","< 10","< 10","< 10","< 10","< 10","< 10","< 10"
"22 - 23 School Year","63","Oakland Schools","63150","Troy School District","06365","Martell Elementary School","63","Oakland","LEA School","Elementary","City: Small","Oakland Region","5","04","Mathematics","White, not of Hispanic origin","< 10","15","13","15.20","45.50","39.40","33","42.80"
"22 - 23 School Year","63","Oakland Schools","63150","Troy School District","06365","Martell Elementary School","63","Oakland","LEA School","Elementary","City: Small","Oakland Region","5","All Grades","English Language Arts","All Students","60","44","20","48.40","35.50","16.10","124","62.70"
"22 - 23 School Year","63","Oakland Schools","63150","Troy School District","06365","Martell Elementary School","63","Oakland","LEA School","Elementary","City: Small","Oakland Region","5","05","Mathematics","Not Economically Disadvantaged","24","21","< 10","46.20","40.40","13.50","52","65.30"
"22 - 23 School Year","63","Oakland Schools","63150","Troy School District","06365","Martell Elementary School","63","Oakland","LEA School","Elementary","City: Small","Oakland Region","5","04","Mathematics","Not Economically Disadvantaged","19","21","14","35.20","38.90","25.90","54","56.40"
"22 - 23 School Year","63","Oakland Schools","63150","Troy School District","06365","Martell Elementary School","63","Oakland","LEA School","Elementary","City: Small","Oakland Region","5","All Grades","Mathematics","Not Economically Disadvantaged","43","42","21","40.60","39.60","19.80","106","60.80"
"22 - 23 School Year","63","Oakland Schools","63150","Troy School District","06365","Martell Elementary School","63","Oakland","LEA School","Elementary","City: Small","Oakland Region","5","05","Mathematics","Economically Disadvantaged","< 10","< 10","< 10","< 10","< 10","< 10","< 10","< 10"
"22 - 23 School Year","63","Oakland Schools","63150","Troy School District","06365","Martell Elementary School","63","Oakland","LEA School","Elementary","City: Small","Oakland Region","5","05","Mathematics","Not English Learners","26","21","< 10","47.30","38.20","14.50","55","64.90"
"22 - 23 School Year","63","Oakland Schools","63150","Troy School District","06365","Martell Elementary School","63","Oakland","LEA School","Elementary","City: Small","Oakland Region","5","05","Mathematics","Hispanic","< 10","< 10","< 10","< 10","< 10","< 10","< 10","< 10"
"22 - 23 School Year","63","Oakland Schools","63150","Troy School District","06365","Martell Elementary School","63","Oakland","LEA School","Elementary","City: Small","Oakland Region","5","04","English Language Arts","Students without Disabilities","34","21","< 10","56.70","35.00","8.30","60","70.10"
"22 - 23 School Year","63","Oakland Schools","63150","Troy School District","06365","Martell Elementary School","63","Oakland","LEA School","Elementary","City: Small","Oakland Region","5","All Grades","Mathematics","Students with Disabilities","< 10","< 10","< 10","28.60","50.00","21.40","14","53.40"
"22 - 23 School Year","63","Oakland Schools","63150","Troy School District","06365","Martell Elementary School","63","Oakland","LEA School","Elementary","City: Small","Oakland Region","5","05","Mathematics","Students without Disabilities","26","19","< 10","50.00","36.50","13.50","52","67.00"
"22 - 23 School Year","63","Oakland Schools","63150","Troy School District","06365","Martell Elementary School","63","Oakland","LEA School","Elementary","City: Small","Oakland Region","5","All Grades","English Language Arts","Students with Disabilities","< 10","< 10","< 10","50.00","28.60","21.40","14","62.80"
"22 - 23 School Year","63","Oakland Schools","63150","Troy School District","06365","Martell Elementary School","63","Oakland","LEA School","Elementary","City: Small","Oakland Region","5","05","English Language Arts","Not Migrant","23","22","13","39.70","37.90","22.40","58","55.70"
"22 - 23 School Year","63","Oakland Schools","63150","Troy School District","06365","Martell Elementary School","63","Oakland","LEA School","Elementary","City: Small","Oakland Region","5","05","English Language Arts","Male","13","15","< 10","38.20","44.10","17.60","34","58.40"
"22 - 23 School Year","63","Oakland Schools","63150","Troy School District","06365","Martell Elementary School","63","Oakland","LEA School","Elementary","City: Small","Oakland Region","5","All Grades","English Language Arts","Black, not of Hispanic origin","< 10","< 10","< 10","< 10","< 10","< 10","< 10","< 10"
"22 - 23 School Year","63","Oakland Schools","63150","Troy School District","06365","Martell Elementary School","63","Oakland","LEA School","Elementary","City: Small","Oakland Region","5","All Grades","English Language Arts","Female","27","18","< 10","50.90","34.00","15.10","53","61.50"
"22 - 23 School Year","63","Oakland Schools","63150","Troy School District","06365","Martell Elementary School","63","Oakland","LEA School","Elementary","City: Small","Oakland Region","5","All Grades","English Language Arts","English Learners","10","< 10","< 10","52.60","26.30","21.10","19","62.20"
"22 - 23 School Year","63","Oakland Schools","63150","Troy School District","06365","Martell Elementary School","63","Oakland","LEA School","Elementary","City: Small","Oakland Region","5","04","English Language Arts","Black, not of Hispanic origin","< 10","< 10","< 10","< 10","< 10","< 10","< 10","< 10"
"22 - 23 School Year","63","Oakland Schools","63150","Troy School District","06365","Martell Elementary School","63","Oakland","LEA School","Elementary","City: Small","Oakland Region","5","04","English Language Arts","Female","17","11","< 10","58.60","37.90","< 5","29","69.30"
"22 - 23 School Year","63","Oakland Schools","63150","Troy School District","06365","Martell Elementary School","63","Oakland","LEA School","Elementary","City: Small","Oakland Region","5","04","English Language Arts","English Learners","< 10","< 10","< 10","60.00","20.00","20.00","15","64.90"
"22 - 23 School Year","63","Oakland Schools","63150","Troy School District","06365","Martell Elementary School","63","Oakland","LEA School","Elementary","City: Small","Oakland Region","5","05","English Language Arts","Asian","< 10","10","< 10","42.90","47.60","9.50","21","59.80"
"22 - 23 School Year","63","Oakland Schools","63150","Troy School District","06365","Martell Elementary School","63","Oakland","LEA School","Elementary","City: Small","Oakland Region","5","05","English Language Arts","Two or More Races","< 10","< 10","< 10","< 10","< 10","< 10","< 10","< 10"
"22 - 23 School Year","63","Oakland Schools","63150","Troy School District","06365","Martell Elementary School","63","Oakland","LEA School","Elementary","City: Small","Oakland Region","5","04","English Language Arts","Asian","16","< 10","< 10","57.10","32.10","10.70","28","69.10"
"22 - 23 School Year","63","Oakland Schools","63150","Troy School District","06365","Martell Elementary School","63","Oakland","LEA School","Elementary","City: Small","Oakland Region","5","04","English Language Arts","Two or More Races","< 10","< 10","< 10","< 10","< 10","< 10","< 10","< 10"
"22 - 23 School Year","63","Oakland Schools","63150","Troy School District","06365","Martell Elementary School","63","Oakland","LEA School","Elementary","City: Small","Oakland Region","5","05","English Language Arts","White, not of Hispanic origin","12","11","< 10","37.50","34.40","28.10","32","54.30"
"22 - 23 School Year","63","Oakland Schools","63150","Troy School District","06365","Martell Elementary School","63","Oakland","LEA School","Elementary","City: Small","Oakland Region","5","04","English Language Arts","All Students","37","22","< 10","56.10","33.30","10.60","66","68.80"
"22 - 23 School Year","63","Oakland Schools","63150","Troy School District","06365","Martell Elementary School","63","Oakland","LEA School","Elementary","City: Small","Oakland Region","5","All Grades","English Language Arts","Not Economically Disadvantaged","50","39","14","48.50","37.90","13.60","103","63.40"
"22 - 23 School Year","63","Oakland Schools","63150","Troy School District","06365","Martell Elementary School","63","Oakland","LEA School","Elementary","City: Small","Oakland Region","5","04","English Language Arts","Not Economically Disadvantaged","30","19","< 10","56.60","35.80","7.50","53","69.70"
"22 - 23 School Year","63","Oakland Schools","63150","Troy School District","06365","Martell Elementary School","63","Oakland","LEA School","Elementary","City: Small","Oakland Region","5","All Grades","English Language Arts","Students without Disabilities","53","40","17","48.20","36.40","15.50","110","62.70"
"22 - 23 School Year","63","Oakland Schools","63150","Troy School District","06365","Martell Elementary School","63","Oakland","LEA School","Elementary","City: Small","Oakland Region","5","05","English Language Arts","Hispanic","< 10","< 10","< 10","< 10","< 10","< 10","< 10","< 10"
"22 - 23 School Year","63","Oakland Schools","63150","Troy School District","06365","Martell Elementary School","63","Oakland","LEA School","Elementary","City: Small","Oakland Region","5","05","English Language Arts","Not English Learners","22","20","12","40.70","37.00","22.20","54","56.00"
"22 - 23 School Year","63","Oakland Schools","63150","Troy School District","06365","Martell Elementary School","63","Oakland","LEA School","Elementary","City: Small","Oakland Region","5","04","Mathematics","Black, not of Hispanic origin","< 10","< 10","< 10","< 10","< 10","< 10","< 10","< 10"
"22 - 23 School Year","63","Oakland Schools","63150","Troy School District","06365","Martell Elementary School","63","Oakland","LEA School","Elementary","City: Small","Oakland Region","5","04","Mathematics","Female","10","< 10","10","34.50","31.00","34.50","29","51.20"
"22 - 23 School Year","63","Oakland Schools","63150","Troy School District","06365","Martell Elementary School","63","Oakland","LEA School","Elementary","City: Small","Oakland Region","5","All Grades","Mathematics","Black, not of Hispanic origin","< 10","< 10","< 10","< 10","< 10","< 10","< 10","< 10"
"22 - 23 School Year","63","Oakland Schools","63150","Troy School District","06365","Martell Elementary School","63","Oakland","LEA School","Elementary","City: Small","Oakland Region","5","All Grades","Mathematics","Female","23","15","15","43.40","28.30","28.30","53","58.70"
"22 - 23 School Year","63","Oakland Schools","63150","Troy School District","06365","Martell Elementary School","63","Oakland","LEA School","Elementary","City: Small","Oakland Region","5","All Grades","Mathematics","English Learners","13","< 10","< 10","61.90","23.80","14.30","21","67.10"
"22 - 23 School Year","63","Oakland Schools","63150","Troy School District","06365","Martell Elementary School","63","Oakland","LEA School","Elementary","City: Small","Oakland Region","5","04","Mathematics","Asian","15","< 10","< 10","53.60","32.10","14.30","28","67.50"
"22 - 23 School Year","63","Oakland Schools","63150","Troy School District","06365","Martell Elementary School","63","Oakland","LEA School","Elementary","City: Small","Oakland Region","5","04","Mathematics","Two or More Races","< 10","< 10","< 10","< 10","< 10","< 10","< 10","< 10"
"22 - 23 School Year","63","Oakland Schools","63150","Troy School District","06365","Martell Elementary School","63","Oakland","LEA School","Elementary","City: Small","Oakland Region","5","05","Mathematics","Asian","12","10","< 10","52.20","43.50","< 5","23","73.90"
"22 - 23 School Year","63","Oakland Schools","63150","Troy School District","06365","Martell Elementary School","63","Oakland","LEA School","Elementary","City: Small","Oakland Region","5","05","Mathematics","Two or More Races","< 10","< 10","< 10","< 10","< 10","< 10","< 10","< 10"
"22 - 23 School Year","63","Oakland Schools","63150","Troy School District","06365","Martell Elementary School","63","Oakland","LEA School","Elementary","City: Small","Oakland Region","5","All Grades","Mathematics","All Students","51","50","26","40.20","39.40","20.50","127","59.70"
"22 - 23 School Year","63","Oakland Schools","63150","Troy School District","06365","Martell Elementary School","63","Oakland","LEA School","Elementary","City: Small","Oakland Region","5","All Grades","Mathematics","White, not of Hispanic origin","21","26","18","32.30","40.00","27.70","65","52.70"
"22 - 23 School Year","63","Oakland Schools","63150","Troy School District","06365","Martell Elementary School","63","Oakland","LEA School","Elementary","City: Small","Oakland Region","5","All Grades","Mathematics","Male","28","35","11","37.80","47.30","14.90","74","60.50"
"22 - 23 School Year","63","Oakland Schools","63150","Troy School District","06365","Martell Elementary School","63","Oakland","LEA School","Elementary","City: Small","Oakland Region","5","All Grades","Mathematics","Not Migrant","51","50","26","40.20","39.40","20.50","127","59.70"
"22 - 23 School Year","63","Oakland Schools","63150","Troy School District","06365","Martell Elementary School","63","Oakland","LEA School","Elementary","City: Small","Oakland Region","5","04","English Language Arts","Not English Learners","28","19","< 10","54.90","37.30","7.80","51","70.00"
"22 - 23 School Year","63","Oakland Schools","63150","Troy School District","06365","Martell Elementary School","63","Oakland","LEA School","Elementary","City: Small","Oakland Region","5","04","English Language Arts","Hispanic","< 10","< 10","< 10","< 10","< 10","< 10","< 10","< 10"
"22 - 23 School Year","63","Oakland Schools","63150","Troy School District","06365","Martell Elementary School","63","Oakland","LEA School","Elementary","City: Small","Oakland Region","5","04","English Language Arts","Economically Disadvantaged","< 10","< 10","< 10","53.80","23.10","23.10","13","65.40"
"22 - 23 School Year","63","Oakland Schools","63150","Troy School District","06365","Martell Elementary School","63","Oakland","LEA School","Elementary","City: Small","Oakland Region","5","All Grades","English Language Arts","Not English Learners","50","39","16","47.60","37.10","15.20","105","62.80"
"22 - 23 School Year","63","Oakland Schools","63150","Troy School District","06365","Martell Elementary School","63","Oakland","LEA School","Elementary","City: Small","Oakland Region","5","05","English Language Arts","Black, not of Hispanic origin","< 10","< 10","< 10","< 10","< 10","< 10","< 10","< 10"
"22 - 23 School Year","63","Oakland Schools","63150","Troy School District","06365","Martell Elementary School","63","Oakland","LEA School","Elementary","City: Small","Oakland Region","5","05","English Language Arts","Female","10","< 10","< 10","41.70","29.20","29.20","24","51.90"
"22 - 23 School Year","63","Oakland Schools","63150","Troy School District","06365","Martell Elementary School","63","Oakland","LEA School","Elementary","City: Small","Oakland Region","5","05","English Language Arts","English Learners","< 10","< 10","< 10","< 10","< 10","< 10","< 10","< 10"
"22 - 23 School Year","63","Oakland Schools","63150","Troy School District","06365","Martell Elementary School","63","Oakland","LEA School","Elementary","City: Small","Oakland Region","5","All Grades","English Language Arts","Hispanic","< 10","< 10","< 10","< 10","< 10","< 10","< 10","< 10"
"22 - 23 School Year","63","Oakland Schools","63150","Troy School District","06365","Martell Elementary School","63","Oakland","LEA School","Elementary","City: Small","Oakland Region","5","All Grades","English Language Arts","Economically Disadvantaged","10","< 10","< 10","47.60","23.80","28.60","21","59.20"
"22 - 23 School Year","63","Oakland Schools","63150","Troy School District","06365","Martell Elementary School","63","Oakland","LEA School","Elementary","City: Small","Oakland Region","5","05","English Language Arts","Not Economically Disadvantaged","20","20","10","40.00","40.00","20.00","50","56.80"
"22 - 23 School Year","63","Oakland Schools","63150","Troy School District","06366","Larson Middle School","63","Oakland","LEA School","Middle School","City: Small","Oakland Region","5","06","English Language Arts","Students with Disabilities","< 10","< 10","< 10","20.00","40.00","40.00","15","44.00"
"22 - 23 School Year","63","Oakland Schools","63150","Troy School District","06366","Larson Middle School","63","Oakland","LEA School","Middle School","City: Small","Oakland Region","5","06","Mathematics","Students with Disabilities","< 10","< 10","< 10","46.70","26.70","26.70","15","55.60"
"22 - 23 School Year","63","Oakland Schools","63150","Troy School District","06366","Larson Middle School","63","Oakland","LEA School","Middle School","City: Small","Oakland Region","5","08","English Language Arts","English Learners","< 10","< 10","< 10","41.20","35.30","23.50","17","54.80"
"22 - 23 School Year","63","Oakland Schools","63150","Troy School District","06366","Larson Middle School","63","Oakland","LEA School","Middle School","City: Small","Oakland Region","5","08","English Language Arts","Female","49","40","20","45.00","36.70","18.30","109","62.40"
"22 - 23 School Year","63","Oakland Schools","63150","Troy School District","06366","Larson Middle School","63","Oakland","LEA School","Middle School","City: Small","Oakland Region","5","08","English Language Arts","Black, not of Hispanic origin","< 10","< 10","< 10","50.00","50.00","< 5","12","63.30"
"22 - 23 School Year","63","Oakland Schools","63150","Troy School District","06366","Larson Middle School","63","Oakland","LEA School","Middle School","City: Small","Oakland Region","5","07","English Language Arts","English Learners","< 10","< 10","< 10","33.30","16.70","50.00","18","39.10"
"22 - 23 School Year","63","Oakland Schools","63150","Troy School District","06366","Larson Middle School","63","Oakland","LEA School","Middle School","City: Small","Oakland Region","5","07","English Language Arts","Female","34","36","37","31.80","33.60","34.60","107","49.20"
"22 - 23 School Year","63","Oakland Schools","63150","Troy School District","06366","Larson Middle School","63","Oakland","LEA School","Middle School","City: Small","Oakland Region","5","07","English Language Arts","Black, not of Hispanic origin","< 10","< 10","< 10","< 10","< 10","< 10","< 10","< 10"
"22 - 23 School Year","63","Oakland Schools","63150","Troy School District","06366","Larson Middle School","63","Oakland","LEA School","Middle School","City: Small","Oakland Region","5","08","English Language Arts","Not English Learners","85","90","47","38.30","40.50","21.20","222","57.10"
"22 - 23 School Year","63","Oakland Schools","63150","Troy School District","06366","Larson Middle School","63","Oakland","LEA School","Middle School","City: Small","Oakland Region","5","08","English Language Arts","Hispanic","< 10","< 10","< 10","< 10","< 10","< 10","< 10","< 10"
"22 - 23 School Year","63","Oakland Schools","63150","Troy School District","06366","Larson Middle School","63","Oakland","LEA School","Middle School","City: Small","Oakland Region","5","08","English Language Arts","Economically Disadvantaged","15","17","< 10","40.50","45.90","13.50","37","62.10"
"22 - 23 School Year","63","Oakland Schools","63150","Troy School District","06366","Larson Middle School","63","Oakland","LEA School","Middle School","City: Small","Oakland Region","5","06","English Language Arts","Students without Disabilities","71","111","53","30.20","47.20","22.60","235","53.00"
"22 - 23 School Year","63","Oakland Schools","63150","Troy School District","06366","Larson Middle School","63","Oakland","LEA School","Middle School","City: Small","Oakland Region","5","All Grades","English Language Arts","Students with Disabilities","13","18","24","23.60","32.70","43.60","55","42.30"
"22 - 23 School Year","63","Oakland Schools","63150","Troy School District","06366","Larson Middle School","63","Oakland","LEA School","Middle School","City: Small","Oakland Region","5","07","Mathematics","Students with Disabilities","10","< 10","< 10","40.00","28.00","32.00","25","57.70"
"22 - 23 School Year","63","Oakland Schools","63150","Troy School District","06366","Larson Middle School","63","Oakland","LEA School","Middle School","City: Small","Oakland Region","5","08","English Language Arts","Not Migrant","92","96","51","38.50","40.20","21.30","239","56.90"
"22 - 23 School Year","63","Oakland Schools","63150","Troy School District","06366","Larson Middle School","63","Oakland","LEA School","Middle School","City: Small","Oakland Region","5","08","English Language Arts","Male","43","56","31","33.10","43.10","23.80","130","52.30"
"22 - 23 School Year","63","Oakland Schools","63150","Troy School District","06366","Larson Middle School","63","Oakland","LEA School","Middle School","City: Small","Oakland Region","5","08","English Language Arts","White, not of Hispanic origin","47","59","33","33.80","42.40","23.70","139","54.40"
"22 - 23 School Year","63","Oakland Schools","63150","Troy School District","06366","Larson Middle School","63","Oakland","LEA School","Middle School","City: Small","Oakland Region","5","06","English Language Arts","All Students","74","117","59","29.60","46.80","23.60","250","52.50"
"22 - 23 School Year","63","Oakland Schools","63150","Troy School District","06366","Larson Middle School","63","Oakland","LEA School","Middle School","City: Small","Oakland Region","5","All Grades","English Language Arts","All Students","245","285","191","34.00","39.50","26.50","721","53.20"
"22 - 23 School Year","63","Oakland Schools","63150","Troy School District","06366","Larson Middle School","63","Oakland","LEA School","Middle School","City: Small","Oakland Region","5","All Grades","Mathematics","All Students","268","274","181","37.10","37.90","25.00","723","56.20"
"22 - 23 School Year","63","Oakland Schools","63150","Troy School District","06366","Larson Middle School","63","Oakland","LEA School","Middle School","City: Small","Oakland Region","5","08","Mathematics","Not Economically Disadvantaged","50","91","61","24.80","45.00","30.20","202","49.30"
"22 - 23 School Year","63","Oakland Schools","63150","Troy School District","06366","Larson Middle School","63","Oakland","LEA School","Middle School","City: Small","Oakland Region","5","08","Mathematics","Students with Disabilities","< 10","< 10","< 10","42.90","35.70","21.40","14","56.20"
"22 - 23 School Year","63","Oakland Schools","63150","Troy School District","06366","Larson Middle School","63","Oakland","LEA School","Middle School","City: Small","Oakland Region","5","08","Mathematics","Students without Disabilities","53","96","76","23.60","42.70","33.80","225","47.90"
"22 - 23 School Year","63","Oakland Schools","63150","Troy School District","06366","Larson Middle School","63","Oakland","LEA School","Middle School","City: Small","Oakland Region","5","06","Mathematics","Asian","49","12","< 10","72.10","17.60","10.30","68","76.30"
"22 - 23 School Year","63","Oakland Schools","63150","Troy School District","06366","Larson Middle School","63","Oakland","LEA School","Middle School","City: Small","Oakland Region","5","08","Mathematics","Asian","19","36","18","26.00","49.30","24.70","73","53.10"
"22 - 23 School Year","63","Oakland Schools","63150","Troy School District","06366","Larson Middle School","63","Oakland","LEA School","Middle School","City: Small","Oakland Region","5","08","Mathematics","Two or More Races","< 10","< 10","< 10","36.40","18.20","45.50","11","46.20"
"22 - 23 School Year","63","Oakland Schools","63150","Troy School District","06366","Larson Middle School","63","Oakland","LEA School","Middle School","City: Small","Oakland Region","5","07","Mathematics","Asian","29","22","17","42.60","32.40","25.00","68","58.50"
"22 - 23 School Year","63","Oakland Schools","63150","Troy School District","06366","Larson Middle School","63","Oakland","LEA School","Middle School","City: Small","Oakland Region","5","07","Mathematics","Two or More Races","< 10","< 10","< 10","< 10","< 10","< 10","< 10","< 10"
"22 - 23 School Year","63","Oakland Schools","63150","Troy School District","06366","Larson Middle School","63","Oakland","LEA School","Middle School","City: Small","Oakland Region","5","06","Mathematics","Not Migrant","121","87","44","48.00","34.50","17.50","252","63.20"
"22 - 23 School Year","63","Oakland Schools","63150","Troy School District","06366","Larson Middle School","63","Oakland","LEA School","Middle School","City: Small","Oakland Region","5","06","Mathematics","Male","54","39","21","47.40","34.20","18.40","114","62.80"
"22 - 23 School Year","63","Oakland Schools","63150","Troy School District","06366","Larson Middle School","63","Oakland","LEA School","Middle School","City: Small","Oakland Region","5","06","Mathematics","White, not of Hispanic origin","59","66","28","38.60","43.10","18.30","153","59.00"
"22 - 23 School Year","63","Oakland Schools","63150","Troy School District","06366","Larson Middle School","63","Oakland","LEA School","Middle School","City: Small","Oakland Region","5","06","Mathematics","Native Hawaiian or Other Pacific Islander","< 10","< 10","< 10","< 10","< 10","< 10","< 10","< 10"
"22 - 23 School Year","63","Oakland Schools","63150","Troy School District","06366","Larson Middle School","63","Oakland","LEA School","Middle School","City: Small","Oakland Region","5","07","Mathematics","Native Hawaiian or Other Pacific Islander","< 10","< 10","< 10","< 10","< 10","< 10","< 10","< 10"
"22 - 23 School Year","63","Oakland Schools","63150","Troy School District","06366","Larson Middle School","63","Oakland","LEA School","Middle School","City: Small","Oakland Region","5","06","Mathematics","All Students","121","87","44","48.00","34.50","17.50","252","63.20"
"22 - 23 School Year","63","Oakland Schools","63150","Troy School District","06366","Larson Middle School","63","Oakland","LEA School","Middle School","City: Small","Oakland Region","5","08","English Language Arts","Not Economically Disadvantaged","77","79","46","38.10","39.10","22.80","202","56.00"
"22 - 23 School Year","63","Oakland Schools","63150","Troy School District","06366","Larson Middle School","63","Oakland","LEA School","Middle School","City: Small","Oakland Region","5","07","English Language Arts","Not Economically Disadvantaged","68","64","68","34.00","32.00","34.00","200","50.80"
"22 - 23 School Year","63","Oakland Schools","63150","Troy School District","06366","Larson Middle School","63","Oakland","LEA School","Middle School","City: Small","Oakland Region","5","06","English Language Arts","Not Economically Disadvantaged","64","102","47","30.00","47.90","22.10","213","53.10"
"22 - 23 School Year","63","Oakland Schools","63150","Troy School District","06366","Larson Middle School","63","Oakland","LEA School","Middle School","City: Small","Oakland Region","5","08","Mathematics","Black, not of Hispanic origin","< 10","< 10","< 10","25.00","58.30","16.70","12","49.30"
"22 - 23 School Year","63","Oakland Schools","63150","Troy School District","06366","Larson Middle School","63","Oakland","LEA School","Middle School","City: Small","Oakland Region","5","08","Mathematics","Female","29","43","37","26.60","39.40","33.90","109","49.10"
"22 - 23 School Year","63","Oakland Schools","63150","Troy School District","06366","Larson Middle School","63","Oakland","LEA School","Middle School","City: Small","Oakland Region","5","07","Mathematics","Black, not of Hispanic origin","< 10","< 10","< 10","< 10","< 10","< 10","< 10","< 10"
"22 - 23 School Year","63","Oakland Schools","63150","Troy School District","06366","Larson Middle School","63","Oakland","LEA School","Middle School","City: Small","Oakland Region","5","07","Mathematics","Female","39","44","24","36.40","41.10","22.40","107","56.90"
"22 - 23 School Year","63","Oakland Schools","63150","Troy School District","06366","Larson Middle School","63","Oakland","LEA School","Middle School","City: Small","Oakland Region","5","06","Mathematics","Black, not of Hispanic origin","< 10","< 10","< 10","25.00","41.70","33.30","12","47.70"
"22 - 23 School Year","63","Oakland Schools","63150","Troy School District","06366","Larson Middle School","63","Oakland","LEA School","Middle School","City: Small","Oakland Region","5","06","Mathematics","Female","67","48","23","48.60","34.80","16.70","138","63.60"
"22 - 23 School Year","63","Oakland Schools","63150","Troy School District","06366","Larson Middle School","63","Oakland","LEA School","Middle School","City: Small","Oakland Region","5","06","Mathematics","English Learners","< 10","< 10","< 10","33.30","28.60","38.10","21","48.90"
"22 - 23 School Year","63","Oakland Schools","63150","Troy School District","06366","Larson Middle School","63","Oakland","LEA School","Middle School","City: Small","Oakland Region","5","07","Mathematics","All Students","88","86","58","37.90","37.10","25.00","232","56.60"
"22 - 23 School Year","63","Oakland Schools","63150","Troy School District","06366","Larson Middle School","63","Oakland","LEA School","Middle School","City: Small","Oakland Region","5","07","Mathematics","English Learners","11","< 10","< 10","57.90","15.80","26.30","19","64.50"
"22 - 23 School Year","63","Oakland Schools","63150","Troy School District","06366","Larson Middle School","63","Oakland","LEA School","Middle School","City: Small","Oakland Region","5","06","English Language Arts","Economically Disadvantaged","10","15","12","27.00","40.50","32.40","37","49.10"
"22 - 23 School Year","63","Oakland Schools","63150","Troy School District","06366","Larson Middle School","63","Oakland","LEA School","Middle School","City: Small","Oakland Region","5","06","English Language Arts","Hispanic","< 10","< 10","< 10","< 10","< 10","< 10","< 10","< 10"
"22 - 23 School Year","63","Oakland Schools","63150","Troy School District","06366","Larson Middle School","63","Oakland","LEA School","Middle School","City: Small","Oakland Region","5","06","English Language Arts","Not English Learners","64","110","56","27.80","47.80","24.30","230","51.50"
"22 - 23 School Year","63","Oakland Schools","63150","Troy School District","06366","Larson Middle School","63","Oakland","LEA School","Middle School","City: Small","Oakland Region","5","07","Mathematics","Not English Learners","77","83","53","36.20","39.00","24.90","213","55.90"
"22 - 23 School Year","63","Oakland Schools","63150","Troy School District","06366","Larson Middle School","63","Oakland","LEA School","Middle School","City: Small","Oakland Region","5","08","Mathematics","Not English Learners","54","95","72","24.40","43.00","32.60","221","48.40"
"22 - 23 School Year","63","Oakland Schools","63150","Troy School District","06366","Larson Middle School","63","Oakland","LEA School","Middle School","City: Small","Oakland Region","5","08","Mathematics","Hispanic","< 10","< 10","< 10","< 10","< 10","< 10","< 10","< 10"
"22 - 23 School Year","63","Oakland Schools","63150","Troy School District","06366","Larson Middle School","63","Oakland","LEA School","Middle School","City: Small","Oakland Region","5","08","Mathematics","Economically Disadvantaged","< 10","10","18","24.30","27.00","48.60","37","43.00"
"22 - 23 School Year","63","Oakland Schools","63150","Troy School District","06366","Larson Middle School","63","Oakland","LEA School","Middle School","City: Small","Oakland Region","5","All Grades","Mathematics","Economically Disadvantaged","39","28","39","36.80","26.40","36.80","106","50.60"
"22 - 23 School Year","63","Oakland Schools","63150","Troy School District","06366","Larson Middle School","63","Oakland","LEA School","Middle School","City: Small","Oakland Region","5","All Grades","Mathematics","Hispanic","10","< 10","< 10","43.50","30.40","26.10","23","56.50"
"22 - 23 School Year","63","Oakland Schools","63150","Troy School District","06366","Larson Middle School","63","Oakland","LEA School","Middle School","City: Small","Oakland Region","5","All Grades","Mathematics","English Learners","23","15","20","39.70","25.90","34.50","58","53.50"
"22 - 23 School Year","63","Oakland Schools","63150","Troy School District","06366","Larson Middle School","63","Oakland","LEA School","Middle School","City: Small","Oakland Region","5","All Grades","Mathematics","Female","135","135","84","38.10","38.10","23.70","354","57.10"
"22 - 23 School Year","63","Oakland Schools","63150","Troy School District","06366","Larson Middle School","63","Oakland","LEA School","Middle School","City: Small","Oakland Region","5","All Grades","Mathematics","Black, not of Hispanic origin","< 10","14","< 10","23.30","46.70","30.00","30","46.40"
"22 - 23 School Year","63","Oakland Schools","63150","Troy School District","06366","Larson Middle School","63","Oakland","LEA School","Middle School","City: Small","Oakland Region","5","07","Mathematics","Students without Disabilities","78","79","50","37.70","38.20","24.20","207","56.50"
"22 - 23 School Year","63","Oakland Schools","63150","Troy School District","06366","Larson Middle School","63","Oakland","LEA School","Middle School","City: Small","Oakland Region","5","07","English Language Arts","Students without Disabilities","72","66","68","35.00","32.00","33.00","206","51.30"
"22 - 23 School Year","63","Oakland Schools","63150","Troy School District","06366","Larson Middle School","63","Oakland","LEA School","Middle School","City: Small","Oakland Region","5","08","English Language Arts","Students without Disabilities","89","90","46","39.60","40.00","20.40","225","57.90"
"22 - 23 School Year","63","Oakland Schools","63150","Troy School District","06366","Larson Middle School","63","Oakland","LEA School","Middle School","City: Small","Oakland Region","5","All Grades","Mathematics","Students with Disabilities","23","16","15","42.60","29.60","27.80","54","56.70"
"22 - 23 School Year","63","Oakland Schools","63150","Troy School District","06366","Larson Middle School","63","Oakland","LEA School","Middle School","City: Small","Oakland Region","5","All Grades","Mathematics","Students without Disabilities","245","258","166","36.60","38.60","24.80","669","56.10"
"22 - 23 School Year","63","Oakland Schools","63150","Troy School District","06366","Larson Middle School","63","Oakland","LEA School","Middle School","City: Small","Oakland Region","5","07","English Language Arts","Students with Disabilities","< 10","< 10","13","26.90","23.10","50.00","26","42.10"
"22 - 23 School Year","63","Oakland Schools","63150","Troy School District","06366","Larson Middle School","63","Oakland","LEA School","Middle School","City: Small","Oakland Region","5","08","English Language Arts","Students with Disabilities","< 10","< 10","< 10","21.40","42.90","35.70","14","40.80"
"22 - 23 School Year","63","Oakland Schools","63150","Troy School District","06366","Larson Middle School","63","Oakland","LEA School","Middle School","City: Small","Oakland Region","5","All Grades","English Language Arts","Students without Disabilities","232","267","167","34.80","40.10","25.10","666","54.10"
"22 - 23 School Year","63","Oakland Schools","63150","Troy School District","06366","Larson Middle School","63","Oakland","LEA School","Middle School","City: Small","Oakland Region","5","08","Mathematics","All Students","59","101","79","24.70","42.30","33.10","239","48.30"
"22 - 23 School Year","63","Oakland Schools","63150","Troy School District","06366","Larson Middle School","63","Oakland","LEA School","Middle School","City: Small","Oakland Region","5","All Grades","Mathematics","Not Economically Disadvantaged","229","246","142","37.10","39.90","23.00","617","57.10"
"22 - 23 School Year","63","Oakland Schools","63150","Troy School District","06366","Larson Middle School","63","Oakland","LEA School","Middle School","City: Small","Oakland Region","5","06","Mathematics","Not Economically Disadvantaged","105","79","31","48.80","36.70","14.40","215","64.80"
"22 - 23 School Year","63","Oakland Schools","63150","Troy School District","06366","Larson Middle School","63","Oakland","LEA School","Middle School","City: Small","Oakland Region","5","07","Mathematics","Not Economically Disadvantaged","74","76","50","37.00","38.00","25.00","200","56.80"
"22 - 23 School Year","63","Oakland Schools","63150","Troy School District","06366","Larson Middle School","63","Oakland","LEA School","Middle School","City: Small","Oakland Region","5","All Grades","English Language Arts","Native Hawaiian or Other Pacific Islander","< 10","< 10","< 10","< 10","< 10","< 10","< 10","< 10"
"22 - 23 School Year","63","Oakland Schools","63150","Troy School District","06366","Larson Middle School","63","Oakland","LEA School","Middle School","City: Small","Oakland Region","5","All Grades","English Language Arts","Not Migrant","245","285","191","34.00","39.50","26.50","721","53.20"
"22 - 23 School Year","63","Oakland Schools","63150","Troy School District","06366","Larson Middle School","63","Oakland","LEA School","Middle School","City: Small","Oakland Region","5","All Grades","English Language Arts","Male","125","136","107","34.00","37.00","29.10","368","51.70"
"22 - 23 School Year","63","Oakland Schools","63150","Troy School District","06366","Larson Middle School","63","Oakland","LEA School","Middle School","City: Small","Oakland Region","5","All Grades","English Language Arts","White, not of Hispanic origin","130","170","125","30.60","40.00","29.40","425","50.70"
"22 - 23 School Year","63","Oakland Schools","63150","Troy School District","06366","Larson Middle School","63","Oakland","LEA School","Middle School","City: Small","Oakland Region","5","07","English Language Arts","Not Migrant","79","72","81","34.10","31.00","34.90","232","50.30"
"22 - 23 School Year","63","Oakland Schools","63150","Troy School District","06366","Larson Middle School","63","Oakland","LEA School","Middle School","City: Small","Oakland Region","5","07","English Language Arts","Male","45","36","44","36.00","28.80","35.20","125","51.10"
"22 - 23 School Year","63","Oakland Schools","63150","Troy School District","06366","Larson Middle School","63","Oakland","LEA School","Middle School","City: Small","Oakland Region","5","07","English Language Arts","White, not of Hispanic origin","39","37","58","29.10","27.60","43.30","134","45.30"
"22 - 23 School Year","63","Oakland Schools","63150","Troy School District","06366","Larson Middle School","63","Oakland","LEA School","Middle School","City: Small","Oakland Region","5","07","English Language Arts","Native Hawaiian or Other Pacific Islander","< 10","< 10","< 10","< 10","< 10","< 10","< 10","< 10"
"22 - 23 School Year","63","Oakland Schools","63150","Troy School District","06366","Larson Middle School","63","Oakland","LEA School","Middle School","City: Small","Oakland Region","5","06","English Language Arts","Not Migrant","74","117","59","29.60","46.80","23.60","250","52.50"
"22 - 23 School Year","63","Oakland Schools","63150","Troy School District","06366","Larson Middle School","63","Oakland","LEA School","Middle School","City: Small","Oakland Region","5","06","English Language Arts","Male","37","44","32","32.70","38.90","28.30","113","51.60"
"22 - 23 School Year","63","Oakland Schools","63150","Troy School District","06366","Larson Middle School","63","Oakland","LEA School","Middle School","City: Small","Oakland Region","5","06","English Language Arts","White, not of Hispanic origin","44","74","34","28.90","48.70","22.40","152","52.10"
"22 - 23 School Year","63","Oakland Schools","63150","Troy School District","06366","Larson Middle School","63","Oakland","LEA School","Middle School","City: Small","Oakland Region","5","06","English Language Arts","Native Hawaiian or Other Pacific Islander","< 10","< 10","< 10","< 10","< 10","< 10","< 10","< 10"
"22 - 23 School Year","63","Oakland Schools","63150","Troy School District","06366","Larson Middle School","63","Oakland","LEA School","Middle School","City: Small","Oakland Region","5","All Grades","English Language Arts","Asian","87","78","42","42.00","37.70","20.30","207","59.40"
"22 - 23 School Year","63","Oakland Schools","63150","Troy School District","06366","Larson Middle School","63","Oakland","LEA School","Middle School","City: Small","Oakland Region","5","All Grades","English Language Arts","Two or More Races","11","15","< 10","33.30","45.50","21.20","33","56.10"
"22 - 23 School Year","63","Oakland Schools","63150","Troy School District","06366","Larson Middle School","63","Oakland","LEA School","Middle School","City: Small","Oakland Region","5","07","English Language Arts","Not English Learners","73","69","72","34.10","32.20","33.60","214","51.20"
"22 - 23 School Year","63","Oakland Schools","63150","Troy School District","06366","Larson Middle School","63","Oakland","LEA School","Middle School","City: Small","Oakland Region","5","07","English Language Arts","Hispanic","< 10","< 10","< 10","41.70","8.30","50.00","12","42.30"
"22 - 23 School Year","63","Oakland Schools","63150","Troy School District","06366","Larson Middle School","63","Oakland","LEA School","Middle School","City: Small","Oakland Region","5","06","English Language Arts","Two or More Races","< 10","< 10","< 10","16.70","50.00","33.30","12","45.40"
"22 - 23 School Year","63","Oakland Schools","63150","Troy School District","06366","Larson Middle School","63","Oakland","LEA School","Middle School","City: Small","Oakland Region","5","06","English Language Arts","Asian","27","27","13","40.30","40.30","19.40","67","59.20"
"22 - 23 School Year","63","Oakland Schools","63150","Troy School District","06366","Larson Middle School","63","Oakland","LEA School","Middle School","City: Small","Oakland Region","5","07","English Language Arts","Economically Disadvantaged","11","< 10","13","34.40","25.00","40.60","32","47.00"
"22 - 23 School Year","63","Oakland Schools","63150","Troy School District","06366","Larson Middle School","63","Oakland","LEA School","Middle School","City: Small","Oakland Region","5","All Grades","English Language Arts","Not Economically Disadvantaged","209","245","161","34.00","39.80","26.20","615","53.30"
"22 - 23 School Year","63","Oakland Schools","63150","Troy School District","06366","Larson Middle School","63","Oakland","LEA School","Middle School","City: Small","Oakland Region","5","All Grades","English Language Arts","Economically Disadvantaged","36","40","30","34.00","37.70","28.30","106","53.00"
"22 - 23 School Year","63","Oakland Schools","63150","Troy School District","06366","Larson Middle School","63","Oakland","LEA School","Middle School","City: Small","Oakland Region","5","All Grades","English Language Arts","Hispanic","< 10","< 10","< 10","36.40","22.70","40.90","22","45.40"
"22 - 23 School Year","63","Oakland Schools","63150","Troy School District","06366","Larson Middle School","63","Oakland","LEA School","Middle School","City: Small","Oakland Region","5","All Grades","English Language Arts","Not English Learners","222","269","175","33.30","40.40","26.30","666","53.30"
"22 - 23 School Year","63","Oakland Schools","63150","Troy School District","06366","Larson Middle School","63","Oakland","LEA School","Middle School","City: Small","Oakland Region","5","All Grades","English Language Arts","English Learners","23","16","16","41.80","29.10","29.10","55","52.80"
"22 - 23 School Year","63","Oakland Schools","63150","Troy School District","06366","Larson Middle School","63","Oakland","LEA School","Middle School","City: Small","Oakland Region","5","06","English Language Arts","Black, not of Hispanic origin","< 10","< 10","< 10","8.30","50.00","41.70","12","39.60"
"22 - 23 School Year","63","Oakland Schools","63150","Troy School District","06366","Larson Middle School","63","Oakland","LEA School","Middle School","City: Small","Oakland Region","5","06","English Language Arts","Female","37","73","27","27.00","53.30","19.70","137","53.20"
"22 - 23 School Year","63","Oakland Schools","63150","Troy School District","06366","Larson Middle School","63","Oakland","LEA School","Middle School","City: Small","Oakland Region","5","06","English Language Arts","English Learners","10","< 10","< 10","50.00","35.00","15.00","20","63.50"
"22 - 23 School Year","63","Oakland Schools","63150","Troy School District","06366","Larson Middle School","63","Oakland","LEA School","Middle School","City: Small","Oakland Region","5","08","Science","Not Economically Disadvantaged","< 10","< 10","< 10","< 10","< 10","< 10","< 10","< 10"
"22 - 23 School Year","63","Oakland Schools","63150","Troy School District","06366","Larson Middle School","63","Oakland","LEA School","Middle School","City: Small","Oakland Region","5","All Grades","Science","White, not of Hispanic origin","< 10","< 10","< 10","< 10","< 10","< 10","< 10","< 10"
"22 - 23 School Year","63","Oakland Schools","63150","Troy School District","06366","Larson Middle School","63","Oakland","LEA School","Middle School","City: Small","Oakland Region","5","08","Science","Not English Learners","< 10","< 10","< 10","< 10","< 10","< 10","< 10","< 10"
"22 - 23 School Year","63","Oakland Schools","63150","Troy School District","06366","Larson Middle School","63","Oakland","LEA School","Middle School","City: Small","Oakland Region","5","08","Science","Economically Disadvantaged","< 10","< 10","< 10","< 10","< 10","< 10","< 10","< 10"
"22 - 23 School Year","63","Oakland Schools","63150","Troy School District","06366","Larson Middle School","63","Oakland","LEA School","Middle School","City: Small","Oakland Region","5","All Grades","Science","Not Migrant","< 10","< 10","< 10","< 10","< 10","< 10","< 10","< 10"
"22 - 23 School Year","63","Oakland Schools","63150","Troy School District","06366","Larson Middle School","63","Oakland","LEA School","Middle School","City: Small","Oakland Region","5","All Grades","Science","Male","< 10","< 10","< 10","< 10","< 10","< 10","< 10","< 10"
"22 - 23 School Year","63","Oakland Schools","63150","Troy School District","06366","Larson Middle School","63","Oakland","LEA School","Middle School","City: Small","Oakland Region","5","07","Mathematics","Not Migrant","88","86","58","37.90","37.10","25.00","232","56.60"
"22 - 23 School Year","63","Oakland Schools","63150","Troy School District","06366","Larson Middle School","63","Oakland","LEA School","Middle School","City: Small","Oakland Region","5","07","Mathematics","Male","49","42","34","39.20","33.60","27.20","125","56.40"
"22 - 23 School Year","63","Oakland Schools","63150","Troy School District","06366","Larson Middle School","63","Oakland","LEA School","Middle School","City: Small","Oakland Region","5","07","Mathematics","White, not of Hispanic origin","45","54","34","33.80","40.60","25.60","133","55.20"
"22 - 23 School Year","63","Oakland Schools","63150","Troy School District","06366","Larson Middle School","63","Oakland","LEA School","Middle School","City: Small","Oakland Region","5","08","Mathematics","Not Migrant","59","101","79","24.70","42.30","33.10","239","48.30"
"22 - 23 School Year","63","Oakland Schools","63150","Troy School District","06366","Larson Middle School","63","Oakland","LEA School","Middle School","City: Small","Oakland Region","5","08","Mathematics","Male","30","58","42","23.10","44.60","32.30","130","47.70"
"22 - 23 School Year","63","Oakland Schools","63150","Troy School District","06366","Larson Middle School","63","Oakland","LEA School","Middle School","City: Small","Oakland Region","5","08","Mathematics","White, not of Hispanic origin","32","54","53","23.00","38.80","38.10","139","45.90"
"22 - 23 School Year","63","Oakland Schools","63150","Troy School District","06366","Larson Middle School","63","Oakland","LEA School","Middle School","City: Small","Oakland Region","5","07","English Language Arts","All Students","79","72","81","34.10","31.00","34.90","232","50.30"
"22 - 23 School Year","63","Oakland Schools","63150","Troy School District","06366","Larson Middle School","63","Oakland","LEA School","Middle School","City: Small","Oakland Region","5","08","English Language Arts","All Students","92","96","51","38.50","40.20","21.30","239","56.90"
"22 - 23 School Year","63","Oakland Schools","63150","Troy School District","06366","Larson Middle School","63","Oakland","LEA School","Middle School","City: Small","Oakland Region","5","08","Science","Students with Disabilities","< 10","< 10","< 10","< 10","< 10","< 10","< 10","< 10"
"22 - 23 School Year","63","Oakland Schools","63150","Troy School District","06366","Larson Middle School","63","Oakland","LEA School","Middle School","City: Small","Oakland Region","5","06","Mathematics","Students without Disabilities","114","83","40","48.10","35.00","16.90","237","63.70"
"22 - 23 School Year","63","Oakland Schools","63150","Troy School District","06366","Larson Middle School","63","Oakland","LEA School","Middle School","City: Small","Oakland Region","5","All Grades","Science","Students with Disabilities","< 10","< 10","< 10","< 10","< 10","< 10","< 10","< 10"
"22 - 23 School Year","63","Oakland Schools","63150","Troy School District","06366","Larson Middle School","63","Oakland","LEA School","Middle School","City: Small","Oakland Region","5","All Grades","Mathematics","Not Migrant","268","274","181","37.10","37.90","25.00","723","56.20"
"22 - 23 School Year","63","Oakland Schools","63150","Troy School District","06366","Larson Middle School","63","Oakland","LEA School","Middle School","City: Small","Oakland Region","5","All Grades","Mathematics","Male","133","139","97","36.00","37.70","26.30","369","55.30"
"22 - 23 School Year","63","Oakland Schools","63150","Troy School District","06366","Larson Middle School","63","Oakland","LEA School","Middle School","City: Small","Oakland Region","5","All Grades","Mathematics","White, not of Hispanic origin","136","174","115","32.00","40.90","27.10","425","53.50"
"22 - 23 School Year","63","Oakland Schools","63150","Troy School District","06366","Larson Middle School","63","Oakland","LEA School","Middle School","City: Small","Oakland Region","5","All Grades","Mathematics","Native Hawaiian or Other Pacific Islander","< 10","< 10","< 10","< 10","< 10","< 10","< 10","< 10"
"22 - 23 School Year","63","Oakland Schools","63150","Troy School District","06366","Larson Middle School","63","Oakland","LEA School","Middle School","City: Small","Oakland Region","5","06","Mathematics","Economically Disadvantaged","16","< 10","13","43.20","21.60","35.10","37","53.90"
"22 - 23 School Year","63","Oakland Schools","63150","Troy School District","06366","Larson Middle School","63","Oakland","LEA School","Middle School","City: Small","Oakland Region","5","06","Mathematics","Hispanic","< 10","< 10","< 10","< 10","< 10","< 10","< 10","< 10"
"22 - 23 School Year","63","Oakland Schools","63150","Troy School District","06366","Larson Middle School","63","Oakland","LEA School","Middle School","City: Small","Oakland Region","5","All Grades","Mathematics","Not English Learners","245","259","161","36.80","38.90","24.20","665","56.40"
"22 - 23 School Year","63","Oakland Schools","63150","Troy School District","06366","Larson Middle School","63","Oakland","LEA School","Middle School","City: Small","Oakland Region","5","All Grades","Science","Economically Disadvantaged","< 10","< 10","< 10","< 10","< 10","< 10","< 10","< 10"
"22 - 23 School Year","63","Oakland Schools","63150","Troy School District","06366","Larson Middle School","63","Oakland","LEA School","Middle School","City: Small","Oakland Region","5","All Grades","Science","Not English Learners","< 10","< 10","< 10","< 10","< 10","< 10","< 10","< 10"
"22 - 23 School Year","63","Oakland Schools","63150","Troy School District","06366","Larson Middle School","63","Oakland","LEA School","Middle School","City: Small","Oakland Region","5","All Grades","Science","Not Economically Disadvantaged","< 10","< 10","< 10","< 10","< 10","< 10","< 10","< 10"
"22 - 23 School Year","63","Oakland Schools","63150","Troy School District","06366","Larson Middle School","63","Oakland","LEA School","Middle School","City: Small","Oakland Region","5","All Grades","Mathematics","Asian","97","70","42","46.40","33.50","20.10","209","62.40"
"22 - 23 School Year","63","Oakland Schools","63150","Troy School District","06366","Larson Middle School","63","Oakland","LEA School","Middle School","City: Small","Oakland Region","5","All Grades","Mathematics","Two or More Races","16","< 10","< 10","50.00","21.90","28.10","32","58.70"
"22 - 23 School Year","63","Oakland Schools","63150","Troy School District","06366","Larson Middle School","63","Oakland","LEA School","Middle School","City: Small","Oakland Region","5","06","Mathematics","Two or More Races","< 10","< 10","< 10","58.30","8.30","33.30","12","59.20"
"22 - 23 School Year","63","Oakland Schools","63150","Troy School District","06366","Larson Middle School","63","Oakland","LEA School","Middle School","City: Small","Oakland Region","5","08","Science","All Students","< 10","< 10","< 10","< 10","< 10","< 10","< 10","< 10"
"22 - 23 School Year","63","Oakland Schools","63150","Troy School District","06366","Larson Middle School","63","Oakland","LEA School","Middle School","City: Small","Oakland Region","5","08","Science","Not Migrant","< 10","< 10","< 10","< 10","< 10","< 10","< 10","< 10"
"22 - 23 School Year","63","Oakland Schools","63150","Troy School District","06366","Larson Middle School","63","Oakland","LEA School","Middle School","City: Small","Oakland Region","5","08","Science","White, not of Hispanic origin","< 10","< 10","< 10","< 10","< 10","< 10","< 10","< 10"
"22 - 23 School Year","63","Oakland Schools","63150","Troy School District","06366","Larson Middle School","63","Oakland","LEA School","Middle School","City: Small","Oakland Region","5","08","Science","Male","< 10","< 10","< 10","< 10","< 10","< 10","< 10","< 10"
"22 - 23 School Year","63","Oakland Schools","63150","Troy School District","06366","Larson Middle School","63","Oakland","LEA School","Middle School","City: Small","Oakland Region","5","All Grades","Science","All Students","< 10","< 10","< 10","< 10","< 10","< 10","< 10","< 10"
"22 - 23 School Year","63","Oakland Schools","63150","Troy School District","06366","Larson Middle School","63","Oakland","LEA School","Middle School","City: Small","Oakland Region","5","07","Mathematics","Economically Disadvantaged","14","10","< 10","43.80","31.30","25.00","32","55.40"
"22 - 23 School Year","63","Oakland Schools","63150","Troy School District","06366","Larson Middle School","63","Oakland","LEA School","Middle School","City: Small","Oakland Region","5","07","Mathematics","Hispanic","< 10","< 10","< 10","46.20","23.10","30.80","13","55.50"
"22 - 23 School Year","63","Oakland Schools","63150","Troy School District","06366","Larson Middle School","63","Oakland","LEA School","Middle School","City: Small","Oakland Region","5","06","Mathematics","Not English Learners","114","81","36","49.40","35.10","15.60","231","64.50"
"22 - 23 School Year","63","Oakland Schools","63150","Troy School District","06366","Larson Middle School","63","Oakland","LEA School","Middle School","City: Small","Oakland Region","5","08","Mathematics","English Learners","< 10","< 10","< 10","27.80","33.30","38.90","18","47.10"
"22 - 23 School Year","63","Oakland Schools","63150","Troy School District","06366","Larson Middle School","63","Oakland","LEA School","Middle School","City: Small","Oakland Region","5","All Grades","English Language Arts","Female","120","149","84","34.00","42.20","23.80","353","54.80"
"22 - 23 School Year","63","Oakland Schools","63150","Troy School District","06366","Larson Middle School","63","Oakland","LEA School","Middle School","City: Small","Oakland Region","5","All Grades","English Language Arts","Black, not of Hispanic origin","< 10","16","< 10","23.30","53.30","23.30","30","48.60"
"22 - 23 School Year","63","Oakland Schools","63150","Troy School District","06366","Larson Middle School","63","Oakland","LEA School","Middle School","City: Small","Oakland Region","5","08","English Language Arts","Asian","32","24","16","44.40","33.30","22.20","72","59.10"
"22 - 23 School Year","63","Oakland Schools","63150","Troy School District","06366","Larson Middle School","63","Oakland","LEA School","Middle School","City: Small","Oakland Region","5","08","English Language Arts","Two or More Races","< 10","< 10","< 10","33.30","50.00","16.70","12","60.20"
"22 - 23 School Year","63","Oakland Schools","63150","Troy School District","06366","Larson Middle School","63","Oakland","LEA School","Middle School","City: Small","Oakland Region","5","07","English Language Arts","Asian","28","27","13","41.20","39.70","19.10","68","59.80"
"22 - 23 School Year","63","Oakland Schools","63150","Troy School District","06366","Larson Middle School","63","Oakland","LEA School","Middle School","City: Small","Oakland Region","5","07","English Language Arts","Two or More Races","< 10","< 10","< 10","< 10","< 10","< 10","< 10","< 10"
"22 - 23 School Year","63","Oakland Schools","63150","Troy School District","06367","Boulan Park Middle School","63","Oakland","LEA School","Middle School","City: Small","Oakland Region","5","07","Mathematics","Economically Disadvantaged","< 10","< 10","< 10","37.50","31.30","31.30","16","51.40"
"22 - 23 School Year","63","Oakland Schools","63150","Troy School District","06367","Boulan Park Middle School","63","Oakland","LEA School","Middle School","City: Small","Oakland Region","5","07","Mathematics","Hispanic","< 10","< 10","< 10","< 10","< 10","< 10","< 10","< 10"
"22 - 23 School Year","63","Oakland Schools","63150","Troy School District","06367","Boulan Park Middle School","63","Oakland","LEA School","Middle School","City: Small","Oakland Region","5","08","English Language Arts","All Students","114","82","44","47.50","34.20","18.30","240","62.20"
"22 - 23 School Year","63","Oakland Schools","63150","Troy School District","06367","Boulan Park Middle School","63","Oakland","LEA School","Middle School","City: Small","Oakland Region","5","06","Mathematics","Economically Disadvantaged","11","16","< 10","33.30","48.50","18.20","33","58.10"
"22 - 23 School Year","63","Oakland Schools","63150","Troy School District","06367","Boulan Park Middle School","63","Oakland","LEA School","Middle School","City: Small","Oakland Region","5","06","Mathematics","Hispanic","< 10","< 10","< 10","30.00","60.00","10.00","10","49.40"
"22 - 23 School Year","63","Oakland Schools","63150","Troy School District","06367","Boulan Park Middle School","63","Oakland","LEA School","Middle School","City: Small","Oakland Region","5","06","Mathematics","Not English Learners","92","99","47","38.70","41.60","19.70","238","57.20"
"22 - 23 School Year","63","Oakland Schools","63150","Troy School District","06367","Boulan Park Middle School","63","Oakland","LEA School","Middle School","City: Small","Oakland Region","5","08","English Language Arts","Students without Disabilities","111","78","40","48.50","34.10","17.50","229","62.90"
"22 - 23 School Year","63","Oakland Schools","63150","Troy School District","06367","Boulan Park Middle School","63","Oakland","LEA School","Middle School","City: Small","Oakland Region","5","07","Mathematics","Students with Disabilities","< 10","< 10","< 10","9.10","36.40","54.50","11","34.40"
"22 - 23 School Year","63","Oakland Schools","63150","Troy School District","06367","Boulan Park Middle School","63","Oakland","LEA School","Middle School","City: Small","Oakland Region","5","08","Mathematics","Students with Disabilities","< 10","< 10","< 10","27.30","45.50","27.30","11","48.10"
"22 - 23 School Year","63","Oakland Schools","63150","Troy School District","06367","Boulan Park Middle School","63","Oakland","LEA School","Middle School","City: Small","Oakland Region","5","08","Mathematics","Not Economically Disadvantaged","74","106","39","33.80","48.40","17.80","219","54.80"
"22 - 23 School Year","63","Oakland Schools","63150","Troy School District","06367","Boulan Park Middle School","63","Oakland","LEA School","Middle School","City: Small","Oakland Region","5","07","Mathematics","Not Economically Disadvantaged","97","88","47","41.80","37.90","20.30","232","59.50"
"22 - 23 School Year","63","Oakland Schools","63150","Troy School District","06367","Boulan Park Middle School","63","Oakland","LEA School","Middle School","City: Small","Oakland Region","5","06","Mathematics","Not Economically Disadvantaged","91","94","45","39.60","40.90","19.60","230","57.30"
"22 - 23 School Year","63","Oakland Schools","63150","Troy School District","06367","Boulan Park Middle School","63","Oakland","LEA School","Middle School","City: Small","Oakland Region","5","All Grades","Mathematics","Not Economically Disadvantaged","262","288","131","38.50","42.30","19.20","681","57.20"
"22 - 23 School Year","63","Oakland Schools","63150","Troy School District","06367","Boulan Park Middle School","63","Oakland","LEA School","Middle School","City: Small","Oakland Region","5","08","English Language Arts","Not Economically Disadvantaged","101","75","41","46.50","34.60","18.90","217","61.50"
"22 - 23 School Year","63","Oakland Schools","63150","Troy School District","06367","Boulan Park Middle School","63","Oakland","LEA School","Middle School","City: Small","Oakland Region","5","07","English Language Arts","Not Economically Disadvantaged","81","98","51","35.20","42.60","22.20","230","55.90"
"22 - 23 School Year","63","Oakland Schools","63150","Troy School District","06367","Boulan Park Middle School","63","Oakland","LEA School","Middle School","City: Small","Oakland Region","5","06","English Language Arts","Not Economically Disadvantaged","56","89","79","25.00","39.70","35.30","224","46.20"
"22 - 23 School Year","63","Oakland Schools","63150","Troy School District","06367","Boulan Park Middle School","63","Oakland","LEA School","Middle School","City: Small","Oakland Region","5","All Grades","English Language Arts","Not Economically Disadvantaged","238","262","171","35.50","39.00","25.50","671","54.50"
"22 - 23 School Year","63","Oakland Schools","63150","Troy School District","06367","Boulan Park Middle School","63","Oakland","LEA School","Middle School","City: Small","Oakland Region","5","All Grades","Mathematics","Students without Disabilities","282","306","131","39.20","42.60","18.20","719","57.90"
"22 - 23 School Year","63","Oakland Schools","63150","Troy School District","06367","Boulan Park Middle School","63","Oakland","LEA School","Middle School","City: Small","Oakland Region","5","07","Mathematics","Students without Disabilities","102","89","46","43.00","37.60","19.40","237","60.10"
"22 - 23 School Year","63","Oakland Schools","63150","Troy School District","06367","Boulan Park Middle School","63","Oakland","LEA School","Middle School","City: Small","Oakland Region","5","06","Mathematics","Students without Disabilities","100","105","46","39.80","41.80","18.30","251","58.10"
"22 - 23 School Year","63","Oakland Schools","63150","Troy School District","06367","Boulan Park Middle School","63","Oakland","LEA School","Middle School","City: Small","Oakland Region","5","06","Mathematics","Students with Disabilities","< 10","< 10","< 10","16.70","41.70","41.70","12","42.00"
"22 - 23 School Year","63","Oakland Schools","63150","Troy School District","06367","Boulan Park Middle School","63","Oakland","LEA School","Middle School","City: Small","Oakland Region","5","All Grades","Mathematics","Students with Disabilities","< 10","14","14","17.60","41.20","41.20","34","41.50"
"22 - 23 School Year","63","Oakland Schools","63150","Troy School District","06367","Boulan Park Middle School","63","Oakland","LEA School","Middle School","City: Small","Oakland Region","5","06","Mathematics","Female","54","57","28","38.80","41.00","20.10","139","56.60"
"22 - 23 School Year","63","Oakland Schools","63150","Troy School District","06367","Boulan Park Middle School","63","Oakland","LEA School","Middle School","City: Small","Oakland Region","5","All Grades","Mathematics","Two or More Races","13","11","< 10","46.40","39.30","14.30","28","61.40"
"22 - 23 School Year","63","Oakland Schools","63150","Troy School District","06367","Boulan Park Middle School","63","Oakland","LEA School","Middle School","City: Small","Oakland Region","5","All Grades","Mathematics","Asian","183","169","66","43.80","40.40","15.80","418","61.20"
"22 - 23 School Year","63","Oakland Schools","63150","Troy School District","06367","Boulan Park Middle School","63","Oakland","LEA School","Middle School","City: Small","Oakland Region","5","08","Mathematics","English Learners","< 10","< 10","< 10","26.30","36.80","36.80","19","47.90"
"22 - 23 School Year","63","Oakland Schools","63150","Troy School District","06367","Boulan Park Middle School","63","Oakland","LEA School","Middle School","City: Small","Oakland Region","5","08","Mathematics","Female","41","62","22","32.80","49.60","17.60","125","54.20"
"22 - 23 School Year","63","Oakland Schools","63150","Troy School District","06367","Boulan Park Middle School","63","Oakland","LEA School","Middle School","City: Small","Oakland Region","5","All Grades","English Language Arts","English Learners","17","18","20","30.90","32.70","36.40","55","51.00"
"22 - 23 School Year","63","Oakland Schools","63150","Troy School District","06367","Boulan Park Middle School","63","Oakland","LEA School","Middle School","City: Small","Oakland Region","5","All Grades","English Language Arts","Female","133","145","103","34.90","38.10","27.00","381","53.70"
"22 - 23 School Year","63","Oakland Schools","63150","Troy School District","06367","Boulan Park Middle School","63","Oakland","LEA School","Middle School","City: Small","Oakland Region","5","All Grades","English Language Arts","Black, not of Hispanic origin","< 10","13","< 10","25.00","46.40","28.60","28","50.90"
"22 - 23 School Year","63","Oakland Schools","63150","Troy School District","06367","Boulan Park Middle School","63","Oakland","LEA School","Middle School","City: Small","Oakland Region","5","06","English Language Arts","Black, not of Hispanic origin","< 10","< 10","< 10","30.80","38.50","30.80","13","51.70"
"22 - 23 School Year","63","Oakland Schools","63150","Troy School District","06367","Boulan Park Middle School","63","Oakland","LEA School","Middle School","City: Small","Oakland Region","5","06","English Language Arts","Female","29","55","51","21.50","40.70","37.80","135","44.00"
"22 - 23 School Year","63","Oakland Schools","63150","Troy School District","06367","Boulan Park Middle School","63","Oakland","LEA School","Middle School","City: Small","Oakland Region","5","06","English Language Arts","English Learners","< 10","< 10","11","5.30","36.80","57.90","19","35.90"
"22 - 23 School Year","63","Oakland Schools","63150","Troy School District","06367","Boulan Park Middle School","63","Oakland","LEA School","Middle School","City: Small","Oakland Region","5","06","English Language Arts","Economically Disadvantaged","< 10","15","13","12.50","46.90","40.60","32","39.30"
"22 - 23 School Year","63","Oakland Schools","63150","Troy School District","06367","Boulan Park Middle School","63","Oakland","LEA School","Middle School","City: Small","Oakland Region","5","07","English Language Arts","Black, not of Hispanic origin","< 10","< 10","< 10","< 10","< 10","< 10","< 10","< 10"
"22 - 23 School Year","63","Oakland Schools","63150","Troy School District","06367","Boulan Park Middle School","63","Oakland","LEA School","Middle School","City: Small","Oakland Region","5","07","English Language Arts","Female","47","49","26","38.50","40.20","21.30","122","56.90"
"22 - 23 School Year","63","Oakland Schools","63150","Troy School District","06367","Boulan Park Middle School","63","Oakland","LEA School","Middle School","City: Small","Oakland Region","5","07","English Language Arts","English Learners","< 10","< 10","< 10","16.70","38.90","44.40","18","41.40"
"22 - 23 School Year","63","Oakland Schools","63150","Troy School District","06367","Boulan Park Middle School","63","Oakland","LEA School","Middle School","City: Small","Oakland Region","5","08","English Language Arts","Black, not of Hispanic origin","< 10","< 10","< 10","30.00","60.00","10.00","10","63.10"
"22 - 23 School Year","63","Oakland Schools","63150","Troy School District","06367","Boulan Park Middle School","63","Oakland","LEA School","Middle School","City: Small","Oakland Region","5","08","English Language Arts","Female","57","41","26","46.00","33.10","21.00","124","61.20"
"22 - 23 School Year","63","Oakland Schools","63150","Troy School District","06367","Boulan Park Middle School","63","Oakland","LEA School","Middle School","City: Small","Oakland Region","5","08","English Language Arts","English Learners","13","< 10","< 10","72.20","22.20","5.60","18","76.30"
"22 - 23 School Year","63","Oakland Schools","63150","Troy School District","06367","Boulan Park Middle School","63","Oakland","LEA School","Middle School","City: Small","Oakland Region","5","08","Mathematics","All Students","83","117","42","34.30","48.30","17.40","242","55.20"
"22 - 23 School Year","63","Oakland Schools","63150","Troy School District","06367","Boulan Park Middle School","63","Oakland","LEA School","Middle School","City: Small","Oakland Region","5","All Grades","Mathematics","Native Hawaiian or Other Pacific Islander","< 10","< 10","< 10","< 10","< 10","< 10","< 10","< 10"
"22 - 23 School Year","63","Oakland Schools","63150","Troy School District","06367","Boulan Park Middle School","63","Oakland","LEA School","Middle School","City: Small","Oakland Region","5","08","Mathematics","Economically Disadvantaged","< 10","11","< 10","39.10","47.80","13.00","23","59.30"
"22 - 23 School Year","63","Oakland Schools","63150","Troy School District","06367","Boulan Park Middle School","63","Oakland","LEA School","Middle School","City: Small","Oakland Region","5","07","Mathematics","Not English Learners","94","86","48","41.20","37.70","21.10","228","59.00"
"22 - 23 School Year","63","Oakland Schools","63150","Troy School District","06367","Boulan Park Middle School","63","Oakland","LEA School","Middle School","City: Small","Oakland Region","5","All Grades","Mathematics","White, not of Hispanic origin","74","119","63","28.90","46.50","24.60","256","51.30"
"22 - 23 School Year","63","Oakland Schools","63150","Troy School District","06367","Boulan Park Middle School","63","Oakland","LEA School","Middle School","City: Small","Oakland Region","5","08","Mathematics","Not English Learners","78","110","35","35.00","49.30","15.70","223","55.80"
"22 - 23 School Year","63","Oakland Schools","63150","Troy School District","06367","Boulan Park Middle School","63","Oakland","LEA School","Middle School","City: Small","Oakland Region","5","08","Mathematics","Hispanic","< 10","< 10","< 10","< 10","< 10","< 10","< 10","< 10"
"22 - 23 School Year","63","Oakland Schools","63150","Troy School District","06367","Boulan Park Middle School","63","Oakland","LEA School","Middle School","City: Small","Oakland Region","5","08","Mathematics","Students without Disabilities","80","112","39","34.60","48.50","16.90","231","55.50"
"22 - 23 School Year","63","Oakland Schools","63150","Troy School District","06367","Boulan Park Middle School","63","Oakland","LEA School","Middle School","City: Small","Oakland Region","5","06","English Language Arts","Students without Disabilities","56","101","87","23.00","41.40","35.70","244","45.20"
"22 - 23 School Year","63","Oakland Schools","63150","Troy School District","06367","Boulan Park Middle School","63","Oakland","LEA School","Middle School","City: Small","Oakland Region","5","07","English Language Arts","Students without Disabilities","84","102","49","35.70","43.40","20.90","235","56.60"
"22 - 23 School Year","63","Oakland Schools","63150","Troy School District","06367","Boulan Park Middle School","63","Oakland","LEA School","Middle School","City: Small","Oakland Region","5","All Grades","English Language Arts","Students without Disabilities","251","281","176","35.50","39.70","24.90","708","54.70"
"22 - 23 School Year","63","Oakland Schools","63150","Troy School District","06367","Boulan Park Middle School","63","Oakland","LEA School","Middle School","City: Small","Oakland Region","5","06","English Language Arts","Students with Disabilities","< 10","< 10","< 10","33.30","25.00","41.70","12","47.90"
"22 - 23 School Year","63","Oakland Schools","63150","Troy School District","06367","Boulan Park Middle School","63","Oakland","LEA School","Middle School","City: Small","Oakland Region","5","07","English Language Arts","Students with Disabilities","< 10","< 10","< 10","9.10","18.20","72.70","11","26.30"
"22 - 23 School Year","63","Oakland Schools","63150","Troy School District","06367","Boulan Park Middle School","63","Oakland","LEA School","Middle School","City: Small","Oakland Region","5","All Grades","English Language Arts","Students with Disabilities","< 10","< 10","17","23.50","26.50","50.00","34","40.60"
"22 - 23 School Year","63","Oakland Schools","63150","Troy School District","06367","Boulan Park Middle School","63","Oakland","LEA School","Middle School","City: Small","Oakland Region","5","08","English Language Arts","Students with Disabilities","< 10","< 10","< 10","27.30","36.40","36.40","11","47.10"
"22 - 23 School Year","63","Oakland Schools","63150","Troy School District","06367","Boulan Park Middle School","63","Oakland","LEA School","Middle School","City: Small","Oakland Region","5","06","Mathematics","English Learners","10","11","< 10","40.00","44.00","16.00","25","59.40"
"22 - 23 School Year","63","Oakland Schools","63150","Troy School District","06367","Boulan Park Middle School","63","Oakland","LEA School","Middle School","City: Small","Oakland Region","5","07","Mathematics","All Students","103","93","52","41.50","37.50","21.00","248","58.90"
"22 - 23 School Year","63","Oakland Schools","63150","Troy School District","06367","Boulan Park Middle School","63","Oakland","LEA School","Middle School","City: Small","Oakland Region","5","06","Mathematics","All Students","102","110","51","38.80","41.80","19.40","263","57.40"
"22 - 23 School Year","63","Oakland Schools","63150","Troy School District","06367","Boulan Park Middle School","63","Oakland","LEA School","Middle School","City: Small","Oakland Region","5","All Grades","Mathematics","All Students","288","320","145","38.20","42.50","19.30","753","57.20"
"22 - 23 School Year","63","Oakland Schools","63150","Troy School District","06367","Boulan Park Middle School","63","Oakland","LEA School","Middle School","City: Small","Oakland Region","5","All Grades","Mathematics","Not English Learners","264","295","130","38.30","42.80","18.90","689","57.30"
"22 - 23 School Year","63","Oakland Schools","63150","Troy School District","06367","Boulan Park Middle School","63","Oakland","LEA School","Middle School","City: Small","Oakland Region","5","07","Mathematics","English Learners","< 10","< 10","< 10","45.00","35.00","20.00","20","58.40"
"22 - 23 School Year","63","Oakland Schools","63150","Troy School District","06367","Boulan Park Middle School","63","Oakland","LEA School","Middle School","City: Small","Oakland Region","5","07","Mathematics","Female","45","54","23","36.90","44.30","18.90","122","58.70"
"22 - 23 School Year","63","Oakland Schools","63150","Troy School District","06367","Boulan Park Middle School","63","Oakland","LEA School","Middle School","City: Small","Oakland Region","5","07","Mathematics","Black, not of Hispanic origin","< 10","< 10","< 10","< 10","< 10","< 10","< 10","< 10"
"22 - 23 School Year","63","Oakland Schools","63150","Troy School District","06367","Boulan Park Middle School","63","Oakland","LEA School","Middle School","City: Small","Oakland Region","5","08","Mathematics","Black, not of Hispanic origin","< 10","< 10","< 10","30.00","30.00","40.00","10","43.30"
"22 - 23 School Year","63","Oakland Schools","63150","Troy School District","06367","Boulan Park Middle School","63","Oakland","LEA School","Middle School","City: Small","Oakland Region","5","06","Mathematics","Black, not of Hispanic origin","< 10","< 10","< 10","30.80","46.20","23.10","13","53.20"
"22 - 23 School Year","63","Oakland Schools","63150","Troy School District","06367","Boulan Park Middle School","63","Oakland","LEA School","Middle School","City: Small","Oakland Region","5","07","English Language Arts","Native Hawaiian or Other Pacific Islander","< 10","< 10","< 10","< 10","< 10","< 10","< 10","< 10"
"22 - 23 School Year","63","Oakland Schools","63150","Troy School District","06367","Boulan Park Middle School","63","Oakland","LEA School","Middle School","City: Small","Oakland Region","5","08","English Language Arts","Not Migrant","114","82","44","47.50","34.20","18.30","240","62.20"
"22 - 23 School Year","63","Oakland Schools","63150","Troy School District","06367","Boulan Park Middle School","63","Oakland","LEA School","Middle School","City: Small","Oakland Region","5","08","English Language Arts","Male","57","41","18","49.10","35.30","15.50","116","63.20"
"22 - 23 School Year","63","Oakland Schools","63150","Troy School District","06367","Boulan Park Middle School","63","Oakland","LEA School","Middle School","City: Small","Oakland Region","5","08","English Language Arts","White, not of Hispanic origin","37","24","18","46.80","30.40","22.80","79","58.30"
"22 - 23 School Year","63","Oakland Schools","63150","Troy School District","06367","Boulan Park Middle School","63","Oakland","LEA School","Middle School","City: Small","Oakland Region","5","07","English Language Arts","White, not of Hispanic origin","26","40","25","28.60","44.00","27.50","91","50.20"
"22 - 23 School Year","63","Oakland Schools","63150","Troy School District","06367","Boulan Park Middle School","63","Oakland","LEA School","Middle School","City: Small","Oakland Region","5","07","English Language Arts","Male","38","55","31","30.60","44.40","25.00","124","53.60"
"22 - 23 School Year","63","Oakland Schools","63150","Troy School District","06367","Boulan Park Middle School","63","Oakland","LEA School","Middle School","City: Small","Oakland Region","5","07","English Language Arts","Not Migrant","85","104","57","34.60","42.30","23.20","246","55.20"
"22 - 23 School Year","63","Oakland Schools","63150","Troy School District","06367","Boulan Park Middle School","63","Oakland","LEA School","Middle School","City: Small","Oakland Region","5","06","English Language Arts","White, not of Hispanic origin","20","34","29","24.10","41.00","34.90","83","48.10"
"22 - 23 School Year","63","Oakland Schools","63150","Troy School District","06367","Boulan Park Middle School","63","Oakland","LEA School","Middle School","City: Small","Oakland Region","5","06","English Language Arts","Male","31","49","41","25.60","40.50","33.90","121","46.90"
"22 - 23 School Year","63","Oakland Schools","63150","Troy School District","06367","Boulan Park Middle School","63","Oakland","LEA School","Middle School","City: Small","Oakland Region","5","06","English Language Arts","Not Migrant","60","104","92","23.40","40.60","35.90","256","45.40"
"22 - 23 School Year","63","Oakland Schools","63150","Troy School District","06367","Boulan Park Middle School","63","Oakland","LEA School","Middle School","City: Small","Oakland Region","5","06","English Language Arts","Two or More Races","< 10","< 10","< 10","< 10","< 10","< 10","< 10","< 10"
"22 - 23 School Year","63","Oakland Schools","63150","Troy School District","06367","Boulan Park Middle School","63","Oakland","LEA School","Middle School","City: Small","Oakland Region","5","All Grades","English Language Arts","Not English Learners","242","272","173","35.20","39.60","25.20","687","54.30"
"22 - 23 School Year","63","Oakland Schools","63150","Troy School District","06367","Boulan Park Middle School","63","Oakland","LEA School","Middle School","City: Small","Oakland Region","5","All Grades","English Language Arts","Hispanic","< 10","< 10","< 10","28.60","42.90","28.60","21","49.30"
"22 - 23 School Year","63","Oakland Schools","63150","Troy School District","06367","Boulan Park Middle School","63","Oakland","LEA School","Middle School","City: Small","Oakland Region","5","All Grades","English Language Arts","Economically Disadvantaged","21","28","22","29.60","39.40","31.00","71","50.20"
"22 - 23 School Year","63","Oakland Schools","63150","Troy School District","06367","Boulan Park Middle School","63","Oakland","LEA School","Middle School","City: Small","Oakland Region","5","06","English Language Arts","Asian","32","56","54","22.50","39.40","38.00","142","43.30"
"22 - 23 School Year","63","Oakland Schools","63150","Troy School District","06367","Boulan Park Middle School","63","Oakland","LEA School","Middle School","City: Small","Oakland Region","5","07","English Language Arts","Two or More Races","< 10","< 10","< 10","36.40","54.50","9.10","11","63.00"
"22 - 23 School Year","63","Oakland Schools","63150","Troy School District","06367","Boulan Park Middle School","63","Oakland","LEA School","Middle School","City: Small","Oakland Region","5","07","English Language Arts","Asian","53","51","27","40.50","38.90","20.60","131","59.40"
"22 - 23 School Year","63","Oakland Schools","63150","Troy School District","06367","Boulan Park Middle School","63","Oakland","LEA School","Middle School","City: Small","Oakland Region","5","08","English Language Arts","Two or More Races","< 10","< 10","< 10","< 10","< 10","< 10","< 10","< 10"
"22 - 23 School Year","63","Oakland Schools","63150","Troy School District","06367","Boulan Park Middle School","63","Oakland","LEA School","Middle School","City: Small","Oakland Region","5","08","English Language Arts","Asian","72","48","18","52.20","34.80","13.00","138","66.60"
"22 - 23 School Year","63","Oakland Schools","63150","Troy School District","06367","Boulan Park Middle School","63","Oakland","LEA School","Middle School","City: Small","Oakland Region","5","07","English Language Arts","All Students","85","104","57","34.60","42.30","23.20","246","55.20"
"22 - 23 School Year","63","Oakland Schools","63150","Troy School District","06367","Boulan Park Middle School","63","Oakland","LEA School","Middle School","City: Small","Oakland Region","5","06","English Language Arts","All Students","60","104","92","23.40","40.60","35.90","256","45.40"
"22 - 23 School Year","63","Oakland Schools","63150","Troy School District","06367","Boulan Park Middle School","63","Oakland","LEA School","Middle School","City: Small","Oakland Region","5","All Grades","English Language Arts","All Students","259","290","193","34.90","39.10","26.00","742","54.10"
"22 - 23 School Year","63","Oakland Schools","63150","Troy School District","06367","Boulan Park Middle School","63","Oakland","LEA School","Middle School","City: Small","Oakland Region","5","All Grades","English Language Arts","Native Hawaiian or Other Pacific Islander","< 10","< 10","< 10","< 10","< 10","< 10","< 10","< 10"
"22 - 23 School Year","63","Oakland Schools","63150","Troy School District","06367","Boulan Park Middle School","63","Oakland","LEA School","Middle School","City: Small","Oakland Region","5","All Grades","English Language Arts","White, not of Hispanic origin","83","98","72","32.80","38.70","28.50","253","52.10"
"22 - 23 School Year","63","Oakland Schools","63150","Troy School District","06367","Boulan Park Middle School","63","Oakland","LEA School","Middle School","City: Small","Oakland Region","5","All Grades","English Language Arts","Male","126","145","90","34.90","40.20","24.90","361","54.40"
"22 - 23 School Year","63","Oakland Schools","63150","Troy School District","06367","Boulan Park Middle School","63","Oakland","LEA School","Middle School","City: Small","Oakland Region","5","08","English Language Arts","Not English Learners","101","78","43","45.50","35.10","19.40","222","61.00"
"22 - 23 School Year","63","Oakland Schools","63150","Troy School District","06367","Boulan Park Middle School","63","Oakland","LEA School","Middle School","City: Small","Oakland Region","5","All Grades","English Language Arts","Not Migrant","259","290","193","34.90","39.10","26.00","742","54.10"
"22 - 23 School Year","63","Oakland Schools","63150","Troy School District","06367","Boulan Park Middle School","63","Oakland","LEA School","Middle School","City: Small","Oakland Region","5","08","English Language Arts","Hispanic","< 10","< 10","< 10","< 10","< 10","< 10","< 10","< 10"
"22 - 23 School Year","63","Oakland Schools","63150","Troy School District","06367","Boulan Park Middle School","63","Oakland","LEA School","Middle School","City: Small","Oakland Region","5","08","English Language Arts","Economically Disadvantaged","13","< 10","< 10","56.50","30.40","13.00","23","68.70"
"22 - 23 School Year","63","Oakland Schools","63150","Troy School District","06367","Boulan Park Middle School","63","Oakland","LEA School","Middle School","City: Small","Oakland Region","5","07","Mathematics","Asian","62","49","22","46.60","36.80","16.50","133","62.90"
"22 - 23 School Year","63","Oakland Schools","63150","Troy School District","06367","Boulan Park Middle School","63","Oakland","LEA School","Middle School","City: Small","Oakland Region","5","06","Mathematics","Two or More Races","< 10","< 10","< 10","< 10","< 10","< 10","< 10","< 10"
"22 - 23 School Year","63","Oakland Schools","63150","Troy School District","06367","Boulan Park Middle School","63","Oakland","LEA School","Middle School","City: Small","Oakland Region","5","06","Mathematics","Asian","71","54","21","48.60","37.00","14.40","146","63.50"
"22 - 23 School Year","63","Oakland Schools","63150","Troy School District","06367","Boulan Park Middle School","63","Oakland","LEA School","Middle School","City: Small","Oakland Region","5","All Grades","Mathematics","Not Migrant","288","320","145","38.20","42.50","19.30","753","57.20"
"22 - 23 School Year","63","Oakland Schools","63150","Troy School District","06367","Boulan Park Middle School","63","Oakland","LEA School","Middle School","City: Small","Oakland Region","5","06","Mathematics","White, not of Hispanic origin","18","42","25","21.20","49.40","29.40","85","47.10"
"22 - 23 School Year","63","Oakland Schools","63150","Troy School District","06367","Boulan Park Middle School","63","Oakland","LEA School","Middle School","City: Small","Oakland Region","5","06","Mathematics","Male","48","53","23","38.70","42.70","18.50","124","58.30"
"22 - 23 School Year","63","Oakland Schools","63150","Troy School District","06367","Boulan Park Middle School","63","Oakland","LEA School","Middle School","City: Small","Oakland Region","5","06","Mathematics","Not Migrant","102","110","51","38.80","41.80","19.40","263","57.40"
"22 - 23 School Year","63","Oakland Schools","63150","Troy School District","06367","Boulan Park Middle School","63","Oakland","LEA School","Middle School","City: Small","Oakland Region","5","07","Mathematics","Two or More Races","< 10","< 10","< 10","36.40","63.60","< 5","11","61.60"
"22 - 23 School Year","63","Oakland Schools","63150","Troy School District","06367","Boulan Park Middle School","63","Oakland","LEA School","Middle School","City: Small","Oakland Region","5","All Grades","Mathematics","Hispanic","10","< 10","< 10","45.50","40.90","13.60","22","57.20"
"22 - 23 School Year","63","Oakland Schools","63150","Troy School District","06367","Boulan Park Middle School","63","Oakland","LEA School","Middle School","City: Small","Oakland Region","5","All Grades","Mathematics","Economically Disadvantaged","26","32","14","36.10","44.40","19.40","72","57.00"
"22 - 23 School Year","63","Oakland Schools","63150","Troy School District","06367","Boulan Park Middle School","63","Oakland","LEA School","Middle School","City: Small","Oakland Region","5","All Grades","Mathematics","Male","148","147","72","40.30","40.10","19.60","367","58.00"
"22 - 23 School Year","63","Oakland Schools","63150","Troy School District","06367","Boulan Park Middle School","63","Oakland","LEA School","Middle School","City: Small","Oakland Region","5","08","Mathematics","Two or More Races","< 10","< 10","< 10","< 10","< 10","< 10","< 10","< 10"
"22 - 23 School Year","63","Oakland Schools","63150","Troy School District","06367","Boulan Park Middle School","63","Oakland","LEA School","Middle School","City: Small","Oakland Region","5","08","Mathematics","Asian","50","66","23","36.00","47.50","16.50","139","57.20"
"22 - 23 School Year","63","Oakland Schools","63150","Troy School District","06367","Boulan Park Middle School","63","Oakland","LEA School","Middle School","City: Small","Oakland Region","5","08","Mathematics","White, not of Hispanic origin","25","43","12","31.30","53.80","15.00","80","53.30"
"22 - 23 School Year","63","Oakland Schools","63150","Troy School District","06367","Boulan Park Middle School","63","Oakland","LEA School","Middle School","City: Small","Oakland Region","5","08","Mathematics","Male","42","55","20","35.90","47.00","17.10","117","56.20"
"22 - 23 School Year","63","Oakland Schools","63150","Troy School District","06367","Boulan Park Middle School","63","Oakland","LEA School","Middle School","City: Small","Oakland Region","5","08","Mathematics","Not Migrant","83","117","42","34.30","48.30","17.40","242","55.20"
"22 - 23 School Year","63","Oakland Schools","63150","Troy School District","06367","Boulan Park Middle School","63","Oakland","LEA School","Middle School","City: Small","Oakland Region","5","All Grades","Mathematics","English Learners","24","25","15","37.50","39.10","23.40","64","55.70"
"22 - 23 School Year","63","Oakland Schools","63150","Troy School District","06367","Boulan Park Middle School","63","Oakland","LEA School","Middle School","City: Small","Oakland Region","5","All Grades","Mathematics","Female","140","173","73","36.30","44.80","18.90","386","56.50"
"22 - 23 School Year","63","Oakland Schools","63150","Troy School District","06367","Boulan Park Middle School","63","Oakland","LEA School","Middle School","City: Small","Oakland Region","5","All Grades","Mathematics","Black, not of Hispanic origin","< 10","12","< 10","28.60","42.90","28.60","28","48.00"
"22 - 23 School Year","63","Oakland Schools","63150","Troy School District","06367","Boulan Park Middle School","63","Oakland","LEA School","Middle School","City: Small","Oakland Region","5","07","Mathematics","Male","58","39","29","46.00","31.00","23.00","126","59.20"
"22 - 23 School Year","63","Oakland Schools","63150","Troy School District","06367","Boulan Park Middle School","63","Oakland","LEA School","Middle School","City: Small","Oakland Region","5","07","Mathematics","Not Migrant","103","93","52","41.50","37.50","21.00","248","58.90"
"22 - 23 School Year","63","Oakland Schools","63150","Troy School District","06367","Boulan Park Middle School","63","Oakland","LEA School","Middle School","City: Small","Oakland Region","5","07","Mathematics","White, not of Hispanic origin","31","34","26","34.10","37.40","28.60","91","53.50"
"22 - 23 School Year","63","Oakland Schools","63150","Troy School District","06367","Boulan Park Middle School","63","Oakland","LEA School","Middle School","City: Small","Oakland Region","5","07","Mathematics","Native Hawaiian or Other Pacific Islander","< 10","< 10","< 10","< 10","< 10","< 10","< 10","< 10"
"22 - 23 School Year","63","Oakland Schools","63150","Troy School District","06367","Boulan Park Middle School","63","Oakland","LEA School","Middle School","City: Small","Oakland Region","5","All Grades","English Language Arts","Asian","157","155","99","38.20","37.70","24.10","411","56.30"
"22 - 23 School Year","63","Oakland Schools","63150","Troy School District","06367","Boulan Park Middle School","63","Oakland","LEA School","Middle School","City: Small","Oakland Region","5","All Grades","English Language Arts","Two or More Races","< 10","14","< 10","21.40","50.00","28.60","28","47.30"
"22 - 23 School Year","63","Oakland Schools","63150","Troy School District","06367","Boulan Park Middle School","63","Oakland","LEA School","Middle School","City: Small","Oakland Region","5","06","English Language Arts","Hispanic","< 10","< 10","< 10","< 10","< 10","< 10","< 10","< 10"
"22 - 23 School Year","63","Oakland Schools","63150","Troy School District","06367","Boulan Park Middle School","63","Oakland","LEA School","Middle School","City: Small","Oakland Region","5","06","English Language Arts","Not English Learners","59","97","81","24.90","40.90","34.20","237","46.10"
"22 - 23 School Year","63","Oakland Schools","63150","Troy School District","06367","Boulan Park Middle School","63","Oakland","LEA School","Middle School","City: Small","Oakland Region","5","07","English Language Arts","Economically Disadvantaged","< 10","< 10","< 10","25.00","37.50","37.50","16","45.20"
"22 - 23 School Year","63","Oakland Schools","63150","Troy School District","06367","Boulan Park Middle School","63","Oakland","LEA School","Middle School","City: Small","Oakland Region","5","07","English Language Arts","Hispanic","< 10","< 10","< 10","< 10","< 10","< 10","< 10","< 10"
"22 - 23 School Year","63","Oakland Schools","63150","Troy School District","06367","Boulan Park Middle School","63","Oakland","LEA School","Middle School","City: Small","Oakland Region","5","07","English Language Arts","Not English Learners","82","97","49","36.00","42.50","21.50","228","56.30"
"22 - 23 School Year","63","Oakland Schools","63150","Troy School District","06393","Athens High School","63","Oakland","LEA School","High School","City: Small","Oakland Region","5","11","Mathematics","Students without Disabilities","165","114","68","47.60","32.90","19.60","347","61.80"
"22 - 23 School Year","63","Oakland Schools","63150","Troy School District","06393","Athens High School","63","Oakland","LEA School","High School","City: Small","Oakland Region","5","All Grades","English Language Arts","Hispanic","< 10","< 10","< 10","27.80","33.30","38.90","18","43.80"
"22 - 23 School Year","63","Oakland Schools","63150","Troy School District","06393","Athens High School","63","Oakland","LEA School","High School","City: Small","Oakland Region","5","All Grades","Mathematics","Students with Disabilities","< 10","< 10","17","21.40","17.90","60.70","28","36.80"
"22 - 23 School Year","63","Oakland Schools","63150","Troy School District","06393","Athens High School","63","Oakland","LEA School","High School","City: Small","Oakland Region","5","All Grades","English Language Arts","Not English Learners","137","132","87","38.50","37.10","24.40","356","56.40"
"22 - 23 School Year","63","Oakland Schools","63150","Troy School District","06393","Athens High School","63","Oakland","LEA School","High School","City: Small","Oakland Region","5","11","English Language Arts","Economically Disadvantaged","24","27","16","35.80","40.30","23.90","67","55.40"
"22 - 23 School Year","63","Oakland Schools","63150","Troy School District","06393","Athens High School","63","Oakland","LEA School","High School","City: Small","Oakland Region","5","11","English Language Arts","Hispanic","< 10","< 10","< 10","27.80","33.30","38.90","18","43.80"
"22 - 23 School Year","63","Oakland Schools","63150","Troy School District","06393","Athens High School","63","Oakland","LEA School","High School","City: Small","Oakland Region","5","11","English Language Arts","Not English Learners","137","132","87","38.50","37.10","24.40","356","56.40"
"22 - 23 School Year","63","Oakland Schools","63150","Troy School District","06393","Athens High School","63","Oakland","LEA School","High School","City: Small","Oakland Region","5","11","Mathematics","Not Economically Disadvantaged","143","101","64","46.40","32.80","20.80","308","61.00"
"22 - 23 School Year","63","Oakland Schools","63150","Troy School District","06393","Athens High School","63","Oakland","LEA School","High School","City: Small","Oakland Region","5","All Grades","Mathematics","Not Economically Disadvantaged","143","101","64","46.40","32.80","20.80","308","61.00"
"22 - 23 School Year","63","Oakland Schools","63150","Troy School District","06393","Athens High School","63","Oakland","LEA School","High School","City: Small","Oakland Region","5","11","English Language Arts","Not Economically Disadvantaged","117","114","77","38.00","37.00","25.00","308","55.90"
"22 - 23 School Year","63","Oakland Schools","63150","Troy School District","06393","Athens High School","63","Oakland","LEA School","High School","City: Small","Oakland Region","5","All Grades","English Language Arts","Not Economically Disadvantaged","117","114","77","38.00","37.00","25.00","308","55.90"
"22 - 23 School Year","63","Oakland Schools","63150","Troy School District","06393","Athens High School","63","Oakland","LEA School","High School","City: Small","Oakland Region","5","All Grades","Mathematics","Not Migrant","171","119","85","45.60","31.70","22.70","375","59.90"
"22 - 23 School Year","63","Oakland Schools","63150","Troy School District","06393","Athens High School","63","Oakland","LEA School","High School","City: Small","Oakland Region","5","All Grades","Mathematics","Two or More Races","< 10","< 10","< 10","40.00","26.70","33.30","15","53.30"
"22 - 23 School Year","63","Oakland Schools","63150","Troy School District","06393","Athens High School","63","Oakland","LEA School","High School","City: Small","Oakland Region","5","All Grades","Mathematics","Asian","46","18","14","59.00","23.10","17.90","78","67.20"
"22 - 23 School Year","63","Oakland Schools","63150","Troy School District","06393","Athens High School","63","Oakland","LEA School","High School","City: Small","Oakland Region","5","11","Mathematics","Economically Disadvantaged","28","18","21","41.80","26.90","31.30","67","55.10"
"22 - 23 School Year","63","Oakland Schools","63150","Troy School District","06393","Athens High School","63","Oakland","LEA School","High School","City: Small","Oakland Region","5","11","Mathematics","Hispanic","< 10","< 10","< 10","27.80","38.90","33.30","18","52.20"
"22 - 23 School Year","63","Oakland Schools","63150","Troy School District","06393","Athens High School","63","Oakland","LEA School","High School","City: Small","Oakland Region","5","11","Mathematics","Not English Learners","164","113","79","46.10","31.70","22.20","356","60.20"
"22 - 23 School Year","63","Oakland Schools","63150","Troy School District","06393","Athens High School","63","Oakland","LEA School","High School","City: Small","Oakland Region","5","All Grades","Mathematics","Economically Disadvantaged","28","18","21","41.80","26.90","31.30","67","55.10"
"22 - 23 School Year","63","Oakland Schools","63150","Troy School District","06393","Athens High School","63","Oakland","LEA School","High School","City: Small","Oakland Region","5","All Grades","Mathematics","Hispanic","< 10","< 10","< 10","27.80","38.90","33.30","18","52.20"
"22 - 23 School Year","63","Oakland Schools","63150","Troy School District","06393","Athens High School","63","Oakland","LEA School","High School","City: Small","Oakland Region","5","All Grades","Mathematics","Not English Learners","164","113","79","46.10","31.70","22.20","356","60.20"
"22 - 23 School Year","63","Oakland Schools","63150","Troy School District","06393","Athens High School","63","Oakland","LEA School","High School","City: Small","Oakland Region","5","All Grades","Mathematics","All Students","171","119","85","45.60","31.70","22.70","375","59.90"
"22 - 23 School Year","63","Oakland Schools","63150","Troy School District","06393","Athens High School","63","Oakland","LEA School","High School","City: Small","Oakland Region","5","11","Mathematics","Two or More Races","< 10","< 10","< 10","40.00","26.70","33.30","15","53.30"
"22 - 23 School Year","63","Oakland Schools","63150","Troy School District","06393","Athens High School","63","Oakland","LEA School","High School","City: Small","Oakland Region","5","11","Mathematics","Asian","46","18","14","59.00","23.10","17.90","78","67.20"
"22 - 23 School Year","63","Oakland Schools","63150","Troy School District","06393","Athens High School","63","Oakland","LEA School","High School","City: Small","Oakland Region","5","11","English Language Arts","Students without Disabilities","136","132","79","39.20","38.00","22.80","347","57.40"
"22 - 23 School Year","63","Oakland Schools","63150","Troy School District","06393","Athens High School","63","Oakland","LEA School","High School","City: Small","Oakland Region","5","All Grades","English Language Arts","Students without Disabilities","136","132","79","39.20","38.00","22.80","347","57.40"
"22 - 23 School Year","63","Oakland Schools","63150","Troy School District","06393","Athens High School","63","Oakland","LEA School","High School","City: Small","Oakland Region","5","All Grades","English Language Arts","Students with Disabilities","< 10","< 10","14","17.90","32.10","50.00","28","36.20"
"22 - 23 School Year","63","Oakland Schools","63150","Troy School District","06393","Athens High School","63","Oakland","LEA School","High School","City: Small","Oakland Region","5","All Grades","Mathematics","English Learners","< 10","< 10","< 10","36.80","31.60","31.60","19","55.50"
"22 - 23 School Year","63","Oakland Schools","63150","Troy School District","06393","Athens High School","63","Oakland","LEA School","High School","City: Small","Oakland Region","5","All Grades","Mathematics","Female","89","53","38","49.40","29.40","21.10","180","61.50"
"22 - 23 School Year","63","Oakland Schools","63150","Troy School District","06393","Athens High School","63","Oakland","LEA School","High School","City: Small","Oakland Region","5","All Grades","Mathematics","Black, not of Hispanic origin","< 10","< 10","< 10","47.40","31.60","21.10","19","61.30"
"22 - 23 School Year","63","Oakland Schools","63150","Troy School District","06393","Athens High School","63","Oakland","LEA School","High School","City: Small","Oakland Region","5","11","Mathematics","English Learners","< 10","< 10","< 10","36.80","31.60","31.60","19","55.50"
"22 - 23 School Year","63","Oakland Schools","63150","Troy School District","06393","Athens High School","63","Oakland","LEA School","High School","City: Small","Oakland Region","5","11","Mathematics","Female","89","53","38","49.40","29.40","21.10","180","61.50"
"22 - 23 School Year","63","Oakland Schools","63150","Troy School District","06393","Athens High School","63","Oakland","LEA School","High School","City: Small","Oakland Region","5","11","Mathematics","Black, not of Hispanic origin","< 10","< 10","< 10","47.40","31.60","21.10","19","61.30"
"22 - 23 School Year","63","Oakland Schools","63150","Troy School District","06393","Athens High School","63","Oakland","LEA School","High School","City: Small","Oakland Region","5","All Grades","Mathematics","Students without Disabilities","165","114","68","47.60","32.90","19.60","347","61.80"
"22 - 23 School Year","63","Oakland Schools","63150","Troy School District","06393","Athens High School","63","Oakland","LEA School","High School","City: Small","Oakland Region","5","All Grades","English Language Arts","Native Hawaiian or Other Pacific Islander","< 10","< 10","< 10","< 10","< 10","< 10","< 10","< 10"
"22 - 23 School Year","63","Oakland Schools","63150","Troy School District","06393","Athens High School","63","Oakland","LEA School","High School","City: Small","Oakland Region","5","All Grades","English Language Arts","White, not of Hispanic origin","84","100","60","34.40","41.00","24.60","244","54.40"
"22 - 23 School Year","63","Oakland Schools","63150","Troy School District","06393","Athens High School","63","Oakland","LEA School","High School","City: Small","Oakland Region","5","All Grades","English Language Arts","Male","83","64","48","42.60","32.80","24.60","195","57.90"
"22 - 23 School Year","63","Oakland Schools","63150","Troy School District","06393","Athens High School","63","Oakland","LEA School","High School","City: Small","Oakland Region","5","All Grades","English Language Arts","Not Migrant","141","141","93","37.60","37.60","24.80","375","55.80"
"22 - 23 School Year","63","Oakland Schools","63150","Troy School District","06393","Athens High School","63","Oakland","LEA School","High School","City: Small","Oakland Region","5","11","English Language Arts","Not Migrant","141","141","93","37.60","37.60","24.80","375","55.80"
"22 - 23 School Year","63","Oakland Schools","63150","Troy School District","06393","Athens High School","63","Oakland","LEA School","High School","City: Small","Oakland Region","5","All Grades","English Language Arts","Black, not of Hispanic origin","< 10","< 10","< 10","15.80","36.80","47.40","19","39.70"
"22 - 23 School Year","63","Oakland Schools","63150","Troy School District","06393","Athens High School","63","Oakland","LEA School","High School","City: Small","Oakland Region","5","All Grades","English Language Arts","Female","58","77","45","32.20","42.80","25.00","180","53.60"
"22 - 23 School Year","63","Oakland Schools","63150","Troy School District","06393","Athens High School","63","Oakland","LEA School","High School","City: Small","Oakland Region","5","All Grades","English Language Arts","English Learners","< 10","< 10","< 10","21.10","47.40","31.60","19","45.60"
"22 - 23 School Year","63","Oakland Schools","63150","Troy School District","06393","Athens High School","63","Oakland","LEA School","High School","City: Small","Oakland Region","5","11","English Language Arts","Black, not of Hispanic origin","< 10","< 10","< 10","15.80","36.80","47.40","19","39.70"
"22 - 23 School Year","63","Oakland Schools","63150","Troy School District","06393","Athens High School","63","Oakland","LEA School","High School","City: Small","Oakland Region","5","11","English Language Arts","Female","58","77","45","32.20","42.80","25.00","180","53.60"
"22 - 23 School Year","63","Oakland Schools","63150","Troy School District","06393","Athens High School","63","Oakland","LEA School","High School","City: Small","Oakland Region","5","11","English Language Arts","English Learners","< 10","< 10","< 10","21.10","47.40","31.60","19","45.60"
"22 - 23 School Year","63","Oakland Schools","63150","Troy School District","06393","Athens High School","63","Oakland","LEA School","High School","City: Small","Oakland Region","5","11","English Language Arts","Asian","43","24","11","55.10","30.80","14.10","78","67.80"
"22 - 23 School Year","63","Oakland Schools","63150","Troy School District","06393","Athens High School","63","Oakland","LEA School","High School","City: Small","Oakland Region","5","11","English Language Arts","Male","83","64","48","42.60","32.80","24.60","195","57.90"
"22 - 23 School Year","63","Oakland Schools","63150","Troy School District","06393","Athens High School","63","Oakland","LEA School","High School","City: Small","Oakland Region","5","11","English Language Arts","White, not of Hispanic origin","84","100","60","34.40","41.00","24.60","244","54.40"
"22 - 23 School Year","63","Oakland Schools","63150","Troy School District","06393","Athens High School","63","Oakland","LEA School","High School","City: Small","Oakland Region","5","11","English Language Arts","Native Hawaiian or Other Pacific Islander","< 10","< 10","< 10","< 10","< 10","< 10","< 10","< 10"
"22 - 23 School Year","63","Oakland Schools","63150","Troy School District","06393","Athens High School","63","Oakland","LEA School","High School","City: Small","Oakland Region","5","All Grades","English Language Arts","Economically Disadvantaged","24","27","16","35.80","40.30","23.90","67","55.40"
"22 - 23 School Year","63","Oakland Schools","63150","Troy School District","06393","Athens High School","63","Oakland","LEA School","High School","City: Small","Oakland Region","5","11","English Language Arts","Students with Disabilities","< 10","< 10","14","17.90","32.10","50.00","28","36.20"
"22 - 23 School Year","63","Oakland Schools","63150","Troy School District","06393","Athens High School","63","Oakland","LEA School","High School","City: Small","Oakland Region","5","All Grades","English Language Arts","All Students","141","141","93","37.60","37.60","24.80","375","55.80"
"22 - 23 School Year","63","Oakland Schools","63150","Troy School District","06393","Athens High School","63","Oakland","LEA School","High School","City: Small","Oakland Region","5","11","Mathematics","Students with Disabilities","< 10","< 10","17","21.40","17.90","60.70","28","36.80"
"22 - 23 School Year","63","Oakland Schools","63150","Troy School District","06393","Athens High School","63","Oakland","LEA School","High School","City: Small","Oakland Region","5","11","Mathematics","Not Migrant","171","119","85","45.60","31.70","22.70","375","59.90"
"22 - 23 School Year","63","Oakland Schools","63150","Troy School District","06393","Athens High School","63","Oakland","LEA School","High School","City: Small","Oakland Region","5","11","Mathematics","Male","82","66","47","42.10","33.80","24.10","195","58.50"
"22 - 23 School Year","63","Oakland Schools","63150","Troy School District","06393","Athens High School","63","Oakland","LEA School","High School","City: Small","Oakland Region","5","11","Mathematics","White, not of Hispanic origin","104","84","56","42.60","34.40","23.00","244","58.30"
"22 - 23 School Year","63","Oakland Schools","63150","Troy School District","06393","Athens High School","63","Oakland","LEA School","High School","City: Small","Oakland Region","5","11","Mathematics","Native Hawaiian or Other Pacific Islander","< 10","< 10","< 10","< 10","< 10","< 10","< 10","< 10"
"22 - 23 School Year","63","Oakland Schools","63150","Troy School District","06393","Athens High School","63","Oakland","LEA School","High School","City: Small","Oakland Region","5","All Grades","Mathematics","Native Hawaiian or Other Pacific Islander","< 10","< 10","< 10","< 10","< 10","< 10","< 10","< 10"
"22 - 23 School Year","63","Oakland Schools","63150","Troy School District","06393","Athens High School","63","Oakland","LEA School","High School","City: Small","Oakland Region","5","All Grades","Mathematics","White, not of Hispanic origin","104","84","56","42.60","34.40","23.00","244","58.30"
"22 - 23 School Year","63","Oakland Schools","63150","Troy School District","06393","Athens High School","63","Oakland","LEA School","High School","City: Small","Oakland Region","5","11","Mathematics","All Students","171","119","85","45.60","31.70","22.70","375","59.90"
"22 - 23 School Year","63","Oakland Schools","63150","Troy School District","06393","Athens High School","63","Oakland","LEA School","High School","City: Small","Oakland Region","5","All Grades","Mathematics","Male","82","66","47","42.10","33.80","24.10","195","58.50"
"22 - 23 School Year","63","Oakland Schools","63150","Troy School District","06393","Athens High School","63","Oakland","LEA School","High School","City: Small","Oakland Region","5","11","English Language Arts","All Students","141","141","93","37.60","37.60","24.80","375","55.80"
"22 - 23 School Year","63","Oakland Schools","63150","Troy School District","06393","Athens High School","63","Oakland","LEA School","High School","City: Small","Oakland Region","5","11","English Language Arts","Two or More Races","< 10","< 10","< 10","40.00","20.00","40.00","15","53.30"
"22 - 23 School Year","63","Oakland Schools","63150","Troy School District","06393","Athens High School","63","Oakland","LEA School","High School","City: Small","Oakland Region","5","All Grades","English Language Arts","Asian","43","24","11","55.10","30.80","14.10","78","67.80"
"22 - 23 School Year","63","Oakland Schools","63150","Troy School District","06393","Athens High School","63","Oakland","LEA School","High School","City: Small","Oakland Region","5","All Grades","English Language Arts","Two or More Races","< 10","< 10","< 10","40.00","20.00","40.00","15","53.30"
"22 - 23 School Year","63","Oakland Schools","63150","Troy School District","06939","Wass Elementary School","63","Oakland","LEA School","Elementary","City: Small","Oakland Region","5","04","English Language Arts","English Learners","< 10","< 10","< 10","25.00","66.70","8.30","12","55.30"
"22 - 23 School Year","63","Oakland Schools","63150","Troy School District","06939","Wass Elementary School","63","Oakland","LEA School","Elementary","City: Small","Oakland Region","5","04","English Language Arts","Female","13","11","< 10","39.40","33.30","27.30","33","57.30"
"22 - 23 School Year","63","Oakland Schools","63150","Troy School District","06939","Wass Elementary School","63","Oakland","LEA School","Elementary","City: Small","Oakland Region","5","All Grades","English Language Arts","Not English Learners","40","48","41","31.00","37.20","31.80","129","50.10"
"22 - 23 School Year","63","Oakland Schools","63150","Troy School District","06939","Wass Elementary School","63","Oakland","LEA School","Elementary","City: Small","Oakland Region","5","05","Mathematics","Students with Disabilities","< 10","< 10","< 10","< 10","< 10","< 10","< 10","< 10"
"22 - 23 School Year","63","Oakland Schools","63150","Troy School District","06939","Wass Elementary School","63","Oakland","LEA School","Elementary","City: Small","Oakland Region","5","All Grades","English Language Arts","Economically Disadvantaged","< 10","< 10","< 10","45.00","20.00","35.00","20","56.10"
"22 - 23 School Year","63","Oakland Schools","63150","Troy School District","06939","Wass Elementary School","63","Oakland","LEA School","Elementary","City: Small","Oakland Region","5","All Grades","English Language Arts","Hispanic","< 10","< 10","< 10","< 10","< 10","< 10","< 10","< 10"
"22 - 23 School Year","63","Oakland Schools","63150","Troy School District","06939","Wass Elementary School","63","Oakland","LEA School","Elementary","City: Small","Oakland Region","5","04","English Language Arts","White, not of Hispanic origin","17","17","11","37.80","37.80","24.40","45","55.80"
"22 - 23 School Year","63","Oakland Schools","63150","Troy School District","06939","Wass Elementary School","63","Oakland","LEA School","Elementary","City: Small","Oakland Region","5","04","English Language Arts","Male","19","19","< 10","41.30","41.30","17.40","46","59.60"
"22 - 23 School Year","63","Oakland Schools","63150","Troy School District","06939","Wass Elementary School","63","Oakland","LEA School","Elementary","City: Small","Oakland Region","5","04","English Language Arts","Not Migrant","32","30","17","40.50","38.00","21.50","79","58.60"
"22 - 23 School Year","63","Oakland Schools","63150","Troy School District","06939","Wass Elementary School","63","Oakland","LEA School","Elementary","City: Small","Oakland Region","5","05","English Language Arts","White, not of Hispanic origin","10","16","18","22.70","36.40","40.90","44","41.90"
"22 - 23 School Year","63","Oakland Schools","63150","Troy School District","06939","Wass Elementary School","63","Oakland","LEA School","Elementary","City: Small","Oakland Region","5","05","English Language Arts","Male","11","12","13","30.60","33.30","36.10","36","46.50"
"22 - 23 School Year","63","Oakland Schools","63150","Troy School District","06939","Wass Elementary School","63","Oakland","LEA School","Elementary","City: Small","Oakland Region","5","05","English Language Arts","Not Migrant","17","28","29","23.00","37.80","39.20","74","42.90"
"22 - 23 School Year","63","Oakland Schools","63150","Troy School District","06939","Wass Elementary School","63","Oakland","LEA School","Elementary","City: Small","Oakland Region","5","04","Mathematics","Economically Disadvantaged","< 10","< 10","< 10","40.00","50.00","10.00","10","67.00"
"22 - 23 School Year","63","Oakland Schools","63150","Troy School District","06939","Wass Elementary School","63","Oakland","LEA School","Elementary","City: Small","Oakland Region","5","04","Mathematics","Not English Learners","37","26","< 10","54.40","38.20","7.40","68","69.50"
"22 - 23 School Year","63","Oakland Schools","63150","Troy School District","06939","Wass Elementary School","63","Oakland","LEA School","Elementary","City: Small","Oakland Region","5","04","Mathematics","Hispanic","< 10","< 10","< 10","< 10","< 10","< 10","< 10","< 10"
"22 - 23 School Year","63","Oakland Schools","63150","Troy School District","06939","Wass Elementary School","63","Oakland","LEA School","Elementary","City: Small","Oakland Region","5","05","Mathematics","Not English Learners","27","24","11","43.50","38.70","17.70","62","60.00"
"22 - 23 School Year","63","Oakland Schools","63150","Troy School District","06939","Wass Elementary School","63","Oakland","LEA School","Elementary","City: Small","Oakland Region","5","05","Mathematics","Hispanic","< 10","< 10","< 10","< 10","< 10","< 10","< 10","< 10"
"22 - 23 School Year","63","Oakland Schools","63150","Troy School District","06939","Wass Elementary School","63","Oakland","LEA School","Elementary","City: Small","Oakland Region","5","05","Mathematics","Economically Disadvantaged","< 10","< 10","< 10","50.00","30.00","20.00","10","58.70"
"22 - 23 School Year","63","Oakland Schools","63150","Troy School District","06939","Wass Elementary School","63","Oakland","LEA School","Elementary","City: Small","Oakland Region","5","05","English Language Arts","Economically Disadvantaged","< 10","< 10","< 10","50.00","< 5","50.00","10","49.90"
"22 - 23 School Year","63","Oakland Schools","63150","Troy School District","06939","Wass Elementary School","63","Oakland","LEA School","Elementary","City: Small","Oakland Region","5","05","English Language Arts","Hispanic","< 10","< 10","< 10","< 10","< 10","< 10","< 10","< 10"
"22 - 23 School Year","63","Oakland Schools","63150","Troy School District","06939","Wass Elementary School","63","Oakland","LEA School","Elementary","City: Small","Oakland Region","5","05","English Language Arts","Not English Learners","11","26","25","17.70","41.90","40.30","62","40.20"
"22 - 23 School Year","63","Oakland Schools","63150","Troy School District","06939","Wass Elementary School","63","Oakland","LEA School","Elementary","City: Small","Oakland Region","5","05","Mathematics","Not Migrant","32","29","14","42.70","38.70","18.70","75","59.90"
"22 - 23 School Year","63","Oakland Schools","63150","Troy School District","06939","Wass Elementary School","63","Oakland","LEA School","Elementary","City: Small","Oakland Region","5","05","Mathematics","Male","17","15","< 10","45.90","40.50","13.50","37","63.20"
"22 - 23 School Year","63","Oakland Schools","63150","Troy School District","06939","Wass Elementary School","63","Oakland","LEA School","Elementary","City: Small","Oakland Region","5","All Grades","Mathematics","English Learners","11","10","< 10","44.00","40.00","16.00","25","63.60"
"22 - 23 School Year","63","Oakland Schools","63150","Troy School District","06939","Wass Elementary School","63","Oakland","LEA School","Elementary","City: Small","Oakland Region","5","04","English Language Arts","Black, not of Hispanic origin","< 10","< 10","< 10","< 10","< 10","< 10","< 10","< 10"
"22 - 23 School Year","63","Oakland Schools","63150","Troy School District","06939","Wass Elementary School","63","Oakland","LEA School","Elementary","City: Small","Oakland Region","5","All Grades","English Language Arts","Not Economically Disadvantaged","40","54","39","30.10","40.60","29.30","133","50.20"
"22 - 23 School Year","63","Oakland Schools","63150","Troy School District","06939","Wass Elementary School","63","Oakland","LEA School","Elementary","City: Small","Oakland Region","5","05","Mathematics","Students without Disabilities","29","27","12","42.60","39.70","17.60","68","60.50"
"22 - 23 School Year","63","Oakland Schools","63150","Troy School District","06939","Wass Elementary School","63","Oakland","LEA School","Elementary","City: Small","Oakland Region","5","04","Mathematics","Students without Disabilities","38","29","< 10","52.10","39.70","8.20","73","68.40"
"22 - 23 School Year","63","Oakland Schools","63150","Troy School District","06939","Wass Elementary School","63","Oakland","LEA School","Elementary","City: Small","Oakland Region","5","All Grades","Mathematics","Students without Disabilities","67","56","18","47.50","39.70","12.80","141","64.60"
"22 - 23 School Year","63","Oakland Schools","63150","Troy School District","06939","Wass Elementary School","63","Oakland","LEA School","Elementary","City: Small","Oakland Region","5","04","Mathematics","Students with Disabilities","< 10","< 10","< 10","< 10","< 10","< 10","< 10","< 10"
"22 - 23 School Year","63","Oakland Schools","63150","Troy School District","06939","Wass Elementary School","63","Oakland","LEA School","Elementary","City: Small","Oakland Region","5","All Grades","Mathematics","Students with Disabilities","< 10","< 10","< 10","57.10","28.60","14.30","14","66.00"
"22 - 23 School Year","63","Oakland Schools","63150","Troy School District","06939","Wass Elementary School","63","Oakland","LEA School","Elementary","City: Small","Oakland Region","5","04","Mathematics","English Learners","< 10","< 10","< 10","50.00","41.70","8.30","12","68.30"
"22 - 23 School Year","63","Oakland Schools","63150","Troy School District","06939","Wass Elementary School","63","Oakland","LEA School","Elementary","City: Small","Oakland Region","5","04","Mathematics","Female","14","17","< 10","42.40","51.50","6.10","33","66.20"
"22 - 23 School Year","63","Oakland Schools","63150","Troy School District","06939","Wass Elementary School","63","Oakland","LEA School","Elementary","City: Small","Oakland Region","5","05","Mathematics","English Learners","< 10","< 10","< 10","38.50","38.50","23.10","13","59.20"
"22 - 23 School Year","63","Oakland Schools","63150","Troy School District","06939","Wass Elementary School","63","Oakland","LEA School","Elementary","City: Small","Oakland Region","5","05","Mathematics","Female","15","14","< 10","39.50","36.80","23.70","38","56.60"
"22 - 23 School Year","63","Oakland Schools","63150","Troy School District","06939","Wass Elementary School","63","Oakland","LEA School","Elementary","City: Small","Oakland Region","5","05","Mathematics","Black, not of Hispanic origin","< 10","< 10","< 10","< 10","< 10","< 10","< 10","< 10"
"22 - 23 School Year","63","Oakland Schools","63150","Troy School District","06939","Wass Elementary School","63","Oakland","LEA School","Elementary","City: Small","Oakland Region","5","All Grades","Mathematics","Asian","23","21","< 10","48.90","44.70","6.40","47","67.20"
"22 - 23 School Year","63","Oakland Schools","63150","Troy School District","06939","Wass Elementary School","63","Oakland","LEA School","Elementary","City: Small","Oakland Region","5","All Grades","Mathematics","Two or More Races","< 10","< 10","< 10","60.00","30.00","10.00","10","73.50"
"22 - 23 School Year","63","Oakland Schools","63150","Troy School District","06939","Wass Elementary School","63","Oakland","LEA School","Elementary","City: Small","Oakland Region","5","04","Mathematics","Asian","14","12","< 10","51.90","44.40","< 5","27","68.70"
"22 - 23 School Year","63","Oakland Schools","63150","Troy School District","06939","Wass Elementary School","63","Oakland","LEA School","Elementary","City: Small","Oakland Region","5","04","Mathematics","Two or More Races","< 10","< 10","< 10","< 10","< 10","< 10","< 10","< 10"
"22 - 23 School Year","63","Oakland Schools","63150","Troy School District","06939","Wass Elementary School","63","Oakland","LEA School","Elementary","City: Small","Oakland Region","5","05","Mathematics","Two or More Races","< 10","< 10","< 10","< 10","< 10","< 10","< 10","< 10"
"22 - 23 School Year","63","Oakland Schools","63150","Troy School District","06939","Wass Elementary School","63","Oakland","LEA School","Elementary","City: Small","Oakland Region","5","05","Mathematics","Asian","< 10","< 10","< 10","45.00","45.00","10.00","20","65.20"
"22 - 23 School Year","63","Oakland Schools","63150","Troy School District","06939","Wass Elementary School","63","Oakland","LEA School","Elementary","City: Small","Oakland Region","5","04","Mathematics","Black, not of Hispanic origin","< 10","< 10","< 10","< 10","< 10","< 10","< 10","< 10"
"22 - 23 School Year","63","Oakland Schools","63150","Troy School District","06939","Wass Elementary School","63","Oakland","LEA School","Elementary","City: Small","Oakland Region","5","04","English Language Arts","Not Economically Disadvantaged","28","26","15","40.60","37.70","21.70","69","58.10"
"22 - 23 School Year","63","Oakland Schools","63150","Troy School District","06939","Wass Elementary School","63","Oakland","LEA School","Elementary","City: Small","Oakland Region","5","All Grades","Mathematics","Economically Disadvantaged","< 10","< 10","< 10","45.00","40.00","15.00","20","62.90"
"22 - 23 School Year","63","Oakland Schools","63150","Troy School District","06939","Wass Elementary School","63","Oakland","LEA School","Elementary","City: Small","Oakland Region","5","05","English Language Arts","All Students","17","28","29","23.00","37.80","39.20","74","42.90"
"22 - 23 School Year","63","Oakland Schools","63150","Troy School District","06939","Wass Elementary School","63","Oakland","LEA School","Elementary","City: Small","Oakland Region","5","04","English Language Arts","All Students","32","30","17","40.50","38.00","21.50","79","58.60"
"22 - 23 School Year","63","Oakland Schools","63150","Troy School District","06939","Wass Elementary School","63","Oakland","LEA School","Elementary","City: Small","Oakland Region","5","All Grades","English Language Arts","All Students","49","58","46","32.00","37.90","30.10","153","51.00"
"22 - 23 School Year","63","Oakland Schools","63150","Troy School District","06939","Wass Elementary School","63","Oakland","LEA School","Elementary","City: Small","Oakland Region","5","All Grades","Mathematics","Hispanic","< 10","< 10","< 10","< 10","< 10","< 10","< 10","< 10"
"22 - 23 School Year","63","Oakland Schools","63150","Troy School District","06939","Wass Elementary School","63","Oakland","LEA School","Elementary","City: Small","Oakland Region","5","All Grades","Mathematics","Not English Learners","64","50","16","49.20","38.50","12.30","130","65.00"
"22 - 23 School Year","63","Oakland Schools","63150","Troy School District","06939","Wass Elementary School","63","Oakland","LEA School","Elementary","City: Small","Oakland Region","5","All Grades","Mathematics","All Students","75","60","20","48.40","38.70","12.90","155","64.70"
"22 - 23 School Year","63","Oakland Schools","63150","Troy School District","06939","Wass Elementary School","63","Oakland","LEA School","Elementary","City: Small","Oakland Region","5","04","Mathematics","All Students","43","31","< 10","53.80","38.80","7.50","80","69.30"
"22 - 23 School Year","63","Oakland Schools","63150","Troy School District","06939","Wass Elementary School","63","Oakland","LEA School","Elementary","City: Small","Oakland Region","5","05","Mathematics","All Students","32","29","14","42.70","38.70","18.70","75","59.90"
"22 - 23 School Year","63","Oakland Schools","63150","Troy School District","06939","Wass Elementary School","63","Oakland","LEA School","Elementary","City: Small","Oakland Region","5","05","Mathematics","Not Economically Disadvantaged","27","26","12","41.50","40.00","18.50","65","60.00"
"22 - 23 School Year","63","Oakland Schools","63150","Troy School District","06939","Wass Elementary School","63","Oakland","LEA School","Elementary","City: Small","Oakland Region","5","05","English Language Arts","Black, not of Hispanic origin","< 10","< 10","< 10","< 10","< 10","< 10","< 10","< 10"
"22 - 23 School Year","63","Oakland Schools","63150","Troy School District","06939","Wass Elementary School","63","Oakland","LEA School","Elementary","City: Small","Oakland Region","5","05","English Language Arts","Female","< 10","16","16","15.80","42.10","42.10","38","39.40"
"22 - 23 School Year","63","Oakland Schools","63150","Troy School District","06939","Wass Elementary School","63","Oakland","LEA School","Elementary","City: Small","Oakland Region","5","05","English Language Arts","English Learners","< 10","< 10","< 10","50.00","16.70","33.30","12","56.80"
"22 - 23 School Year","63","Oakland Schools","63150","Troy School District","06939","Wass Elementary School","63","Oakland","LEA School","Elementary","City: Small","Oakland Region","5","All Grades","English Language Arts","Not Migrant","49","58","46","32.00","37.90","30.10","153","51.00"
"22 - 23 School Year","63","Oakland Schools","63150","Troy School District","06939","Wass Elementary School","63","Oakland","LEA School","Elementary","City: Small","Oakland Region","5","All Grades","English Language Arts","Male","30","31","21","36.60","37.80","25.60","82","53.90"
"22 - 23 School Year","63","Oakland Schools","63150","Troy School District","06939","Wass Elementary School","63","Oakland","LEA School","Elementary","City: Small","Oakland Region","5","All Grades","English Language Arts","White, not of Hispanic origin","27","33","29","30.30","37.10","32.60","89","48.90"
"22 - 23 School Year","63","Oakland Schools","63150","Troy School District","06939","Wass Elementary School","63","Oakland","LEA School","Elementary","City: Small","Oakland Region","5","05","English Language Arts","Not Economically Disadvantaged","12","28","24","18.80","43.80","37.50","64","41.80"
"22 - 23 School Year","63","Oakland Schools","63150","Troy School District","06939","Wass Elementary School","63","Oakland","LEA School","Elementary","City: Small","Oakland Region","5","All Grades","English Language Arts","Black, not of Hispanic origin","< 10","< 10","< 10","< 10","< 10","< 10","< 10","< 10"
"22 - 23 School Year","63","Oakland Schools","63150","Troy School District","06939","Wass Elementary School","63","Oakland","LEA School","Elementary","City: Small","Oakland Region","5","All Grades","English Language Arts","Female","19","27","25","26.80","38.00","35.20","71","47.70"
"22 - 23 School Year","63","Oakland Schools","63150","Troy School District","06939","Wass Elementary School","63","Oakland","LEA School","Elementary","City: Small","Oakland Region","5","All Grades","English Language Arts","English Learners","< 10","10","< 10","37.50","41.70","20.80","24","56.00"
"22 - 23 School Year","63","Oakland Schools","63150","Troy School District","06939","Wass Elementary School","63","Oakland","LEA School","Elementary","City: Small","Oakland Region","5","All Grades","English Language Arts","Two or More Races","< 10","< 10","< 10","10.00","60.00","30.00","10","43.80"
"22 - 23 School Year","63","Oakland Schools","63150","Troy School District","06939","Wass Elementary School","63","Oakland","LEA School","Elementary","City: Small","Oakland Region","5","04","English Language Arts","Not English Learners","29","22","16","43.30","32.80","23.90","67","59.20"
"22 - 23 School Year","63","Oakland Schools","63150","Troy School District","06939","Wass Elementary School","63","Oakland","LEA School","Elementary","City: Small","Oakland Region","5","04","English Language Arts","Hispanic","< 10","< 10","< 10","< 10","< 10","< 10","< 10","< 10"
"22 - 23 School Year","63","Oakland Schools","63150","Troy School District","06939","Wass Elementary School","63","Oakland","LEA School","Elementary","City: Small","Oakland Region","5","04","English Language Arts","Economically Disadvantaged","< 10","< 10","< 10","40.00","40.00","20.00","10","62.30"
"22 - 23 School Year","63","Oakland Schools","63150","Troy School District","06939","Wass Elementary School","63","Oakland","LEA School","Elementary","City: Small","Oakland Region","5","05","English Language Arts","Students without Disabilities","15","24","28","22.40","35.80","41.80","67","42.50"
"22 - 23 School Year","63","Oakland Schools","63150","Troy School District","06939","Wass Elementary School","63","Oakland","LEA School","Elementary","City: Small","Oakland Region","5","All Grades","English Language Arts","Students with Disabilities","< 10","< 10","< 10","30.80","46.20","23.10","13","49.10"
"22 - 23 School Year","63","Oakland Schools","63150","Troy School District","06939","Wass Elementary School","63","Oakland","LEA School","Elementary","City: Small","Oakland Region","5","04","English Language Arts","Students with Disabilities","< 10","< 10","< 10","< 10","< 10","< 10","< 10","< 10"
"22 - 23 School Year","63","Oakland Schools","63150","Troy School District","06939","Wass Elementary School","63","Oakland","LEA School","Elementary","City: Small","Oakland Region","5","05","English Language Arts","Students with Disabilities","< 10","< 10","< 10","< 10","< 10","< 10","< 10","< 10"
"22 - 23 School Year","63","Oakland Schools","63150","Troy School District","06939","Wass Elementary School","63","Oakland","LEA School","Elementary","City: Small","Oakland Region","5","04","English Language Arts","Students without Disabilities","30","28","15","41.10","38.40","20.50","73","59.20"
"22 - 23 School Year","63","Oakland Schools","63150","Troy School District","06939","Wass Elementary School","63","Oakland","LEA School","Elementary","City: Small","Oakland Region","5","All Grades","English Language Arts","Students without Disabilities","45","52","43","32.10","37.10","30.70","140","51.20"
"22 - 23 School Year","63","Oakland Schools","63150","Troy School District","06939","Wass Elementary School","63","Oakland","LEA School","Elementary","City: Small","Oakland Region","5","All Grades","Mathematics","Black, not of Hispanic origin","< 10","< 10","< 10","< 10","< 10","< 10","< 10","< 10"
"22 - 23 School Year","63","Oakland Schools","63150","Troy School District","06939","Wass Elementary School","63","Oakland","LEA School","Elementary","City: Small","Oakland Region","5","All Grades","Mathematics","Female","29","31","11","40.80","43.70","15.50","71","61.00"
"22 - 23 School Year","63","Oakland Schools","63150","Troy School District","06939","Wass Elementary School","63","Oakland","LEA School","Elementary","City: Small","Oakland Region","5","All Grades","Mathematics","Not Migrant","75","60","20","48.40","38.70","12.90","155","64.70"
"22 - 23 School Year","63","Oakland Schools","63150","Troy School District","06939","Wass Elementary School","63","Oakland","LEA School","Elementary","City: Small","Oakland Region","5","All Grades","Mathematics","Male","46","29","< 10","54.80","34.50","10.70","84","67.90"
"22 - 23 School Year","63","Oakland Schools","63150","Troy School District","06939","Wass Elementary School","63","Oakland","LEA School","Elementary","City: Small","Oakland Region","5","All Grades","Mathematics","White, not of Hispanic origin","43","32","15","47.80","35.60","16.70","90","63.20"
"22 - 23 School Year","63","Oakland Schools","63150","Troy School District","06939","Wass Elementary School","63","Oakland","LEA School","Elementary","City: Small","Oakland Region","5","05","Mathematics","White, not of Hispanic origin","19","14","11","43.20","31.80","25.00","44","56.80"
"22 - 23 School Year","63","Oakland Schools","63150","Troy School District","06939","Wass Elementary School","63","Oakland","LEA School","Elementary","City: Small","Oakland Region","5","04","Mathematics","White, not of Hispanic origin","24","18","< 10","52.20","39.10","8.70","46","69.50"
"22 - 23 School Year","63","Oakland Schools","63150","Troy School District","06939","Wass Elementary School","63","Oakland","LEA School","Elementary","City: Small","Oakland Region","5","04","Mathematics","Male","29","14","< 10","61.70","29.80","8.50","47","71.50"
"22 - 23 School Year","63","Oakland Schools","63150","Troy School District","06939","Wass Elementary School","63","Oakland","LEA School","Elementary","City: Small","Oakland Region","5","04","Mathematics","Not Migrant","43","31","< 10","53.80","38.80","7.50","80","69.30"
"22 - 23 School Year","63","Oakland Schools","63150","Troy School District","06939","Wass Elementary School","63","Oakland","LEA School","Elementary","City: Small","Oakland Region","5","All Grades","Mathematics","Not Economically Disadvantaged","66","52","17","48.90","38.50","12.60","135","65.00"
"22 - 23 School Year","63","Oakland Schools","63150","Troy School District","06939","Wass Elementary School","63","Oakland","LEA School","Elementary","City: Small","Oakland Region","5","04","Mathematics","Not Economically Disadvantaged","39","26","< 10","55.70","37.10","7.10","70","69.60"
"22 - 23 School Year","63","Oakland Schools","63150","Troy School District","06939","Wass Elementary School","63","Oakland","LEA School","Elementary","City: Small","Oakland Region","5","All Grades","English Language Arts","Asian","19","16","11","41.30","34.80","23.90","46","56.90"
"22 - 23 School Year","63","Oakland Schools","63150","Troy School District","06939","Wass Elementary School","63","Oakland","LEA School","Elementary","City: Small","Oakland Region","5","04","English Language Arts","Two or More Races","< 10","< 10","< 10","< 10","< 10","< 10","< 10","< 10"
"22 - 23 School Year","63","Oakland Schools","63150","Troy School District","06939","Wass Elementary School","63","Oakland","LEA School","Elementary","City: Small","Oakland Region","5","04","English Language Arts","Asian","13","10","< 10","48.10","37.00","14.80","27","63.50"
"22 - 23 School Year","63","Oakland Schools","63150","Troy School District","06939","Wass Elementary School","63","Oakland","LEA School","Elementary","City: Small","Oakland Region","5","05","English Language Arts","Two or More Races","< 10","< 10","< 10","< 10","< 10","< 10","< 10","< 10"
"22 - 23 School Year","63","Oakland Schools","63150","Troy School District","06939","Wass Elementary School","63","Oakland","LEA School","Elementary","City: Small","Oakland Region","5","05","English Language Arts","Asian","< 10","< 10","< 10","31.60","31.60","36.80","19","47.50"
"22 - 23 School Year","63","Oakland Schools","63150","Troy School District","06940","Bemis Elementary School","63","Oakland","LEA School","Elementary","City: Small","Oakland Region","5","05","English Language Arts","Students with Disabilities","< 10","< 10","< 10","< 10","< 10","< 10","< 10","< 10"
"22 - 23 School Year","63","Oakland Schools","63150","Troy School District","06940","Bemis Elementary School","63","Oakland","LEA School","Elementary","City: Small","Oakland Region","5","04","English Language Arts","Students with Disabilities","< 10","< 10","< 10","< 10","< 10","< 10","< 10","< 10"
"22 - 23 School Year","63","Oakland Schools","63150","Troy School District","06940","Bemis Elementary School","63","Oakland","LEA School","Elementary","City: Small","Oakland Region","5","05","Mathematics","Male","28","15","< 10","59.60","31.90","8.50","47","71.20"
"22 - 23 School Year","63","Oakland Schools","63150","Troy School District","06940","Bemis Elementary School","63","Oakland","LEA School","Elementary","City: Small","Oakland Region","5","05","English Language Arts","All Students","43","28","17","48.90","31.80","19.30","88","59.50"
"22 - 23 School Year","63","Oakland Schools","63150","Troy School District","06940","Bemis Elementary School","63","Oakland","LEA School","Elementary","City: Small","Oakland Region","5","04","English Language Arts","All Students","33","28","12","45.20","38.40","16.40","73","62.70"
"22 - 23 School Year","63","Oakland Schools","63150","Troy School District","06940","Bemis Elementary School","63","Oakland","LEA School","Elementary","City: Small","Oakland Region","5","05","Mathematics","Not Migrant","55","27","< 10","61.80","30.30","7.90","89","71.70"
"22 - 23 School Year","63","Oakland Schools","63150","Troy School District","06940","Bemis Elementary School","63","Oakland","LEA School","Elementary","City: Small","Oakland Region","5","05","Mathematics","White, not of Hispanic origin","13","< 10","< 10","61.90","19.00","19.00","21","65.80"
"22 - 23 School Year","63","Oakland Schools","63150","Troy School District","06940","Bemis Elementary School","63","Oakland","LEA School","Elementary","City: Small","Oakland Region","5","All Grades","English Language Arts","Students with Disabilities","< 10","< 10","< 10","< 10","< 10","< 10","< 10","< 10"
"22 - 23 School Year","63","Oakland Schools","63150","Troy School District","06940","Bemis Elementary School","63","Oakland","LEA School","Elementary","City: Small","Oakland Region","5","05","English Language Arts","Students without Disabilities","41","25","16","50.00","30.50","19.50","82","60.30"
"22 - 23 School Year","63","Oakland Schools","63150","Troy School District","06940","Bemis Elementary School","63","Oakland","LEA School","Elementary","City: Small","Oakland Region","5","04","English Language Arts","Students without Disabilities","32","26","12","45.70","37.10","17.10","70","62.80"
"22 - 23 School Year","63","Oakland Schools","63150","Troy School District","06940","Bemis Elementary School","63","Oakland","LEA School","Elementary","City: Small","Oakland Region","5","04","English Language Arts","Two or More Races","< 10","< 10","< 10","< 10","< 10","< 10","< 10","< 10"
"22 - 23 School Year","63","Oakland Schools","63150","Troy School District","06940","Bemis Elementary School","63","Oakland","LEA School","Elementary","City: Small","Oakland Region","5","04","English Language Arts","Asian","24","16","< 10","54.50","36.40","9.10","44","67.90"
"22 - 23 School Year","63","Oakland Schools","63150","Troy School District","06940","Bemis Elementary School","63","Oakland","LEA School","Elementary","City: Small","Oakland Region","5","05","English Language Arts","Two or More Races","< 10","< 10","< 10","< 10","< 10","< 10","< 10","< 10"
"22 - 23 School Year","63","Oakland Schools","63150","Troy School District","06940","Bemis Elementary School","63","Oakland","LEA School","Elementary","City: Small","Oakland Region","5","05","English Language Arts","Asian","32","12","< 10","60.40","22.60","17.00","53","65.20"
"22 - 23 School Year","63","Oakland Schools","63150","Troy School District","06940","Bemis Elementary School","63","Oakland","LEA School","Elementary","City: Small","Oakland Region","5","05","Mathematics","Students with Disabilities","< 10","< 10","< 10","< 10","< 10","< 10","< 10","< 10"
"22 - 23 School Year","63","Oakland Schools","63150","Troy School District","06940","Bemis Elementary School","63","Oakland","LEA School","Elementary","City: Small","Oakland Region","5","04","Mathematics","Students with Disabilities","< 10","< 10","< 10","< 10","< 10","< 10","< 10","< 10"
"22 - 23 School Year","63","Oakland Schools","63150","Troy School District","06940","Bemis Elementary School","63","Oakland","LEA School","Elementary","City: Small","Oakland Region","5","All Grades","Mathematics","Students with Disabilities","< 10","< 10","< 10","< 10","< 10","< 10","< 10","< 10"
"22 - 23 School Year","63","Oakland Schools","63150","Troy School District","06940","Bemis Elementary School","63","Oakland","LEA School","Elementary","City: Small","Oakland Region","5","04","English Language Arts","Not Migrant","33","28","12","45.20","38.40","16.40","73","62.70"
"22 - 23 School Year","63","Oakland Schools","63150","Troy School District","06940","Bemis Elementary School","63","Oakland","LEA School","Elementary","City: Small","Oakland Region","5","04","English Language Arts","Male","14","19","< 10","35.90","48.70","15.40","39","60.60"
"22 - 23 School Year","63","Oakland Schools","63150","Troy School District","06940","Bemis Elementary School","63","Oakland","LEA School","Elementary","City: Small","Oakland Region","5","04","English Language Arts","White, not of Hispanic origin","< 10","< 10","< 10","42.10","31.60","26.30","19","59.90"
"22 - 23 School Year","63","Oakland Schools","63150","Troy School District","06940","Bemis Elementary School","63","Oakland","LEA School","Elementary","City: Small","Oakland Region","5","All Grades","English Language Arts","Not Migrant","76","56","29","47.20","34.80","18.00","161","61.00"
"22 - 23 School Year","63","Oakland Schools","63150","Troy School District","06940","Bemis Elementary School","63","Oakland","LEA School","Elementary","City: Small","Oakland Region","5","All Grades","English Language Arts","Male","36","32","17","42.40","37.60","20.00","85","58.60"
"22 - 23 School Year","63","Oakland Schools","63150","Troy School District","06940","Bemis Elementary School","63","Oakland","LEA School","Elementary","City: Small","Oakland Region","5","04","English Language Arts","Not English Learners","26","20","11","45.60","35.10","19.30","57","62.20"
"22 - 23 School Year","63","Oakland Schools","63150","Troy School District","06940","Bemis Elementary School","63","Oakland","LEA School","Elementary","City: Small","Oakland Region","5","04","English Language Arts","Hispanic","< 10","< 10","< 10","< 10","< 10","< 10","< 10","< 10"
"22 - 23 School Year","63","Oakland Schools","63150","Troy School District","06940","Bemis Elementary School","63","Oakland","LEA School","Elementary","City: Small","Oakland Region","5","04","English Language Arts","Economically Disadvantaged","< 10","< 10","< 10","< 10","< 10","< 10","< 10","< 10"
"22 - 23 School Year","63","Oakland Schools","63150","Troy School District","06940","Bemis Elementary School","63","Oakland","LEA School","Elementary","City: Small","Oakland Region","5","All Grades","English Language Arts","White, not of Hispanic origin","14","15","11","35.00","37.50","27.50","40","54.30"
"22 - 23 School Year","63","Oakland Schools","63150","Troy School District","06940","Bemis Elementary School","63","Oakland","LEA School","Elementary","City: Small","Oakland Region","5","All Grades","English Language Arts","Not English Learners","67","43","26","49.30","31.60","19.10","136","61.40"
"22 - 23 School Year","63","Oakland Schools","63150","Troy School District","06940","Bemis Elementary School","63","Oakland","LEA School","Elementary","City: Small","Oakland Region","5","All Grades","English Language Arts","Hispanic","< 10","< 10","< 10","< 10","< 10","< 10","< 10","< 10"
"22 - 23 School Year","63","Oakland Schools","63150","Troy School District","06940","Bemis Elementary School","63","Oakland","LEA School","Elementary","City: Small","Oakland Region","5","All Grades","English Language Arts","Economically Disadvantaged","< 10","< 10","< 10","31.30","43.80","25.00","16","50.90"
"22 - 23 School Year","63","Oakland Schools","63150","Troy School District","06940","Bemis Elementary School","63","Oakland","LEA School","Elementary","City: Small","Oakland Region","5","All Grades","Mathematics","Hispanic","< 10","< 10","< 10","< 10","< 10","< 10","< 10","< 10"
"22 - 23 School Year","63","Oakland Schools","63150","Troy School District","06940","Bemis Elementary School","63","Oakland","LEA School","Elementary","City: Small","Oakland Region","5","All Grades","Mathematics","Not English Learners","62","52","22","45.60","38.20","16.20","136","63.20"
"22 - 23 School Year","63","Oakland Schools","63150","Troy School District","06940","Bemis Elementary School","63","Oakland","LEA School","Elementary","City: Small","Oakland Region","5","All Grades","Mathematics","Economically Disadvantaged","< 10","10","< 10","18.80","62.50","18.80","16","51.80"
"22 - 23 School Year","63","Oakland Schools","63150","Troy School District","06940","Bemis Elementary School","63","Oakland","LEA School","Elementary","City: Small","Oakland Region","5","04","Mathematics","Not Migrant","24","31","19","32.40","41.90","25.70","74","54.50"
"22 - 23 School Year","63","Oakland Schools","63150","Troy School District","06940","Bemis Elementary School","63","Oakland","LEA School","Elementary","City: Small","Oakland Region","5","All Grades","English Language Arts","Students without Disabilities","73","51","28","48.00","33.60","18.40","152","61.50"
"22 - 23 School Year","63","Oakland Schools","63150","Troy School District","06940","Bemis Elementary School","63","Oakland","LEA School","Elementary","City: Small","Oakland Region","5","All Grades","Mathematics","Two or More Races","< 10","< 10","< 10","< 10","< 10","< 10","< 10","< 10"
"22 - 23 School Year","63","Oakland Schools","63150","Troy School District","06940","Bemis Elementary School","63","Oakland","LEA School","Elementary","City: Small","Oakland Region","5","All Grades","Mathematics","Asian","57","36","< 10","57.60","36.40","6.10","99","71.70"
"22 - 23 School Year","63","Oakland Schools","63150","Troy School District","06940","Bemis Elementary School","63","Oakland","LEA School","Elementary","City: Small","Oakland Region","5","All Grades","Mathematics","Black, not of Hispanic origin","< 10","< 10","< 10","< 10","< 10","< 10","< 10","< 10"
"22 - 23 School Year","63","Oakland Schools","63150","Troy School District","06940","Bemis Elementary School","63","Oakland","LEA School","Elementary","City: Small","Oakland Region","5","All Grades","Mathematics","English Learners","17","< 10","< 10","63.00","22.20","14.80","27","67.00"
"22 - 23 School Year","63","Oakland Schools","63150","Troy School District","06940","Bemis Elementary School","63","Oakland","LEA School","Elementary","City: Small","Oakland Region","5","All Grades","Mathematics","Female","39","27","10","51.30","35.50","13.20","76","65.40"
"22 - 23 School Year","63","Oakland Schools","63150","Troy School District","06940","Bemis Elementary School","63","Oakland","LEA School","Elementary","City: Small","Oakland Region","5","04","Mathematics","Not English Learners","14","26","17","24.60","45.60","29.80","57","50.30"
"22 - 23 School Year","63","Oakland Schools","63150","Troy School District","06940","Bemis Elementary School","63","Oakland","LEA School","Elementary","City: Small","Oakland Region","5","04","Mathematics","All Students","24","31","19","32.40","41.90","25.70","74","54.50"
"22 - 23 School Year","63","Oakland Schools","63150","Troy School District","06940","Bemis Elementary School","63","Oakland","LEA School","Elementary","City: Small","Oakland Region","5","All Grades","Mathematics","All Students","79","58","26","48.50","35.60","16.00","163","63.80"
"22 - 23 School Year","63","Oakland Schools","63150","Troy School District","06940","Bemis Elementary School","63","Oakland","LEA School","Elementary","City: Small","Oakland Region","5","05","Mathematics","All Students","55","27","< 10","61.80","30.30","7.90","89","71.70"
"22 - 23 School Year","63","Oakland Schools","63150","Troy School District","06940","Bemis Elementary School","63","Oakland","LEA School","Elementary","City: Small","Oakland Region","5","05","English Language Arts","Economically Disadvantaged","< 10","< 10","< 10","36.40","36.40","27.30","11","51.20"
"22 - 23 School Year","63","Oakland Schools","63150","Troy School District","06940","Bemis Elementary School","63","Oakland","LEA School","Elementary","City: Small","Oakland Region","5","05","English Language Arts","Hispanic","< 10","< 10","< 10","< 10","< 10","< 10","< 10","< 10"
"22 - 23 School Year","63","Oakland Schools","63150","Troy School District","06940","Bemis Elementary School","63","Oakland","LEA School","Elementary","City: Small","Oakland Region","5","05","English Language Arts","Not English Learners","41","23","15","51.90","29.10","19.00","79","60.80"
"22 - 23 School Year","63","Oakland Schools","63150","Troy School District","06940","Bemis Elementary School","63","Oakland","LEA School","Elementary","City: Small","Oakland Region","5","04","Mathematics","Male","12","16","12","30.00","40.00","30.00","40","52.30"
"22 - 23 School Year","63","Oakland Schools","63150","Troy School District","06940","Bemis Elementary School","63","Oakland","LEA School","Elementary","City: Small","Oakland Region","5","04","Mathematics","White, not of Hispanic origin","< 10","< 10","< 10","15.80","42.10","42.10","19","37.20"
"22 - 23 School Year","63","Oakland Schools","63150","Troy School District","06940","Bemis Elementary School","63","Oakland","LEA School","Elementary","City: Small","Oakland Region","5","All Grades","Mathematics","White, not of Hispanic origin","16","12","12","40.00","30.00","30.00","40","52.20"
"22 - 23 School Year","63","Oakland Schools","63150","Troy School District","06940","Bemis Elementary School","63","Oakland","LEA School","Elementary","City: Small","Oakland Region","5","All Grades","Mathematics","Male","40","31","16","46.00","35.60","18.40","87","62.50"
"22 - 23 School Year","63","Oakland Schools","63150","Troy School District","06940","Bemis Elementary School","63","Oakland","LEA School","Elementary","City: Small","Oakland Region","5","All Grades","Mathematics","Not Migrant","79","58","26","48.50","35.60","16.00","163","63.80"
"22 - 23 School Year","63","Oakland Schools","63150","Troy School District","06940","Bemis Elementary School","63","Oakland","LEA School","Elementary","City: Small","Oakland Region","5","04","Mathematics","Economically Disadvantaged","< 10","< 10","< 10","< 10","< 10","< 10","< 10","< 10"
"22 - 23 School Year","63","Oakland Schools","63150","Troy School District","06940","Bemis Elementary School","63","Oakland","LEA School","Elementary","City: Small","Oakland Region","5","04","Mathematics","Hispanic","< 10","< 10","< 10","< 10","< 10","< 10","< 10","< 10"
"22 - 23 School Year","63","Oakland Schools","63150","Troy School District","06940","Bemis Elementary School","63","Oakland","LEA School","Elementary","City: Small","Oakland Region","5","05","English Language Arts","Not Economically Disadvantaged","39","24","14","50.60","31.20","18.20","77","60.70"
"22 - 23 School Year","63","Oakland Schools","63150","Troy School District","06940","Bemis Elementary School","63","Oakland","LEA School","Elementary","City: Small","Oakland Region","5","04","English Language Arts","Not Economically Disadvantaged","32","25","11","47.10","36.80","16.20","68","63.70"
"22 - 23 School Year","63","Oakland Schools","63150","Troy School District","06940","Bemis Elementary School","63","Oakland","LEA School","Elementary","City: Small","Oakland Region","5","05","Mathematics","Two or More Races","< 10","< 10","< 10","< 10","< 10","< 10","< 10","< 10"
"22 - 23 School Year","63","Oakland Schools","63150","Troy School District","06940","Bemis Elementary School","63","Oakland","LEA School","Elementary","City: Small","Oakland Region","5","05","Mathematics","Asian","37","16","< 10","68.50","29.60","< 5","54","77.10"
"22 - 23 School Year","63","Oakland Schools","63150","Troy School District","06940","Bemis Elementary School","63","Oakland","LEA School","Elementary","City: Small","Oakland Region","5","04","Mathematics","Two or More Races","< 10","< 10","< 10","< 10","< 10","< 10","< 10","< 10"
"22 - 23 School Year","63","Oakland Schools","63150","Troy School District","06940","Bemis Elementary School","63","Oakland","LEA School","Elementary","City: Small","Oakland Region","5","04","Mathematics","Asian","20","20","< 10","44.40","44.40","11.10","45","65.20"
"22 - 23 School Year","63","Oakland Schools","63150","Troy School District","06940","Bemis Elementary School","63","Oakland","LEA School","Elementary","City: Small","Oakland Region","5","All Grades","English Language Arts","Asian","56","28","13","57.70","28.90","13.40","97","66.40"
"22 - 23 School Year","63","Oakland Schools","63150","Troy School District","06940","Bemis Elementary School","63","Oakland","LEA School","Elementary","City: Small","Oakland Region","5","All Grades","English Language Arts","Two or More Races","< 10","< 10","< 10","< 10","< 10","< 10","< 10","< 10"
"22 - 23 School Year","63","Oakland Schools","63150","Troy School District","06940","Bemis Elementary School","63","Oakland","LEA School","Elementary","City: Small","Oakland Region","5","05","Mathematics","Not Economically Disadvantaged","53","19","< 10","67.90","24.40","7.70","78","74.20"
"22 - 23 School Year","63","Oakland Schools","63150","Troy School District","06940","Bemis Elementary School","63","Oakland","LEA School","Elementary","City: Small","Oakland Region","5","04","Mathematics","Not Economically Disadvantaged","23","29","17","33.30","42.00","24.60","69","55.00"
"22 - 23 School Year","63","Oakland Schools","63150","Troy School District","06940","Bemis Elementary School","63","Oakland","LEA School","Elementary","City: Small","Oakland Region","5","All Grades","Mathematics","Not Economically Disadvantaged","76","48","23","51.70","32.70","15.60","147","65.20"
"22 - 23 School Year","63","Oakland Schools","63150","Troy School District","06940","Bemis Elementary School","63","Oakland","LEA School","Elementary","City: Small","Oakland Region","5","05","Mathematics","Not English Learners","48","26","< 10","60.80","32.90","6.30","79","72.60"
"22 - 23 School Year","63","Oakland Schools","63150","Troy School District","06940","Bemis Elementary School","63","Oakland","LEA School","Elementary","City: Small","Oakland Region","5","05","Mathematics","Hispanic","< 10","< 10","< 10","< 10","< 10","< 10","< 10","< 10"
"22 - 23 School Year","63","Oakland Schools","63150","Troy School District","06940","Bemis Elementary School","63","Oakland","LEA School","Elementary","City: Small","Oakland Region","5","05","Mathematics","Economically Disadvantaged","< 10","< 10","< 10","18.20","72.70","9.10","11","53.60"
"22 - 23 School Year","63","Oakland Schools","63150","Troy School District","06940","Bemis Elementary School","63","Oakland","LEA School","Elementary","City: Small","Oakland Region","5","04","English Language Arts","English Learners","< 10","< 10","< 10","43.80","50.00","6.30","16","64.80"
"22 - 23 School Year","63","Oakland Schools","63150","Troy School District","06940","Bemis Elementary School","63","Oakland","LEA School","Elementary","City: Small","Oakland Region","5","05","English Language Arts","Black, not of Hispanic origin","< 10","< 10","< 10","< 10","< 10","< 10","< 10","< 10"
"22 - 23 School Year","63","Oakland Schools","63150","Troy School District","06940","Bemis Elementary School","63","Oakland","LEA School","Elementary","City: Small","Oakland Region","5","05","English Language Arts","Female","21","15","< 10","50.00","35.70","14.30","42","62.40"
"22 - 23 School Year","63","Oakland Schools","63150","Troy School District","06940","Bemis Elementary School","63","Oakland","LEA School","Elementary","City: Small","Oakland Region","5","05","English Language Arts","English Learners","< 10","< 10","< 10","< 10","< 10","< 10","< 10","< 10"
"22 - 23 School Year","63","Oakland Schools","63150","Troy School District","06940","Bemis Elementary School","63","Oakland","LEA School","Elementary","City: Small","Oakland Region","5","04","English Language Arts","Female","19","< 10","< 10","55.90","26.50","17.60","34","65.20"
"22 - 23 School Year","63","Oakland Schools","63150","Troy School District","06940","Bemis Elementary School","63","Oakland","LEA School","Elementary","City: Small","Oakland Region","5","04","English Language Arts","Black, not of Hispanic origin","< 10","< 10","< 10","< 10","< 10","< 10","< 10","< 10"
"22 - 23 School Year","63","Oakland Schools","63150","Troy School District","06940","Bemis Elementary School","63","Oakland","LEA School","Elementary","City: Small","Oakland Region","5","All Grades","English Language Arts","English Learners","< 10","13","< 10","36.00","52.00","12.00","25","58.60"
"22 - 23 School Year","63","Oakland Schools","63150","Troy School District","06940","Bemis Elementary School","63","Oakland","LEA School","Elementary","City: Small","Oakland Region","5","All Grades","English Language Arts","Female","40","24","12","52.60","31.60","15.80","76","63.60"
"22 - 23 School Year","63","Oakland Schools","63150","Troy School District","06940","Bemis Elementary School","63","Oakland","LEA School","Elementary","City: Small","Oakland Region","5","All Grades","English Language Arts","Black, not of Hispanic origin","< 10","< 10","< 10","< 10","< 10","< 10","< 10","< 10"
"22 - 23 School Year","63","Oakland Schools","63150","Troy School District","06940","Bemis Elementary School","63","Oakland","LEA School","Elementary","City: Small","Oakland Region","5","All Grades","English Language Arts","Not Economically Disadvantaged","71","49","25","49.00","33.80","17.20","145","62.10"
"22 - 23 School Year","63","Oakland Schools","63150","Troy School District","06940","Bemis Elementary School","63","Oakland","LEA School","Elementary","City: Small","Oakland Region","5","All Grades","Mathematics","Students without Disabilities","73","57","24","47.40","37.00","15.60","154","63.80"
"22 - 23 School Year","63","Oakland Schools","63150","Troy School District","06940","Bemis Elementary School","63","Oakland","LEA School","Elementary","City: Small","Oakland Region","5","04","Mathematics","Students without Disabilities","23","31","17","32.40","43.70","23.90","71","55.30"
"22 - 23 School Year","63","Oakland Schools","63150","Troy School District","06940","Bemis Elementary School","63","Oakland","LEA School","Elementary","City: Small","Oakland Region","5","05","Mathematics","Students without Disabilities","50","26","< 10","60.20","31.30","8.40","83","71.10"
"22 - 23 School Year","63","Oakland Schools","63150","Troy School District","06940","Bemis Elementary School","63","Oakland","LEA School","Elementary","City: Small","Oakland Region","5","05","Mathematics","Female","27","12","< 10","64.30","28.60","7.10","42","72.10"
"22 - 23 School Year","63","Oakland Schools","63150","Troy School District","06940","Bemis Elementary School","63","Oakland","LEA School","Elementary","City: Small","Oakland Region","5","05","Mathematics","English Learners","< 10","< 10","< 10","70.00","10.00","20.00","10","64.40"
"22 - 23 School Year","63","Oakland Schools","63150","Troy School District","06940","Bemis Elementary School","63","Oakland","LEA School","Elementary","City: Small","Oakland Region","5","04","Mathematics","Black, not of Hispanic origin","< 10","< 10","< 10","< 10","< 10","< 10","< 10","< 10"
"22 - 23 School Year","63","Oakland Schools","63150","Troy School District","06940","Bemis Elementary School","63","Oakland","LEA School","Elementary","City: Small","Oakland Region","5","04","Mathematics","Female","12","15","< 10","35.30","44.10","20.60","34","57.00"
"22 - 23 School Year","63","Oakland Schools","63150","Troy School District","06940","Bemis Elementary School","63","Oakland","LEA School","Elementary","City: Small","Oakland Region","5","04","Mathematics","English Learners","10","< 10","< 10","58.80","29.40","11.80","17","68.50"
"22 - 23 School Year","63","Oakland Schools","63150","Troy School District","06940","Bemis Elementary School","63","Oakland","LEA School","Elementary","City: Small","Oakland Region","5","05","Mathematics","Black, not of Hispanic origin","< 10","< 10","< 10","< 10","< 10","< 10","< 10","< 10"
"22 - 23 School Year","63","Oakland Schools","63150","Troy School District","06940","Bemis Elementary School","63","Oakland","LEA School","Elementary","City: Small","Oakland Region","5","05","English Language Arts","White, not of Hispanic origin","< 10","< 10","< 10","28.60","42.90","28.60","21","49.20"
"22 - 23 School Year","63","Oakland Schools","63150","Troy School District","06940","Bemis Elementary School","63","Oakland","LEA School","Elementary","City: Small","Oakland Region","5","05","English Language Arts","Male","22","13","11","47.80","28.30","23.90","46","56.80"
"22 - 23 School Year","63","Oakland Schools","63150","Troy School District","06940","Bemis Elementary School","63","Oakland","LEA School","Elementary","City: Small","Oakland Region","5","05","English Language Arts","Not Migrant","43","28","17","48.90","31.80","19.30","88","59.50"
"22 - 23 School Year","63","Oakland Schools","63150","Troy School District","06940","Bemis Elementary School","63","Oakland","LEA School","Elementary","City: Small","Oakland Region","5","All Grades","English Language Arts","All Students","76","56","29","47.20","34.80","18.00","161","61.00"
"22 - 23 School Year","63","Oakland Schools","63150","Troy School District","06941","Barnard Elementary School","63","Oakland","LEA School","Elementary","City: Small","Oakland Region","5","All Grades","Mathematics","Students without Disabilities","39","61","29","30.20","47.30","22.50","129","54.30"
"22 - 23 School Year","63","Oakland Schools","63150","Troy School District","06941","Barnard Elementary School","63","Oakland","LEA School","Elementary","City: Small","Oakland Region","5","04","Mathematics","Students without Disabilities","23","31","< 10","37.10","50.00","12.90","62","60.80"
"22 - 23 School Year","63","Oakland Schools","63150","Troy School District","06941","Barnard Elementary School","63","Oakland","LEA School","Elementary","City: Small","Oakland Region","5","All Grades","English Language Arts","Students with Disabilities","< 10","< 10","< 10","35.70","35.70","28.60","14","52.30"
"22 - 23 School Year","63","Oakland Schools","63150","Troy School District","06941","Barnard Elementary School","63","Oakland","LEA School","Elementary","City: Small","Oakland Region","5","All Grades","English Language Arts","Students without Disabilities","44","46","37","34.60","36.20","29.10","127","52.50"
"22 - 23 School Year","63","Oakland Schools","63150","Troy School District","06941","Barnard Elementary School","63","Oakland","LEA School","Elementary","City: Small","Oakland Region","5","05","Mathematics","Students with Disabilities","< 10","< 10","< 10","< 10","< 10","< 10","< 10","< 10"
"22 - 23 School Year","63","Oakland Schools","63150","Troy School District","06941","Barnard Elementary School","63","Oakland","LEA School","Elementary","City: Small","Oakland Region","5","05","English Language Arts","Students with Disabilities","< 10","< 10","< 10","< 10","< 10","< 10","< 10","< 10"
"22 - 23 School Year","63","Oakland Schools","63150","Troy School District","06941","Barnard Elementary School","63","Oakland","LEA School","Elementary","City: Small","Oakland Region","5","04","English Language Arts","Not Migrant","28","25","15","41.20","36.80","22.10","68","59.20"
"22 - 23 School Year","63","Oakland Schools","63150","Troy School District","06941","Barnard Elementary School","63","Oakland","LEA School","Elementary","City: Small","Oakland Region","5","04","English Language Arts","Male","13","12","< 10","44.80","41.40","13.80","29","65.10"
"22 - 23 School Year","63","Oakland Schools","63150","Troy School District","06941","Barnard Elementary School","63","Oakland","LEA School","Elementary","City: Small","Oakland Region","5","All Grades","Mathematics","Male","15","35","15","23.10","53.80","23.10","65","52.00"
"22 - 23 School Year","63","Oakland Schools","63150","Troy School District","06941","Barnard Elementary School","63","Oakland","LEA School","Elementary","City: Small","Oakland Region","5","04","English Language Arts","White, not of Hispanic origin","13","14","< 10","40.60","43.80","15.60","32","61.20"
"22 - 23 School Year","63","Oakland Schools","63150","Troy School District","06941","Barnard Elementary School","63","Oakland","LEA School","Elementary","City: Small","Oakland Region","5","All Grades","English Language Arts","Black, not of Hispanic origin","< 10","< 10","< 10","< 10","< 10","< 10","< 10","< 10"
"22 - 23 School Year","63","Oakland Schools","63150","Troy School District","06941","Barnard Elementary School","63","Oakland","LEA School","Elementary","City: Small","Oakland Region","5","All Grades","English Language Arts","Female","25","30","24","31.60","38.00","30.40","79","51.10"
"22 - 23 School Year","63","Oakland Schools","63150","Troy School District","06941","Barnard Elementary School","63","Oakland","LEA School","Elementary","City: Small","Oakland Region","5","All Grades","English Language Arts","English Learners","10","< 10","< 10","45.50","31.80","22.70","22","57.40"
"22 - 23 School Year","63","Oakland Schools","63150","Troy School District","06941","Barnard Elementary School","63","Oakland","LEA School","Elementary","City: Small","Oakland Region","5","All Grades","English Language Arts","All Students","49","51","41","34.80","36.20","29.10","141","52.50"
"22 - 23 School Year","63","Oakland Schools","63150","Troy School District","06941","Barnard Elementary School","63","Oakland","LEA School","Elementary","City: Small","Oakland Region","5","05","English Language Arts","Not English Learners","18","25","25","26.50","36.80","36.80","68","45.40"
"22 - 23 School Year","63","Oakland Schools","63150","Troy School District","06941","Barnard Elementary School","63","Oakland","LEA School","Elementary","City: Small","Oakland Region","5","04","English Language Arts","Hispanic","< 10","< 10","< 10","< 10","< 10","< 10","< 10","< 10"
"22 - 23 School Year","63","Oakland Schools","63150","Troy School District","06941","Barnard Elementary School","63","Oakland","LEA School","Elementary","City: Small","Oakland Region","5","05","Mathematics","Economically Disadvantaged","< 10","< 10","< 10","< 5","72.70","27.30","11","41.50"
"22 - 23 School Year","63","Oakland Schools","63150","Troy School District","06941","Barnard Elementary School","63","Oakland","LEA School","Elementary","City: Small","Oakland Region","5","05","Mathematics","English Learners","< 10","< 10","< 10","< 10","< 10","< 10","< 10","< 10"
"22 - 23 School Year","63","Oakland Schools","63150","Troy School District","06941","Barnard Elementary School","63","Oakland","LEA School","Elementary","City: Small","Oakland Region","5","04","English Language Arts","Not English Learners","21","19","11","41.20","37.30","21.60","51","59.80"
"22 - 23 School Year","63","Oakland Schools","63150","Troy School District","06941","Barnard Elementary School","63","Oakland","LEA School","Elementary","City: Small","Oakland Region","5","05","English Language Arts","Economically Disadvantaged","< 10","< 10","< 10","27.30","36.40","36.40","11","45.90"
"22 - 23 School Year","63","Oakland Schools","63150","Troy School District","06941","Barnard Elementary School","63","Oakland","LEA School","Elementary","City: Small","Oakland Region","5","05","English Language Arts","Hispanic","< 10","< 10","< 10","< 10","< 10","< 10","< 10","< 10"
"22 - 23 School Year","63","Oakland Schools","63150","Troy School District","06941","Barnard Elementary School","63","Oakland","LEA School","Elementary","City: Small","Oakland Region","5","05","English Language Arts","White, not of Hispanic origin","< 10","17","16","21.40","40.50","38.10","42","41.60"
"22 - 23 School Year","63","Oakland Schools","63150","Troy School District","06941","Barnard Elementary School","63","Oakland","LEA School","Elementary","City: Small","Oakland Region","5","04","Mathematics","Economically Disadvantaged","< 10","< 10","< 10","15.40","53.80","30.80","13","39.40"
"22 - 23 School Year","63","Oakland Schools","63150","Troy School District","06941","Barnard Elementary School","63","Oakland","LEA School","Elementary","City: Small","Oakland Region","5","04","Mathematics","Hispanic","< 10","< 10","< 10","< 10","< 10","< 10","< 10","< 10"
"22 - 23 School Year","63","Oakland Schools","63150","Troy School District","06941","Barnard Elementary School","63","Oakland","LEA School","Elementary","City: Small","Oakland Region","5","04","Mathematics","Not English Learners","19","27","< 10","37.30","52.90","9.80","51","60.80"
"22 - 23 School Year","63","Oakland Schools","63150","Troy School District","06941","Barnard Elementary School","63","Oakland","LEA School","Elementary","City: Small","Oakland Region","5","05","Mathematics","All Students","17","34","23","23.00","45.90","31.10","74","48.10"
"22 - 23 School Year","63","Oakland Schools","63150","Troy School District","06941","Barnard Elementary School","63","Oakland","LEA School","Elementary","City: Small","Oakland Region","5","All Grades","Mathematics","White, not of Hispanic origin","17","40","18","22.70","53.30","24.00","75","50.10"
"22 - 23 School Year","63","Oakland Schools","63150","Troy School District","06941","Barnard Elementary School","63","Oakland","LEA School","Elementary","City: Small","Oakland Region","5","05","Mathematics","Not English Learners","17","29","22","25.00","42.60","32.40","68","48.10"
"22 - 23 School Year","63","Oakland Schools","63150","Troy School District","06941","Barnard Elementary School","63","Oakland","LEA School","Elementary","City: Small","Oakland Region","5","04","Mathematics","All Students","24","36","< 10","34.80","52.20","13.00","69","59.90"
"22 - 23 School Year","63","Oakland Schools","63150","Troy School District","06941","Barnard Elementary School","63","Oakland","LEA School","Elementary","City: Small","Oakland Region","5","05","Mathematics","Male","< 10","14","13","20.60","41.20","38.20","34","44.60"
"22 - 23 School Year","63","Oakland Schools","63150","Troy School District","06941","Barnard Elementary School","63","Oakland","LEA School","Elementary","City: Small","Oakland Region","5","05","Mathematics","White, not of Hispanic origin","< 10","23","13","16.30","53.50","30.20","43","45.00"
"22 - 23 School Year","63","Oakland Schools","63150","Troy School District","06941","Barnard Elementary School","63","Oakland","LEA School","Elementary","City: Small","Oakland Region","5","All Grades","Mathematics","Asian","17","24","< 10","35.40","50.00","14.60","48","61.60"
"22 - 23 School Year","63","Oakland Schools","63150","Troy School District","06941","Barnard Elementary School","63","Oakland","LEA School","Elementary","City: Small","Oakland Region","5","05","Mathematics","Two or More Races","< 10","< 10","< 10","< 10","< 10","< 10","< 10","< 10"
"22 - 23 School Year","63","Oakland Schools","63150","Troy School District","06941","Barnard Elementary School","63","Oakland","LEA School","Elementary","City: Small","Oakland Region","5","05","Mathematics","Not Economically Disadvantaged","17","26","20","27.00","41.30","31.70","63","49.20"
"22 - 23 School Year","63","Oakland Schools","63150","Troy School District","06941","Barnard Elementary School","63","Oakland","LEA School","Elementary","City: Small","Oakland Region","5","05","Mathematics","Asian","< 10","< 10","< 10","40.00","35.00","25.00","20","59.80"
"22 - 23 School Year","63","Oakland Schools","63150","Troy School District","06941","Barnard Elementary School","63","Oakland","LEA School","Elementary","City: Small","Oakland Region","5","04","Mathematics","Asian","< 10","17","< 10","32.10","60.70","7.10","28","63.00"
"22 - 23 School Year","63","Oakland Schools","63150","Troy School District","06941","Barnard Elementary School","63","Oakland","LEA School","Elementary","City: Small","Oakland Region","5","All Grades","Mathematics","All Students","41","70","32","28.70","49.00","22.40","143","53.80"
"22 - 23 School Year","63","Oakland Schools","63150","Troy School District","06941","Barnard Elementary School","63","Oakland","LEA School","Elementary","City: Small","Oakland Region","5","05","Mathematics","Not Migrant","17","34","23","23.00","45.90","31.10","74","48.10"
"22 - 23 School Year","63","Oakland Schools","63150","Troy School District","06941","Barnard Elementary School","63","Oakland","LEA School","Elementary","City: Small","Oakland Region","5","All Grades","Mathematics","Two or More Races","< 10","< 10","< 10","< 10","< 10","< 10","< 10","< 10"
"22 - 23 School Year","63","Oakland Schools","63150","Troy School District","06941","Barnard Elementary School","63","Oakland","LEA School","Elementary","City: Small","Oakland Region","5","04","Mathematics","Two or More Races","< 10","< 10","< 10","< 10","< 10","< 10","< 10","< 10"
"22 - 23 School Year","63","Oakland Schools","63150","Troy School District","06941","Barnard Elementary School","63","Oakland","LEA School","Elementary","City: Small","Oakland Region","5","All Grades","English Language Arts","Not Economically Disadvantaged","42","42","33","35.90","35.90","28.20","117","53.40"
"22 - 23 School Year","63","Oakland Schools","63150","Troy School District","06941","Barnard Elementary School","63","Oakland","LEA School","Elementary","City: Small","Oakland Region","5","04","English Language Arts","Not Economically Disadvantaged","24","20","11","43.60","36.40","20.00","55","61.30"
"22 - 23 School Year","63","Oakland Schools","63150","Troy School District","06941","Barnard Elementary School","63","Oakland","LEA School","Elementary","City: Small","Oakland Region","5","All Grades","Mathematics","Not Migrant","41","70","32","28.70","49.00","22.40","143","53.80"
"22 - 23 School Year","63","Oakland Schools","63150","Troy School District","06941","Barnard Elementary School","63","Oakland","LEA School","Elementary","City: Small","Oakland Region","5","04","Mathematics","White, not of Hispanic origin","10","17","< 10","31.30","53.10","15.60","32","56.90"
"22 - 23 School Year","63","Oakland Schools","63150","Troy School District","06941","Barnard Elementary School","63","Oakland","LEA School","Elementary","City: Small","Oakland Region","5","04","Mathematics","Male","< 10","21","< 10","25.80","67.70","6.50","31","60.00"
"22 - 23 School Year","63","Oakland Schools","63150","Troy School District","06941","Barnard Elementary School","63","Oakland","LEA School","Elementary","City: Small","Oakland Region","5","04","Mathematics","Not Migrant","24","36","< 10","34.80","52.20","13.00","69","59.90"
"22 - 23 School Year","63","Oakland Schools","63150","Troy School District","06941","Barnard Elementary School","63","Oakland","LEA School","Elementary","City: Small","Oakland Region","5","All Grades","English Language Arts","Economically Disadvantaged","< 10","< 10","< 10","29.20","37.50","33.30","24","48.30"
"22 - 23 School Year","63","Oakland Schools","63150","Troy School District","06941","Barnard Elementary School","63","Oakland","LEA School","Elementary","City: Small","Oakland Region","5","All Grades","English Language Arts","Hispanic","< 10","< 10","< 10","< 10","< 10","< 10","< 10","< 10"
"22 - 23 School Year","63","Oakland Schools","63150","Troy School District","06941","Barnard Elementary School","63","Oakland","LEA School","Elementary","City: Small","Oakland Region","5","05","Mathematics","Students without Disabilities","16","30","21","23.90","44.80","31.30","67","48.40"
"22 - 23 School Year","63","Oakland Schools","63150","Troy School District","06941","Barnard Elementary School","63","Oakland","LEA School","Elementary","City: Small","Oakland Region","5","04","English Language Arts","Students without Disabilities","25","21","15","41.00","34.40","24.60","61","58.50"
"22 - 23 School Year","63","Oakland Schools","63150","Troy School District","06941","Barnard Elementary School","63","Oakland","LEA School","Elementary","City: Small","Oakland Region","5","05","English Language Arts","Students without Disabilities","19","25","22","28.80","37.90","33.30","66","47.00"
"22 - 23 School Year","63","Oakland Schools","63150","Troy School District","06941","Barnard Elementary School","63","Oakland","LEA School","Elementary","City: Small","Oakland Region","5","04","Mathematics","Not Economically Disadvantaged","22","29","< 10","39.30","51.80","8.90","56","64.60"
"22 - 23 School Year","63","Oakland Schools","63150","Troy School District","06941","Barnard Elementary School","63","Oakland","LEA School","Elementary","City: Small","Oakland Region","5","All Grades","Mathematics","Not Economically Disadvantaged","39","55","25","32.80","46.20","21.00","119","56.50"
"22 - 23 School Year","63","Oakland Schools","63150","Troy School District","06941","Barnard Elementary School","63","Oakland","LEA School","Elementary","City: Small","Oakland Region","5","05","Mathematics","Black, not of Hispanic origin","< 10","< 10","< 10","< 10","< 10","< 10","< 10","< 10"
"22 - 23 School Year","63","Oakland Schools","63150","Troy School District","06941","Barnard Elementary School","63","Oakland","LEA School","Elementary","City: Small","Oakland Region","5","05","Mathematics","Female","10","20","10","25.00","50.00","25.00","40","51.00"
"22 - 23 School Year","63","Oakland Schools","63150","Troy School District","06941","Barnard Elementary School","63","Oakland","LEA School","Elementary","City: Small","Oakland Region","5","04","Mathematics","Black, not of Hispanic origin","< 10","< 10","< 10","< 10","< 10","< 10","< 10","< 10"
"22 - 23 School Year","63","Oakland Schools","63150","Troy School District","06941","Barnard Elementary School","63","Oakland","LEA School","Elementary","City: Small","Oakland Region","5","04","Mathematics","Female","16","15","< 10","42.10","39.50","18.40","38","59.80"
"22 - 23 School Year","63","Oakland Schools","63150","Troy School District","06941","Barnard Elementary School","63","Oakland","LEA School","Elementary","City: Small","Oakland Region","5","04","Mathematics","English Learners","< 10","< 10","< 10","27.80","50.00","22.20","18","57.30"
"22 - 23 School Year","63","Oakland Schools","63150","Troy School District","06941","Barnard Elementary School","63","Oakland","LEA School","Elementary","City: Small","Oakland Region","5","04","Mathematics","Students with Disabilities","< 10","< 10","< 10","< 10","< 10","< 10","< 10","< 10"
"22 - 23 School Year","63","Oakland Schools","63150","Troy School District","06941","Barnard Elementary School","63","Oakland","LEA School","Elementary","City: Small","Oakland Region","5","All Grades","Mathematics","Students with Disabilities","< 10","< 10","< 10","14.30","64.30","21.40","14","48.60"
"22 - 23 School Year","63","Oakland Schools","63150","Troy School District","06941","Barnard Elementary School","63","Oakland","LEA School","Elementary","City: Small","Oakland Region","5","04","English Language Arts","Economically Disadvantaged","< 10","< 10","< 10","30.80","38.50","30.80","13","50.20"
"22 - 23 School Year","63","Oakland Schools","63150","Troy School District","06941","Barnard Elementary School","63","Oakland","LEA School","Elementary","City: Small","Oakland Region","5","All Grades","English Language Arts","Not English Learners","39","44","36","32.80","37.00","30.30","119","51.60"
"22 - 23 School Year","63","Oakland Schools","63150","Troy School District","06941","Barnard Elementary School","63","Oakland","LEA School","Elementary","City: Small","Oakland Region","5","05","English Language Arts","English Learners","< 10","< 10","< 10","< 10","< 10","< 10","< 10","< 10"
"22 - 23 School Year","63","Oakland Schools","63150","Troy School District","06941","Barnard Elementary School","63","Oakland","LEA School","Elementary","City: Small","Oakland Region","5","05","English Language Arts","Female","10","17","13","25.00","42.50","32.50","40","47.40"
"22 - 23 School Year","63","Oakland Schools","63150","Troy School District","06941","Barnard Elementary School","63","Oakland","LEA School","Elementary","City: Small","Oakland Region","5","05","English Language Arts","Black, not of Hispanic origin","< 10","< 10","< 10","< 10","< 10","< 10","< 10","< 10"
"22 - 23 School Year","63","Oakland Schools","63150","Troy School District","06941","Barnard Elementary School","63","Oakland","LEA School","Elementary","City: Small","Oakland Region","5","04","English Language Arts","English Learners","< 10","< 10","< 10","41.20","35.30","23.50","17","57.40"
"22 - 23 School Year","63","Oakland Schools","63150","Troy School District","06941","Barnard Elementary School","63","Oakland","LEA School","Elementary","City: Small","Oakland Region","5","04","English Language Arts","Female","15","13","11","38.50","33.30","28.20","39","54.80"
"22 - 23 School Year","63","Oakland Schools","63150","Troy School District","06941","Barnard Elementary School","63","Oakland","LEA School","Elementary","City: Small","Oakland Region","5","04","English Language Arts","Black, not of Hispanic origin","< 10","< 10","< 10","< 10","< 10","< 10","< 10","< 10"
"22 - 23 School Year","63","Oakland Schools","63150","Troy School District","06941","Barnard Elementary School","63","Oakland","LEA School","Elementary","City: Small","Oakland Region","5","04","English Language Arts","Students with Disabilities","< 10","< 10","< 10","< 10","< 10","< 10","< 10","< 10"
"22 - 23 School Year","63","Oakland Schools","63150","Troy School District","06941","Barnard Elementary School","63","Oakland","LEA School","Elementary","City: Small","Oakland Region","5","05","Mathematics","Hispanic","< 10","< 10","< 10","< 10","< 10","< 10","< 10","< 10"
"22 - 23 School Year","63","Oakland Schools","63150","Troy School District","06941","Barnard Elementary School","63","Oakland","LEA School","Elementary","City: Small","Oakland Region","5","All Grades","Mathematics","English Learners","< 10","14","< 10","20.80","58.30","20.80","24","54.90"
"22 - 23 School Year","63","Oakland Schools","63150","Troy School District","06941","Barnard Elementary School","63","Oakland","LEA School","Elementary","City: Small","Oakland Region","5","All Grades","Mathematics","Female","26","35","17","33.30","44.90","21.80","78","55.30"
"22 - 23 School Year","63","Oakland Schools","63150","Troy School District","06941","Barnard Elementary School","63","Oakland","LEA School","Elementary","City: Small","Oakland Region","5","All Grades","Mathematics","Black, not of Hispanic origin","< 10","< 10","< 10","< 10","< 10","< 10","< 10","< 10"
"22 - 23 School Year","63","Oakland Schools","63150","Troy School District","06941","Barnard Elementary School","63","Oakland","LEA School","Elementary","City: Small","Oakland Region","5","All Grades","Mathematics","Economically Disadvantaged","< 10","15","< 10","8.30","62.50","29.20","24","40.40"
"22 - 23 School Year","63","Oakland Schools","63150","Troy School District","06941","Barnard Elementary School","63","Oakland","LEA School","Elementary","City: Small","Oakland Region","5","All Grades","Mathematics","Hispanic","< 10","< 10","< 10","< 10","< 10","< 10","< 10","< 10"
"22 - 23 School Year","63","Oakland Schools","63150","Troy School District","06941","Barnard Elementary School","63","Oakland","LEA School","Elementary","City: Small","Oakland Region","5","All Grades","Mathematics","Not English Learners","36","56","27","30.30","47.10","22.70","119","53.60"
"22 - 23 School Year","63","Oakland Schools","63150","Troy School District","06941","Barnard Elementary School","63","Oakland","LEA School","Elementary","City: Small","Oakland Region","5","05","English Language Arts","Not Economically Disadvantaged","18","22","22","29.00","35.50","35.50","62","46.30"
"22 - 23 School Year","63","Oakland Schools","63150","Troy School District","06941","Barnard Elementary School","63","Oakland","LEA School","Elementary","City: Small","Oakland Region","5","04","English Language Arts","Asian","11","< 10","< 10","40.70","29.60","29.60","27","56.40"
"22 - 23 School Year","63","Oakland Schools","63150","Troy School District","06941","Barnard Elementary School","63","Oakland","LEA School","Elementary","City: Small","Oakland Region","5","04","English Language Arts","Two or More Races","< 10","< 10","< 10","< 10","< 10","< 10","< 10","< 10"
"22 - 23 School Year","63","Oakland Schools","63150","Troy School District","06941","Barnard Elementary School","63","Oakland","LEA School","Elementary","City: Small","Oakland Region","5","05","English Language Arts","Asian","< 10","< 10","< 10","40.00","25.00","35.00","20","54.20"
"22 - 23 School Year","63","Oakland Schools","63150","Troy School District","06941","Barnard Elementary School","63","Oakland","LEA School","Elementary","City: Small","Oakland Region","5","05","English Language Arts","Two or More Races","< 10","< 10","< 10","< 10","< 10","< 10","< 10","< 10"
"22 - 23 School Year","63","Oakland Schools","63150","Troy School District","06941","Barnard Elementary School","63","Oakland","LEA School","Elementary","City: Small","Oakland Region","5","All Grades","English Language Arts","White, not of Hispanic origin","22","31","21","29.70","41.90","28.40","74","50.10"
"22 - 23 School Year","63","Oakland Schools","63150","Troy School District","06941","Barnard Elementary School","63","Oakland","LEA School","Elementary","City: Small","Oakland Region","5","All Grades","English Language Arts","Male","24","21","17","38.70","33.90","27.40","62","54.30"
"22 - 23 School Year","63","Oakland Schools","63150","Troy School District","06941","Barnard Elementary School","63","Oakland","LEA School","Elementary","City: Small","Oakland Region","5","All Grades","English Language Arts","Not Migrant","49","51","41","34.80","36.20","29.10","141","52.50"
"22 - 23 School Year","63","Oakland Schools","63150","Troy School District","06941","Barnard Elementary School","63","Oakland","LEA School","Elementary","City: Small","Oakland Region","5","05","English Language Arts","Not Migrant","21","26","26","28.80","35.60","35.60","73","46.20"
"22 - 23 School Year","63","Oakland Schools","63150","Troy School District","06941","Barnard Elementary School","63","Oakland","LEA School","Elementary","City: Small","Oakland Region","5","05","English Language Arts","Male","11","< 10","13","33.30","27.30","39.40","33","44.80"
"22 - 23 School Year","63","Oakland Schools","63150","Troy School District","06941","Barnard Elementary School","63","Oakland","LEA School","Elementary","City: Small","Oakland Region","5","04","English Language Arts","All Students","28","25","15","41.20","36.80","22.10","68","59.20"
"22 - 23 School Year","63","Oakland Schools","63150","Troy School District","06941","Barnard Elementary School","63","Oakland","LEA School","Elementary","City: Small","Oakland Region","5","05","English Language Arts","All Students","21","26","26","28.80","35.60","35.60","73","46.20"
"22 - 23 School Year","63","Oakland Schools","63150","Troy School District","06941","Barnard Elementary School","63","Oakland","LEA School","Elementary","City: Small","Oakland Region","5","All Grades","English Language Arts","Two or More Races","< 10","< 10","< 10","< 10","< 10","< 10","< 10","< 10"
"22 - 23 School Year","63","Oakland Schools","63150","Troy School District","06941","Barnard Elementary School","63","Oakland","LEA School","Elementary","City: Small","Oakland Region","5","All Grades","English Language Arts","Asian","19","13","15","40.40","27.70","31.90","47","55.50"
"22 - 23 School Year","63","Oakland Schools","63150","Troy School District","08286","Troy College and Career High School","63","Oakland","LEA School","Middle_High School","City: Small","Oakland Region","5","11","Mathematics","Students without Disabilities","< 10","12","11","28.10","37.50","34.40","32","47.00"
"22 - 23 School Year","63","Oakland Schools","63150","Troy School District","08286","Troy College and Career High School","63","Oakland","LEA School","Middle_High School","City: Small","Oakland Region","5","11","English Language Arts","Students with Disabilities","< 10","< 10","< 10","< 10","< 10","< 10","< 10","< 10"
"22 - 23 School Year","63","Oakland Schools","63150","Troy School District","08286","Troy College and Career High School","63","Oakland","LEA School","Middle_High School","City: Small","Oakland Region","5","All Grades","Mathematics","Students with Disabilities","< 10","< 10","< 10","< 10","< 10","< 10","< 10","< 10"
"22 - 23 School Year","63","Oakland Schools","63150","Troy School District","08286","Troy College and Career High School","63","Oakland","LEA School","Middle_High School","City: Small","Oakland Region","5","All Grades","English Language Arts","Students with Disabilities","< 10","< 10","< 10","< 10","< 10","< 10","< 10","< 10"
"22 - 23 School Year","63","Oakland Schools","63150","Troy School District","08286","Troy College and Career High School","63","Oakland","LEA School","Middle_High School","City: Small","Oakland Region","5","06","English Language Arts","Not Economically Disadvantaged","< 10","< 10","< 10","< 10","< 10","< 10","< 10","< 10"
"22 - 23 School Year","63","Oakland Schools","63150","Troy School District","08286","Troy College and Career High School","63","Oakland","LEA School","Middle_High School","City: Small","Oakland Region","5","11","English Language Arts","Not Migrant","< 10","20","13","15.40","51.30","33.30","39","41.80"
"22 - 23 School Year","63","Oakland Schools","63150","Troy School District","08286","Troy College and Career High School","63","Oakland","LEA School","Middle_High School","City: Small","Oakland Region","5","11","English Language Arts","Male","< 10","12","< 10","13.00","52.20","34.80","23","38.30"
"22 - 23 School Year","63","Oakland Schools","63150","Troy School District","08286","Troy College and Career High School","63","Oakland","LEA School","Middle_High School","City: Small","Oakland Region","5","11","English Language Arts","White, not of Hispanic origin","< 10","17","< 10","7.40","63.00","29.60","27","40.30"
"22 - 23 School Year","63","Oakland Schools","63150","Troy School District","08286","Troy College and Career High School","63","Oakland","LEA School","Middle_High School","City: Small","Oakland Region","5","07","Mathematics","All Students","< 10","< 10","< 10","< 10","< 10","< 10","< 10","< 10"
"22 - 23 School Year","63","Oakland Schools","63150","Troy School District","08286","Troy College and Career High School","63","Oakland","LEA School","Middle_High School","City: Small","Oakland Region","5","11","English Language Arts","Economically Disadvantaged","< 10","< 10","< 10","20.00","53.30","26.70","15","43.30"
"22 - 23 School Year","63","Oakland Schools","63150","Troy School District","08286","Troy College and Career High School","63","Oakland","LEA School","Middle_High School","City: Small","Oakland Region","5","11","English Language Arts","Hispanic","< 10","< 10","< 10","< 10","< 10","< 10","< 10","< 10"
"22 - 23 School Year","63","Oakland Schools","63150","Troy School District","08286","Troy College and Career High School","63","Oakland","LEA School","Middle_High School","City: Small","Oakland Region","5","11","English Language Arts","Not English Learners","< 10","19","12","16.20","51.40","32.40","37","42.60"
"22 - 23 School Year","63","Oakland Schools","63150","Troy School District","08286","Troy College and Career High School","63","Oakland","LEA School","Middle_High School","City: Small","Oakland Region","5","All Grades","English Language Arts","Black, not of Hispanic origin","< 10","< 10","< 10","< 10","< 10","< 10","< 10","< 10"
"22 - 23 School Year","63","Oakland Schools","63150","Troy School District","08286","Troy College and Career High School","63","Oakland","LEA School","Middle_High School","City: Small","Oakland Region","5","All Grades","English Language Arts","All Students","< 10","21","16","17.80","46.70","35.60","45","42.10"
"22 - 23 School Year","63","Oakland Schools","63150","Troy School District","08286","Troy College and Career High School","63","Oakland","LEA School","Middle_High School","City: Small","Oakland Region","5","06","English Language Arts","All Students","< 10","< 10","< 10","< 10","< 10","< 10","< 10","< 10"
"22 - 23 School Year","63","Oakland Schools","63150","Troy School District","08286","Troy College and Career High School","63","Oakland","LEA School","Middle_High School","City: Small","Oakland Region","5","All Grades","Mathematics","All Students","< 10","16","20","20.00","35.60","44.40","45","40.10"
"22 - 23 School Year","63","Oakland Schools","63150","Troy School District","08286","Troy College and Career High School","63","Oakland","LEA School","Middle_High School","City: Small","Oakland Region","5","All Grades","Mathematics","Not English Learners","< 10","16","17","21.40","38.10","40.50","42","41.70"
"22 - 23 School Year","63","Oakland Schools","63150","Troy School District","08286","Troy College and Career High School","63","Oakland","LEA School","Middle_High School","City: Small","Oakland Region","5","07","English Language Arts","Students without Disabilities","< 10","< 10","< 10","< 10","< 10","< 10","< 10","< 10"
"22 - 23 School Year","63","Oakland Schools","63150","Troy School District","08286","Troy College and Career High School","63","Oakland","LEA School","Middle_High School","City: Small","Oakland Region","5","08","English Language Arts","Students without Disabilities","< 10","< 10","< 10","< 10","< 10","< 10","< 10","< 10"
"22 - 23 School Year","63","Oakland Schools","63150","Troy School District","08286","Troy College and Career High School","63","Oakland","LEA School","Middle_High School","City: Small","Oakland Region","5","11","Mathematics","English Learners","< 10","< 10","< 10","< 10","< 10","< 10","< 10","< 10"
"22 - 23 School Year","63","Oakland Schools","63150","Troy School District","08286","Troy College and Career High School","63","Oakland","LEA School","Middle_High School","City: Small","Oakland Region","5","All Grades","Mathematics","Two or More Races","< 10","< 10","< 10","< 10","< 10","< 10","< 10","< 10"
"22 - 23 School Year","63","Oakland Schools","63150","Troy School District","08286","Troy College and Career High School","63","Oakland","LEA School","Middle_High School","City: Small","Oakland Region","5","08","Mathematics","White, not of Hispanic origin","< 10","< 10","< 10","< 10","< 10","< 10","< 10","< 10"
"22 - 23 School Year","63","Oakland Schools","63150","Troy School District","08286","Troy College and Career High School","63","Oakland","LEA School","Middle_High School","City: Small","Oakland Region","5","11","Mathematics","All Students","< 10","13","17","23.10","33.30","43.60","39","42.50"
"22 - 23 School Year","63","Oakland Schools","63150","Troy School District","08286","Troy College and Career High School","63","Oakland","LEA School","Middle_High School","City: Small","Oakland Region","5","11","Mathematics","Female","< 10","< 10","< 10","37.50","25.00","37.50","16","48.40"
"22 - 23 School Year","63","Oakland Schools","63150","Troy School District","08286","Troy College and Career High School","63","Oakland","LEA School","Middle_High School","City: Small","Oakland Region","5","11","Mathematics","Black, not of Hispanic origin","< 10","< 10","< 10","< 10","< 10","< 10","< 10","< 10"
"22 - 23 School Year","63","Oakland Schools","63150","Troy School District","08286","Troy College and Career High School","63","Oakland","LEA School","Middle_High School","City: Small","Oakland Region","5","All Grades","Mathematics","Asian","< 10","< 10","< 10","< 10","< 10","< 10","< 10","< 10"
"22 - 23 School Year","63","Oakland Schools","63150","Troy School District","08286","Troy College and Career High School","63","Oakland","LEA School","Middle_High School","City: Small","Oakland Region","5","08","Mathematics","All Students","< 10","< 10","< 10","< 10","< 10","< 10","< 10","< 10"
"22 - 23 School Year","63","Oakland Schools","63150","Troy School District","08286","Troy College and Career High School","63","Oakland","LEA School","Middle_High School","City: Small","Oakland Region","5","07","Mathematics","White, not of Hispanic origin","< 10","< 10","< 10","< 10","< 10","< 10","< 10","< 10"
"22 - 23 School Year","63","Oakland Schools","63150","Troy School District","08286","Troy College and Career High School","63","Oakland","LEA School","Middle_High School","City: Small","Oakland Region","5","07","Mathematics","Economically Disadvantaged","< 10","< 10","< 10","< 10","< 10","< 10","< 10","< 10"
"22 - 23 School Year","63","Oakland Schools","63150","Troy School District","08286","Troy College and Career High School","63","Oakland","LEA School","Middle_High School","City: Small","Oakland Region","5","11","Mathematics","Two or More Races","< 10","< 10","< 10","< 10","< 10","< 10","< 10","< 10"
"22 - 23 School Year","63","Oakland Schools","63150","Troy School District","08286","Troy College and Career High School","63","Oakland","LEA School","Middle_High School","City: Small","Oakland Region","5","11","Mathematics","Asian","< 10","< 10","< 10","< 10","< 10","< 10","< 10","< 10"
"22 - 23 School Year","63","Oakland Schools","63150","Troy School District","08286","Troy College and Career High School","63","Oakland","LEA School","Middle_High School","City: Small","Oakland Region","5","08","Mathematics","Two or More Races","< 10","< 10","< 10","< 10","< 10","< 10","< 10","< 10"
"22 - 23 School Year","63","Oakland Schools","63150","Troy School District","08286","Troy College and Career High School","63","Oakland","LEA School","Middle_High School","City: Small","Oakland Region","5","07","Mathematics","Male","< 10","< 10","< 10","< 10","< 10","< 10","< 10","< 10"
"22 - 23 School Year","63","Oakland Schools","63150","Troy School District","08286","Troy College and Career High School","63","Oakland","LEA School","Middle_High School","City: Small","Oakland Region","5","07","Mathematics","Not Migrant","< 10","< 10","< 10","< 10","< 10","< 10","< 10","< 10"
"22 - 23 School Year","63","Oakland Schools","63150","Troy School District","08286","Troy College and Career High School","63","Oakland","LEA School","Middle_High School","City: Small","Oakland Region","5","07","Mathematics","Not Economically Disadvantaged","< 10","< 10","< 10","< 10","< 10","< 10","< 10","< 10"
"22 - 23 School Year","63","Oakland Schools","63150","Troy School District","08286","Troy College and Career High School","63","Oakland","LEA School","Middle_High School","City: Small","Oakland Region","5","08","Mathematics","Not Economically Disadvantaged","< 10","< 10","< 10","< 10","< 10","< 10","< 10","< 10"
"22 - 23 School Year","63","Oakland Schools","63150","Troy School District","08286","Troy College and Career High School","63","Oakland","LEA School","Middle_High School","City: Small","Oakland Region","5","11","Mathematics","Not Economically Disadvantaged","< 10","< 10","10","25.00","33.30","41.70","24","42.90"
"22 - 23 School Year","63","Oakland Schools","63150","Troy School District","08286","Troy College and Career High School","63","Oakland","LEA School","Middle_High School","City: Small","Oakland Region","5","06","Mathematics","Not English Learners","< 10","< 10","< 10","< 10","< 10","< 10","< 10","< 10"
"22 - 23 School Year","63","Oakland Schools","63150","Troy School District","08286","Troy College and Career High School","63","Oakland","LEA School","Middle_High School","City: Small","Oakland Region","5","All Grades","Mathematics","Economically Disadvantaged","< 10","< 10","< 10","18.80","31.30","50.00","16","39.60"
"22 - 23 School Year","63","Oakland Schools","63150","Troy School District","08286","Troy College and Career High School","63","Oakland","LEA School","Middle_High School","City: Small","Oakland Region","5","All Grades","Mathematics","Hispanic","< 10","< 10","< 10","< 10","< 10","< 10","< 10","< 10"
"22 - 23 School Year","63","Oakland Schools","63150","Troy School District","08286","Troy College and Career High School","63","Oakland","LEA School","Middle_High School","City: Small","Oakland Region","5","06","Mathematics","Not Economically Disadvantaged","< 10","< 10","< 10","< 10","< 10","< 10","< 10","< 10"
"22 - 23 School Year","63","Oakland Schools","63150","Troy School District","08286","Troy College and Career High School","63","Oakland","LEA School","Middle_High School","City: Small","Oakland Region","5","08","Mathematics","Male","< 10","< 10","< 10","< 10","< 10","< 10","< 10","< 10"
"22 - 23 School Year","63","Oakland Schools","63150","Troy School District","08286","Troy College and Career High School","63","Oakland","LEA School","Middle_High School","City: Small","Oakland Region","5","08","English Language Arts","Not English Learners","< 10","< 10","< 10","< 10","< 10","< 10","< 10","< 10"
"22 - 23 School Year","63","Oakland Schools","63150","Troy School District","08286","Troy College and Career High School","63","Oakland","LEA School","Middle_High School","City: Small","Oakland Region","5","08","Mathematics","Not Migrant","< 10","< 10","< 10","< 10","< 10","< 10","< 10","< 10"
"22 - 23 School Year","63","Oakland Schools","63150","Troy School District","08286","Troy College and Career High School","63","Oakland","LEA School","Middle_High School","City: Small","Oakland Region","5","11","Mathematics","White, not of Hispanic origin","< 10","< 10","12","22.20","33.30","44.40","27","41.30"
"22 - 23 School Year","63","Oakland Schools","63150","Troy School District","08286","Troy College and Career High School","63","Oakland","LEA School","Middle_High School","City: Small","Oakland Region","5","11","Mathematics","Male","< 10","< 10","11","13.00","39.10","47.80","23","38.30"
"22 - 23 School Year","63","Oakland Schools","63150","Troy School District","08286","Troy College and Career High School","63","Oakland","LEA School","Middle_High School","City: Small","Oakland Region","5","11","Mathematics","Not Migrant","< 10","13","17","23.10","33.30","43.60","39","42.50"
"22 - 23 School Year","63","Oakland Schools","63150","Troy School District","08286","Troy College and Career High School","63","Oakland","LEA School","Middle_High School","City: Small","Oakland Region","5","11","Mathematics","Economically Disadvantaged","< 10","< 10","< 10","20.00","33.30","46.70","15","41.80"
"22 - 23 School Year","63","Oakland Schools","63150","Troy School District","08286","Troy College and Career High School","63","Oakland","LEA School","Middle_High School","City: Small","Oakland Region","5","11","Mathematics","Hispanic","< 10","< 10","< 10","< 10","< 10","< 10","< 10","< 10"
"22 - 23 School Year","63","Oakland Schools","63150","Troy School District","08286","Troy College and Career High School","63","Oakland","LEA School","Middle_High School","City: Small","Oakland Region","5","11","Mathematics","Not English Learners","< 10","13","15","24.30","35.10","40.50","37","43.60"
"22 - 23 School Year","63","Oakland Schools","63150","Troy School District","08286","Troy College and Career High School","63","Oakland","LEA School","Middle_High School","City: Small","Oakland Region","5","All Grades","Mathematics","Not Economically Disadvantaged","< 10","11","12","20.70","37.90","41.40","29","40.30"
"22 - 23 School Year","63","Oakland Schools","63150","Troy School District","08286","Troy College and Career High School","63","Oakland","LEA School","Middle_High School","City: Small","Oakland Region","5","08","English Language Arts","Female","< 10","< 10","< 10","< 10","< 10","< 10","< 10","< 10"
"22 - 23 School Year","63","Oakland Schools","63150","Troy School District","08286","Troy College and Career High School","63","Oakland","LEA School","Middle_High School","City: Small","Oakland Region","5","11","English Language Arts","English Learners","< 10","< 10","< 10","< 10","< 10","< 10","< 10","< 10"
"22 - 23 School Year","63","Oakland Schools","63150","Troy School District","08286","Troy College and Career High School","63","Oakland","LEA School","Middle_High School","City: Small","Oakland Region","5","11","English Language Arts","Female","< 10","< 10","< 10","18.80","50.00","31.30","16","46.80"
"22 - 23 School Year","63","Oakland Schools","63150","Troy School District","08286","Troy College and Career High School","63","Oakland","LEA School","Middle_High School","City: Small","Oakland Region","5","11","English Language Arts","Black, not of Hispanic origin","< 10","< 10","< 10","< 10","< 10","< 10","< 10","< 10"
"22 - 23 School Year","63","Oakland Schools","63150","Troy School District","08286","Troy College and Career High School","63","Oakland","LEA School","Middle_High School","City: Small","Oakland Region","5","07","English Language Arts","English Learners","< 10","< 10","< 10","< 10","< 10","< 10","< 10","< 10"
"22 - 23 School Year","63","Oakland Schools","63150","Troy School District","08286","Troy College and Career High School","63","Oakland","LEA School","Middle_High School","City: Small","Oakland Region","5","06","English Language Arts","Female","< 10","< 10","< 10","< 10","< 10","< 10","< 10","< 10"
"22 - 23 School Year","63","Oakland Schools","63150","Troy School District","08286","Troy College and Career High School","63","Oakland","LEA School","Middle_High School","City: Small","Oakland Region","5","All Grades","English Language Arts","English Learners","< 10","< 10","< 10","< 10","< 10","< 10","< 10","< 10"
"22 - 23 School Year","63","Oakland Schools","63150","Troy School District","08286","Troy College and Career High School","63","Oakland","LEA School","Middle_High School","City: Small","Oakland Region","5","All Grades","English Language Arts","Female","< 10","< 10","< 10","21.10","47.40","31.60","19","48.40"
"22 - 23 School Year","63","Oakland Schools","63150","Troy School District","08286","Troy College and Career High School","63","Oakland","LEA School","Middle_High School","City: Small","Oakland Region","5","All Grades","English Language Arts","Students without Disabilities","< 10","17","14","18.40","44.70","36.80","38","41.50"
"22 - 23 School Year","63","Oakland Schools","63150","Troy School District","08286","Troy College and Career High School","63","Oakland","LEA School","Middle_High School","City: Small","Oakland Region","5","06","English Language Arts","Students without Disabilities","< 10","< 10","< 10","< 10","< 10","< 10","< 10","< 10"
"22 - 23 School Year","63","Oakland Schools","63150","Troy School District","08286","Troy College and Career High School","63","Oakland","LEA School","Middle_High School","City: Small","Oakland Region","5","06","Mathematics","Students without Disabilities","< 10","< 10","< 10","< 10","< 10","< 10","< 10","< 10"
"22 - 23 School Year","63","Oakland Schools","63150","Troy School District","08286","Troy College and Career High School","63","Oakland","LEA School","Middle_High School","City: Small","Oakland Region","5","All Grades","Mathematics","Students without Disabilities","< 10","15","14","23.70","39.50","36.80","38","43.50"
"22 - 23 School Year","63","Oakland Schools","63150","Troy School District","08286","Troy College and Career High School","63","Oakland","LEA School","Middle_High School","City: Small","Oakland Region","5","08","Mathematics","Students without Disabilities","< 10","< 10","< 10","< 10","< 10","< 10","< 10","< 10"
"22 - 23 School Year","63","Oakland Schools","63150","Troy School District","08286","Troy College and Career High School","63","Oakland","LEA School","Middle_High School","City: Small","Oakland Region","5","11","English Language Arts","Asian","< 10","< 10","< 10","< 10","< 10","< 10","< 10","< 10"
"22 - 23 School Year","63","Oakland Schools","63150","Troy School District","08286","Troy College and Career High School","63","Oakland","LEA School","Middle_High School","City: Small","Oakland Region","5","11","English Language Arts","Two or More Races","< 10","< 10","< 10","< 10","< 10","< 10","< 10","< 10"
"22 - 23 School Year","63","Oakland Schools","63150","Troy School District","08286","Troy College and Career High School","63","Oakland","LEA School","Middle_High School","City: Small","Oakland Region","5","11","English Language Arts","Not Economically Disadvantaged","< 10","12","< 10","12.50","50.00","37.50","24","40.90"
"22 - 23 School Year","63","Oakland Schools","63150","Troy School District","08286","Troy College and Career High School","63","Oakland","LEA School","Middle_High School","City: Small","Oakland Region","5","08","English Language Arts","Not Economically Disadvantaged","< 10","< 10","< 10","< 10","< 10","< 10","< 10","< 10"
"22 - 23 School Year","63","Oakland Schools","63150","Troy School District","08286","Troy College and Career High School","63","Oakland","LEA School","Middle_High School","City: Small","Oakland Region","5","07","English Language Arts","Not Economically Disadvantaged","< 10","< 10","< 10","< 10","< 10","< 10","< 10","< 10"
"22 - 23 School Year","63","Oakland Schools","63150","Troy School District","08286","Troy College and Career High School","63","Oakland","LEA School","Middle_High School","City: Small","Oakland Region","5","07","Mathematics","Students without Disabilities","< 10","< 10","< 10","< 10","< 10","< 10","< 10","< 10"
"22 - 23 School Year","63","Oakland Schools","63150","Troy School District","08286","Troy College and Career High School","63","Oakland","LEA School","Middle_High School","City: Small","Oakland Region","5","11","English Language Arts","Students without Disabilities","< 10","16","11","15.60","50.00","34.40","32","41.00"
"22 - 23 School Year","63","Oakland Schools","63150","Troy School District","08286","Troy College and Career High School","63","Oakland","LEA School","Middle_High School","City: Small","Oakland Region","5","11","Mathematics","Students with Disabilities","< 10","< 10","< 10","< 10","< 10","< 10","< 10","< 10"
"22 - 23 School Year","63","Oakland Schools","63150","Troy School District","08286","Troy College and Career High School","63","Oakland","LEA School","Middle_High School","City: Small","Oakland Region","5","06","Mathematics","All Students","< 10","< 10","< 10","< 10","< 10","< 10","< 10","< 10"
"22 - 23 School Year","63","Oakland Schools","63150","Troy School District","08286","Troy College and Career High School","63","Oakland","LEA School","Middle_High School","City: Small","Oakland Region","5","All Grades","Mathematics","Not Migrant","< 10","16","20","20.00","35.60","44.40","45","40.10"
"22 - 23 School Year","63","Oakland Schools","63150","Troy School District","08286","Troy College and Career High School","63","Oakland","LEA School","Middle_High School","City: Small","Oakland Region","5","All Grades","Mathematics","Male","< 10","10","13","11.50","38.50","50.00","26","36.50"
"22 - 23 School Year","63","Oakland Schools","63150","Troy School District","08286","Troy College and Career High School","63","Oakland","LEA School","Middle_High School","City: Small","Oakland Region","5","All Grades","Mathematics","White, not of Hispanic origin","< 10","11","14","19.40","35.50","45.20","31","39.50"
"22 - 23 School Year","63","Oakland Schools","63150","Troy School District","08286","Troy College and Career High School","63","Oakland","LEA School","Middle_High School","City: Small","Oakland Region","5","06","Mathematics","Not Migrant","< 10","< 10","< 10","< 10","< 10","< 10","< 10","< 10"
"22 - 23 School Year","63","Oakland Schools","63150","Troy School District","08286","Troy College and Career High School","63","Oakland","LEA School","Middle_High School","City: Small","Oakland Region","5","06","Mathematics","White, not of Hispanic origin","< 10","< 10","< 10","< 10","< 10","< 10","< 10","< 10"
"22 - 23 School Year","63","Oakland Schools","63150","Troy School District","08286","Troy College and Career High School","63","Oakland","LEA School","Middle_High School","City: Small","Oakland Region","5","08","English Language Arts","Not Migrant","< 10","< 10","< 10","< 10","< 10","< 10","< 10","< 10"
"22 - 23 School Year","63","Oakland Schools","63150","Troy School District","08286","Troy College and Career High School","63","Oakland","LEA School","Middle_High School","City: Small","Oakland Region","5","08","English Language Arts","Male","< 10","< 10","< 10","< 10","< 10","< 10","< 10","< 10"
"22 - 23 School Year","63","Oakland Schools","63150","Troy School District","08286","Troy College and Career High School","63","Oakland","LEA School","Middle_High School","City: Small","Oakland Region","5","08","English Language Arts","White, not of Hispanic origin","< 10","< 10","< 10","< 10","< 10","< 10","< 10","< 10"
"22 - 23 School Year","63","Oakland Schools","63150","Troy School District","08286","Troy College and Career High School","63","Oakland","LEA School","Middle_High School","City: Small","Oakland Region","5","11","English Language Arts","All Students","< 10","20","13","15.40","51.30","33.30","39","41.80"
"22 - 23 School Year","63","Oakland Schools","63150","Troy School District","08286","Troy College and Career High School","63","Oakland","LEA School","Middle_High School","City: Small","Oakland Region","5","06","English Language Arts","Not English Learners","< 10","< 10","< 10","< 10","< 10","< 10","< 10","< 10"
"22 - 23 School Year","63","Oakland Schools","63150","Troy School District","08286","Troy College and Career High School","63","Oakland","LEA School","Middle_High School","City: Small","Oakland Region","5","07","English Language Arts","Hispanic","< 10","< 10","< 10","< 10","< 10","< 10","< 10","< 10"
"22 - 23 School Year","63","Oakland Schools","63150","Troy School District","08286","Troy College and Career High School","63","Oakland","LEA School","Middle_High School","City: Small","Oakland Region","5","07","English Language Arts","Economically Disadvantaged","< 10","< 10","< 10","< 10","< 10","< 10","< 10","< 10"
"22 - 23 School Year","63","Oakland Schools","63150","Troy School District","08286","Troy College and Career High School","63","Oakland","LEA School","Middle_High School","City: Small","Oakland Region","5","All Grades","English Language Arts","Not English Learners","< 10","20","14","19.00","47.60","33.30","42","43.60"
"22 - 23 School Year","63","Oakland Schools","63150","Troy School District","08286","Troy College and Career High School","63","Oakland","LEA School","Middle_High School","City: Small","Oakland Region","5","All Grades","English Language Arts","Hispanic","< 10","< 10","< 10","< 10","< 10","< 10","< 10","< 10"
"22 - 23 School Year","63","Oakland Schools","63150","Troy School District","08286","Troy College and Career High School","63","Oakland","LEA School","Middle_High School","City: Small","Oakland Region","5","All Grades","English Language Arts","Economically Disadvantaged","< 10","< 10","< 10","18.80","50.00","31.30","16","41.20"
"22 - 23 School Year","63","Oakland Schools","63150","Troy School District","08286","Troy College and Career High School","63","Oakland","LEA School","Middle_High School","City: Small","Oakland Region","5","08","English Language Arts","Two or More Races","< 10","< 10","< 10","< 10","< 10","< 10","< 10","< 10"
"22 - 23 School Year","63","Oakland Schools","63150","Troy School District","08286","Troy College and Career High School","63","Oakland","LEA School","Middle_High School","City: Small","Oakland Region","5","06","English Language Arts","Not Migrant","< 10","< 10","< 10","< 10","< 10","< 10","< 10","< 10"
"22 - 23 School Year","63","Oakland Schools","63150","Troy School District","08286","Troy College and Career High School","63","Oakland","LEA School","Middle_High School","City: Small","Oakland Region","5","06","English Language Arts","White, not of Hispanic origin","< 10","< 10","< 10","< 10","< 10","< 10","< 10","< 10"
"22 - 23 School Year","63","Oakland Schools","63150","Troy School District","08286","Troy College and Career High School","63","Oakland","LEA School","Middle_High School","City: Small","Oakland Region","5","All Grades","English Language Arts","Not Migrant","< 10","21","16","17.80","46.70","35.60","45","42.10"
"22 - 23 School Year","63","Oakland Schools","63150","Troy School District","08286","Troy College and Career High School","63","Oakland","LEA School","Middle_High School","City: Small","Oakland Region","5","All Grades","English Language Arts","Male","< 10","12","10","15.40","46.20","38.50","26","37.60"
"22 - 23 School Year","63","Oakland Schools","63150","Troy School District","08286","Troy College and Career High School","63","Oakland","LEA School","Middle_High School","City: Small","Oakland Region","5","All Grades","Mathematics","Female","< 10","< 10","< 10","31.60","31.60","36.80","19","45.10"
"22 - 23 School Year","63","Oakland Schools","63150","Troy School District","08286","Troy College and Career High School","63","Oakland","LEA School","Middle_High School","City: Small","Oakland Region","5","All Grades","Mathematics","English Learners","< 10","< 10","< 10","< 10","< 10","< 10","< 10","< 10"
"22 - 23 School Year","63","Oakland Schools","63150","Troy School District","08286","Troy College and Career High School","63","Oakland","LEA School","Middle_High School","City: Small","Oakland Region","5","All Grades","Mathematics","Black, not of Hispanic origin","< 10","< 10","< 10","< 10","< 10","< 10","< 10","< 10"
"22 - 23 School Year","63","Oakland Schools","63150","Troy School District","08286","Troy College and Career High School","63","Oakland","LEA School","Middle_High School","City: Small","Oakland Region","5","06","Mathematics","Female","< 10","< 10","< 10","< 10","< 10","< 10","< 10","< 10"
"22 - 23 School Year","63","Oakland Schools","63150","Troy School District","08286","Troy College and Career High School","63","Oakland","LEA School","Middle_High School","City: Small","Oakland Region","5","07","Mathematics","English Learners","< 10","< 10","< 10","< 10","< 10","< 10","< 10","< 10"
"22 - 23 School Year","63","Oakland Schools","63150","Troy School District","08286","Troy College and Career High School","63","Oakland","LEA School","Middle_High School","City: Small","Oakland Region","5","08","Mathematics","Female","< 10","< 10","< 10","< 10","< 10","< 10","< 10","< 10"
"22 - 23 School Year","63","Oakland Schools","63150","Troy School District","08286","Troy College and Career High School","63","Oakland","LEA School","Middle_High School","City: Small","Oakland Region","5","08","Mathematics","Not English Learners","< 10","< 10","< 10","< 10","< 10","< 10","< 10","< 10"
"22 - 23 School Year","63","Oakland Schools","63150","Troy School District","08286","Troy College and Career High School","63","Oakland","LEA School","Middle_High School","City: Small","Oakland Region","5","07","Mathematics","Hispanic","< 10","< 10","< 10","< 10","< 10","< 10","< 10","< 10"
"22 - 23 School Year","63","Oakland Schools","63150","Troy School District","08286","Troy College and Career High School","63","Oakland","LEA School","Middle_High School","City: Small","Oakland Region","5","07","Mathematics","Not English Learners","< 10","< 10","< 10","< 10","< 10","< 10","< 10","< 10"
"22 - 23 School Year","63","Oakland Schools","63150","Troy School District","08286","Troy College and Career High School","63","Oakland","LEA School","Middle_High School","City: Small","Oakland Region","5","All Grades","English Language Arts","Not Economically Disadvantaged","< 10","13","11","17.20","44.80","37.90","29","42.70"
"22 - 23 School Year","63","Oakland Schools","63150","Troy School District","08286","Troy College and Career High School","63","Oakland","LEA School","Middle_High School","City: Small","Oakland Region","5","All Grades","English Language Arts","Asian","< 10","< 10","< 10","< 10","< 10","< 10","< 10","< 10"
"22 - 23 School Year","63","Oakland Schools","63150","Troy School District","08286","Troy College and Career High School","63","Oakland","LEA School","Middle_High School","City: Small","Oakland Region","5","All Grades","English Language Arts","Two or More Races","< 10","< 10","< 10","< 10","< 10","< 10","< 10","< 10"
"22 - 23 School Year","63","Oakland Schools","63150","Troy School District","08286","Troy College and Career High School","63","Oakland","LEA School","Middle_High School","City: Small","Oakland Region","5","07","English Language Arts","Not Migrant","< 10","< 10","< 10","< 10","< 10","< 10","< 10","< 10"
"22 - 23 School Year","63","Oakland Schools","63150","Troy School District","08286","Troy College and Career High School","63","Oakland","LEA School","Middle_High School","City: Small","Oakland Region","5","07","English Language Arts","All Students","< 10","< 10","< 10","< 10","< 10","< 10","< 10","< 10"
"22 - 23 School Year","63","Oakland Schools","63150","Troy School District","08286","Troy College and Career High School","63","Oakland","LEA School","Middle_High School","City: Small","Oakland Region","5","08","English Language Arts","All Students","< 10","< 10","< 10","< 10","< 10","< 10","< 10","< 10"
"22 - 23 School Year","63","Oakland Schools","63150","Troy School District","08286","Troy College and Career High School","63","Oakland","LEA School","Middle_High School","City: Small","Oakland Region","5","07","English Language Arts","Male","< 10","< 10","< 10","< 10","< 10","< 10","< 10","< 10"
"22 - 23 School Year","63","Oakland Schools","63150","Troy School District","08286","Troy College and Career High School","63","Oakland","LEA School","Middle_High School","City: Small","Oakland Region","5","07","English Language Arts","White, not of Hispanic origin","< 10","< 10","< 10","< 10","< 10","< 10","< 10","< 10"
"22 - 23 School Year","63","Oakland Schools","63150","Troy School District","08286","Troy College and Career High School","63","Oakland","LEA School","Middle_High School","City: Small","Oakland Region","5","All Grades","English Language Arts","White, not of Hispanic origin","< 10","18","< 10","12.90","58.10","29.00","31","42.50"
"22 - 23 School Year","63","Oakland Schools","63150","Troy School District","08286","Troy College and Career High School","63","Oakland","LEA School","Middle_High School","City: Small","Oakland Region","5","07","English Language Arts","Not English Learners","< 10","< 10","< 10","< 10","< 10","< 10","< 10","< 10"
