SchoolYear,IsdCode,IsdName,DistrictCode,DistrictName,BuildingCode,BuildingName,CountyCode,CountyName,EntityType,SchoolLevel,Locale,MISTEM_NAME,MISTEM_CODE,Grade,Subject,TestingGroup,NumberAboveAverageGrowth,NumberAverageGrowth,NumberBelowAverageGrowth,PercentAboveAverage,PercentAverageGrowth,PercentBelowAverage,TotalIncluded,MeanSGP
"23 - 24 School Year","63","Oakland Schools","63150","Troy School District","00000","All Buildings","63","Oakland","LEA District","Elem thru High School","City: Small","Oakland Region","5","11","English Language Arts","Students with Disabilities","12","11","22","26.70","24.40","48.90","45","40.80"
"23 - 24 School Year","63","Oakland Schools","63150","Troy School District","00000","All Buildings","63","Oakland","LEA District","Elem thru High School","City: Small","Oakland Region","5","11","Mathematics","Students with Disabilities","11","14","20","24.40","31.10","44.40","45","44.20"
"23 - 24 School Year","63","Oakland Schools","63150","Troy School District","00000","All Buildings","63","Oakland","LEA District","Elem thru High School","City: Small","Oakland Region","5","04","English Language Arts","Students without Disabilities","262","270","173","37.20","38.30","24.50","705","56.20"
"23 - 24 School Year","63","Oakland Schools","63150","Troy School District","00000","All Buildings","63","Oakland","LEA District","Elem thru High School","City: Small","Oakland Region","5","11","Mathematics","Students without Disabilities","417","317","134","48.00","36.50","15.40","868","63.60"
"23 - 24 School Year","63","Oakland Schools","63150","Troy School District","00000","All Buildings","63","Oakland","LEA District","Elem thru High School","City: Small","Oakland Region","5","11","English Language Arts","Students without Disabilities","352","318","198","40.60","36.60","22.80","868","57.90"
"23 - 24 School Year","63","Oakland Schools","63150","Troy School District","00000","All Buildings","63","Oakland","LEA District","Elem thru High School","City: Small","Oakland Region","5","All Grades","English Language Arts","Students with Disabilities","108","139","139","28.00","36.00","36.00","386","46.70"
"23 - 24 School Year","63","Oakland Schools","63150","Troy School District","00000","All Buildings","63","Oakland","LEA District","Elem thru High School","City: Small","Oakland Region","5","All Grades","Mathematics","Students with Disabilities","117","128","144","30.10","32.90","37.00","389","48.10"
"23 - 24 School Year","63","Oakland Schools","63150","Troy School District","00000","All Buildings","63","Oakland","LEA District","Elem thru High School","City: Small","Oakland Region","5","06","English Language Arts","Students with Disabilities","15","32","18","23.10","49.20","27.70","65","49.50"
"23 - 24 School Year","63","Oakland Schools","63150","Troy School District","00000","All Buildings","63","Oakland","LEA District","Elem thru High School","City: Small","Oakland Region","5","06","Mathematics","Students with Disabilities","21","23","21","32.30","35.40","32.30","65","49.90"
"23 - 24 School Year","63","Oakland Schools","63150","Troy School District","00000","All Buildings","63","Oakland","LEA District","Elem thru High School","City: Small","Oakland Region","5","07","English Language Arts","Students with Disabilities","14","18","23","25.50","32.70","41.80","55","41.90"
"23 - 24 School Year","63","Oakland Schools","63150","Troy School District","00000","All Buildings","63","Oakland","LEA District","Elem thru High School","City: Small","Oakland Region","5","07","Mathematics","Students with Disabilities","17","20","18","30.90","36.40","32.70","55","50.60"
"23 - 24 School Year","63","Oakland Schools","63150","Troy School District","00000","All Buildings","63","Oakland","LEA District","Elem thru High School","City: Small","Oakland Region","5","08","English Language Arts","Students with Disabilities","23","16","22","37.70","26.20","36.10","61","49.50"
"23 - 24 School Year","63","Oakland Schools","63150","Troy School District","00000","All Buildings","63","Oakland","LEA District","Elem thru High School","City: Small","Oakland Region","5","08","Mathematics","Students with Disabilities","17","20","25","27.40","32.30","40.30","62","45.10"
"23 - 24 School Year","63","Oakland Schools","63150","Troy School District","00000","All Buildings","63","Oakland","LEA District","Elem thru High School","City: Small","Oakland Region","5","06","English Language Arts","Not English Learners","282","315","225","34.30","38.30","27.40","822","53.30"
"23 - 24 School Year","63","Oakland Schools","63150","Troy School District","00000","All Buildings","63","Oakland","LEA District","Elem thru High School","City: Small","Oakland Region","5","06","English Language Arts","Not Migrant","310","353","242","34.30","39.00","26.70","905","53.60"
"23 - 24 School Year","63","Oakland Schools","63150","Troy School District","00000","All Buildings","63","Oakland","LEA District","Elem thru High School","City: Small","Oakland Region","5","06","Mathematics","All Students","407","332","182","44.20","36.00","19.80","921","60.30"
"23 - 24 School Year","63","Oakland Schools","63150","Troy School District","00000","All Buildings","63","Oakland","LEA District","Elem thru High School","City: Small","Oakland Region","5","06","Mathematics","Economically Disadvantaged","53","54","38","36.60","37.20","26.20","145","53.90"
"23 - 24 School Year","63","Oakland Schools","63150","Troy School District","00000","All Buildings","63","Oakland","LEA District","Elem thru High School","City: Small","Oakland Region","5","06","Mathematics","Not Economically Disadvantaged","354","278","144","45.60","35.80","18.60","776","61.50"
"23 - 24 School Year","63","Oakland Schools","63150","Troy School District","00000","All Buildings","63","Oakland","LEA District","Elem thru High School","City: Small","Oakland Region","5","06","Mathematics","Native Hawaiian or Other Pacific Islander","< 10","< 10","< 10","< 10","< 10","< 10","< 10","< 10"
"23 - 24 School Year","63","Oakland Schools","63150","Troy School District","00000","All Buildings","63","Oakland","LEA District","Elem thru High School","City: Small","Oakland Region","5","06","Mathematics","American Indian or Alaska Native","< 10","< 10","< 10","< 10","< 10","< 10","< 10","< 10"
"23 - 24 School Year","63","Oakland Schools","63150","Troy School District","00000","All Buildings","63","Oakland","LEA District","Elem thru High School","City: Small","Oakland Region","5","06","Mathematics","Black, not of Hispanic origin","16","12","13","39.00","29.30","31.70","41","54.70"
"23 - 24 School Year","63","Oakland Schools","63150","Troy School District","00000","All Buildings","63","Oakland","LEA District","Elem thru High School","City: Small","Oakland Region","5","06","Mathematics","Hispanic","17","17","< 10","41.50","41.50","17.10","41","57.40"
"23 - 24 School Year","63","Oakland Schools","63150","Troy School District","00000","All Buildings","63","Oakland","LEA District","Elem thru High School","City: Small","Oakland Region","5","06","Mathematics","White, not of Hispanic origin","153","171","109","35.30","39.50","25.20","433","54.30"
"23 - 24 School Year","63","Oakland Schools","63150","Troy School District","00000","All Buildings","63","Oakland","LEA District","Elem thru High School","City: Small","Oakland Region","5","06","Mathematics","Two or More Races","13","15","< 10","37.10","42.90","20.00","35","56.80"
"23 - 24 School Year","63","Oakland Schools","63150","Troy School District","00000","All Buildings","63","Oakland","LEA District","Elem thru High School","City: Small","Oakland Region","5","06","Mathematics","Asian","208","116","45","56.40","31.40","12.20","369","68.80"
"23 - 24 School Year","63","Oakland Schools","63150","Troy School District","00000","All Buildings","63","Oakland","LEA District","Elem thru High School","City: Small","Oakland Region","5","06","Mathematics","Male","191","170","102","41.30","36.70","22.00","463","58.30"
"23 - 24 School Year","63","Oakland Schools","63150","Troy School District","00000","All Buildings","63","Oakland","LEA District","Elem thru High School","City: Small","Oakland Region","5","06","Mathematics","Female","216","162","80","47.20","35.40","17.50","458","62.30"
"23 - 24 School Year","63","Oakland Schools","63150","Troy School District","00000","All Buildings","63","Oakland","LEA District","Elem thru High School","City: Small","Oakland Region","5","06","Mathematics","English Learners","43","29","23","45.30","30.50","24.20","95","60.50"
"23 - 24 School Year","63","Oakland Schools","63150","Troy School District","00000","All Buildings","63","Oakland","LEA District","Elem thru High School","City: Small","Oakland Region","5","06","Mathematics","Not English Learners","364","303","159","44.10","36.70","19.20","826","60.30"
"23 - 24 School Year","63","Oakland Schools","63150","Troy School District","00000","All Buildings","63","Oakland","LEA District","Elem thru High School","City: Small","Oakland Region","5","06","Mathematics","Not Migrant","407","332","182","44.20","36.00","19.80","921","60.30"
"23 - 24 School Year","63","Oakland Schools","63150","Troy School District","00000","All Buildings","63","Oakland","LEA District","Elem thru High School","City: Small","Oakland Region","5","07","English Language Arts","All Students","327","364","236","35.30","39.30","25.50","927","54.00"
"23 - 24 School Year","63","Oakland Schools","63150","Troy School District","00000","All Buildings","63","Oakland","LEA District","Elem thru High School","City: Small","Oakland Region","5","07","English Language Arts","Economically Disadvantaged","39","54","48","27.70","38.30","34.00","141","47.30"
"23 - 24 School Year","63","Oakland Schools","63150","Troy School District","00000","All Buildings","63","Oakland","LEA District","Elem thru High School","City: Small","Oakland Region","5","07","English Language Arts","Not Economically Disadvantaged","288","310","188","36.60","39.40","23.90","786","55.10"
"23 - 24 School Year","63","Oakland Schools","63150","Troy School District","00000","All Buildings","63","Oakland","LEA District","Elem thru High School","City: Small","Oakland Region","5","07","English Language Arts","Native Hawaiian or Other Pacific Islander","< 10","< 10","< 10","< 10","< 10","< 10","< 10","< 10"
"23 - 24 School Year","63","Oakland Schools","63150","Troy School District","00000","All Buildings","63","Oakland","LEA District","Elem thru High School","City: Small","Oakland Region","5","07","English Language Arts","Black, not of Hispanic origin","18","22","17","31.60","38.60","29.80","57","50.20"
"23 - 24 School Year","63","Oakland Schools","63150","Troy School District","00000","All Buildings","63","Oakland","LEA District","Elem thru High School","City: Small","Oakland Region","5","07","English Language Arts","Hispanic","10","21","17","20.80","43.80","35.40","48","42.40"
"23 - 24 School Year","63","Oakland Schools","63150","Troy School District","00000","All Buildings","63","Oakland","LEA District","Elem thru High School","City: Small","Oakland Region","5","07","English Language Arts","White, not of Hispanic origin","123","170","136","28.70","39.60","31.70","429","49.10"
"23 - 24 School Year","63","Oakland Schools","63150","Troy School District","00000","All Buildings","63","Oakland","LEA District","Elem thru High School","City: Small","Oakland Region","5","07","English Language Arts","Two or More Races","14","15","12","34.10","36.60","29.30","41","53.00"
"23 - 24 School Year","63","Oakland Schools","63150","Troy School District","00000","All Buildings","63","Oakland","LEA District","Elem thru High School","City: Small","Oakland Region","5","07","English Language Arts","Asian","161","134","53","46.30","38.50","15.20","348","62.30"
"23 - 24 School Year","63","Oakland Schools","63150","Troy School District","00000","All Buildings","63","Oakland","LEA District","Elem thru High School","City: Small","Oakland Region","5","07","English Language Arts","Male","144","174","126","32.40","39.20","28.40","444","52.10"
"23 - 24 School Year","63","Oakland Schools","63150","Troy School District","00000","All Buildings","63","Oakland","LEA District","Elem thru High School","City: Small","Oakland Region","5","07","English Language Arts","Female","183","190","110","37.90","39.30","22.80","483","55.70"
"23 - 24 School Year","63","Oakland Schools","63150","Troy School District","00000","All Buildings","63","Oakland","LEA District","Elem thru High School","City: Small","Oakland Region","5","07","English Language Arts","English Learners","28","28","23","35.40","35.40","29.10","79","51.90"
"23 - 24 School Year","63","Oakland Schools","63150","Troy School District","00000","All Buildings","63","Oakland","LEA District","Elem thru High School","City: Small","Oakland Region","5","07","English Language Arts","Not English Learners","299","336","213","35.30","39.60","25.10","848","54.10"
"23 - 24 School Year","63","Oakland Schools","63150","Troy School District","00000","All Buildings","63","Oakland","LEA District","Elem thru High School","City: Small","Oakland Region","5","07","English Language Arts","Not Migrant","327","364","236","35.30","39.30","25.50","927","54.00"
"23 - 24 School Year","63","Oakland Schools","63150","Troy School District","00000","All Buildings","63","Oakland","LEA District","Elem thru High School","City: Small","Oakland Region","5","07","Mathematics","All Students","333","372","234","35.50","39.60","24.90","939","55.20"
"23 - 24 School Year","63","Oakland Schools","63150","Troy School District","00000","All Buildings","63","Oakland","LEA District","Elem thru High School","City: Small","Oakland Region","5","07","Mathematics","Economically Disadvantaged","39","52","50","27.70","36.90","35.50","141","48.40"
"23 - 24 School Year","63","Oakland Schools","63150","Troy School District","00000","All Buildings","63","Oakland","LEA District","Elem thru High School","City: Small","Oakland Region","5","07","Mathematics","Not Economically Disadvantaged","294","320","184","36.80","40.10","23.10","798","56.40"
"23 - 24 School Year","63","Oakland Schools","63150","Troy School District","00000","All Buildings","63","Oakland","LEA District","Elem thru High School","City: Small","Oakland Region","5","07","Mathematics","Native Hawaiian or Other Pacific Islander","< 10","< 10","< 10","< 10","< 10","< 10","< 10","< 10"
"23 - 24 School Year","63","Oakland Schools","63150","Troy School District","00000","All Buildings","63","Oakland","LEA District","Elem thru High School","City: Small","Oakland Region","5","07","Mathematics","Black, not of Hispanic origin","23","22","12","40.40","38.60","21.10","57","57.10"
"23 - 24 School Year","63","Oakland Schools","63150","Troy School District","00000","All Buildings","63","Oakland","LEA District","Elem thru High School","City: Small","Oakland Region","5","07","Mathematics","Hispanic","11","23","16","22.00","46.00","32.00","50","49.30"
"23 - 24 School Year","63","Oakland Schools","63150","Troy School District","00000","All Buildings","63","Oakland","LEA District","Elem thru High School","City: Small","Oakland Region","5","07","Mathematics","White, not of Hispanic origin","119","184","127","27.70","42.80","29.50","430","50.70"
"23 - 24 School Year","63","Oakland Schools","63150","Troy School District","00000","All Buildings","63","Oakland","LEA District","Elem thru High School","City: Small","Oakland Region","5","07","Mathematics","Two or More Races","12","16","13","29.30","39.00","31.70","41","50.10"
"23 - 24 School Year","63","Oakland Schools","63150","Troy School District","00000","All Buildings","63","Oakland","LEA District","Elem thru High School","City: Small","Oakland Region","5","07","Mathematics","Asian","166","126","65","46.50","35.30","18.20","357","61.60"
"23 - 24 School Year","63","Oakland Schools","63150","Troy School District","00000","All Buildings","63","Oakland","LEA District","Elem thru High School","City: Small","Oakland Region","5","07","Mathematics","Male","156","177","115","34.80","39.50","25.70","448","54.90"
"23 - 24 School Year","63","Oakland Schools","63150","Troy School District","00000","All Buildings","63","Oakland","LEA District","Elem thru High School","City: Small","Oakland Region","5","07","Mathematics","Female","177","195","119","36.00","39.70","24.20","491","55.40"
"23 - 24 School Year","63","Oakland Schools","63150","Troy School District","00000","All Buildings","63","Oakland","LEA District","Elem thru High School","City: Small","Oakland Region","5","All Grades","English Language Arts","All Students","1953","2038","1293","37.00","38.60","24.50","5284","55.50"
"23 - 24 School Year","63","Oakland Schools","63150","Troy School District","00000","All Buildings","63","Oakland","LEA District","Elem thru High School","City: Small","Oakland Region","5","All Grades","English Language Arts","Economically Disadvantaged","244","322","277","28.90","38.20","32.90","843","49.00"
"23 - 24 School Year","63","Oakland Schools","63150","Troy School District","00000","All Buildings","63","Oakland","LEA District","Elem thru High School","City: Small","Oakland Region","5","All Grades","English Language Arts","Not Economically Disadvantaged","1709","1716","1016","38.50","38.60","22.90","4441","56.70"
"23 - 24 School Year","63","Oakland Schools","63150","Troy School District","00000","All Buildings","63","Oakland","LEA District","Elem thru High School","City: Small","Oakland Region","5","All Grades","English Language Arts","Native Hawaiian or Other Pacific Islander","< 10","< 10","< 10","50.00","20.00","30.00","10","58.90"
"23 - 24 School Year","63","Oakland Schools","63150","Troy School District","00000","All Buildings","63","Oakland","LEA District","Elem thru High School","City: Small","Oakland Region","5","All Grades","English Language Arts","American Indian or Alaska Native","< 10","< 10","< 10","< 10","< 10","< 10","< 10","< 10"
"23 - 24 School Year","63","Oakland Schools","63150","Troy School District","00000","All Buildings","63","Oakland","LEA District","Elem thru High School","City: Small","Oakland Region","5","All Grades","English Language Arts","Black, not of Hispanic origin","76","114","79","28.30","42.40","29.40","269","49.80"
"23 - 24 School Year","63","Oakland Schools","63150","Troy School District","00000","All Buildings","63","Oakland","LEA District","Elem thru High School","City: Small","Oakland Region","5","All Grades","English Language Arts","Hispanic","83","108","77","31.00","40.30","28.70","268","50.80"
"23 - 24 School Year","63","Oakland Schools","63150","Troy School District","00000","All Buildings","63","Oakland","LEA District","Elem thru High School","City: Small","Oakland Region","5","All Grades","English Language Arts","White, not of Hispanic origin","816","984","700","32.60","39.40","28.00","2500","52.30"
"23 - 24 School Year","63","Oakland Schools","63150","Troy School District","00000","All Buildings","63","Oakland","LEA District","Elem thru High School","City: Small","Oakland Region","5","All Grades","English Language Arts","Two or More Races","80","101","71","31.70","40.10","28.20","252","52.20"
"23 - 24 School Year","63","Oakland Schools","63150","Troy School District","00000","All Buildings","63","Oakland","LEA District","Elem thru High School","City: Small","Oakland Region","5","All Grades","English Language Arts","Asian","893","729","362","45.00","36.70","18.20","1984","61.40"
"23 - 24 School Year","63","Oakland Schools","63150","Troy School District","00000","All Buildings","63","Oakland","LEA District","Elem thru High School","City: Small","Oakland Region","5","All Grades","English Language Arts","Male","1017","1001","676","37.80","37.20","25.10","2694","55.60"
"23 - 24 School Year","63","Oakland Schools","63150","Troy School District","00000","All Buildings","63","Oakland","LEA District","Elem thru High School","City: Small","Oakland Region","5","All Grades","English Language Arts","Female","936","1037","617","36.10","40.00","23.80","2590","55.50"
"23 - 24 School Year","63","Oakland Schools","63150","Troy School District","00000","All Buildings","63","Oakland","LEA District","Elem thru High School","City: Small","Oakland Region","5","All Grades","English Language Arts","English Learners","175","216","149","32.40","40.00","27.60","540","52.50"
"23 - 24 School Year","63","Oakland Schools","63150","Troy School District","00000","All Buildings","63","Oakland","LEA District","Elem thru High School","City: Small","Oakland Region","5","All Grades","English Language Arts","Not English Learners","1778","1822","1144","37.50","38.40","24.10","4744","55.80"
"23 - 24 School Year","63","Oakland Schools","63150","Troy School District","00000","All Buildings","63","Oakland","LEA District","Elem thru High School","City: Small","Oakland Region","5","All Grades","English Language Arts","Not Migrant","1953","2038","1293","37.00","38.60","24.50","5284","55.50"
"23 - 24 School Year","63","Oakland Schools","63150","Troy School District","00000","All Buildings","63","Oakland","LEA District","Elem thru High School","City: Small","Oakland Region","5","All Grades","Mathematics","All Students","2135","2059","1173","39.80","38.40","21.90","5367","57.80"
"23 - 24 School Year","63","Oakland Schools","63150","Troy School District","00000","All Buildings","63","Oakland","LEA District","Elem thru High School","City: Small","Oakland Region","5","All Grades","Mathematics","Economically Disadvantaged","266","323","266","31.10","37.80","31.10","855","50.70"
"23 - 24 School Year","63","Oakland Schools","63150","Troy School District","00000","All Buildings","63","Oakland","LEA District","Elem thru High School","City: Small","Oakland Region","5","All Grades","Mathematics","Not Economically Disadvantaged","1869","1736","907","41.40","38.50","20.10","4512","59.20"
"23 - 24 School Year","63","Oakland Schools","63150","Troy School District","00000","All Buildings","63","Oakland","LEA District","Elem thru High School","City: Small","Oakland Region","5","All Grades","Mathematics","Native Hawaiian or Other Pacific Islander","< 10","< 10","< 10","40.00","50.00","10.00","10","58.90"
"23 - 24 School Year","63","Oakland Schools","63150","Troy School District","00000","All Buildings","63","Oakland","LEA District","Elem thru High School","City: Small","Oakland Region","5","All Grades","Mathematics","American Indian or Alaska Native","< 10","< 10","< 10","< 10","< 10","< 10","< 10","< 10"
"23 - 24 School Year","63","Oakland Schools","63150","Troy School District","00000","All Buildings","63","Oakland","LEA District","Elem thru High School","City: Small","Oakland Region","5","All Grades","Mathematics","Black, not of Hispanic origin","88","99","86","32.20","36.30","31.50","273","51.20"
"23 - 24 School Year","63","Oakland Schools","63150","Troy School District","00000","All Buildings","63","Oakland","LEA District","Elem thru High School","City: Small","Oakland Region","5","All Grades","Mathematics","Hispanic","111","105","70","38.80","36.70","24.50","286","56.20"
"23 - 24 School Year","63","Oakland Schools","63150","Troy School District","00000","All Buildings","63","Oakland","LEA District","Elem thru High School","City: Small","Oakland Region","5","All Grades","Mathematics","White, not of Hispanic origin","878","1000","628","35.00","39.90","25.10","2506","54.50"
"23 - 24 School Year","63","Oakland Schools","63150","Troy School District","00000","All Buildings","63","Oakland","LEA District","Elem thru High School","City: Small","Oakland Region","5","All Grades","Mathematics","Two or More Races","88","101","64","34.80","39.90","25.30","253","53.50"
"23 - 24 School Year","63","Oakland Schools","63150","Troy School District","00000","All Buildings","63","Oakland","LEA District","Elem thru High School","City: Small","Oakland Region","5","All Grades","Mathematics","Asian","966","749","323","47.40","36.80","15.80","2038","63.60"
"23 - 24 School Year","63","Oakland Schools","63150","Troy School District","00000","All Buildings","63","Oakland","LEA District","Elem thru High School","City: Small","Oakland Region","5","All Grades","Mathematics","Male","1100","1019","609","40.30","37.40","22.30","2728","58.00"
"23 - 24 School Year","63","Oakland Schools","63150","Troy School District","00000","All Buildings","63","Oakland","LEA District","Elem thru High School","City: Small","Oakland Region","5","All Grades","Mathematics","Female","1035","1040","564","39.20","39.40","21.40","2639","57.70"
"23 - 24 School Year","63","Oakland Schools","63150","Troy School District","00000","All Buildings","63","Oakland","LEA District","Elem thru High School","City: Small","Oakland Region","5","All Grades","Mathematics","English Learners","258","203","144","42.60","33.60","23.80","605","58.40"
"23 - 24 School Year","63","Oakland Schools","63150","Troy School District","00000","All Buildings","63","Oakland","LEA District","Elem thru High School","City: Small","Oakland Region","5","All Grades","Mathematics","Not English Learners","1877","1856","1029","39.40","39.00","21.60","4762","57.70"
"23 - 24 School Year","63","Oakland Schools","63150","Troy School District","00000","All Buildings","63","Oakland","LEA District","Elem thru High School","City: Small","Oakland Region","5","All Grades","Mathematics","Not Migrant","2135","2059","1173","39.80","38.40","21.90","5367","57.80"
"23 - 24 School Year","63","Oakland Schools","63150","Troy School District","00000","All Buildings","63","Oakland","LEA District","Elem thru High School","City: Small","Oakland Region","5","06","English Language Arts","All Students","310","353","242","34.30","39.00","26.70","905","53.60"
"23 - 24 School Year","63","Oakland Schools","63150","Troy School District","00000","All Buildings","63","Oakland","LEA District","Elem thru High School","City: Small","Oakland Region","5","06","English Language Arts","Economically Disadvantaged","44","53","45","31.00","37.30","31.70","142","50.50"
"23 - 24 School Year","63","Oakland Schools","63150","Troy School District","00000","All Buildings","63","Oakland","LEA District","Elem thru High School","City: Small","Oakland Region","5","06","English Language Arts","Not Economically Disadvantaged","266","300","197","34.90","39.30","25.80","763","54.20"
"23 - 24 School Year","63","Oakland Schools","63150","Troy School District","00000","All Buildings","63","Oakland","LEA District","Elem thru High School","City: Small","Oakland Region","5","06","English Language Arts","Native Hawaiian or Other Pacific Islander","< 10","< 10","< 10","< 10","< 10","< 10","< 10","< 10"
"23 - 24 School Year","63","Oakland Schools","63150","Troy School District","00000","All Buildings","63","Oakland","LEA District","Elem thru High School","City: Small","Oakland Region","5","06","English Language Arts","American Indian or Alaska Native","< 10","< 10","< 10","< 10","< 10","< 10","< 10","< 10"
"23 - 24 School Year","63","Oakland Schools","63150","Troy School District","00000","All Buildings","63","Oakland","LEA District","Elem thru High School","City: Small","Oakland Region","5","06","English Language Arts","Black, not of Hispanic origin","17","10","14","41.50","24.40","34.10","41","54.30"
"23 - 24 School Year","63","Oakland Schools","63150","Troy School District","00000","All Buildings","63","Oakland","LEA District","Elem thru High School","City: Small","Oakland Region","5","06","English Language Arts","Hispanic","11","12","15","28.90","31.60","39.50","38","46.90"
"23 - 24 School Year","63","Oakland Schools","63150","Troy School District","00000","All Buildings","63","Oakland","LEA District","Elem thru High School","City: Small","Oakland Region","5","06","English Language Arts","White, not of Hispanic origin","135","166","130","31.30","38.50","30.20","431","50.60"
"23 - 24 School Year","63","Oakland Schools","63150","Troy School District","00000","All Buildings","63","Oakland","LEA District","Elem thru High School","City: Small","Oakland Region","5","06","English Language Arts","Two or More Races","< 10","17","12","17.10","48.60","34.30","35","44.20"
"23 - 24 School Year","63","Oakland Schools","63150","Troy School District","00000","All Buildings","63","Oakland","LEA District","Elem thru High School","City: Small","Oakland Region","5","06","English Language Arts","Asian","140","148","70","39.10","41.30","19.60","358","58.80"
"23 - 24 School Year","63","Oakland Schools","63150","Troy School District","00000","All Buildings","63","Oakland","LEA District","Elem thru High School","City: Small","Oakland Region","5","06","English Language Arts","Male","152","171","135","33.20","37.30","29.50","458","52.00"
"23 - 24 School Year","63","Oakland Schools","63150","Troy School District","00000","All Buildings","63","Oakland","LEA District","Elem thru High School","City: Small","Oakland Region","5","06","English Language Arts","Female","158","182","107","35.30","40.70","23.90","447","55.30"
"23 - 24 School Year","63","Oakland Schools","63150","Troy School District","00000","All Buildings","63","Oakland","LEA District","Elem thru High School","City: Small","Oakland Region","5","06","English Language Arts","English Learners","28","38","17","33.70","45.80","20.50","83","56.90"
"23 - 24 School Year","63","Oakland Schools","63150","Troy School District","00000","All Buildings","63","Oakland","LEA District","Elem thru High School","City: Small","Oakland Region","5","08","Mathematics","Not Migrant","336","349","235","36.50","37.90","25.50","920","55.30"
"23 - 24 School Year","63","Oakland Schools","63150","Troy School District","00000","All Buildings","63","Oakland","LEA District","Elem thru High School","City: Small","Oakland Region","5","08","Mathematics","Not English Learners","297","325","215","35.50","38.80","25.70","837","54.70"
"23 - 24 School Year","63","Oakland Schools","63150","Troy School District","00000","All Buildings","63","Oakland","LEA District","Elem thru High School","City: Small","Oakland Region","5","08","Mathematics","English Learners","39","24","20","47.00","28.90","24.10","83","61.40"
"23 - 24 School Year","63","Oakland Schools","63150","Troy School District","00000","All Buildings","63","Oakland","LEA District","Elem thru High School","City: Small","Oakland Region","5","08","Mathematics","Female","153","183","108","34.50","41.20","24.30","444","54.90"
"23 - 24 School Year","63","Oakland Schools","63150","Troy School District","00000","All Buildings","63","Oakland","LEA District","Elem thru High School","City: Small","Oakland Region","5","08","Mathematics","Male","183","166","127","38.40","34.90","26.70","476","55.80"
"23 - 24 School Year","63","Oakland Schools","63150","Troy School District","00000","All Buildings","63","Oakland","LEA District","Elem thru High School","City: Small","Oakland Region","5","08","Mathematics","Asian","168","133","56","47.10","37.30","15.70","357","63.70"
"23 - 24 School Year","63","Oakland Schools","63150","Troy School District","00000","All Buildings","63","Oakland","LEA District","Elem thru High School","City: Small","Oakland Region","5","08","Mathematics","Two or More Races","12","19","13","27.30","43.20","29.50","44","49.70"
"23 - 24 School Year","63","Oakland Schools","63150","Troy School District","00000","All Buildings","63","Oakland","LEA District","Elem thru High School","City: Small","Oakland Region","5","08","Mathematics","White, not of Hispanic origin","130","149","139","31.10","35.60","33.30","418","49.90"
"23 - 24 School Year","63","Oakland Schools","63150","Troy School District","00000","All Buildings","63","Oakland","LEA District","Elem thru High School","City: Small","Oakland Region","5","08","Mathematics","Hispanic","17","22","14","32.10","41.50","26.40","53","54.10"
"23 - 24 School Year","63","Oakland Schools","63150","Troy School District","00000","All Buildings","63","Oakland","LEA District","Elem thru High School","City: Small","Oakland Region","5","08","Mathematics","Black, not of Hispanic origin","< 10","23","13","18.20","52.30","29.50","44","46.70"
"23 - 24 School Year","63","Oakland Schools","63150","Troy School District","00000","All Buildings","63","Oakland","LEA District","Elem thru High School","City: Small","Oakland Region","5","08","Mathematics","Native Hawaiian or Other Pacific Islander","< 10","< 10","< 10","< 10","< 10","< 10","< 10","< 10"
"23 - 24 School Year","63","Oakland Schools","63150","Troy School District","00000","All Buildings","63","Oakland","LEA District","Elem thru High School","City: Small","Oakland Region","5","08","Mathematics","Not Economically Disadvantaged","298","292","188","38.30","37.50","24.20","778","56.60"
"23 - 24 School Year","63","Oakland Schools","63150","Troy School District","00000","All Buildings","63","Oakland","LEA District","Elem thru High School","City: Small","Oakland Region","5","08","Mathematics","Economically Disadvantaged","38","57","47","26.80","40.10","33.10","142","48.20"
"23 - 24 School Year","63","Oakland Schools","63150","Troy School District","00000","All Buildings","63","Oakland","LEA District","Elem thru High School","City: Small","Oakland Region","5","08","Mathematics","All Students","336","349","235","36.50","37.90","25.50","920","55.30"
"23 - 24 School Year","63","Oakland Schools","63150","Troy School District","00000","All Buildings","63","Oakland","LEA District","Elem thru High School","City: Small","Oakland Region","5","08","English Language Arts","Not Migrant","366","347","196","40.30","38.20","21.60","909","58.10"
"23 - 24 School Year","63","Oakland Schools","63150","Troy School District","00000","All Buildings","63","Oakland","LEA District","Elem thru High School","City: Small","Oakland Region","5","08","English Language Arts","Not English Learners","345","313","176","41.40","37.50","21.10","834","58.80"
"23 - 24 School Year","63","Oakland Schools","63150","Troy School District","00000","All Buildings","63","Oakland","LEA District","Elem thru High School","City: Small","Oakland Region","5","08","English Language Arts","English Learners","21","34","20","28.00","45.30","26.70","75","50.20"
"23 - 24 School Year","63","Oakland Schools","63150","Troy School District","00000","All Buildings","63","Oakland","LEA District","Elem thru High School","City: Small","Oakland Region","5","08","English Language Arts","Female","152","183","103","34.70","41.80","23.50","438","55.60"
"23 - 24 School Year","63","Oakland Schools","63150","Troy School District","00000","All Buildings","63","Oakland","LEA District","Elem thru High School","City: Small","Oakland Region","5","08","English Language Arts","Male","214","164","93","45.40","34.80","19.70","471","60.40"
"23 - 24 School Year","63","Oakland Schools","63150","Troy School District","00000","All Buildings","63","Oakland","LEA District","Elem thru High School","City: Small","Oakland Region","5","08","English Language Arts","Asian","161","125","67","45.60","35.40","19.00","353","61.10"
"23 - 24 School Year","63","Oakland Schools","63150","Troy School District","00000","All Buildings","63","Oakland","LEA District","Elem thru High School","City: Small","Oakland Region","5","08","English Language Arts","Two or More Races","13","15","15","30.20","34.90","34.90","43","49.30"
"23 - 24 School Year","63","Oakland Schools","63150","Troy School District","00000","All Buildings","63","Oakland","LEA District","Elem thru High School","City: Small","Oakland Region","5","08","English Language Arts","White, not of Hispanic origin","155","167","94","37.30","40.10","22.60","416","56.80"
"23 - 24 School Year","63","Oakland Schools","63150","Troy School District","00000","All Buildings","63","Oakland","LEA District","Elem thru High School","City: Small","Oakland Region","5","08","English Language Arts","Hispanic","22","16","12","44.00","32.00","24.00","50","56.80"
"23 - 24 School Year","63","Oakland Schools","63150","Troy School District","00000","All Buildings","63","Oakland","LEA District","Elem thru High School","City: Small","Oakland Region","5","08","English Language Arts","Black, not of Hispanic origin","13","24","< 10","30.20","55.80","14.00","43","57.40"
"23 - 24 School Year","63","Oakland Schools","63150","Troy School District","00000","All Buildings","63","Oakland","LEA District","Elem thru High School","City: Small","Oakland Region","5","08","English Language Arts","Native Hawaiian or Other Pacific Islander","< 10","< 10","< 10","< 10","< 10","< 10","< 10","< 10"
"23 - 24 School Year","63","Oakland Schools","63150","Troy School District","00000","All Buildings","63","Oakland","LEA District","Elem thru High School","City: Small","Oakland Region","5","08","English Language Arts","Not Economically Disadvantaged","317","299","154","41.20","38.80","20.00","770","59.30"
"23 - 24 School Year","63","Oakland Schools","63150","Troy School District","00000","All Buildings","63","Oakland","LEA District","Elem thru High School","City: Small","Oakland Region","5","08","English Language Arts","Economically Disadvantaged","49","48","42","35.30","34.50","30.20","139","51.40"
"23 - 24 School Year","63","Oakland Schools","63150","Troy School District","00000","All Buildings","63","Oakland","LEA District","Elem thru High School","City: Small","Oakland Region","5","08","English Language Arts","All Students","366","347","196","40.30","38.20","21.60","909","58.10"
"23 - 24 School Year","63","Oakland Schools","63150","Troy School District","00000","All Buildings","63","Oakland","LEA District","Elem thru High School","City: Small","Oakland Region","5","07","Mathematics","Not Migrant","333","372","234","35.50","39.60","24.90","939","55.20"
"23 - 24 School Year","63","Oakland Schools","63150","Troy School District","00000","All Buildings","63","Oakland","LEA District","Elem thru High School","City: Small","Oakland Region","5","07","Mathematics","Not English Learners","301","344","208","35.30","40.30","24.40","853","55.10"
"23 - 24 School Year","63","Oakland Schools","63150","Troy School District","00000","All Buildings","63","Oakland","LEA District","Elem thru High School","City: Small","Oakland Region","5","07","Mathematics","English Learners","32","28","26","37.20","32.60","30.20","86","56.00"
"23 - 24 School Year","63","Oakland Schools","63150","Troy School District","00000","All Buildings","63","Oakland","LEA District","Elem thru High School","City: Small","Oakland Region","5","05","English Language Arts","Asian","157","130","65","44.60","36.90","18.50","352","60.60"
"23 - 24 School Year","63","Oakland Schools","63150","Troy School District","00000","All Buildings","63","Oakland","LEA District","Elem thru High School","City: Small","Oakland Region","5","05","English Language Arts","Two or More Races","13","14","< 10","40.60","43.80","15.60","32","61.40"
"23 - 24 School Year","63","Oakland Schools","63150","Troy School District","00000","All Buildings","63","Oakland","LEA District","Elem thru High School","City: Small","Oakland Region","5","05","English Language Arts","White, not of Hispanic origin","105","157","107","28.50","42.50","29.00","369","49.60"
"23 - 24 School Year","63","Oakland Schools","63150","Troy School District","00000","All Buildings","63","Oakland","LEA District","Elem thru High School","City: Small","Oakland Region","5","05","English Language Arts","Hispanic","14","20","12","30.40","43.50","26.10","46","50.50"
"23 - 24 School Year","63","Oakland Schools","63150","Troy School District","00000","All Buildings","63","Oakland","LEA District","Elem thru High School","City: Small","Oakland Region","5","05","English Language Arts","Black, not of Hispanic origin","12","23","13","25.00","47.90","27.10","48","48.00"
"23 - 24 School Year","63","Oakland Schools","63150","Troy School District","00000","All Buildings","63","Oakland","LEA District","Elem thru High School","City: Small","Oakland Region","5","05","English Language Arts","Native Hawaiian or Other Pacific Islander","< 10","< 10","< 10","< 10","< 10","< 10","< 10","< 10"
"23 - 24 School Year","63","Oakland Schools","63150","Troy School District","00000","All Buildings","63","Oakland","LEA District","Elem thru High School","City: Small","Oakland Region","5","05","English Language Arts","Not Economically Disadvantaged","263","275","151","38.20","39.90","21.90","689","56.30"
"23 - 24 School Year","63","Oakland Schools","63150","Troy School District","00000","All Buildings","63","Oakland","LEA District","Elem thru High School","City: Small","Oakland Region","5","05","English Language Arts","Economically Disadvantaged","39","69","51","24.50","43.40","32.10","159","47.50"
"23 - 24 School Year","63","Oakland Schools","63150","Troy School District","00000","All Buildings","63","Oakland","LEA District","Elem thru High School","City: Small","Oakland Region","5","05","English Language Arts","All Students","302","344","202","35.60","40.60","23.80","848","54.60"
"23 - 24 School Year","63","Oakland Schools","63150","Troy School District","00000","All Buildings","63","Oakland","LEA District","Elem thru High School","City: Small","Oakland Region","5","04","Mathematics","Not Migrant","294","329","186","36.30","40.70","23.00","809","55.90"
"23 - 24 School Year","63","Oakland Schools","63150","Troy School District","00000","All Buildings","63","Oakland","LEA District","Elem thru High School","City: Small","Oakland Region","5","04","Mathematics","Not English Learners","227","263","148","35.60","41.20","23.20","638","55.90"
"23 - 24 School Year","63","Oakland Schools","63150","Troy School District","00000","All Buildings","63","Oakland","LEA District","Elem thru High School","City: Small","Oakland Region","5","04","Mathematics","English Learners","67","66","38","39.20","38.60","22.20","171","56.00"
"23 - 24 School Year","63","Oakland Schools","63150","Troy School District","00000","All Buildings","63","Oakland","LEA District","Elem thru High School","City: Small","Oakland Region","5","04","Mathematics","Female","132","164","95","33.80","41.90","24.30","391","53.90"
"23 - 24 School Year","63","Oakland Schools","63150","Troy School District","00000","All Buildings","63","Oakland","LEA District","Elem thru High School","City: Small","Oakland Region","5","04","Mathematics","Male","162","165","91","38.80","39.50","21.80","418","57.80"
"23 - 24 School Year","63","Oakland Schools","63150","Troy School District","00000","All Buildings","63","Oakland","LEA District","Elem thru High School","City: Small","Oakland Region","5","04","Mathematics","Asian","112","120","50","39.70","42.60","17.70","282","60.70"
"23 - 24 School Year","63","Oakland Schools","63150","Troy School District","00000","All Buildings","63","Oakland","LEA District","Elem thru High School","City: Small","Oakland Region","5","04","Mathematics","Two or More Races","27","21","14","43.50","33.90","22.60","62","58.00"
"23 - 24 School Year","63","Oakland Schools","63150","Troy School District","00000","All Buildings","63","Oakland","LEA District","Elem thru High School","City: Small","Oakland Region","5","04","Mathematics","White, not of Hispanic origin","124","159","93","33.00","42.30","24.70","376","53.00"
"23 - 24 School Year","63","Oakland Schools","63150","Troy School District","00000","All Buildings","63","Oakland","LEA District","Elem thru High School","City: Small","Oakland Region","5","04","Mathematics","Hispanic","20","16","11","42.60","34.00","23.40","47","56.80"
"23 - 24 School Year","63","Oakland Schools","63150","Troy School District","00000","All Buildings","63","Oakland","LEA District","Elem thru High School","City: Small","Oakland Region","5","04","Mathematics","Black, not of Hispanic origin","11","13","18","26.20","31.00","42.90","42","45.00"
"23 - 24 School Year","63","Oakland Schools","63150","Troy School District","00000","All Buildings","63","Oakland","LEA District","Elem thru High School","City: Small","Oakland Region","5","04","Mathematics","Not Economically Disadvantaged","260","278","138","38.50","41.10","20.40","676","57.90"
"23 - 24 School Year","63","Oakland Schools","63150","Troy School District","00000","All Buildings","63","Oakland","LEA District","Elem thru High School","City: Small","Oakland Region","5","04","Mathematics","Economically Disadvantaged","34","51","48","25.60","38.30","36.10","133","45.70"
"23 - 24 School Year","63","Oakland Schools","63150","Troy School District","00000","All Buildings","63","Oakland","LEA District","Elem thru High School","City: Small","Oakland Region","5","04","Mathematics","All Students","294","329","186","36.30","40.70","23.00","809","55.90"
"23 - 24 School Year","63","Oakland Schools","63150","Troy School District","00000","All Buildings","63","Oakland","LEA District","Elem thru High School","City: Small","Oakland Region","5","05","English Language Arts","Male","159","179","106","35.80","40.30","23.90","444","54.70"
"23 - 24 School Year","63","Oakland Schools","63150","Troy School District","00000","All Buildings","63","Oakland","LEA District","Elem thru High School","City: Small","Oakland Region","5","05","English Language Arts","Female","143","165","96","35.40","40.80","23.80","404","54.60"
"23 - 24 School Year","63","Oakland Schools","63150","Troy School District","00000","All Buildings","63","Oakland","LEA District","Elem thru High School","City: Small","Oakland Region","5","05","English Language Arts","English Learners","46","38","27","41.40","34.20","24.30","111","56.10"
"23 - 24 School Year","63","Oakland Schools","63150","Troy School District","00000","All Buildings","63","Oakland","LEA District","Elem thru High School","City: Small","Oakland Region","5","05","English Language Arts","Not English Learners","256","306","175","34.70","41.50","23.70","737","54.40"
"23 - 24 School Year","63","Oakland Schools","63150","Troy School District","00000","All Buildings","63","Oakland","LEA District","Elem thru High School","City: Small","Oakland Region","5","05","English Language Arts","Not Migrant","302","344","202","35.60","40.60","23.80","848","54.60"
"23 - 24 School Year","63","Oakland Schools","63150","Troy School District","00000","All Buildings","63","Oakland","LEA District","Elem thru High School","City: Small","Oakland Region","5","05","Mathematics","All Students","337","346","182","39.00","40.00","21.00","865","57.40"
"23 - 24 School Year","63","Oakland Schools","63150","Troy School District","00000","All Buildings","63","Oakland","LEA District","Elem thru High School","City: Small","Oakland Region","5","05","Mathematics","Economically Disadvantaged","49","59","52","30.60","36.90","32.50","160","50.40"
"23 - 24 School Year","63","Oakland Schools","63150","Troy School District","00000","All Buildings","63","Oakland","LEA District","Elem thru High School","City: Small","Oakland Region","5","05","Mathematics","Not Economically Disadvantaged","288","287","130","40.90","40.70","18.40","705","59.00"
"23 - 24 School Year","63","Oakland Schools","63150","Troy School District","00000","All Buildings","63","Oakland","LEA District","Elem thru High School","City: Small","Oakland Region","5","05","Mathematics","Native Hawaiian or Other Pacific Islander","< 10","< 10","< 10","< 10","< 10","< 10","< 10","< 10"
"23 - 24 School Year","63","Oakland Schools","63150","Troy School District","00000","All Buildings","63","Oakland","LEA District","Elem thru High School","City: Small","Oakland Region","5","05","Mathematics","Black, not of Hispanic origin","17","17","13","36.20","36.20","27.70","47","53.10"
"23 - 24 School Year","63","Oakland Schools","63150","Troy School District","00000","All Buildings","63","Oakland","LEA District","Elem thru High School","City: Small","Oakland Region","5","05","Mathematics","Hispanic","24","14","13","47.10","27.50","25.50","51","59.30"
"23 - 24 School Year","63","Oakland Schools","63150","Troy School District","00000","All Buildings","63","Oakland","LEA District","Elem thru High School","City: Small","Oakland Region","5","05","Mathematics","White, not of Hispanic origin","125","160","85","33.80","43.20","23.00","370","54.30"
"23 - 24 School Year","63","Oakland Schools","63150","Troy School District","00000","All Buildings","63","Oakland","LEA District","Elem thru High School","City: Small","Oakland Region","5","05","Mathematics","Two or More Races","10","13","< 10","31.30","40.60","28.10","32","50.40"
"23 - 24 School Year","63","Oakland Schools","63150","Troy School District","00000","All Buildings","63","Oakland","LEA District","Elem thru High School","City: Small","Oakland Region","5","05","Mathematics","Asian","160","142","62","44.00","39.00","17.00","364","61.40"
"23 - 24 School Year","63","Oakland Schools","63150","Troy School District","00000","All Buildings","63","Oakland","LEA District","Elem thru High School","City: Small","Oakland Region","5","05","Mathematics","Male","187","172","96","41.10","37.80","21.10","455","58.40"
"23 - 24 School Year","63","Oakland Schools","63150","Troy School District","00000","All Buildings","63","Oakland","LEA District","Elem thru High School","City: Small","Oakland Region","5","05","Mathematics","Female","150","174","86","36.60","42.40","21.00","410","56.30"
"23 - 24 School Year","63","Oakland Schools","63150","Troy School District","00000","All Buildings","63","Oakland","LEA District","Elem thru High School","City: Small","Oakland Region","5","05","Mathematics","English Learners","61","40","27","47.70","31.30","21.10","128","61.10"
"23 - 24 School Year","63","Oakland Schools","63150","Troy School District","00000","All Buildings","63","Oakland","LEA District","Elem thru High School","City: Small","Oakland Region","5","05","Mathematics","Not English Learners","276","306","155","37.40","41.50","21.00","737","56.80"
"23 - 24 School Year","63","Oakland Schools","63150","Troy School District","00000","All Buildings","63","Oakland","LEA District","Elem thru High School","City: Small","Oakland Region","5","05","Mathematics","Not Migrant","337","346","182","39.00","40.00","21.00","865","57.40"
"23 - 24 School Year","63","Oakland Schools","63150","Troy School District","00000","All Buildings","63","Oakland","LEA District","Elem thru High School","City: Small","Oakland Region","5","04","English Language Arts","Students with Disabilities","22","31","24","28.60","40.30","31.20","77","49.90"
"23 - 24 School Year","63","Oakland Schools","63150","Troy School District","00000","All Buildings","63","Oakland","LEA District","Elem thru High School","City: Small","Oakland Region","5","04","Mathematics","Students with Disabilities","23","22","34","29.10","27.80","43.00","79","46.00"
"23 - 24 School Year","63","Oakland Schools","63150","Troy School District","00000","All Buildings","63","Oakland","LEA District","Elem thru High School","City: Small","Oakland Region","5","05","English Language Arts","Students with Disabilities","22","31","30","26.50","37.30","36.10","83","45.70"
"23 - 24 School Year","63","Oakland Schools","63150","Troy School District","00000","All Buildings","63","Oakland","LEA District","Elem thru High School","City: Small","Oakland Region","5","05","Mathematics","Students with Disabilities","28","29","26","33.70","34.90","31.30","83","51.50"
"23 - 24 School Year","63","Oakland Schools","63150","Troy School District","00000","All Buildings","63","Oakland","LEA District","Elem thru High School","City: Small","Oakland Region","5","04","Mathematics","Students without Disabilities","271","307","152","37.10","42.10","20.80","730","57.00"
"23 - 24 School Year","63","Oakland Schools","63150","Troy School District","00000","All Buildings","63","Oakland","LEA District","Elem thru High School","City: Small","Oakland Region","5","05","English Language Arts","Students without Disabilities","280","313","172","36.60","40.90","22.50","765","55.60"
"23 - 24 School Year","63","Oakland Schools","63150","Troy School District","00000","All Buildings","63","Oakland","LEA District","Elem thru High School","City: Small","Oakland Region","5","05","Mathematics","Students without Disabilities","309","317","156","39.50","40.50","19.90","782","58.00"
"23 - 24 School Year","63","Oakland Schools","63150","Troy School District","00000","All Buildings","63","Oakland","LEA District","Elem thru High School","City: Small","Oakland Region","5","04","English Language Arts","Not Economically Disadvantaged","248","252","154","37.90","38.50","23.50","654","56.90"
"23 - 24 School Year","63","Oakland Schools","63150","Troy School District","00000","All Buildings","63","Oakland","LEA District","Elem thru High School","City: Small","Oakland Region","5","04","English Language Arts","Black, not of Hispanic origin","10","15","13","26.30","39.50","34.20","38","47.00"
"23 - 24 School Year","63","Oakland Schools","63150","Troy School District","00000","All Buildings","63","Oakland","LEA District","Elem thru High School","City: Small","Oakland Region","5","04","English Language Arts","Hispanic","13","22","< 10","31.00","52.40","16.70","42","58.70"
"23 - 24 School Year","63","Oakland Schools","63150","Troy School District","00000","All Buildings","63","Oakland","LEA District","Elem thru High School","City: Small","Oakland Region","5","04","English Language Arts","White, not of Hispanic origin","127","141","108","33.80","37.50","28.70","376","52.90"
"23 - 24 School Year","63","Oakland Schools","63150","Troy School District","00000","All Buildings","63","Oakland","LEA District","Elem thru High School","City: Small","Oakland Region","5","04","English Language Arts","Two or More Races","16","28","18","25.80","45.20","29.00","62","50.10"
"23 - 24 School Year","63","Oakland Schools","63150","Troy School District","00000","All Buildings","63","Oakland","LEA District","Elem thru High School","City: Small","Oakland Region","5","04","English Language Arts","Asian","118","95","51","44.70","36.00","19.30","264","61.40"
"23 - 24 School Year","63","Oakland Schools","63150","Troy School District","00000","All Buildings","63","Oakland","LEA District","Elem thru High School","City: Small","Oakland Region","5","04","English Language Arts","Male","152","155","102","37.20","37.90","24.90","409","55.90"
"23 - 24 School Year","63","Oakland Schools","63150","Troy School District","00000","All Buildings","63","Oakland","LEA District","Elem thru High School","City: Small","Oakland Region","5","04","English Language Arts","Female","132","146","95","35.40","39.10","25.50","373","55.20"
"23 - 24 School Year","63","Oakland Schools","63150","Troy School District","00000","All Buildings","63","Oakland","LEA District","Elem thru High School","City: Small","Oakland Region","5","04","English Language Arts","English Learners","43","63","44","28.70","42.00","29.30","150","51.40"
"23 - 24 School Year","63","Oakland Schools","63150","Troy School District","00000","All Buildings","63","Oakland","LEA District","Elem thru High School","City: Small","Oakland Region","5","04","English Language Arts","Not English Learners","241","238","153","38.10","37.70","24.20","632","56.50"
"23 - 24 School Year","63","Oakland Schools","63150","Troy School District","00000","All Buildings","63","Oakland","LEA District","Elem thru High School","City: Small","Oakland Region","5","04","English Language Arts","Not Migrant","284","301","197","36.30","38.50","25.20","782","55.60"
"23 - 24 School Year","63","Oakland Schools","63150","Troy School District","00000","All Buildings","63","Oakland","LEA District","Elem thru High School","City: Small","Oakland Region","5","All Grades","English Language Arts","Students without Disabilities","1845","1899","1154","37.70","38.80","23.60","4898","56.20"
"23 - 24 School Year","63","Oakland Schools","63150","Troy School District","00000","All Buildings","63","Oakland","LEA District","Elem thru High School","City: Small","Oakland Region","5","All Grades","Mathematics","Students without Disabilities","2018","1931","1029","40.50","38.80","20.70","4978","58.60"
"23 - 24 School Year","63","Oakland Schools","63150","Troy School District","00000","All Buildings","63","Oakland","LEA District","Elem thru High School","City: Small","Oakland Region","5","06","English Language Arts","Students without Disabilities","295","321","224","35.10","38.20","26.70","840","54.00"
"23 - 24 School Year","63","Oakland Schools","63150","Troy School District","00000","All Buildings","63","Oakland","LEA District","Elem thru High School","City: Small","Oakland Region","5","06","Mathematics","Students without Disabilities","386","309","161","45.10","36.10","18.80","856","61.10"
"23 - 24 School Year","63","Oakland Schools","63150","Troy School District","00000","All Buildings","63","Oakland","LEA District","Elem thru High School","City: Small","Oakland Region","5","07","English Language Arts","Students without Disabilities","313","346","213","35.90","39.70","24.40","872","54.70"
"23 - 24 School Year","63","Oakland Schools","63150","Troy School District","00000","All Buildings","63","Oakland","LEA District","Elem thru High School","City: Small","Oakland Region","5","07","Mathematics","Students without Disabilities","316","352","216","35.70","39.80","24.40","884","55.50"
"23 - 24 School Year","63","Oakland Schools","63150","Troy School District","00000","All Buildings","63","Oakland","LEA District","Elem thru High School","City: Small","Oakland Region","5","08","English Language Arts","Students without Disabilities","343","331","174","40.40","39.00","20.50","848","58.70"
"23 - 24 School Year","63","Oakland Schools","63150","Troy School District","00000","All Buildings","63","Oakland","LEA District","Elem thru High School","City: Small","Oakland Region","5","08","Mathematics","Students without Disabilities","319","329","210","37.20","38.30","24.50","858","56.10"
"23 - 24 School Year","63","Oakland Schools","63150","Troy School District","00000","All Buildings","63","Oakland","LEA District","Elem thru High School","City: Small","Oakland Region","5","04","English Language Arts","Economically Disadvantaged","36","49","43","28.10","38.30","33.60","128","48.60"
"23 - 24 School Year","63","Oakland Schools","63150","Troy School District","00000","All Buildings","63","Oakland","LEA District","Elem thru High School","City: Small","Oakland Region","5","04","English Language Arts","All Students","284","301","197","36.30","38.50","25.20","782","55.60"
"23 - 24 School Year","63","Oakland Schools","63150","Troy School District","00000","All Buildings","63","Oakland","LEA District","Elem thru High School","City: Small","Oakland Region","5","11","Mathematics","Not Migrant","428","331","154","46.90","36.30","16.90","913","62.60"
"23 - 24 School Year","63","Oakland Schools","63150","Troy School District","00000","All Buildings","63","Oakland","LEA District","Elem thru High School","City: Small","Oakland Region","5","11","Mathematics","Not English Learners","412","315","144","47.30","36.20","16.50","871","63.00"
"23 - 24 School Year","63","Oakland Schools","63150","Troy School District","00000","All Buildings","63","Oakland","LEA District","Elem thru High School","City: Small","Oakland Region","5","11","Mathematics","English Learners","16","16","10","38.10","38.10","23.80","42","55.10"
"23 - 24 School Year","63","Oakland Schools","63150","Troy School District","00000","All Buildings","63","Oakland","LEA District","Elem thru High School","City: Small","Oakland Region","5","11","Mathematics","Female","207","162","76","46.50","36.40","17.10","445","62.90"
"23 - 24 School Year","63","Oakland Schools","63150","Troy School District","00000","All Buildings","63","Oakland","LEA District","Elem thru High School","City: Small","Oakland Region","5","11","Mathematics","Male","221","169","78","47.20","36.10","16.70","468","62.40"
"23 - 24 School Year","63","Oakland Schools","63150","Troy School District","00000","All Buildings","63","Oakland","LEA District","Elem thru High School","City: Small","Oakland Region","5","11","Mathematics","Asian","152","112","45","49.20","36.20","14.60","309","64.80"
"23 - 24 School Year","63","Oakland Schools","63150","Troy School District","00000","All Buildings","63","Oakland","LEA District","Elem thru High School","City: Small","Oakland Region","5","11","Mathematics","Two or More Races","14","17","< 10","35.90","43.60","20.50","39","54.00"
"23 - 24 School Year","63","Oakland Schools","63150","Troy School District","00000","All Buildings","63","Oakland","LEA District","Elem thru High School","City: Small","Oakland Region","5","11","Mathematics","White, not of Hispanic origin","227","177","75","47.40","37.00","15.70","479","63.30"
"23 - 24 School Year","63","Oakland Schools","63150","Troy School District","00000","All Buildings","63","Oakland","LEA District","Elem thru High School","City: Small","Oakland Region","5","11","Mathematics","Hispanic","22","13","< 10","50.00","29.50","20.50","44","61.30"
"23 - 24 School Year","63","Oakland Schools","63150","Troy School District","00000","All Buildings","63","Oakland","LEA District","Elem thru High School","City: Small","Oakland Region","5","11","Mathematics","Black, not of Hispanic origin","13","12","17","31.00","28.60","40.50","42","48.90"
"23 - 24 School Year","63","Oakland Schools","63150","Troy School District","00000","All Buildings","63","Oakland","LEA District","Elem thru High School","City: Small","Oakland Region","5","11","Mathematics","Not Economically Disadvantaged","375","281","123","48.10","36.10","15.80","779","63.50"
"23 - 24 School Year","63","Oakland Schools","63150","Troy School District","00000","All Buildings","63","Oakland","LEA District","Elem thru High School","City: Small","Oakland Region","5","11","Mathematics","Economically Disadvantaged","53","50","31","39.60","37.30","23.10","134","57.50"
"23 - 24 School Year","63","Oakland Schools","63150","Troy School District","00000","All Buildings","63","Oakland","LEA District","Elem thru High School","City: Small","Oakland Region","5","11","Mathematics","All Students","428","331","154","46.90","36.30","16.90","913","62.60"
"23 - 24 School Year","63","Oakland Schools","63150","Troy School District","00000","All Buildings","63","Oakland","LEA District","Elem thru High School","City: Small","Oakland Region","5","11","English Language Arts","Not Migrant","364","329","220","39.90","36.00","24.10","913","57.10"
"23 - 24 School Year","63","Oakland Schools","63150","Troy School District","00000","All Buildings","63","Oakland","LEA District","Elem thru High School","City: Small","Oakland Region","5","11","English Language Arts","Not English Learners","355","314","202","40.80","36.10","23.20","871","57.70"
"23 - 24 School Year","63","Oakland Schools","63150","Troy School District","00000","All Buildings","63","Oakland","LEA District","Elem thru High School","City: Small","Oakland Region","5","11","English Language Arts","English Learners","< 10","15","18","21.40","35.70","42.90","42","44.00"
"23 - 24 School Year","63","Oakland Schools","63150","Troy School District","00000","All Buildings","63","Oakland","LEA District","Elem thru High School","City: Small","Oakland Region","5","11","English Language Arts","Female","168","171","106","37.80","38.40","23.80","445","56.20"
"23 - 24 School Year","63","Oakland Schools","63150","Troy School District","00000","All Buildings","63","Oakland","LEA District","Elem thru High School","City: Small","Oakland Region","5","11","English Language Arts","Male","196","158","114","41.90","33.80","24.40","468","58.00"
"23 - 24 School Year","63","Oakland Schools","63150","Troy School District","00000","All Buildings","63","Oakland","LEA District","Elem thru High School","City: Small","Oakland Region","5","11","English Language Arts","Asian","156","97","56","50.50","31.40","18.10","309","64.50"
"23 - 24 School Year","63","Oakland Schools","63150","Troy School District","00000","All Buildings","63","Oakland","LEA District","Elem thru High School","City: Small","Oakland Region","5","11","English Language Arts","Two or More Races","18","12","< 10","46.20","30.80","23.10","39","57.80"
"23 - 24 School Year","63","Oakland Schools","63150","Troy School District","00000","All Buildings","63","Oakland","LEA District","Elem thru High School","City: Small","Oakland Region","5","11","English Language Arts","White, not of Hispanic origin","171","183","125","35.70","38.20","26.10","479","54.30"
"23 - 24 School Year","63","Oakland Schools","63150","Troy School District","00000","All Buildings","63","Oakland","LEA District","Elem thru High School","City: Small","Oakland Region","5","11","English Language Arts","Hispanic","13","17","14","29.50","38.60","31.80","44","49.50"
"23 - 24 School Year","63","Oakland Schools","63150","Troy School District","00000","All Buildings","63","Oakland","LEA District","Elem thru High School","City: Small","Oakland Region","5","11","English Language Arts","Black, not of Hispanic origin","< 10","20","16","14.30","47.60","38.10","42","41.90"
"23 - 24 School Year","63","Oakland Schools","63150","Troy School District","00000","All Buildings","63","Oakland","LEA District","Elem thru High School","City: Small","Oakland Region","5","11","English Language Arts","Not Economically Disadvantaged","327","280","172","42.00","35.90","22.10","779","58.50"
"23 - 24 School Year","63","Oakland Schools","63150","Troy School District","00000","All Buildings","63","Oakland","LEA District","Elem thru High School","City: Small","Oakland Region","5","11","English Language Arts","Economically Disadvantaged","37","49","48","27.60","36.60","35.80","134","49.00"
"23 - 24 School Year","63","Oakland Schools","63150","Troy School District","00000","All Buildings","63","Oakland","LEA District","Elem thru High School","City: Small","Oakland Region","5","11","English Language Arts","All Students","364","329","220","39.90","36.00","24.10","913","57.10"
"23 - 24 School Year","63","Oakland Schools","63150","Troy School District","00174","Baker Middle School","63","Oakland","LEA School","Middle School","City: Small","Oakland Region","5","All Grades","English Language Arts","Students without Disabilities","190","219","139","34.70","40.00","25.40","548","53.70"
"23 - 24 School Year","63","Oakland Schools","63150","Troy School District","00174","Baker Middle School","63","Oakland","LEA School","Middle School","City: Small","Oakland Region","5","All Grades","Mathematics","Students without Disabilities","203","205","153","36.20","36.50","27.30","561","54.70"
"23 - 24 School Year","63","Oakland Schools","63150","Troy School District","00174","Baker Middle School","63","Oakland","LEA School","Middle School","City: Small","Oakland Region","5","06","English Language Arts","Students without Disabilities","74","61","40","42.30","34.90","22.90","175","57.20"
"23 - 24 School Year","63","Oakland Schools","63150","Troy School District","00174","Baker Middle School","63","Oakland","LEA School","Middle School","City: Small","Oakland Region","5","06","Mathematics","Students without Disabilities","94","55","31","52.20","30.60","17.20","180","65.30"
"23 - 24 School Year","63","Oakland Schools","63150","Troy School District","00174","Baker Middle School","63","Oakland","LEA School","Middle School","City: Small","Oakland Region","5","07","English Language Arts","Students without Disabilities","63","72","48","34.40","39.30","26.20","183","52.40"
"23 - 24 School Year","63","Oakland Schools","63150","Troy School District","00174","Baker Middle School","63","Oakland","LEA School","Middle School","City: Small","Oakland Region","5","07","Mathematics","Students without Disabilities","64","72","52","34.00","38.30","27.70","188","53.60"
"23 - 24 School Year","63","Oakland Schools","63150","Troy School District","00174","Baker Middle School","63","Oakland","LEA School","Middle School","City: Small","Oakland Region","5","08","Mathematics","Students without Disabilities","45","78","70","23.30","40.40","36.30","193","46.00"
"23 - 24 School Year","63","Oakland Schools","63150","Troy School District","00174","Baker Middle School","63","Oakland","LEA School","Middle School","City: Small","Oakland Region","5","08","English Language Arts","Students without Disabilities","53","86","51","27.90","45.30","26.80","190","51.80"
"23 - 24 School Year","63","Oakland Schools","63150","Troy School District","00174","Baker Middle School","63","Oakland","LEA School","Middle School","City: Small","Oakland Region","5","08","Mathematics","Students with Disabilities","< 10","< 10","< 10","16.70","33.30","50.00","18","36.90"
"23 - 24 School Year","63","Oakland Schools","63150","Troy School District","00174","Baker Middle School","63","Oakland","LEA School","Middle School","City: Small","Oakland Region","5","08","English Language Arts","Students with Disabilities","10","< 10","< 10","55.60","11.10","33.30","18","54.10"
"23 - 24 School Year","63","Oakland Schools","63150","Troy School District","00174","Baker Middle School","63","Oakland","LEA School","Middle School","City: Small","Oakland Region","5","08","Mathematics","Not Migrant","48","84","79","22.70","39.80","37.40","211","45.20"
"23 - 24 School Year","63","Oakland Schools","63150","Troy School District","00174","Baker Middle School","63","Oakland","LEA School","Middle School","City: Small","Oakland Region","5","08","Mathematics","Not English Learners","39","77","70","21.00","41.40","37.60","186","44.20"
"23 - 24 School Year","63","Oakland Schools","63150","Troy School District","00174","Baker Middle School","63","Oakland","LEA School","Middle School","City: Small","Oakland Region","5","08","Mathematics","English Learners","< 10","< 10","< 10","36.00","28.00","36.00","25","52.70"
"23 - 24 School Year","63","Oakland Schools","63150","Troy School District","00174","Baker Middle School","63","Oakland","LEA School","Middle School","City: Small","Oakland Region","5","08","Mathematics","Female","22","49","32","21.40","47.60","31.10","103","46.80"
"23 - 24 School Year","63","Oakland Schools","63150","Troy School District","00174","Baker Middle School","63","Oakland","LEA School","Middle School","City: Small","Oakland Region","5","08","Mathematics","Male","26","35","47","24.10","32.40","43.50","108","43.80"
"23 - 24 School Year","63","Oakland Schools","63150","Troy School District","00174","Baker Middle School","63","Oakland","LEA School","Middle School","City: Small","Oakland Region","5","08","Mathematics","Asian","29","28","14","40.80","39.40","19.70","71","57.60"
"23 - 24 School Year","63","Oakland Schools","63150","Troy School District","00174","Baker Middle School","63","Oakland","LEA School","Middle School","City: Small","Oakland Region","5","08","Mathematics","Two or More Races","< 10","< 10","< 10","13.30","40.00","46.70","15","38.50"
"23 - 24 School Year","63","Oakland Schools","63150","Troy School District","00174","Baker Middle School","63","Oakland","LEA School","Middle School","City: Small","Oakland Region","5","08","Mathematics","White, not of Hispanic origin","12","33","43","13.60","37.50","48.90","88","37.10"
"23 - 24 School Year","63","Oakland Schools","63150","Troy School District","00174","Baker Middle School","63","Oakland","LEA School","Middle School","City: Small","Oakland Region","5","08","Mathematics","Hispanic","< 10","< 10","< 10","25.00","37.50","37.50","16","51.40"
"23 - 24 School Year","63","Oakland Schools","63150","Troy School District","00174","Baker Middle School","63","Oakland","LEA School","Middle School","City: Small","Oakland Region","5","08","Mathematics","Black, not of Hispanic origin","< 10","11","< 10","< 5","52.40","42.90","21","37.70"
"23 - 24 School Year","63","Oakland Schools","63150","Troy School District","00174","Baker Middle School","63","Oakland","LEA School","Middle School","City: Small","Oakland Region","5","08","Mathematics","Not Economically Disadvantaged","37","61","55","24.20","39.90","35.90","153","46.10"
"23 - 24 School Year","63","Oakland Schools","63150","Troy School District","00174","Baker Middle School","63","Oakland","LEA School","Middle School","City: Small","Oakland Region","5","08","Mathematics","Economically Disadvantaged","11","23","24","19.00","39.70","41.40","58","43.10"
"23 - 24 School Year","63","Oakland Schools","63150","Troy School District","00174","Baker Middle School","63","Oakland","LEA School","Middle School","City: Small","Oakland Region","5","08","Mathematics","All Students","48","84","79","22.70","39.80","37.40","211","45.20"
"23 - 24 School Year","63","Oakland Schools","63150","Troy School District","00174","Baker Middle School","63","Oakland","LEA School","Middle School","City: Small","Oakland Region","5","08","English Language Arts","Not Migrant","63","88","57","30.30","42.30","27.40","208","52.00"
"23 - 24 School Year","63","Oakland Schools","63150","Troy School District","00174","Baker Middle School","63","Oakland","LEA School","Middle School","City: Small","Oakland Region","5","08","English Language Arts","Not English Learners","54","75","55","29.30","40.80","29.90","184","50.90"
"23 - 24 School Year","63","Oakland Schools","63150","Troy School District","00174","Baker Middle School","63","Oakland","LEA School","Middle School","City: Small","Oakland Region","5","08","English Language Arts","English Learners","< 10","13","< 10","37.50","54.20","8.30","24","60.60"
"23 - 24 School Year","63","Oakland Schools","63150","Troy School District","00174","Baker Middle School","63","Oakland","LEA School","Middle School","City: Small","Oakland Region","5","08","English Language Arts","Female","27","47","29","26.20","45.60","28.20","103","51.00"
"23 - 24 School Year","63","Oakland Schools","63150","Troy School District","00174","Baker Middle School","63","Oakland","LEA School","Middle School","City: Small","Oakland Region","5","08","English Language Arts","Male","36","41","28","34.30","39.00","26.70","105","52.90"
"23 - 24 School Year","63","Oakland Schools","63150","Troy School District","00174","Baker Middle School","63","Oakland","LEA School","Middle School","City: Small","Oakland Region","5","08","English Language Arts","Asian","22","36","13","31.00","50.70","18.30","71","56.50"
"23 - 24 School Year","63","Oakland Schools","63150","Troy School District","00174","Baker Middle School","63","Oakland","LEA School","Middle School","City: Small","Oakland Region","5","08","English Language Arts","Two or More Races","< 10","< 10","< 10","20.00","26.70","53.30","15","38.50"
"23 - 24 School Year","63","Oakland Schools","63150","Troy School District","00174","Baker Middle School","63","Oakland","LEA School","Middle School","City: Small","Oakland Region","5","08","English Language Arts","White, not of Hispanic origin","25","36","26","28.70","41.40","29.90","87","50.10"
"23 - 24 School Year","63","Oakland Schools","63150","Troy School District","00174","Baker Middle School","63","Oakland","LEA School","Middle School","City: Small","Oakland Region","5","08","English Language Arts","Hispanic","< 10","< 10","< 10","46.70","20.00","33.30","15","55.30"
"23 - 24 School Year","63","Oakland Schools","63150","Troy School District","00174","Baker Middle School","63","Oakland","LEA School","Middle School","City: Small","Oakland Region","5","08","English Language Arts","Black, not of Hispanic origin","< 10","< 10","< 10","30.00","45.00","25.00","20","51.50"
"23 - 24 School Year","63","Oakland Schools","63150","Troy School District","00174","Baker Middle School","63","Oakland","LEA School","Middle School","City: Small","Oakland Region","5","08","English Language Arts","Not Economically Disadvantaged","47","69","36","30.90","45.40","23.70","152","54.00"
"23 - 24 School Year","63","Oakland Schools","63150","Troy School District","00174","Baker Middle School","63","Oakland","LEA School","Middle School","City: Small","Oakland Region","5","08","English Language Arts","Economically Disadvantaged","16","19","21","28.60","33.90","37.50","56","46.40"
"23 - 24 School Year","63","Oakland Schools","63150","Troy School District","00174","Baker Middle School","63","Oakland","LEA School","Middle School","City: Small","Oakland Region","5","08","English Language Arts","All Students","63","88","57","30.30","42.30","27.40","208","52.00"
"23 - 24 School Year","63","Oakland Schools","63150","Troy School District","00174","Baker Middle School","63","Oakland","LEA School","Middle School","City: Small","Oakland Region","5","07","Mathematics","Students with Disabilities","< 10","< 10","< 10","28.60","42.90","28.60","14","47.90"
"23 - 24 School Year","63","Oakland Schools","63150","Troy School District","00174","Baker Middle School","63","Oakland","LEA School","Middle School","City: Small","Oakland Region","5","07","English Language Arts","Students with Disabilities","< 10","< 10","< 10","7.10","42.90","50.00","14","28.00"
"23 - 24 School Year","63","Oakland Schools","63150","Troy School District","00174","Baker Middle School","63","Oakland","LEA School","Middle School","City: Small","Oakland Region","5","06","Mathematics","Students with Disabilities","< 10","< 10","< 10","26.30","36.80","36.80","19","45.20"
"23 - 24 School Year","63","Oakland Schools","63150","Troy School District","00174","Baker Middle School","63","Oakland","LEA School","Middle School","City: Small","Oakland Region","5","All Grades","English Language Arts","Students with Disabilities","15","15","20","30.00","30.00","40.00","50","44.20"
"23 - 24 School Year","63","Oakland Schools","63150","Troy School District","00174","Baker Middle School","63","Oakland","LEA School","Middle School","City: Small","Oakland Region","5","All Grades","Mathematics","Students with Disabilities","12","19","20","23.50","37.30","39.20","51","43.00"
"23 - 24 School Year","63","Oakland Schools","63150","Troy School District","00174","Baker Middle School","63","Oakland","LEA School","Middle School","City: Small","Oakland Region","5","06","English Language Arts","Students with Disabilities","< 10","< 10","< 10","22.20","38.90","38.90","18","47.00"
"23 - 24 School Year","63","Oakland Schools","63150","Troy School District","00174","Baker Middle School","63","Oakland","LEA School","Middle School","City: Small","Oakland Region","5","06","English Language Arts","Not Migrant","78","68","47","40.40","35.20","24.40","193","56.30"
"23 - 24 School Year","63","Oakland Schools","63150","Troy School District","00174","Baker Middle School","63","Oakland","LEA School","Middle School","City: Small","Oakland Region","5","06","Mathematics","All Students","99","62","38","49.70","31.20","19.10","199","63.40"
"23 - 24 School Year","63","Oakland Schools","63150","Troy School District","00174","Baker Middle School","63","Oakland","LEA School","Middle School","City: Small","Oakland Region","5","06","Mathematics","Economically Disadvantaged","26","17","< 10","52.00","34.00","14.00","50","64.30"
"23 - 24 School Year","63","Oakland Schools","63150","Troy School District","00174","Baker Middle School","63","Oakland","LEA School","Middle School","City: Small","Oakland Region","5","06","Mathematics","Not Economically Disadvantaged","73","45","31","49.00","30.20","20.80","149","63.10"
"23 - 24 School Year","63","Oakland Schools","63150","Troy School District","00174","Baker Middle School","63","Oakland","LEA School","Middle School","City: Small","Oakland Region","5","06","Mathematics","American Indian or Alaska Native","< 10","< 10","< 10","< 10","< 10","< 10","< 10","< 10"
"23 - 24 School Year","63","Oakland Schools","63150","Troy School District","00174","Baker Middle School","63","Oakland","LEA School","Middle School","City: Small","Oakland Region","5","06","Mathematics","Black, not of Hispanic origin","< 10","< 10","< 10","53.80","30.80","15.40","13","67.80"
"23 - 24 School Year","63","Oakland Schools","63150","Troy School District","00174","Baker Middle School","63","Oakland","LEA School","Middle School","City: Small","Oakland Region","5","06","Mathematics","Hispanic","< 10","< 10","< 10","46.20","30.80","23.10","13","58.20"
"23 - 24 School Year","63","Oakland Schools","63150","Troy School District","00174","Baker Middle School","63","Oakland","LEA School","Middle School","City: Small","Oakland Region","5","06","Mathematics","White, not of Hispanic origin","41","36","21","41.80","36.70","21.40","98","58.80"
"23 - 24 School Year","63","Oakland Schools","63150","Troy School District","00174","Baker Middle School","63","Oakland","LEA School","Middle School","City: Small","Oakland Region","5","06","Mathematics","Two or More Races","< 10","< 10","< 10","< 10","< 10","< 10","< 10","< 10"
"23 - 24 School Year","63","Oakland Schools","63150","Troy School District","00174","Baker Middle School","63","Oakland","LEA School","Middle School","City: Small","Oakland Region","5","06","Mathematics","Asian","43","16","< 10","64.20","23.90","11.90","67","73.00"
"23 - 24 School Year","63","Oakland Schools","63150","Troy School District","00174","Baker Middle School","63","Oakland","LEA School","Middle School","City: Small","Oakland Region","5","06","Mathematics","Male","44","33","25","43.10","32.40","24.50","102","59.60"
"23 - 24 School Year","63","Oakland Schools","63150","Troy School District","00174","Baker Middle School","63","Oakland","LEA School","Middle School","City: Small","Oakland Region","5","06","Mathematics","Female","55","29","13","56.70","29.90","13.40","97","67.40"
"23 - 24 School Year","63","Oakland Schools","63150","Troy School District","00174","Baker Middle School","63","Oakland","LEA School","Middle School","City: Small","Oakland Region","5","06","Mathematics","English Learners","< 10","< 10","< 10","47.40","26.30","26.30","19","61.10"
"23 - 24 School Year","63","Oakland Schools","63150","Troy School District","00174","Baker Middle School","63","Oakland","LEA School","Middle School","City: Small","Oakland Region","5","06","Mathematics","Not English Learners","90","57","33","50.00","31.70","18.30","180","63.60"
"23 - 24 School Year","63","Oakland Schools","63150","Troy School District","00174","Baker Middle School","63","Oakland","LEA School","Middle School","City: Small","Oakland Region","5","06","Mathematics","Not Migrant","99","62","38","49.70","31.20","19.10","199","63.40"
"23 - 24 School Year","63","Oakland Schools","63150","Troy School District","00174","Baker Middle School","63","Oakland","LEA School","Middle School","City: Small","Oakland Region","5","07","English Language Arts","All Students","64","78","55","32.50","39.60","27.90","197","50.70"
"23 - 24 School Year","63","Oakland Schools","63150","Troy School District","00174","Baker Middle School","63","Oakland","LEA School","Middle School","City: Small","Oakland Region","5","07","English Language Arts","Economically Disadvantaged","13","21","17","25.50","41.20","33.30","51","44.40"
"23 - 24 School Year","63","Oakland Schools","63150","Troy School District","00174","Baker Middle School","63","Oakland","LEA School","Middle School","City: Small","Oakland Region","5","07","English Language Arts","Not Economically Disadvantaged","51","57","38","34.90","39.00","26.00","146","52.90"
"23 - 24 School Year","63","Oakland Schools","63150","Troy School District","00174","Baker Middle School","63","Oakland","LEA School","Middle School","City: Small","Oakland Region","5","07","English Language Arts","Native Hawaiian or Other Pacific Islander","< 10","< 10","< 10","< 10","< 10","< 10","< 10","< 10"
"23 - 24 School Year","63","Oakland Schools","63150","Troy School District","00174","Baker Middle School","63","Oakland","LEA School","Middle School","City: Small","Oakland Region","5","07","English Language Arts","Black, not of Hispanic origin","< 10","12","< 10","6.30","75.00","18.80","16","45.40"
"23 - 24 School Year","63","Oakland Schools","63150","Troy School District","00174","Baker Middle School","63","Oakland","LEA School","Middle School","City: Small","Oakland Region","5","07","English Language Arts","Hispanic","< 10","< 10","< 10","18.80","56.30","25.00","16","42.60"
"23 - 24 School Year","63","Oakland Schools","63150","Troy School District","00174","Baker Middle School","63","Oakland","LEA School","Middle School","City: Small","Oakland Region","5","07","English Language Arts","White, not of Hispanic origin","20","27","30","26.00","35.10","39.00","77","44.50"
"23 - 24 School Year","63","Oakland Schools","63150","Troy School District","00174","Baker Middle School","63","Oakland","LEA School","Middle School","City: Small","Oakland Region","5","07","English Language Arts","Two or More Races","< 10","< 10","< 10","30.00","20.00","50.00","10","39.30"
"23 - 24 School Year","63","Oakland Schools","63150","Troy School District","00174","Baker Middle School","63","Oakland","LEA School","Middle School","City: Small","Oakland Region","5","07","English Language Arts","Asian","37","27","13","48.10","35.10","16.90","77","61.20"
"23 - 24 School Year","63","Oakland Schools","63150","Troy School District","00174","Baker Middle School","63","Oakland","LEA School","Middle School","City: Small","Oakland Region","5","07","English Language Arts","Male","33","39","30","32.40","38.20","29.40","102","49.10"
"23 - 24 School Year","63","Oakland Schools","63150","Troy School District","00174","Baker Middle School","63","Oakland","LEA School","Middle School","City: Small","Oakland Region","5","07","English Language Arts","Female","31","39","25","32.60","41.10","26.30","95","52.40"
"23 - 24 School Year","63","Oakland Schools","63150","Troy School District","00174","Baker Middle School","63","Oakland","LEA School","Middle School","City: Small","Oakland Region","5","07","English Language Arts","English Learners","< 10","< 10","< 10","35.30","41.20","23.50","17","54.50"
"23 - 24 School Year","63","Oakland Schools","63150","Troy School District","00174","Baker Middle School","63","Oakland","LEA School","Middle School","City: Small","Oakland Region","5","07","English Language Arts","Not English Learners","58","71","51","32.20","39.40","28.30","180","50.30"
"23 - 24 School Year","63","Oakland Schools","63150","Troy School District","00174","Baker Middle School","63","Oakland","LEA School","Middle School","City: Small","Oakland Region","5","07","English Language Arts","Not Migrant","64","78","55","32.50","39.60","27.90","197","50.70"
"23 - 24 School Year","63","Oakland Schools","63150","Troy School District","00174","Baker Middle School","63","Oakland","LEA School","Middle School","City: Small","Oakland Region","5","07","Mathematics","All Students","68","78","56","33.70","38.60","27.70","202","53.20"
"23 - 24 School Year","63","Oakland Schools","63150","Troy School District","00174","Baker Middle School","63","Oakland","LEA School","Middle School","City: Small","Oakland Region","5","07","Mathematics","Economically Disadvantaged","14","19","18","27.50","37.30","35.30","51","48.00"
"23 - 24 School Year","63","Oakland Schools","63150","Troy School District","00174","Baker Middle School","63","Oakland","LEA School","Middle School","City: Small","Oakland Region","5","07","Mathematics","Not Economically Disadvantaged","54","59","38","35.80","39.10","25.20","151","54.90"
"23 - 24 School Year","63","Oakland Schools","63150","Troy School District","00174","Baker Middle School","63","Oakland","LEA School","Middle School","City: Small","Oakland Region","5","07","Mathematics","Native Hawaiian or Other Pacific Islander","< 10","< 10","< 10","< 10","< 10","< 10","< 10","< 10"
"23 - 24 School Year","63","Oakland Schools","63150","Troy School District","00174","Baker Middle School","63","Oakland","LEA School","Middle School","City: Small","Oakland Region","5","07","Mathematics","Black, not of Hispanic origin","< 10","< 10","< 10","43.80","25.00","31.30","16","53.10"
"23 - 24 School Year","63","Oakland Schools","63150","Troy School District","00174","Baker Middle School","63","Oakland","LEA School","Middle School","City: Small","Oakland Region","5","07","Mathematics","Hispanic","< 10","< 10","< 10","11.80","41.20","47.10","17","44.60"
"23 - 24 School Year","63","Oakland Schools","63150","Troy School District","00174","Baker Middle School","63","Oakland","LEA School","Middle School","City: Small","Oakland Region","5","07","Mathematics","White, not of Hispanic origin","21","34","23","26.90","43.60","29.50","78","50.70"
"23 - 24 School Year","63","Oakland Schools","63150","Troy School District","00174","Baker Middle School","63","Oakland","LEA School","Middle School","City: Small","Oakland Region","5","07","Mathematics","Two or More Races","< 10","< 10","< 10","20.00","30.00","50.00","10","40.30"
"23 - 24 School Year","63","Oakland Schools","63150","Troy School District","00174","Baker Middle School","63","Oakland","LEA School","Middle School","City: Small","Oakland Region","5","07","Mathematics","Asian","36","29","15","45.00","36.30","18.80","80","59.10"
"23 - 24 School Year","63","Oakland Schools","63150","Troy School District","00174","Baker Middle School","63","Oakland","LEA School","Middle School","City: Small","Oakland Region","5","07","Mathematics","Male","32","46","26","30.80","44.20","25.00","104","52.50"
"23 - 24 School Year","63","Oakland Schools","63150","Troy School District","00174","Baker Middle School","63","Oakland","LEA School","Middle School","City: Small","Oakland Region","5","07","Mathematics","Female","36","32","30","36.70","32.70","30.60","98","53.80"
"23 - 24 School Year","63","Oakland Schools","63150","Troy School District","00174","Baker Middle School","63","Oakland","LEA School","Middle School","City: Small","Oakland Region","5","07","Mathematics","English Learners","< 10","< 10","< 10","31.60","21.10","47.40","19","50.10"
"23 - 24 School Year","63","Oakland Schools","63150","Troy School District","00174","Baker Middle School","63","Oakland","LEA School","Middle School","City: Small","Oakland Region","5","07","Mathematics","Not English Learners","62","74","47","33.90","40.40","25.70","183","53.50"
"23 - 24 School Year","63","Oakland Schools","63150","Troy School District","00174","Baker Middle School","63","Oakland","LEA School","Middle School","City: Small","Oakland Region","5","All Grades","English Language Arts","All Students","205","234","159","34.30","39.10","26.60","598","52.90"
"23 - 24 School Year","63","Oakland Schools","63150","Troy School District","00174","Baker Middle School","63","Oakland","LEA School","Middle School","City: Small","Oakland Region","5","All Grades","English Language Arts","Economically Disadvantaged","50","55","51","32.10","35.30","32.70","156","49.10"
"23 - 24 School Year","63","Oakland Schools","63150","Troy School District","00174","Baker Middle School","63","Oakland","LEA School","Middle School","City: Small","Oakland Region","5","All Grades","English Language Arts","Not Economically Disadvantaged","155","179","108","35.10","40.50","24.40","442","54.30"
"23 - 24 School Year","63","Oakland Schools","63150","Troy School District","00174","Baker Middle School","63","Oakland","LEA School","Middle School","City: Small","Oakland Region","5","All Grades","English Language Arts","Native Hawaiian or Other Pacific Islander","< 10","< 10","< 10","< 10","< 10","< 10","< 10","< 10"
"23 - 24 School Year","63","Oakland Schools","63150","Troy School District","00174","Baker Middle School","63","Oakland","LEA School","Middle School","City: Small","Oakland Region","5","All Grades","English Language Arts","American Indian or Alaska Native","< 10","< 10","< 10","< 10","< 10","< 10","< 10","< 10"
"23 - 24 School Year","63","Oakland Schools","63150","Troy School District","00174","Baker Middle School","63","Oakland","LEA School","Middle School","City: Small","Oakland Region","5","All Grades","English Language Arts","Black, not of Hispanic origin","15","22","12","30.60","44.90","24.50","49","51.80"
"23 - 24 School Year","63","Oakland Schools","63150","Troy School District","00174","Baker Middle School","63","Oakland","LEA School","Middle School","City: Small","Oakland Region","5","All Grades","English Language Arts","Hispanic","12","16","14","28.60","38.10","33.30","42","46.70"
"23 - 24 School Year","63","Oakland Schools","63150","Troy School District","00174","Baker Middle School","63","Oakland","LEA School","Middle School","City: Small","Oakland Region","5","All Grades","English Language Arts","White, not of Hispanic origin","79","102","80","30.30","39.10","30.70","261","49.90"
"23 - 24 School Year","63","Oakland Schools","63150","Troy School District","00174","Baker Middle School","63","Oakland","LEA School","Middle School","City: Small","Oakland Region","5","All Grades","English Language Arts","Two or More Races","< 10","< 10","14","28.10","28.10","43.80","32","43.00"
"23 - 24 School Year","63","Oakland Schools","63150","Troy School District","00174","Baker Middle School","63","Oakland","LEA School","Middle School","City: Small","Oakland Region","5","All Grades","English Language Arts","Asian","90","84","38","42.50","39.60","17.90","212","59.90"
"23 - 24 School Year","63","Oakland Schools","63150","Troy School District","00174","Baker Middle School","63","Oakland","LEA School","Middle School","City: Small","Oakland Region","5","All Grades","English Language Arts","Male","108","108","90","35.30","35.30","29.40","306","51.10"
"23 - 24 School Year","63","Oakland Schools","63150","Troy School District","00174","Baker Middle School","63","Oakland","LEA School","Middle School","City: Small","Oakland Region","5","All Grades","English Language Arts","Female","97","126","69","33.20","43.20","23.60","292","54.90"
"23 - 24 School Year","63","Oakland Schools","63150","Troy School District","00174","Baker Middle School","63","Oakland","LEA School","Middle School","City: Small","Oakland Region","5","All Grades","English Language Arts","English Learners","20","25","10","36.40","45.50","18.20","55","57.10"
"23 - 24 School Year","63","Oakland Schools","63150","Troy School District","00174","Baker Middle School","63","Oakland","LEA School","Middle School","City: Small","Oakland Region","5","All Grades","English Language Arts","Not English Learners","185","209","149","34.10","38.50","27.40","543","52.50"
"23 - 24 School Year","63","Oakland Schools","63150","Troy School District","00174","Baker Middle School","63","Oakland","LEA School","Middle School","City: Small","Oakland Region","5","All Grades","English Language Arts","Not Migrant","205","234","159","34.30","39.10","26.60","598","52.90"
"23 - 24 School Year","63","Oakland Schools","63150","Troy School District","00174","Baker Middle School","63","Oakland","LEA School","Middle School","City: Small","Oakland Region","5","All Grades","Mathematics","All Students","215","224","173","35.10","36.60","28.30","612","53.80"
"23 - 24 School Year","63","Oakland Schools","63150","Troy School District","00174","Baker Middle School","63","Oakland","LEA School","Middle School","City: Small","Oakland Region","5","All Grades","Mathematics","Economically Disadvantaged","51","59","49","32.10","37.10","30.80","159","51.30"
"23 - 24 School Year","63","Oakland Schools","63150","Troy School District","00174","Baker Middle School","63","Oakland","LEA School","Middle School","City: Small","Oakland Region","5","All Grades","Mathematics","Not Economically Disadvantaged","164","165","124","36.20","36.40","27.40","453","54.60"
"23 - 24 School Year","63","Oakland Schools","63150","Troy School District","00174","Baker Middle School","63","Oakland","LEA School","Middle School","City: Small","Oakland Region","5","All Grades","Mathematics","Native Hawaiian or Other Pacific Islander","< 10","< 10","< 10","< 10","< 10","< 10","< 10","< 10"
"23 - 24 School Year","63","Oakland Schools","63150","Troy School District","00174","Baker Middle School","63","Oakland","LEA School","Middle School","City: Small","Oakland Region","5","All Grades","Mathematics","American Indian or Alaska Native","< 10","< 10","< 10","< 10","< 10","< 10","< 10","< 10"
"23 - 24 School Year","63","Oakland Schools","63150","Troy School District","00174","Baker Middle School","63","Oakland","LEA School","Middle School","City: Small","Oakland Region","5","All Grades","Mathematics","Black, not of Hispanic origin","15","19","16","30.00","38.00","32.00","50","50.50"
"23 - 24 School Year","63","Oakland Schools","63150","Troy School District","00174","Baker Middle School","63","Oakland","LEA School","Middle School","City: Small","Oakland Region","5","All Grades","Mathematics","Hispanic","12","17","17","26.10","37.00","37.00","46","50.80"
"23 - 24 School Year","63","Oakland Schools","63150","Troy School District","00174","Baker Middle School","63","Oakland","LEA School","Middle School","City: Small","Oakland Region","5","All Grades","Mathematics","White, not of Hispanic origin","74","103","87","28.00","39.00","33.00","264","49.20"
"23 - 24 School Year","63","Oakland Schools","63150","Troy School District","00174","Baker Middle School","63","Oakland","LEA School","Middle School","City: Small","Oakland Region","5","All Grades","Mathematics","Two or More Races","< 10","11","15","18.80","34.40","46.90","32","40.50"
"23 - 24 School Year","63","Oakland Schools","63150","Troy School District","00174","Baker Middle School","63","Oakland","LEA School","Middle School","City: Small","Oakland Region","5","All Grades","Mathematics","Asian","108","73","37","49.50","33.50","17.00","218","62.90"
"23 - 24 School Year","63","Oakland Schools","63150","Troy School District","00174","Baker Middle School","63","Oakland","LEA School","Middle School","City: Small","Oakland Region","5","All Grades","Mathematics","Male","102","114","98","32.50","36.30","31.20","314","51.80"
"23 - 24 School Year","63","Oakland Schools","63150","Troy School District","00174","Baker Middle School","63","Oakland","LEA School","Middle School","City: Small","Oakland Region","5","All Grades","Mathematics","Female","113","110","75","37.90","36.90","25.20","298","55.80"
"23 - 24 School Year","63","Oakland Schools","63150","Troy School District","00174","Baker Middle School","63","Oakland","LEA School","Middle School","City: Small","Oakland Region","5","All Grades","Mathematics","English Learners","24","16","23","38.10","25.40","36.50","63","54.40"
"23 - 24 School Year","63","Oakland Schools","63150","Troy School District","00174","Baker Middle School","63","Oakland","LEA School","Middle School","City: Small","Oakland Region","5","All Grades","Mathematics","Not English Learners","191","208","150","34.80","37.90","27.30","549","53.70"
"23 - 24 School Year","63","Oakland Schools","63150","Troy School District","00174","Baker Middle School","63","Oakland","LEA School","Middle School","City: Small","Oakland Region","5","All Grades","Mathematics","Not Migrant","215","224","173","35.10","36.60","28.30","612","53.80"
"23 - 24 School Year","63","Oakland Schools","63150","Troy School District","00174","Baker Middle School","63","Oakland","LEA School","Middle School","City: Small","Oakland Region","5","06","English Language Arts","All Students","78","68","47","40.40","35.20","24.40","193","56.30"
"23 - 24 School Year","63","Oakland Schools","63150","Troy School District","00174","Baker Middle School","63","Oakland","LEA School","Middle School","City: Small","Oakland Region","5","06","English Language Arts","Economically Disadvantaged","21","15","13","42.90","30.60","26.50","49","57.00"
"23 - 24 School Year","63","Oakland Schools","63150","Troy School District","00174","Baker Middle School","63","Oakland","LEA School","Middle School","City: Small","Oakland Region","5","06","English Language Arts","Not Economically Disadvantaged","57","53","34","39.60","36.80","23.60","144","56.00"
"23 - 24 School Year","63","Oakland Schools","63150","Troy School District","00174","Baker Middle School","63","Oakland","LEA School","Middle School","City: Small","Oakland Region","5","06","English Language Arts","American Indian or Alaska Native","< 10","< 10","< 10","< 10","< 10","< 10","< 10","< 10"
"23 - 24 School Year","63","Oakland Schools","63150","Troy School District","00174","Baker Middle School","63","Oakland","LEA School","Middle School","City: Small","Oakland Region","5","06","English Language Arts","Black, not of Hispanic origin","< 10","< 10","< 10","61.50","7.70","30.80","13","60.10"
"23 - 24 School Year","63","Oakland Schools","63150","Troy School District","00174","Baker Middle School","63","Oakland","LEA School","Middle School","City: Small","Oakland Region","5","06","English Language Arts","Hispanic","< 10","< 10","< 10","18.20","36.40","45.50","11","41.00"
"23 - 24 School Year","63","Oakland Schools","63150","Troy School District","00174","Baker Middle School","63","Oakland","LEA School","Middle School","City: Small","Oakland Region","5","06","English Language Arts","White, not of Hispanic origin","34","39","24","35.10","40.20","24.70","97","54.00"
"23 - 24 School Year","63","Oakland Schools","63150","Troy School District","00174","Baker Middle School","63","Oakland","LEA School","Middle School","City: Small","Oakland Region","5","06","English Language Arts","Two or More Races","< 10","< 10","< 10","< 10","< 10","< 10","< 10","< 10"
"23 - 24 School Year","63","Oakland Schools","63150","Troy School District","00174","Baker Middle School","63","Oakland","LEA School","Middle School","City: Small","Oakland Region","5","06","English Language Arts","Asian","31","21","12","48.40","32.80","18.80","64","62.10"
"23 - 24 School Year","63","Oakland Schools","63150","Troy School District","00174","Baker Middle School","63","Oakland","LEA School","Middle School","City: Small","Oakland Region","5","06","English Language Arts","Male","39","28","32","39.40","28.30","32.30","99","51.30"
"23 - 24 School Year","63","Oakland Schools","63150","Troy School District","00174","Baker Middle School","63","Oakland","LEA School","Middle School","City: Small","Oakland Region","5","06","English Language Arts","Female","39","40","15","41.50","42.60","16.00","94","61.60"
"23 - 24 School Year","63","Oakland Schools","63150","Troy School District","00174","Baker Middle School","63","Oakland","LEA School","Middle School","City: Small","Oakland Region","5","06","English Language Arts","English Learners","< 10","< 10","< 10","35.70","35.70","28.60","14","54.10"
"23 - 24 School Year","63","Oakland Schools","63150","Troy School District","00174","Baker Middle School","63","Oakland","LEA School","Middle School","City: Small","Oakland Region","5","06","English Language Arts","Not English Learners","73","63","43","40.80","35.20","24.00","179","56.50"
"23 - 24 School Year","63","Oakland Schools","63150","Troy School District","00174","Baker Middle School","63","Oakland","LEA School","Middle School","City: Small","Oakland Region","5","07","Mathematics","Not Migrant","68","78","56","33.70","38.60","27.70","202","53.20"
"23 - 24 School Year","63","Oakland Schools","63150","Troy School District","02161","Leonard Elementary School","63","Oakland","LEA School","Elementary","City: Small","Oakland Region","5","05","Mathematics","Students without Disabilities","26","27","< 10","44.10","45.80","10.20","59","62.10"
"23 - 24 School Year","63","Oakland Schools","63150","Troy School District","02161","Leonard Elementary School","63","Oakland","LEA School","Elementary","City: Small","Oakland Region","5","05","English Language Arts","Students without Disabilities","25","23","12","41.70","38.30","20.00","60","57.90"
"23 - 24 School Year","63","Oakland Schools","63150","Troy School District","02161","Leonard Elementary School","63","Oakland","LEA School","Elementary","City: Small","Oakland Region","5","04","Mathematics","Students without Disabilities","29","26","10","44.60","40.00","15.40","65","62.80"
"23 - 24 School Year","63","Oakland Schools","63150","Troy School District","02161","Leonard Elementary School","63","Oakland","LEA School","Elementary","City: Small","Oakland Region","5","04","English Language Arts","Students without Disabilities","19","27","16","30.60","43.50","25.80","62","54.20"
"23 - 24 School Year","63","Oakland Schools","63150","Troy School District","02161","Leonard Elementary School","63","Oakland","LEA School","Elementary","City: Small","Oakland Region","5","All Grades","Mathematics","Students without Disabilities","55","53","16","44.40","42.70","12.90","124","62.40"
"23 - 24 School Year","63","Oakland Schools","63150","Troy School District","02161","Leonard Elementary School","63","Oakland","LEA School","Elementary","City: Small","Oakland Region","5","All Grades","English Language Arts","Students without Disabilities","44","50","28","36.10","41.00","23.00","122","56.00"
"23 - 24 School Year","63","Oakland Schools","63150","Troy School District","02161","Leonard Elementary School","63","Oakland","LEA School","Elementary","City: Small","Oakland Region","5","05","Mathematics","Students with Disabilities","< 10","< 10","< 10","< 10","< 10","< 10","< 10","< 10"
"23 - 24 School Year","63","Oakland Schools","63150","Troy School District","02161","Leonard Elementary School","63","Oakland","LEA School","Elementary","City: Small","Oakland Region","5","05","English Language Arts","Students with Disabilities","< 10","< 10","< 10","< 10","< 10","< 10","< 10","< 10"
"23 - 24 School Year","63","Oakland Schools","63150","Troy School District","02161","Leonard Elementary School","63","Oakland","LEA School","Elementary","City: Small","Oakland Region","5","04","Mathematics","Students with Disabilities","< 10","< 10","< 10","< 10","< 10","< 10","< 10","< 10"
"23 - 24 School Year","63","Oakland Schools","63150","Troy School District","02161","Leonard Elementary School","63","Oakland","LEA School","Elementary","City: Small","Oakland Region","5","04","English Language Arts","Students with Disabilities","< 10","< 10","< 10","< 10","< 10","< 10","< 10","< 10"
"23 - 24 School Year","63","Oakland Schools","63150","Troy School District","02161","Leonard Elementary School","63","Oakland","LEA School","Elementary","City: Small","Oakland Region","5","All Grades","Mathematics","Students with Disabilities","< 10","< 10","< 10","46.20","30.80","23.10","13","58.80"
"23 - 24 School Year","63","Oakland Schools","63150","Troy School District","02161","Leonard Elementary School","63","Oakland","LEA School","Elementary","City: Small","Oakland Region","5","All Grades","English Language Arts","Students with Disabilities","< 10","< 10","< 10","38.50","15.40","46.20","13","49.10"
"23 - 24 School Year","63","Oakland Schools","63150","Troy School District","02161","Leonard Elementary School","63","Oakland","LEA School","Elementary","City: Small","Oakland Region","5","All Grades","English Language Arts","White, not of Hispanic origin","23","25","15","36.50","39.70","23.80","63","54.80"
"23 - 24 School Year","63","Oakland Schools","63150","Troy School District","02161","Leonard Elementary School","63","Oakland","LEA School","Elementary","City: Small","Oakland Region","5","All Grades","English Language Arts","Two or More Races","< 10","< 10","< 10","< 10","< 10","< 10","< 10","< 10"
"23 - 24 School Year","63","Oakland Schools","63150","Troy School District","02161","Leonard Elementary School","63","Oakland","LEA School","Elementary","City: Small","Oakland Region","5","All Grades","English Language Arts","Asian","21","18","14","39.60","34.00","26.40","53","57.30"
"23 - 24 School Year","63","Oakland Schools","63150","Troy School District","02161","Leonard Elementary School","63","Oakland","LEA School","Elementary","City: Small","Oakland Region","5","All Grades","English Language Arts","Male","30","26","19","40.00","34.70","25.30","75","55.70"
"23 - 24 School Year","63","Oakland Schools","63150","Troy School District","02161","Leonard Elementary School","63","Oakland","LEA School","Elementary","City: Small","Oakland Region","5","All Grades","English Language Arts","Female","19","26","15","31.70","43.30","25.00","60","54.90"
"23 - 24 School Year","63","Oakland Schools","63150","Troy School District","02161","Leonard Elementary School","63","Oakland","LEA School","Elementary","City: Small","Oakland Region","5","All Grades","English Language Arts","English Learners","< 10","< 10","< 10","50.00","18.80","31.30","16","62.10"
"23 - 24 School Year","63","Oakland Schools","63150","Troy School District","02161","Leonard Elementary School","63","Oakland","LEA School","Elementary","City: Small","Oakland Region","5","All Grades","English Language Arts","Not English Learners","41","49","29","34.50","41.20","24.40","119","54.40"
"23 - 24 School Year","63","Oakland Schools","63150","Troy School District","02161","Leonard Elementary School","63","Oakland","LEA School","Elementary","City: Small","Oakland Region","5","All Grades","English Language Arts","Not Migrant","49","52","34","36.30","38.50","25.20","135","55.30"
"23 - 24 School Year","63","Oakland Schools","63150","Troy School District","02161","Leonard Elementary School","63","Oakland","LEA School","Elementary","City: Small","Oakland Region","5","All Grades","Mathematics","All Students","61","57","19","44.50","41.60","13.90","137","62.10"
"23 - 24 School Year","63","Oakland Schools","63150","Troy School District","02161","Leonard Elementary School","63","Oakland","LEA School","Elementary","City: Small","Oakland Region","5","All Grades","Mathematics","Economically Disadvantaged","< 10","10","< 10","27.80","55.60","16.70","18","55.60"
"23 - 24 School Year","63","Oakland Schools","63150","Troy School District","02161","Leonard Elementary School","63","Oakland","LEA School","Elementary","City: Small","Oakland Region","5","04","English Language Arts","Male","12","17","10","30.80","43.60","25.60","39","55.60"
"23 - 24 School Year","63","Oakland Schools","63150","Troy School District","02161","Leonard Elementary School","63","Oakland","LEA School","Elementary","City: Small","Oakland Region","5","04","English Language Arts","Asian","< 10","< 10","< 10","33.30","33.30","33.30","27","53.80"
"23 - 24 School Year","63","Oakland Schools","63150","Troy School District","02161","Leonard Elementary School","63","Oakland","LEA School","Elementary","City: Small","Oakland Region","5","04","English Language Arts","Two or More Races","< 10","< 10","< 10","< 10","< 10","< 10","< 10","< 10"
"23 - 24 School Year","63","Oakland Schools","63150","Troy School District","02161","Leonard Elementary School","63","Oakland","LEA School","Elementary","City: Small","Oakland Region","5","04","English Language Arts","White, not of Hispanic origin","11","11","< 10","36.70","36.70","26.70","30","55.70"
"23 - 24 School Year","63","Oakland Schools","63150","Troy School District","02161","Leonard Elementary School","63","Oakland","LEA School","Elementary","City: Small","Oakland Region","5","04","English Language Arts","Hispanic","< 10","< 10","< 10","< 10","< 10","< 10","< 10","< 10"
"23 - 24 School Year","63","Oakland Schools","63150","Troy School District","02161","Leonard Elementary School","63","Oakland","LEA School","Elementary","City: Small","Oakland Region","5","04","English Language Arts","Black, not of Hispanic origin","< 10","< 10","< 10","< 10","< 10","< 10","< 10","< 10"
"23 - 24 School Year","63","Oakland Schools","63150","Troy School District","02161","Leonard Elementary School","63","Oakland","LEA School","Elementary","City: Small","Oakland Region","5","04","English Language Arts","Not Economically Disadvantaged","20","24","18","32.30","38.70","29.00","62","54.20"
"23 - 24 School Year","63","Oakland Schools","63150","Troy School District","02161","Leonard Elementary School","63","Oakland","LEA School","Elementary","City: Small","Oakland Region","5","04","English Language Arts","Economically Disadvantaged","< 10","< 10","< 10","< 10","< 10","< 10","< 10","< 10"
"23 - 24 School Year","63","Oakland Schools","63150","Troy School District","02161","Leonard Elementary School","63","Oakland","LEA School","Elementary","City: Small","Oakland Region","5","04","English Language Arts","All Students","21","27","21","30.40","39.10","30.40","69","52.90"
"23 - 24 School Year","63","Oakland Schools","63150","Troy School District","02161","Leonard Elementary School","63","Oakland","LEA School","Elementary","City: Small","Oakland Region","5","All Grades","Mathematics","Not Migrant","61","57","19","44.50","41.60","13.90","137","62.10"
"23 - 24 School Year","63","Oakland Schools","63150","Troy School District","02161","Leonard Elementary School","63","Oakland","LEA School","Elementary","City: Small","Oakland Region","5","All Grades","Mathematics","Not English Learners","51","49","18","43.20","41.50","15.30","118","61.00"
"23 - 24 School Year","63","Oakland Schools","63150","Troy School District","02161","Leonard Elementary School","63","Oakland","LEA School","Elementary","City: Small","Oakland Region","5","All Grades","Mathematics","Not Economically Disadvantaged","56","47","16","47.10","39.50","13.40","119","63.10"
"23 - 24 School Year","63","Oakland Schools","63150","Troy School District","02161","Leonard Elementary School","63","Oakland","LEA School","Elementary","City: Small","Oakland Region","5","All Grades","Mathematics","Black, not of Hispanic origin","< 10","< 10","< 10","< 10","< 10","< 10","< 10","< 10"
"23 - 24 School Year","63","Oakland Schools","63150","Troy School District","02161","Leonard Elementary School","63","Oakland","LEA School","Elementary","City: Small","Oakland Region","5","All Grades","Mathematics","Hispanic","< 10","< 10","< 10","< 10","< 10","< 10","< 10","< 10"
"23 - 24 School Year","63","Oakland Schools","63150","Troy School District","02161","Leonard Elementary School","63","Oakland","LEA School","Elementary","City: Small","Oakland Region","5","All Grades","Mathematics","White, not of Hispanic origin","27","27","< 10","43.50","43.50","12.90","62","61.20"
"23 - 24 School Year","63","Oakland Schools","63150","Troy School District","02161","Leonard Elementary School","63","Oakland","LEA School","Elementary","City: Small","Oakland Region","5","All Grades","Mathematics","Two or More Races","< 10","< 10","< 10","< 10","< 10","< 10","< 10","< 10"
"23 - 24 School Year","63","Oakland Schools","63150","Troy School District","02161","Leonard Elementary School","63","Oakland","LEA School","Elementary","City: Small","Oakland Region","5","All Grades","Mathematics","Asian","24","22","< 10","43.60","40.00","16.40","55","62.30"
"23 - 24 School Year","63","Oakland Schools","63150","Troy School District","02161","Leonard Elementary School","63","Oakland","LEA School","Elementary","City: Small","Oakland Region","5","All Grades","Mathematics","Male","31","33","11","41.30","44.00","14.70","75","60.60"
"23 - 24 School Year","63","Oakland Schools","63150","Troy School District","02161","Leonard Elementary School","63","Oakland","LEA School","Elementary","City: Small","Oakland Region","5","All Grades","Mathematics","Female","30","24","< 10","48.40","38.70","12.90","62","63.90"
"23 - 24 School Year","63","Oakland Schools","63150","Troy School District","02161","Leonard Elementary School","63","Oakland","LEA School","Elementary","City: Small","Oakland Region","5","All Grades","Mathematics","English Learners","10","< 10","< 10","52.60","42.10","5.30","19","68.80"
"23 - 24 School Year","63","Oakland Schools","63150","Troy School District","02161","Leonard Elementary School","63","Oakland","LEA School","Elementary","City: Small","Oakland Region","5","All Grades","English Language Arts","Hispanic","< 10","< 10","< 10","< 10","< 10","< 10","< 10","< 10"
"23 - 24 School Year","63","Oakland Schools","63150","Troy School District","02161","Leonard Elementary School","63","Oakland","LEA School","Elementary","City: Small","Oakland Region","5","All Grades","English Language Arts","Black, not of Hispanic origin","< 10","< 10","< 10","< 10","< 10","< 10","< 10","< 10"
"23 - 24 School Year","63","Oakland Schools","63150","Troy School District","02161","Leonard Elementary School","63","Oakland","LEA School","Elementary","City: Small","Oakland Region","5","All Grades","English Language Arts","Not Economically Disadvantaged","44","44","28","37.90","37.90","24.10","116","56.40"
"23 - 24 School Year","63","Oakland Schools","63150","Troy School District","02161","Leonard Elementary School","63","Oakland","LEA School","Elementary","City: Small","Oakland Region","5","All Grades","English Language Arts","Economically Disadvantaged","< 10","< 10","< 10","26.30","42.10","31.60","19","49.10"
"23 - 24 School Year","63","Oakland Schools","63150","Troy School District","02161","Leonard Elementary School","63","Oakland","LEA School","Elementary","City: Small","Oakland Region","5","04","English Language Arts","Female","< 10","10","11","30.00","33.30","36.70","30","49.40"
"23 - 24 School Year","63","Oakland Schools","63150","Troy School District","02161","Leonard Elementary School","63","Oakland","LEA School","Elementary","City: Small","Oakland Region","5","04","English Language Arts","English Learners","< 10","< 10","< 10","40.00","20.00","40.00","10","55.30"
"23 - 24 School Year","63","Oakland Schools","63150","Troy School District","02161","Leonard Elementary School","63","Oakland","LEA School","Elementary","City: Small","Oakland Region","5","04","English Language Arts","Not English Learners","17","25","17","28.80","42.40","28.80","59","52.50"
"23 - 24 School Year","63","Oakland Schools","63150","Troy School District","02161","Leonard Elementary School","63","Oakland","LEA School","Elementary","City: Small","Oakland Region","5","04","English Language Arts","Not Migrant","21","27","21","30.40","39.10","30.40","69","52.90"
"23 - 24 School Year","63","Oakland Schools","63150","Troy School District","02161","Leonard Elementary School","63","Oakland","LEA School","Elementary","City: Small","Oakland Region","5","04","Mathematics","All Students","32","28","12","44.40","38.90","16.70","72","62.40"
"23 - 24 School Year","63","Oakland Schools","63150","Troy School District","02161","Leonard Elementary School","63","Oakland","LEA School","Elementary","City: Small","Oakland Region","5","04","Mathematics","Economically Disadvantaged","< 10","< 10","< 10","< 10","< 10","< 10","< 10","< 10"
"23 - 24 School Year","63","Oakland Schools","63150","Troy School District","02161","Leonard Elementary School","63","Oakland","LEA School","Elementary","City: Small","Oakland Region","5","04","Mathematics","Not Economically Disadvantaged","29","25","11","44.60","38.50","16.90","65","62.40"
"23 - 24 School Year","63","Oakland Schools","63150","Troy School District","02161","Leonard Elementary School","63","Oakland","LEA School","Elementary","City: Small","Oakland Region","5","All Grades","English Language Arts","All Students","49","52","34","36.30","38.50","25.20","135","55.30"
"23 - 24 School Year","63","Oakland Schools","63150","Troy School District","02161","Leonard Elementary School","63","Oakland","LEA School","Elementary","City: Small","Oakland Region","5","04","Mathematics","Black, not of Hispanic origin","< 10","< 10","< 10","< 10","< 10","< 10","< 10","< 10"
"23 - 24 School Year","63","Oakland Schools","63150","Troy School District","02161","Leonard Elementary School","63","Oakland","LEA School","Elementary","City: Small","Oakland Region","5","05","Mathematics","Black, not of Hispanic origin","< 10","< 10","< 10","< 10","< 10","< 10","< 10","< 10"
"23 - 24 School Year","63","Oakland Schools","63150","Troy School District","02161","Leonard Elementary School","63","Oakland","LEA School","Elementary","City: Small","Oakland Region","5","05","Mathematics","Hispanic","< 10","< 10","< 10","< 10","< 10","< 10","< 10","< 10"
"23 - 24 School Year","63","Oakland Schools","63150","Troy School District","02161","Leonard Elementary School","63","Oakland","LEA School","Elementary","City: Small","Oakland Region","5","05","Mathematics","White, not of Hispanic origin","14","14","< 10","43.80","43.80","12.50","32","60.30"
"23 - 24 School Year","63","Oakland Schools","63150","Troy School District","02161","Leonard Elementary School","63","Oakland","LEA School","Elementary","City: Small","Oakland Region","5","05","Mathematics","Two or More Races","< 10","< 10","< 10","< 10","< 10","< 10","< 10","< 10"
"23 - 24 School Year","63","Oakland Schools","63150","Troy School District","02161","Leonard Elementary School","63","Oakland","LEA School","Elementary","City: Small","Oakland Region","5","05","Mathematics","Asian","11","13","< 10","42.30","50.00","7.70","26","62.90"
"23 - 24 School Year","63","Oakland Schools","63150","Troy School District","02161","Leonard Elementary School","63","Oakland","LEA School","Elementary","City: Small","Oakland Region","5","05","Mathematics","Male","14","19","< 10","38.90","52.80","8.30","36","60.00"
"23 - 24 School Year","63","Oakland Schools","63150","Troy School District","02161","Leonard Elementary School","63","Oakland","LEA School","Elementary","City: Small","Oakland Region","5","05","Mathematics","Female","15","10","< 10","51.70","34.50","13.80","29","64.00"
"23 - 24 School Year","63","Oakland Schools","63150","Troy School District","02161","Leonard Elementary School","63","Oakland","LEA School","Elementary","City: Small","Oakland Region","5","05","Mathematics","English Learners","< 10","< 10","< 10","< 10","< 10","< 10","< 10","< 10"
"23 - 24 School Year","63","Oakland Schools","63150","Troy School District","02161","Leonard Elementary School","63","Oakland","LEA School","Elementary","City: Small","Oakland Region","5","05","Mathematics","Not English Learners","25","27","< 10","42.40","45.80","11.90","59","60.70"
"23 - 24 School Year","63","Oakland Schools","63150","Troy School District","02161","Leonard Elementary School","63","Oakland","LEA School","Elementary","City: Small","Oakland Region","5","05","Mathematics","Not Migrant","29","29","< 10","44.60","44.60","10.80","65","61.80"
"23 - 24 School Year","63","Oakland Schools","63150","Troy School District","02161","Leonard Elementary School","63","Oakland","LEA School","Elementary","City: Small","Oakland Region","5","05","Mathematics","Not Economically Disadvantaged","27","22","< 10","50.00","40.70","9.30","54","63.90"
"23 - 24 School Year","63","Oakland Schools","63150","Troy School District","02161","Leonard Elementary School","63","Oakland","LEA School","Elementary","City: Small","Oakland Region","5","05","Mathematics","Economically Disadvantaged","< 10","< 10","< 10","18.20","63.60","18.20","11","51.50"
"23 - 24 School Year","63","Oakland Schools","63150","Troy School District","02161","Leonard Elementary School","63","Oakland","LEA School","Elementary","City: Small","Oakland Region","5","05","Mathematics","All Students","29","29","< 10","44.60","44.60","10.80","65","61.80"
"23 - 24 School Year","63","Oakland Schools","63150","Troy School District","02161","Leonard Elementary School","63","Oakland","LEA School","Elementary","City: Small","Oakland Region","5","05","English Language Arts","Not Migrant","28","25","13","42.40","37.90","19.70","66","57.80"
"23 - 24 School Year","63","Oakland Schools","63150","Troy School District","02161","Leonard Elementary School","63","Oakland","LEA School","Elementary","City: Small","Oakland Region","5","05","English Language Arts","Not English Learners","24","24","12","40.00","40.00","20.00","60","56.30"
"23 - 24 School Year","63","Oakland Schools","63150","Troy School District","02161","Leonard Elementary School","63","Oakland","LEA School","Elementary","City: Small","Oakland Region","5","05","English Language Arts","English Learners","< 10","< 10","< 10","< 10","< 10","< 10","< 10","< 10"
"23 - 24 School Year","63","Oakland Schools","63150","Troy School District","02161","Leonard Elementary School","63","Oakland","LEA School","Elementary","City: Small","Oakland Region","5","05","English Language Arts","Female","10","16","< 10","33.30","53.30","13.30","30","60.40"
"23 - 24 School Year","63","Oakland Schools","63150","Troy School District","02161","Leonard Elementary School","63","Oakland","LEA School","Elementary","City: Small","Oakland Region","5","05","English Language Arts","Male","18","< 10","< 10","50.00","25.00","25.00","36","55.80"
"23 - 24 School Year","63","Oakland Schools","63150","Troy School District","02161","Leonard Elementary School","63","Oakland","LEA School","Elementary","City: Small","Oakland Region","5","05","English Language Arts","Asian","12","< 10","< 10","46.20","34.60","19.20","26","61.00"
"23 - 24 School Year","63","Oakland Schools","63150","Troy School District","02161","Leonard Elementary School","63","Oakland","LEA School","Elementary","City: Small","Oakland Region","5","05","English Language Arts","Two or More Races","< 10","< 10","< 10","< 10","< 10","< 10","< 10","< 10"
"23 - 24 School Year","63","Oakland Schools","63150","Troy School District","02161","Leonard Elementary School","63","Oakland","LEA School","Elementary","City: Small","Oakland Region","5","05","English Language Arts","White, not of Hispanic origin","12","14","< 10","36.40","42.40","21.20","33","54.00"
"23 - 24 School Year","63","Oakland Schools","63150","Troy School District","02161","Leonard Elementary School","63","Oakland","LEA School","Elementary","City: Small","Oakland Region","5","05","English Language Arts","Hispanic","< 10","< 10","< 10","< 10","< 10","< 10","< 10","< 10"
"23 - 24 School Year","63","Oakland Schools","63150","Troy School District","02161","Leonard Elementary School","63","Oakland","LEA School","Elementary","City: Small","Oakland Region","5","05","English Language Arts","Black, not of Hispanic origin","< 10","< 10","< 10","< 10","< 10","< 10","< 10","< 10"
"23 - 24 School Year","63","Oakland Schools","63150","Troy School District","02161","Leonard Elementary School","63","Oakland","LEA School","Elementary","City: Small","Oakland Region","5","05","English Language Arts","Not Economically Disadvantaged","24","20","10","44.40","37.00","18.50","54","58.80"
"23 - 24 School Year","63","Oakland Schools","63150","Troy School District","02161","Leonard Elementary School","63","Oakland","LEA School","Elementary","City: Small","Oakland Region","5","05","English Language Arts","Economically Disadvantaged","< 10","< 10","< 10","33.30","41.70","25.00","12","53.50"
"23 - 24 School Year","63","Oakland Schools","63150","Troy School District","02161","Leonard Elementary School","63","Oakland","LEA School","Elementary","City: Small","Oakland Region","5","05","English Language Arts","All Students","28","25","13","42.40","37.90","19.70","66","57.80"
"23 - 24 School Year","63","Oakland Schools","63150","Troy School District","02161","Leonard Elementary School","63","Oakland","LEA School","Elementary","City: Small","Oakland Region","5","04","Mathematics","Not Migrant","32","28","12","44.40","38.90","16.70","72","62.40"
"23 - 24 School Year","63","Oakland Schools","63150","Troy School District","02161","Leonard Elementary School","63","Oakland","LEA School","Elementary","City: Small","Oakland Region","5","04","Mathematics","Not English Learners","26","22","11","44.10","37.30","18.60","59","61.30"
"23 - 24 School Year","63","Oakland Schools","63150","Troy School District","02161","Leonard Elementary School","63","Oakland","LEA School","Elementary","City: Small","Oakland Region","5","04","Mathematics","English Learners","< 10","< 10","< 10","46.20","46.20","7.70","13","67.20"
"23 - 24 School Year","63","Oakland Schools","63150","Troy School District","02161","Leonard Elementary School","63","Oakland","LEA School","Elementary","City: Small","Oakland Region","5","04","Mathematics","Female","15","14","< 10","45.50","42.40","12.10","33","63.90"
"23 - 24 School Year","63","Oakland Schools","63150","Troy School District","02161","Leonard Elementary School","63","Oakland","LEA School","Elementary","City: Small","Oakland Region","5","04","Mathematics","Male","17","14","< 10","43.60","35.90","20.50","39","61.10"
"23 - 24 School Year","63","Oakland Schools","63150","Troy School District","02161","Leonard Elementary School","63","Oakland","LEA School","Elementary","City: Small","Oakland Region","5","04","Mathematics","Asian","13","< 10","< 10","44.80","31.00","24.10","29","61.70"
"23 - 24 School Year","63","Oakland Schools","63150","Troy School District","02161","Leonard Elementary School","63","Oakland","LEA School","Elementary","City: Small","Oakland Region","5","04","Mathematics","Two or More Races","< 10","< 10","< 10","< 10","< 10","< 10","< 10","< 10"
"23 - 24 School Year","63","Oakland Schools","63150","Troy School District","02161","Leonard Elementary School","63","Oakland","LEA School","Elementary","City: Small","Oakland Region","5","04","Mathematics","White, not of Hispanic origin","13","13","< 10","43.30","43.30","13.30","30","62.10"
"23 - 24 School Year","63","Oakland Schools","63150","Troy School District","02161","Leonard Elementary School","63","Oakland","LEA School","Elementary","City: Small","Oakland Region","5","04","Mathematics","Hispanic","< 10","< 10","< 10","< 10","< 10","< 10","< 10","< 10"
"23 - 24 School Year","63","Oakland Schools","63150","Troy School District","02618","Morse Elementary School","63","Oakland","LEA School","Elementary","City: Small","Oakland Region","5","05","English Language Arts","English Learners","< 10","< 10","< 10","18.80","43.80","37.50","16","40.30"
"23 - 24 School Year","63","Oakland Schools","63150","Troy School District","02618","Morse Elementary School","63","Oakland","LEA School","Elementary","City: Small","Oakland Region","5","05","English Language Arts","Not English Learners","12","24","13","24.50","49.00","26.50","49","51.00"
"23 - 24 School Year","63","Oakland Schools","63150","Troy School District","02618","Morse Elementary School","63","Oakland","LEA School","Elementary","City: Small","Oakland Region","5","05","English Language Arts","Not Migrant","15","31","19","23.10","47.70","29.20","65","48.40"
"23 - 24 School Year","63","Oakland Schools","63150","Troy School District","02618","Morse Elementary School","63","Oakland","LEA School","Elementary","City: Small","Oakland Region","5","05","Mathematics","All Students","35","19","16","50.00","27.10","22.90","70","61.10"
"23 - 24 School Year","63","Oakland Schools","63150","Troy School District","02618","Morse Elementary School","63","Oakland","LEA School","Elementary","City: Small","Oakland Region","5","05","Mathematics","Economically Disadvantaged","12","< 10","11","40.00","23.30","36.70","30","53.90"
"23 - 24 School Year","63","Oakland Schools","63150","Troy School District","02618","Morse Elementary School","63","Oakland","LEA School","Elementary","City: Small","Oakland Region","5","05","Mathematics","Not Economically Disadvantaged","23","12","< 10","57.50","30.00","12.50","40","66.50"
"23 - 24 School Year","63","Oakland Schools","63150","Troy School District","02618","Morse Elementary School","63","Oakland","LEA School","Elementary","City: Small","Oakland Region","5","05","Mathematics","Black, not of Hispanic origin","< 10","< 10","< 10","58.30","8.30","33.30","12","59.30"
"23 - 24 School Year","63","Oakland Schools","63150","Troy School District","02618","Morse Elementary School","63","Oakland","LEA School","Elementary","City: Small","Oakland Region","5","05","Mathematics","Hispanic","< 10","< 10","< 10","< 10","< 10","< 10","< 10","< 10"
"23 - 24 School Year","63","Oakland Schools","63150","Troy School District","02618","Morse Elementary School","63","Oakland","LEA School","Elementary","City: Small","Oakland Region","5","05","Mathematics","White, not of Hispanic origin","< 10","< 10","< 10","47.40","26.30","26.30","19","61.80"
"23 - 24 School Year","63","Oakland Schools","63150","Troy School District","02618","Morse Elementary School","63","Oakland","LEA School","Elementary","City: Small","Oakland Region","5","05","Mathematics","Two or More Races","< 10","< 10","< 10","< 10","< 10","< 10","< 10","< 10"
"23 - 24 School Year","63","Oakland Schools","63150","Troy School District","02618","Morse Elementary School","63","Oakland","LEA School","Elementary","City: Small","Oakland Region","5","05","Mathematics","Asian","15","11","< 10","51.70","37.90","10.30","29","64.30"
"23 - 24 School Year","63","Oakland Schools","63150","Troy School District","02618","Morse Elementary School","63","Oakland","LEA School","Elementary","City: Small","Oakland Region","5","05","Mathematics","Male","21","12","< 10","51.20","29.30","19.50","41","62.10"
"23 - 24 School Year","63","Oakland Schools","63150","Troy School District","02618","Morse Elementary School","63","Oakland","LEA School","Elementary","City: Small","Oakland Region","5","05","Mathematics","Female","14","< 10","< 10","48.30","24.10","27.60","29","59.70"
"23 - 24 School Year","63","Oakland Schools","63150","Troy School District","02618","Morse Elementary School","63","Oakland","LEA School","Elementary","City: Small","Oakland Region","5","05","Mathematics","English Learners","11","< 10","< 10","52.40","19.00","28.60","21","61.50"
"23 - 24 School Year","63","Oakland Schools","63150","Troy School District","02618","Morse Elementary School","63","Oakland","LEA School","Elementary","City: Small","Oakland Region","5","05","Mathematics","Not English Learners","24","15","10","49.00","30.60","20.40","49","61.00"
"23 - 24 School Year","63","Oakland Schools","63150","Troy School District","02618","Morse Elementary School","63","Oakland","LEA School","Elementary","City: Small","Oakland Region","5","05","Mathematics","Not Migrant","35","19","16","50.00","27.10","22.90","70","61.10"
"23 - 24 School Year","63","Oakland Schools","63150","Troy School District","02618","Morse Elementary School","63","Oakland","LEA School","Elementary","City: Small","Oakland Region","5","05","English Language Arts","Students with Disabilities","< 10","< 10","< 10","< 10","< 10","< 10","< 10","< 10"
"23 - 24 School Year","63","Oakland Schools","63150","Troy School District","02618","Morse Elementary School","63","Oakland","LEA School","Elementary","City: Small","Oakland Region","5","05","Mathematics","Students with Disabilities","< 10","< 10","< 10","< 10","< 10","< 10","< 10","< 10"
"23 - 24 School Year","63","Oakland Schools","63150","Troy School District","02618","Morse Elementary School","63","Oakland","LEA School","Elementary","City: Small","Oakland Region","5","05","English Language Arts","Students without Disabilities","14","27","17","24.10","46.60","29.30","58","49.00"
"23 - 24 School Year","63","Oakland Schools","63150","Troy School District","02618","Morse Elementary School","63","Oakland","LEA School","Elementary","City: Small","Oakland Region","5","04","Mathematics","Students without Disabilities","16","21","16","30.20","39.60","30.20","53","49.10"
"23 - 24 School Year","63","Oakland Schools","63150","Troy School District","02618","Morse Elementary School","63","Oakland","LEA School","Elementary","City: Small","Oakland Region","5","04","English Language Arts","Students without Disabilities","12","21","16","24.50","42.90","32.70","49","47.10"
"23 - 24 School Year","63","Oakland Schools","63150","Troy School District","02618","Morse Elementary School","63","Oakland","LEA School","Elementary","City: Small","Oakland Region","5","All Grades","Mathematics","Students without Disabilities","47","39","30","40.50","33.60","25.90","116","55.70"
"23 - 24 School Year","63","Oakland Schools","63150","Troy School District","02618","Morse Elementary School","63","Oakland","LEA School","Elementary","City: Small","Oakland Region","5","All Grades","English Language Arts","Students without Disabilities","26","48","33","24.30","44.90","30.80","107","48.10"
"23 - 24 School Year","63","Oakland Schools","63150","Troy School District","02618","Morse Elementary School","63","Oakland","LEA School","Elementary","City: Small","Oakland Region","5","04","Mathematics","Students with Disabilities","< 10","< 10","< 10","< 10","< 10","< 10","< 10","< 10"
"23 - 24 School Year","63","Oakland Schools","63150","Troy School District","02618","Morse Elementary School","63","Oakland","LEA School","Elementary","City: Small","Oakland Region","5","04","English Language Arts","Students with Disabilities","< 10","< 10","< 10","< 10","< 10","< 10","< 10","< 10"
"23 - 24 School Year","63","Oakland Schools","63150","Troy School District","02618","Morse Elementary School","63","Oakland","LEA School","Elementary","City: Small","Oakland Region","5","All Grades","Mathematics","Students with Disabilities","< 10","< 10","< 10","42.90","21.40","35.70","14","52.30"
"23 - 24 School Year","63","Oakland Schools","63150","Troy School District","02618","Morse Elementary School","63","Oakland","LEA School","Elementary","City: Small","Oakland Region","5","All Grades","English Language Arts","Students with Disabilities","< 10","< 10","< 10","7.70","53.80","38.50","13","39.30"
"23 - 24 School Year","63","Oakland Schools","63150","Troy School District","02618","Morse Elementary School","63","Oakland","LEA School","Elementary","City: Small","Oakland Region","5","All Grades","English Language Arts","Black, not of Hispanic origin","< 10","< 10","10","5.30","42.10","52.60","19","36.20"
"23 - 24 School Year","63","Oakland Schools","63150","Troy School District","02618","Morse Elementary School","63","Oakland","LEA School","Elementary","City: Small","Oakland Region","5","All Grades","English Language Arts","Not Economically Disadvantaged","21","30","16","31.30","44.80","23.90","67","52.20"
"23 - 24 School Year","63","Oakland Schools","63150","Troy School District","02618","Morse Elementary School","63","Oakland","LEA School","Elementary","City: Small","Oakland Region","5","All Grades","English Language Arts","Economically Disadvantaged","< 10","25","22","11.30","47.20","41.50","53","40.80"
"23 - 24 School Year","63","Oakland Schools","63150","Troy School District","02618","Morse Elementary School","63","Oakland","LEA School","Elementary","City: Small","Oakland Region","5","All Grades","English Language Arts","All Students","27","55","38","22.50","45.80","31.70","120","47.20"
"23 - 24 School Year","63","Oakland Schools","63150","Troy School District","02618","Morse Elementary School","63","Oakland","LEA School","Elementary","City: Small","Oakland Region","5","All Grades","Mathematics","White, not of Hispanic origin","14","13","11","36.80","34.20","28.90","38","54.10"
"23 - 24 School Year","63","Oakland Schools","63150","Troy School District","02618","Morse Elementary School","63","Oakland","LEA School","Elementary","City: Small","Oakland Region","5","All Grades","Mathematics","Two or More Races","< 10","< 10","< 10","< 10","< 10","< 10","< 10","< 10"
"23 - 24 School Year","63","Oakland Schools","63150","Troy School District","02618","Morse Elementary School","63","Oakland","LEA School","Elementary","City: Small","Oakland Region","5","All Grades","Mathematics","Asian","22","21","< 10","43.10","41.20","15.70","51","60.40"
"23 - 24 School Year","63","Oakland Schools","63150","Troy School District","02618","Morse Elementary School","63","Oakland","LEA School","Elementary","City: Small","Oakland Region","5","All Grades","Mathematics","Male","30","25","16","42.30","35.20","22.50","71","57.90"
"23 - 24 School Year","63","Oakland Schools","63150","Troy School District","02618","Morse Elementary School","63","Oakland","LEA School","Elementary","City: Small","Oakland Region","5","All Grades","Mathematics","Female","23","17","19","39.00","28.80","32.20","59","52.20"
"23 - 24 School Year","63","Oakland Schools","63150","Troy School District","02618","Morse Elementary School","63","Oakland","LEA School","Elementary","City: Small","Oakland Region","5","All Grades","Mathematics","English Learners","21","12","12","46.70","26.70","26.70","45","59.50"
"23 - 24 School Year","63","Oakland Schools","63150","Troy School District","02618","Morse Elementary School","63","Oakland","LEA School","Elementary","City: Small","Oakland Region","5","All Grades","Mathematics","Not English Learners","32","30","23","37.60","35.30","27.10","85","53.10"
"23 - 24 School Year","63","Oakland Schools","63150","Troy School District","02618","Morse Elementary School","63","Oakland","LEA School","Elementary","City: Small","Oakland Region","5","All Grades","Mathematics","Not Migrant","53","42","35","40.80","32.30","26.90","130","55.30"
"23 - 24 School Year","63","Oakland Schools","63150","Troy School District","02618","Morse Elementary School","63","Oakland","LEA School","Elementary","City: Small","Oakland Region","5","04","English Language Arts","All Students","12","24","19","21.80","43.60","34.50","55","45.80"
"23 - 24 School Year","63","Oakland Schools","63150","Troy School District","02618","Morse Elementary School","63","Oakland","LEA School","Elementary","City: Small","Oakland Region","5","04","English Language Arts","Economically Disadvantaged","< 10","10","12","8.30","41.70","50.00","24","36.70"
"23 - 24 School Year","63","Oakland Schools","63150","Troy School District","02618","Morse Elementary School","63","Oakland","LEA School","Elementary","City: Small","Oakland Region","5","04","English Language Arts","Not Economically Disadvantaged","10","14","< 10","32.30","45.20","22.60","31","52.80"
"23 - 24 School Year","63","Oakland Schools","63150","Troy School District","02618","Morse Elementary School","63","Oakland","LEA School","Elementary","City: Small","Oakland Region","5","04","English Language Arts","Black, not of Hispanic origin","< 10","< 10","< 10","< 10","< 10","< 10","< 10","< 10"
"23 - 24 School Year","63","Oakland Schools","63150","Troy School District","02618","Morse Elementary School","63","Oakland","LEA School","Elementary","City: Small","Oakland Region","5","04","English Language Arts","Hispanic","< 10","< 10","< 10","< 10","< 10","< 10","< 10","< 10"
"23 - 24 School Year","63","Oakland Schools","63150","Troy School District","02618","Morse Elementary School","63","Oakland","LEA School","Elementary","City: Small","Oakland Region","5","04","English Language Arts","White, not of Hispanic origin","< 10","< 10","< 10","26.30","26.30","47.40","19","43.70"
"23 - 24 School Year","63","Oakland Schools","63150","Troy School District","02618","Morse Elementary School","63","Oakland","LEA School","Elementary","City: Small","Oakland Region","5","All Grades","Mathematics","Hispanic","< 10","< 10","< 10","56.30","18.80","25.00","16","62.20"
"23 - 24 School Year","63","Oakland Schools","63150","Troy School District","02618","Morse Elementary School","63","Oakland","LEA School","Elementary","City: Small","Oakland Region","5","All Grades","Mathematics","Black, not of Hispanic origin","< 10","< 10","< 10","42.10","15.80","42.10","19","48.90"
"23 - 24 School Year","63","Oakland Schools","63150","Troy School District","02618","Morse Elementary School","63","Oakland","LEA School","Elementary","City: Small","Oakland Region","5","All Grades","Mathematics","Not Economically Disadvantaged","37","28","11","48.70","36.80","14.50","76","62.20"
"23 - 24 School Year","63","Oakland Schools","63150","Troy School District","02618","Morse Elementary School","63","Oakland","LEA School","Elementary","City: Small","Oakland Region","5","All Grades","Mathematics","Economically Disadvantaged","16","14","24","29.60","25.90","44.40","54","45.60"
"23 - 24 School Year","63","Oakland Schools","63150","Troy School District","02618","Morse Elementary School","63","Oakland","LEA School","Elementary","City: Small","Oakland Region","5","All Grades","Mathematics","All Students","53","42","35","40.80","32.30","26.90","130","55.30"
"23 - 24 School Year","63","Oakland Schools","63150","Troy School District","02618","Morse Elementary School","63","Oakland","LEA School","Elementary","City: Small","Oakland Region","5","All Grades","English Language Arts","Not Migrant","27","55","38","22.50","45.80","31.70","120","47.20"
"23 - 24 School Year","63","Oakland Schools","63150","Troy School District","02618","Morse Elementary School","63","Oakland","LEA School","Elementary","City: Small","Oakland Region","5","All Grades","English Language Arts","Not English Learners","18","39","28","21.20","45.90","32.90","85","47.30"
"23 - 24 School Year","63","Oakland Schools","63150","Troy School District","02618","Morse Elementary School","63","Oakland","LEA School","Elementary","City: Small","Oakland Region","5","All Grades","English Language Arts","English Learners","< 10","16","10","25.70","45.70","28.60","35","46.90"
"23 - 24 School Year","63","Oakland Schools","63150","Troy School District","02618","Morse Elementary School","63","Oakland","LEA School","Elementary","City: Small","Oakland Region","5","All Grades","English Language Arts","Female","12","23","19","22.20","42.60","35.20","54","46.90"
"23 - 24 School Year","63","Oakland Schools","63150","Troy School District","02618","Morse Elementary School","63","Oakland","LEA School","Elementary","City: Small","Oakland Region","5","All Grades","English Language Arts","Male","15","32","19","22.70","48.50","28.80","66","47.40"
"23 - 24 School Year","63","Oakland Schools","63150","Troy School District","02618","Morse Elementary School","63","Oakland","LEA School","Elementary","City: Small","Oakland Region","5","All Grades","English Language Arts","Asian","13","23","< 10","28.90","51.10","20.00","45","54.00"
"23 - 24 School Year","63","Oakland Schools","63150","Troy School District","02618","Morse Elementary School","63","Oakland","LEA School","Elementary","City: Small","Oakland Region","5","All Grades","English Language Arts","Two or More Races","< 10","< 10","< 10","< 10","< 10","< 10","< 10","< 10"
"23 - 24 School Year","63","Oakland Schools","63150","Troy School District","02618","Morse Elementary School","63","Oakland","LEA School","Elementary","City: Small","Oakland Region","5","All Grades","English Language Arts","White, not of Hispanic origin","< 10","14","14","24.30","37.80","37.80","37","46.80"
"23 - 24 School Year","63","Oakland Schools","63150","Troy School District","02618","Morse Elementary School","63","Oakland","LEA School","Elementary","City: Small","Oakland Region","5","All Grades","English Language Arts","Hispanic","< 10","< 10","< 10","30.80","38.50","30.80","13","45.20"
"23 - 24 School Year","63","Oakland Schools","63150","Troy School District","02618","Morse Elementary School","63","Oakland","LEA School","Elementary","City: Small","Oakland Region","5","04","English Language Arts","Two or More Races","< 10","< 10","< 10","< 10","< 10","< 10","< 10","< 10"
"23 - 24 School Year","63","Oakland Schools","63150","Troy School District","02618","Morse Elementary School","63","Oakland","LEA School","Elementary","City: Small","Oakland Region","5","04","English Language Arts","Asian","< 10","10","< 10","26.30","52.60","21.10","19","52.50"
"23 - 24 School Year","63","Oakland Schools","63150","Troy School District","02618","Morse Elementary School","63","Oakland","LEA School","Elementary","City: Small","Oakland Region","5","04","English Language Arts","Male","< 10","13","< 10","25.00","46.40","28.60","28","49.00"
"23 - 24 School Year","63","Oakland Schools","63150","Troy School District","02618","Morse Elementary School","63","Oakland","LEA School","Elementary","City: Small","Oakland Region","5","04","English Language Arts","Female","< 10","11","11","18.50","40.70","40.70","27","42.40"
"23 - 24 School Year","63","Oakland Schools","63150","Troy School District","02618","Morse Elementary School","63","Oakland","LEA School","Elementary","City: Small","Oakland Region","5","04","English Language Arts","English Learners","< 10","< 10","< 10","31.60","47.40","21.10","19","52.50"
"23 - 24 School Year","63","Oakland Schools","63150","Troy School District","02618","Morse Elementary School","63","Oakland","LEA School","Elementary","City: Small","Oakland Region","5","04","English Language Arts","Not English Learners","< 10","15","15","16.70","41.70","41.70","36","42.20"
"23 - 24 School Year","63","Oakland Schools","63150","Troy School District","02618","Morse Elementary School","63","Oakland","LEA School","Elementary","City: Small","Oakland Region","5","04","English Language Arts","Not Migrant","12","24","19","21.80","43.60","34.50","55","45.80"
"23 - 24 School Year","63","Oakland Schools","63150","Troy School District","02618","Morse Elementary School","63","Oakland","LEA School","Elementary","City: Small","Oakland Region","5","04","Mathematics","All Students","18","23","19","30.00","38.30","31.70","60","48.50"
"23 - 24 School Year","63","Oakland Schools","63150","Troy School District","02618","Morse Elementary School","63","Oakland","LEA School","Elementary","City: Small","Oakland Region","5","04","Mathematics","Economically Disadvantaged","< 10","< 10","13","16.70","29.20","54.20","24","35.10"
"23 - 24 School Year","63","Oakland Schools","63150","Troy School District","02618","Morse Elementary School","63","Oakland","LEA School","Elementary","City: Small","Oakland Region","5","04","Mathematics","Not Economically Disadvantaged","14","16","< 10","38.90","44.40","16.70","36","57.50"
"23 - 24 School Year","63","Oakland Schools","63150","Troy School District","02618","Morse Elementary School","63","Oakland","LEA School","Elementary","City: Small","Oakland Region","5","04","Mathematics","Black, not of Hispanic origin","< 10","< 10","< 10","< 10","< 10","< 10","< 10","< 10"
"23 - 24 School Year","63","Oakland Schools","63150","Troy School District","02618","Morse Elementary School","63","Oakland","LEA School","Elementary","City: Small","Oakland Region","5","04","Mathematics","Hispanic","< 10","< 10","< 10","< 10","< 10","< 10","< 10","< 10"
"23 - 24 School Year","63","Oakland Schools","63150","Troy School District","02618","Morse Elementary School","63","Oakland","LEA School","Elementary","City: Small","Oakland Region","5","04","Mathematics","White, not of Hispanic origin","< 10","< 10","< 10","26.30","42.10","31.60","19","46.40"
"23 - 24 School Year","63","Oakland Schools","63150","Troy School District","02618","Morse Elementary School","63","Oakland","LEA School","Elementary","City: Small","Oakland Region","5","05","English Language Arts","Female","< 10","12","< 10","25.90","44.40","29.60","27","51.40"
"23 - 24 School Year","63","Oakland Schools","63150","Troy School District","02618","Morse Elementary School","63","Oakland","LEA School","Elementary","City: Small","Oakland Region","5","05","English Language Arts","Male","< 10","19","11","21.10","50.00","28.90","38","46.20"
"23 - 24 School Year","63","Oakland Schools","63150","Troy School District","02618","Morse Elementary School","63","Oakland","LEA School","Elementary","City: Small","Oakland Region","5","05","English Language Arts","Asian","< 10","13","< 10","30.80","50.00","19.20","26","55.10"
"23 - 24 School Year","63","Oakland Schools","63150","Troy School District","02618","Morse Elementary School","63","Oakland","LEA School","Elementary","City: Small","Oakland Region","5","05","English Language Arts","Two or More Races","< 10","< 10","< 10","< 10","< 10","< 10","< 10","< 10"
"23 - 24 School Year","63","Oakland Schools","63150","Troy School District","02618","Morse Elementary School","63","Oakland","LEA School","Elementary","City: Small","Oakland Region","5","04","Mathematics","Two or More Races","< 10","< 10","< 10","< 10","< 10","< 10","< 10","< 10"
"23 - 24 School Year","63","Oakland Schools","63150","Troy School District","02618","Morse Elementary School","63","Oakland","LEA School","Elementary","City: Small","Oakland Region","5","04","Mathematics","Asian","< 10","10","< 10","31.80","45.50","22.70","22","55.10"
"23 - 24 School Year","63","Oakland Schools","63150","Troy School District","02618","Morse Elementary School","63","Oakland","LEA School","Elementary","City: Small","Oakland Region","5","04","Mathematics","Male","< 10","13","< 10","30.00","43.30","26.70","30","52.10"
"23 - 24 School Year","63","Oakland Schools","63150","Troy School District","02618","Morse Elementary School","63","Oakland","LEA School","Elementary","City: Small","Oakland Region","5","04","Mathematics","Female","< 10","10","11","30.00","33.30","36.70","30","45.00"
"23 - 24 School Year","63","Oakland Schools","63150","Troy School District","02618","Morse Elementary School","63","Oakland","LEA School","Elementary","City: Small","Oakland Region","5","04","Mathematics","English Learners","10","< 10","< 10","41.70","33.30","25.00","24","57.80"
"23 - 24 School Year","63","Oakland Schools","63150","Troy School District","02618","Morse Elementary School","63","Oakland","LEA School","Elementary","City: Small","Oakland Region","5","04","Mathematics","Not English Learners","< 10","15","13","22.20","41.70","36.10","36","42.40"
"23 - 24 School Year","63","Oakland Schools","63150","Troy School District","02618","Morse Elementary School","63","Oakland","LEA School","Elementary","City: Small","Oakland Region","5","04","Mathematics","Not Migrant","18","23","19","30.00","38.30","31.70","60","48.50"
"23 - 24 School Year","63","Oakland Schools","63150","Troy School District","02618","Morse Elementary School","63","Oakland","LEA School","Elementary","City: Small","Oakland Region","5","05","English Language Arts","All Students","15","31","19","23.10","47.70","29.20","65","48.40"
"23 - 24 School Year","63","Oakland Schools","63150","Troy School District","02618","Morse Elementary School","63","Oakland","LEA School","Elementary","City: Small","Oakland Region","5","05","English Language Arts","Economically Disadvantaged","< 10","15","10","13.80","51.70","34.50","29","44.30"
"23 - 24 School Year","63","Oakland Schools","63150","Troy School District","02618","Morse Elementary School","63","Oakland","LEA School","Elementary","City: Small","Oakland Region","5","05","English Language Arts","Not Economically Disadvantaged","11","16","< 10","30.60","44.40","25.00","36","51.60"
"23 - 24 School Year","63","Oakland Schools","63150","Troy School District","02618","Morse Elementary School","63","Oakland","LEA School","Elementary","City: Small","Oakland Region","5","05","English Language Arts","Black, not of Hispanic origin","< 10","< 10","< 10","8.30","50.00","41.70","12","41.20"
"23 - 24 School Year","63","Oakland Schools","63150","Troy School District","02618","Morse Elementary School","63","Oakland","LEA School","Elementary","City: Small","Oakland Region","5","05","English Language Arts","Hispanic","< 10","< 10","< 10","< 10","< 10","< 10","< 10","< 10"
"23 - 24 School Year","63","Oakland Schools","63150","Troy School District","02618","Morse Elementary School","63","Oakland","LEA School","Elementary","City: Small","Oakland Region","5","05","English Language Arts","White, not of Hispanic origin","< 10","< 10","< 10","22.20","50.00","27.80","18","50.20"
"23 - 24 School Year","63","Oakland Schools","63150","Troy School District","02618","Morse Elementary School","63","Oakland","LEA School","Elementary","City: Small","Oakland Region","5","05","Mathematics","Students without Disabilities","31","18","14","49.20","28.60","22.20","63","61.20"
"23 - 24 School Year","63","Oakland Schools","63150","Troy School District","03715","Hamilton Elementary School","63","Oakland","LEA School","Elementary","City: Small","Oakland Region","5","04","English Language Arts","Asian","11","12","< 10","42.30","46.20","11.50","26","66.10"
"23 - 24 School Year","63","Oakland Schools","63150","Troy School District","03715","Hamilton Elementary School","63","Oakland","LEA School","Elementary","City: Small","Oakland Region","5","04","English Language Arts","Male","15","13","< 10","45.50","39.40","15.20","33","65.60"
"23 - 24 School Year","63","Oakland Schools","63150","Troy School District","03715","Hamilton Elementary School","63","Oakland","LEA School","Elementary","City: Small","Oakland Region","5","04","English Language Arts","Female","14","15","< 10","42.40","45.50","12.10","33","65.90"
"23 - 24 School Year","63","Oakland Schools","63150","Troy School District","03715","Hamilton Elementary School","63","Oakland","LEA School","Elementary","City: Small","Oakland Region","5","04","English Language Arts","English Learners","< 10","< 10","< 10","< 10","< 10","< 10","< 10","< 10"
"23 - 24 School Year","63","Oakland Schools","63150","Troy School District","03715","Hamilton Elementary School","63","Oakland","LEA School","Elementary","City: Small","Oakland Region","5","04","English Language Arts","Not English Learners","27","22","< 10","47.40","38.60","14.00","57","66.90"
"23 - 24 School Year","63","Oakland Schools","63150","Troy School District","03715","Hamilton Elementary School","63","Oakland","LEA School","Elementary","City: Small","Oakland Region","5","04","English Language Arts","Not Migrant","29","28","< 10","43.90","42.40","13.60","66","65.80"
"23 - 24 School Year","63","Oakland Schools","63150","Troy School District","03715","Hamilton Elementary School","63","Oakland","LEA School","Elementary","City: Small","Oakland Region","5","04","Mathematics","All Students","30","28","12","42.90","40.00","17.10","70","63.40"
"23 - 24 School Year","63","Oakland Schools","63150","Troy School District","03715","Hamilton Elementary School","63","Oakland","LEA School","Elementary","City: Small","Oakland Region","5","04","Mathematics","Economically Disadvantaged","< 10","< 10","< 10","< 10","< 10","< 10","< 10","< 10"
"23 - 24 School Year","63","Oakland Schools","63150","Troy School District","03715","Hamilton Elementary School","63","Oakland","LEA School","Elementary","City: Small","Oakland Region","5","04","Mathematics","Not Economically Disadvantaged","30","25","< 10","46.90","39.10","14.10","64","66.30"
"23 - 24 School Year","63","Oakland Schools","63150","Troy School District","03715","Hamilton Elementary School","63","Oakland","LEA School","Elementary","City: Small","Oakland Region","5","04","Mathematics","Black, not of Hispanic origin","< 10","< 10","< 10","< 10","< 10","< 10","< 10","< 10"
"23 - 24 School Year","63","Oakland Schools","63150","Troy School District","03715","Hamilton Elementary School","63","Oakland","LEA School","Elementary","City: Small","Oakland Region","5","04","Mathematics","Hispanic","< 10","< 10","< 10","< 10","< 10","< 10","< 10","< 10"
"23 - 24 School Year","63","Oakland Schools","63150","Troy School District","03715","Hamilton Elementary School","63","Oakland","LEA School","Elementary","City: Small","Oakland Region","5","04","Mathematics","White, not of Hispanic origin","11","12","< 10","36.70","40.00","23.30","30","57.10"
"23 - 24 School Year","63","Oakland Schools","63150","Troy School District","03715","Hamilton Elementary School","63","Oakland","LEA School","Elementary","City: Small","Oakland Region","5","04","Mathematics","Two or More Races","< 10","< 10","< 10","< 10","< 10","< 10","< 10","< 10"
"23 - 24 School Year","63","Oakland Schools","63150","Troy School District","03715","Hamilton Elementary School","63","Oakland","LEA School","Elementary","City: Small","Oakland Region","5","04","Mathematics","Asian","12","15","< 10","41.40","51.70","6.90","29","69.50"
"23 - 24 School Year","63","Oakland Schools","63150","Troy School District","03715","Hamilton Elementary School","63","Oakland","LEA School","Elementary","City: Small","Oakland Region","5","04","Mathematics","Male","19","13","< 10","55.90","38.20","5.90","34","72.60"
"23 - 24 School Year","63","Oakland Schools","63150","Troy School District","03715","Hamilton Elementary School","63","Oakland","LEA School","Elementary","City: Small","Oakland Region","5","04","Mathematics","Female","11","15","10","30.60","41.70","27.80","36","54.70"
"23 - 24 School Year","63","Oakland Schools","63150","Troy School District","03715","Hamilton Elementary School","63","Oakland","LEA School","Elementary","City: Small","Oakland Region","5","04","Mathematics","English Learners","< 10","< 10","< 10","45.50","36.40","18.20","11","60.80"
"23 - 24 School Year","63","Oakland Schools","63150","Troy School District","03715","Hamilton Elementary School","63","Oakland","LEA School","Elementary","City: Small","Oakland Region","5","04","Mathematics","Not English Learners","25","24","10","42.40","40.70","16.90","59","63.90"
"23 - 24 School Year","63","Oakland Schools","63150","Troy School District","03715","Hamilton Elementary School","63","Oakland","LEA School","Elementary","City: Small","Oakland Region","5","04","Mathematics","Not Migrant","30","28","12","42.90","40.00","17.10","70","63.40"
"23 - 24 School Year","63","Oakland Schools","63150","Troy School District","03715","Hamilton Elementary School","63","Oakland","LEA School","Elementary","City: Small","Oakland Region","5","05","English Language Arts","All Students","46","18","< 10","68.70","26.90","< 5","67","75.40"
"23 - 24 School Year","63","Oakland Schools","63150","Troy School District","03715","Hamilton Elementary School","63","Oakland","LEA School","Elementary","City: Small","Oakland Region","5","05","English Language Arts","Economically Disadvantaged","< 10","< 10","< 10","< 10","< 10","< 10","< 10","< 10"
"23 - 24 School Year","63","Oakland Schools","63150","Troy School District","03715","Hamilton Elementary School","63","Oakland","LEA School","Elementary","City: Small","Oakland Region","5","05","English Language Arts","Not Economically Disadvantaged","43","14","< 10","72.90","23.70","< 5","59","78.00"
"23 - 24 School Year","63","Oakland Schools","63150","Troy School District","03715","Hamilton Elementary School","63","Oakland","LEA School","Elementary","City: Small","Oakland Region","5","05","English Language Arts","Native Hawaiian or Other Pacific Islander","< 10","< 10","< 10","< 10","< 10","< 10","< 10","< 10"
"23 - 24 School Year","63","Oakland Schools","63150","Troy School District","03715","Hamilton Elementary School","63","Oakland","LEA School","Elementary","City: Small","Oakland Region","5","05","English Language Arts","Black, not of Hispanic origin","< 10","< 10","< 10","< 10","< 10","< 10","< 10","< 10"
"23 - 24 School Year","63","Oakland Schools","63150","Troy School District","03715","Hamilton Elementary School","63","Oakland","LEA School","Elementary","City: Small","Oakland Region","5","05","English Language Arts","Hispanic","< 10","< 10","< 10","< 10","< 10","< 10","< 10","< 10"
"23 - 24 School Year","63","Oakland Schools","63150","Troy School District","03715","Hamilton Elementary School","63","Oakland","LEA School","Elementary","City: Small","Oakland Region","5","05","English Language Arts","White, not of Hispanic origin","14","< 10","< 10","56.00","36.00","8.00","25","67.30"
"23 - 24 School Year","63","Oakland Schools","63150","Troy School District","03715","Hamilton Elementary School","63","Oakland","LEA School","Elementary","City: Small","Oakland Region","5","05","English Language Arts","Two or More Races","< 10","< 10","< 10","< 10","< 10","< 10","< 10","< 10"
"23 - 24 School Year","63","Oakland Schools","63150","Troy School District","03715","Hamilton Elementary School","63","Oakland","LEA School","Elementary","City: Small","Oakland Region","5","05","English Language Arts","Asian","23","< 10","< 10","76.70","20.00","< 5","30","80.30"
"23 - 24 School Year","63","Oakland Schools","63150","Troy School District","03715","Hamilton Elementary School","63","Oakland","LEA School","Elementary","City: Small","Oakland Region","5","05","English Language Arts","Male","19","< 10","< 10","65.50","31.00","< 5","29","74.50"
"23 - 24 School Year","63","Oakland Schools","63150","Troy School District","03715","Hamilton Elementary School","63","Oakland","LEA School","Elementary","City: Small","Oakland Region","5","05","English Language Arts","Female","27","< 10","< 10","71.10","23.70","5.30","38","76.10"
"23 - 24 School Year","63","Oakland Schools","63150","Troy School District","03715","Hamilton Elementary School","63","Oakland","LEA School","Elementary","City: Small","Oakland Region","5","05","English Language Arts","English Learners","< 10","< 10","< 10","72.70","18.20","9.10","11","74.50"
"23 - 24 School Year","63","Oakland Schools","63150","Troy School District","03715","Hamilton Elementary School","63","Oakland","LEA School","Elementary","City: Small","Oakland Region","5","05","English Language Arts","Not English Learners","38","16","< 10","67.90","28.60","< 5","56","75.60"
"23 - 24 School Year","63","Oakland Schools","63150","Troy School District","03715","Hamilton Elementary School","63","Oakland","LEA School","Elementary","City: Small","Oakland Region","5","05","English Language Arts","Not Migrant","46","18","< 10","68.70","26.90","< 5","67","75.40"
"23 - 24 School Year","63","Oakland Schools","63150","Troy School District","03715","Hamilton Elementary School","63","Oakland","LEA School","Elementary","City: Small","Oakland Region","5","04","English Language Arts","Two or More Races","< 10","< 10","< 10","< 10","< 10","< 10","< 10","< 10"
"23 - 24 School Year","63","Oakland Schools","63150","Troy School District","03715","Hamilton Elementary School","63","Oakland","LEA School","Elementary","City: Small","Oakland Region","5","04","English Language Arts","White, not of Hispanic origin","14","13","< 10","46.70","43.30","10.00","30","67.70"
"23 - 24 School Year","63","Oakland Schools","63150","Troy School District","03715","Hamilton Elementary School","63","Oakland","LEA School","Elementary","City: Small","Oakland Region","5","04","English Language Arts","Black, not of Hispanic origin","< 10","< 10","< 10","< 10","< 10","< 10","< 10","< 10"
"23 - 24 School Year","63","Oakland Schools","63150","Troy School District","03715","Hamilton Elementary School","63","Oakland","LEA School","Elementary","City: Small","Oakland Region","5","04","English Language Arts","Not Economically Disadvantaged","28","24","< 10","45.90","39.30","14.80","61","65.70"
"23 - 24 School Year","63","Oakland Schools","63150","Troy School District","03715","Hamilton Elementary School","63","Oakland","LEA School","Elementary","City: Small","Oakland Region","5","04","English Language Arts","Economically Disadvantaged","< 10","< 10","< 10","< 10","< 10","< 10","< 10","< 10"
"23 - 24 School Year","63","Oakland Schools","63150","Troy School District","03715","Hamilton Elementary School","63","Oakland","LEA School","Elementary","City: Small","Oakland Region","5","04","English Language Arts","All Students","29","28","< 10","43.90","42.40","13.60","66","65.80"
"23 - 24 School Year","63","Oakland Schools","63150","Troy School District","03715","Hamilton Elementary School","63","Oakland","LEA School","Elementary","City: Small","Oakland Region","5","All Grades","Mathematics","Not Migrant","80","48","13","56.70","34.00","9.20","141","70.80"
"23 - 24 School Year","63","Oakland Schools","63150","Troy School District","03715","Hamilton Elementary School","63","Oakland","LEA School","Elementary","City: Small","Oakland Region","5","All Grades","Mathematics","Not English Learners","63","41","11","54.80","35.70","9.60","115","70.50"
"23 - 24 School Year","63","Oakland Schools","63150","Troy School District","03715","Hamilton Elementary School","63","Oakland","LEA School","Elementary","City: Small","Oakland Region","5","All Grades","Mathematics","English Learners","17","< 10","< 10","65.40","26.90","7.70","26","72.20"
"23 - 24 School Year","63","Oakland Schools","63150","Troy School District","03715","Hamilton Elementary School","63","Oakland","LEA School","Elementary","City: Small","Oakland Region","5","All Grades","Mathematics","Female","36","29","10","48.00","38.70","13.30","75","65.50"
"23 - 24 School Year","63","Oakland Schools","63150","Troy School District","03715","Hamilton Elementary School","63","Oakland","LEA School","Elementary","City: Small","Oakland Region","5","All Grades","Mathematics","Male","44","19","< 10","66.70","28.80","< 5","66","76.80"
"23 - 24 School Year","63","Oakland Schools","63150","Troy School District","03715","Hamilton Elementary School","63","Oakland","LEA School","Elementary","City: Small","Oakland Region","5","All Grades","Mathematics","Asian","36","23","< 10","58.10","37.10","< 5","62","74.20"
"23 - 24 School Year","63","Oakland Schools","63150","Troy School District","03715","Hamilton Elementary School","63","Oakland","LEA School","Elementary","City: Small","Oakland Region","5","All Grades","Mathematics","Two or More Races","< 10","< 10","< 10","54.50","27.30","18.20","11","65.40"
"23 - 24 School Year","63","Oakland Schools","63150","Troy School District","03715","Hamilton Elementary School","63","Oakland","LEA School","Elementary","City: Small","Oakland Region","5","All Grades","Mathematics","White, not of Hispanic origin","27","21","< 10","49.10","38.20","12.70","55","66.30"
"23 - 24 School Year","63","Oakland Schools","63150","Troy School District","03715","Hamilton Elementary School","63","Oakland","LEA School","Elementary","City: Small","Oakland Region","5","All Grades","Mathematics","Hispanic","< 10","< 10","< 10","< 10","< 10","< 10","< 10","< 10"
"23 - 24 School Year","63","Oakland Schools","63150","Troy School District","03715","Hamilton Elementary School","63","Oakland","LEA School","Elementary","City: Small","Oakland Region","5","All Grades","Mathematics","Black, not of Hispanic origin","< 10","< 10","< 10","< 10","< 10","< 10","< 10","< 10"
"23 - 24 School Year","63","Oakland Schools","63150","Troy School District","03715","Hamilton Elementary School","63","Oakland","LEA School","Elementary","City: Small","Oakland Region","5","All Grades","Mathematics","Native Hawaiian or Other Pacific Islander","< 10","< 10","< 10","< 10","< 10","< 10","< 10","< 10"
"23 - 24 School Year","63","Oakland Schools","63150","Troy School District","03715","Hamilton Elementary School","63","Oakland","LEA School","Elementary","City: Small","Oakland Region","5","All Grades","Mathematics","Not Economically Disadvantaged","75","43","10","58.60","33.60","7.80","128","72.10"
"23 - 24 School Year","63","Oakland Schools","63150","Troy School District","03715","Hamilton Elementary School","63","Oakland","LEA School","Elementary","City: Small","Oakland Region","5","All Grades","Mathematics","Economically Disadvantaged","< 10","< 10","< 10","38.50","38.50","23.10","13","58.40"
"23 - 24 School Year","63","Oakland Schools","63150","Troy School District","03715","Hamilton Elementary School","63","Oakland","LEA School","Elementary","City: Small","Oakland Region","5","All Grades","Mathematics","All Students","80","48","13","56.70","34.00","9.20","141","70.80"
"23 - 24 School Year","63","Oakland Schools","63150","Troy School District","03715","Hamilton Elementary School","63","Oakland","LEA School","Elementary","City: Small","Oakland Region","5","All Grades","English Language Arts","Not Migrant","75","46","12","56.40","34.60","9.00","133","70.60"
"23 - 24 School Year","63","Oakland Schools","63150","Troy School District","03715","Hamilton Elementary School","63","Oakland","LEA School","Elementary","City: Small","Oakland Region","5","All Grades","English Language Arts","Not English Learners","65","38","10","57.50","33.60","8.80","113","71.20"
"23 - 24 School Year","63","Oakland Schools","63150","Troy School District","03715","Hamilton Elementary School","63","Oakland","LEA School","Elementary","City: Small","Oakland Region","5","All Grades","English Language Arts","English Learners","10","< 10","< 10","50.00","40.00","10.00","20","67.30"
"23 - 24 School Year","63","Oakland Schools","63150","Troy School District","03715","Hamilton Elementary School","63","Oakland","LEA School","Elementary","City: Small","Oakland Region","5","All Grades","English Language Arts","Female","41","24","< 10","57.70","33.80","8.50","71","71.40"
"23 - 24 School Year","63","Oakland Schools","63150","Troy School District","03715","Hamilton Elementary School","63","Oakland","LEA School","Elementary","City: Small","Oakland Region","5","All Grades","English Language Arts","Male","34","22","< 10","54.80","35.50","9.70","62","69.80"
"23 - 24 School Year","63","Oakland Schools","63150","Troy School District","03715","Hamilton Elementary School","63","Oakland","LEA School","Elementary","City: Small","Oakland Region","5","All Grades","English Language Arts","Asian","34","18","< 10","60.70","32.10","7.10","56","73.70"
"23 - 24 School Year","63","Oakland Schools","63150","Troy School District","03715","Hamilton Elementary School","63","Oakland","LEA School","Elementary","City: Small","Oakland Region","5","All Grades","English Language Arts","Two or More Races","< 10","< 10","< 10","45.50","27.30","27.30","11","62.60"
"23 - 24 School Year","63","Oakland Schools","63150","Troy School District","03715","Hamilton Elementary School","63","Oakland","LEA School","Elementary","City: Small","Oakland Region","5","All Grades","English Language Arts","White, not of Hispanic origin","28","22","< 10","50.90","40.00","9.10","55","67.50"
"23 - 24 School Year","63","Oakland Schools","63150","Troy School District","03715","Hamilton Elementary School","63","Oakland","LEA School","Elementary","City: Small","Oakland Region","5","All Grades","English Language Arts","Hispanic","< 10","< 10","< 10","< 10","< 10","< 10","< 10","< 10"
"23 - 24 School Year","63","Oakland Schools","63150","Troy School District","03715","Hamilton Elementary School","63","Oakland","LEA School","Elementary","City: Small","Oakland Region","5","All Grades","English Language Arts","Black, not of Hispanic origin","< 10","< 10","< 10","< 10","< 10","< 10","< 10","< 10"
"23 - 24 School Year","63","Oakland Schools","63150","Troy School District","03715","Hamilton Elementary School","63","Oakland","LEA School","Elementary","City: Small","Oakland Region","5","All Grades","English Language Arts","Native Hawaiian or Other Pacific Islander","< 10","< 10","< 10","< 10","< 10","< 10","< 10","< 10"
"23 - 24 School Year","63","Oakland Schools","63150","Troy School District","03715","Hamilton Elementary School","63","Oakland","LEA School","Elementary","City: Small","Oakland Region","5","All Grades","English Language Arts","Not Economically Disadvantaged","71","38","11","59.20","31.70","9.20","120","71.80"
"23 - 24 School Year","63","Oakland Schools","63150","Troy School District","03715","Hamilton Elementary School","63","Oakland","LEA School","Elementary","City: Small","Oakland Region","5","All Grades","English Language Arts","Economically Disadvantaged","< 10","< 10","< 10","30.80","61.50","7.70","13","60.20"
"23 - 24 School Year","63","Oakland Schools","63150","Troy School District","03715","Hamilton Elementary School","63","Oakland","LEA School","Elementary","City: Small","Oakland Region","5","All Grades","English Language Arts","All Students","75","46","12","56.40","34.60","9.00","133","70.60"
"23 - 24 School Year","63","Oakland Schools","63150","Troy School District","03715","Hamilton Elementary School","63","Oakland","LEA School","Elementary","City: Small","Oakland Region","5","All Grades","English Language Arts","Students with Disabilities","< 10","< 10","< 10","35.70","50.00","14.30","14","59.90"
"23 - 24 School Year","63","Oakland Schools","63150","Troy School District","03715","Hamilton Elementary School","63","Oakland","LEA School","Elementary","City: Small","Oakland Region","5","All Grades","Mathematics","Students with Disabilities","< 10","< 10","< 10","69.20","15.40","15.40","13","72.20"
"23 - 24 School Year","63","Oakland Schools","63150","Troy School District","03715","Hamilton Elementary School","63","Oakland","LEA School","Elementary","City: Small","Oakland Region","5","04","English Language Arts","Students with Disabilities","< 10","< 10","< 10","< 10","< 10","< 10","< 10","< 10"
"23 - 24 School Year","63","Oakland Schools","63150","Troy School District","03715","Hamilton Elementary School","63","Oakland","LEA School","Elementary","City: Small","Oakland Region","5","04","Mathematics","Students with Disabilities","< 10","< 10","< 10","< 10","< 10","< 10","< 10","< 10"
"23 - 24 School Year","63","Oakland Schools","63150","Troy School District","03715","Hamilton Elementary School","63","Oakland","LEA School","Elementary","City: Small","Oakland Region","5","05","English Language Arts","Students with Disabilities","< 10","< 10","< 10","< 10","< 10","< 10","< 10","< 10"
"23 - 24 School Year","63","Oakland Schools","63150","Troy School District","03715","Hamilton Elementary School","63","Oakland","LEA School","Elementary","City: Small","Oakland Region","5","05","Mathematics","Students with Disabilities","< 10","< 10","< 10","< 10","< 10","< 10","< 10","< 10"
"23 - 24 School Year","63","Oakland Schools","63150","Troy School District","03715","Hamilton Elementary School","63","Oakland","LEA School","Elementary","City: Small","Oakland Region","5","05","Mathematics","Not Migrant","50","20","< 10","70.40","28.20","< 5","71","78.10"
"23 - 24 School Year","63","Oakland Schools","63150","Troy School District","03715","Hamilton Elementary School","63","Oakland","LEA School","Elementary","City: Small","Oakland Region","5","05","Mathematics","Not English Learners","38","17","< 10","67.90","30.40","< 5","56","77.40"
"23 - 24 School Year","63","Oakland Schools","63150","Troy School District","03715","Hamilton Elementary School","63","Oakland","LEA School","Elementary","City: Small","Oakland Region","5","05","Mathematics","English Learners","12","< 10","< 10","80.00","20.00","< 5","15","80.60"
"23 - 24 School Year","63","Oakland Schools","63150","Troy School District","03715","Hamilton Elementary School","63","Oakland","LEA School","Elementary","City: Small","Oakland Region","5","05","Mathematics","Female","25","14","< 10","64.10","35.90","< 5","39","75.50"
"23 - 24 School Year","63","Oakland Schools","63150","Troy School District","03715","Hamilton Elementary School","63","Oakland","LEA School","Elementary","City: Small","Oakland Region","5","05","Mathematics","Male","25","< 10","< 10","78.10","18.80","< 5","32","81.20"
"23 - 24 School Year","63","Oakland Schools","63150","Troy School District","03715","Hamilton Elementary School","63","Oakland","LEA School","Elementary","City: Small","Oakland Region","5","05","Mathematics","Asian","24","< 10","< 10","72.70","24.20","< 5","33","78.30"
"23 - 24 School Year","63","Oakland Schools","63150","Troy School District","03715","Hamilton Elementary School","63","Oakland","LEA School","Elementary","City: Small","Oakland Region","5","05","Mathematics","Two or More Races","< 10","< 10","< 10","< 10","< 10","< 10","< 10","< 10"
"23 - 24 School Year","63","Oakland Schools","63150","Troy School District","03715","Hamilton Elementary School","63","Oakland","LEA School","Elementary","City: Small","Oakland Region","5","05","Mathematics","White, not of Hispanic origin","16","< 10","< 10","64.00","36.00","< 5","25","77.20"
"23 - 24 School Year","63","Oakland Schools","63150","Troy School District","03715","Hamilton Elementary School","63","Oakland","LEA School","Elementary","City: Small","Oakland Region","5","05","Mathematics","Hispanic","< 10","< 10","< 10","< 10","< 10","< 10","< 10","< 10"
"23 - 24 School Year","63","Oakland Schools","63150","Troy School District","03715","Hamilton Elementary School","63","Oakland","LEA School","Elementary","City: Small","Oakland Region","5","05","Mathematics","Black, not of Hispanic origin","< 10","< 10","< 10","< 10","< 10","< 10","< 10","< 10"
"23 - 24 School Year","63","Oakland Schools","63150","Troy School District","03715","Hamilton Elementary School","63","Oakland","LEA School","Elementary","City: Small","Oakland Region","5","05","Mathematics","Native Hawaiian or Other Pacific Islander","< 10","< 10","< 10","< 10","< 10","< 10","< 10","< 10"
"23 - 24 School Year","63","Oakland Schools","63150","Troy School District","03715","Hamilton Elementary School","63","Oakland","LEA School","Elementary","City: Small","Oakland Region","5","05","Mathematics","Not Economically Disadvantaged","45","18","< 10","70.30","28.10","< 5","64","77.80"
"23 - 24 School Year","63","Oakland Schools","63150","Troy School District","03715","Hamilton Elementary School","63","Oakland","LEA School","Elementary","City: Small","Oakland Region","5","05","Mathematics","Economically Disadvantaged","< 10","< 10","< 10","< 10","< 10","< 10","< 10","< 10"
"23 - 24 School Year","63","Oakland Schools","63150","Troy School District","03715","Hamilton Elementary School","63","Oakland","LEA School","Elementary","City: Small","Oakland Region","5","05","Mathematics","All Students","50","20","< 10","70.40","28.20","< 5","71","78.10"
"23 - 24 School Year","63","Oakland Schools","63150","Troy School District","03715","Hamilton Elementary School","63","Oakland","LEA School","Elementary","City: Small","Oakland Region","5","05","Mathematics","Students without Disabilities","45","18","< 10","70.30","28.10","< 5","64","78.30"
"23 - 24 School Year","63","Oakland Schools","63150","Troy School District","03715","Hamilton Elementary School","63","Oakland","LEA School","Elementary","City: Small","Oakland Region","5","05","English Language Arts","Students without Disabilities","43","15","< 10","72.90","25.40","< 5","59","78.00"
"23 - 24 School Year","63","Oakland Schools","63150","Troy School District","03715","Hamilton Elementary School","63","Oakland","LEA School","Elementary","City: Small","Oakland Region","5","04","Mathematics","Students without Disabilities","26","28","10","40.60","43.80","15.60","64","63.00"
"23 - 24 School Year","63","Oakland Schools","63150","Troy School District","03715","Hamilton Elementary School","63","Oakland","LEA School","Elementary","City: Small","Oakland Region","5","04","English Language Arts","Students without Disabilities","27","24","< 10","45.00","40.00","15.00","60","65.90"
"23 - 24 School Year","63","Oakland Schools","63150","Troy School District","03715","Hamilton Elementary School","63","Oakland","LEA School","Elementary","City: Small","Oakland Region","5","All Grades","Mathematics","Students without Disabilities","71","46","11","55.50","35.90","8.60","128","70.60"
"23 - 24 School Year","63","Oakland Schools","63150","Troy School District","03715","Hamilton Elementary School","63","Oakland","LEA School","Elementary","City: Small","Oakland Region","5","All Grades","English Language Arts","Students without Disabilities","70","39","10","58.80","32.80","8.40","119","71.90"
"23 - 24 School Year","63","Oakland Schools","63150","Troy School District","04226","Troy High School","63","Oakland","LEA School","High School","City: Small","Oakland Region","5","11","Mathematics","Students with Disabilities","< 10","< 10","< 10","26.30","26.30","47.40","19","44.60"
"23 - 24 School Year","63","Oakland Schools","63150","Troy School District","04226","Troy High School","63","Oakland","LEA School","High School","City: Small","Oakland Region","5","11","English Language Arts","Students with Disabilities","< 10","< 10","< 10","21.10","31.60","47.40","19","42.70"
"23 - 24 School Year","63","Oakland Schools","63150","Troy School District","04226","Troy High School","63","Oakland","LEA School","High School","City: Small","Oakland Region","5","All Grades","Mathematics","Students with Disabilities","< 10","< 10","< 10","26.30","26.30","47.40","19","44.60"
"23 - 24 School Year","63","Oakland Schools","63150","Troy School District","04226","Troy High School","63","Oakland","LEA School","High School","City: Small","Oakland Region","5","All Grades","English Language Arts","Students with Disabilities","< 10","< 10","< 10","21.10","31.60","47.40","19","42.70"
"23 - 24 School Year","63","Oakland Schools","63150","Troy School District","04226","Troy High School","63","Oakland","LEA School","High School","City: Small","Oakland Region","5","11","Mathematics","Not Migrant","223","188","103","43.40","36.60","20.00","514","59.70"
"23 - 24 School Year","63","Oakland Schools","63150","Troy School District","04226","Troy High School","63","Oakland","LEA School","High School","City: Small","Oakland Region","5","11","Mathematics","Not English Learners","211","181","95","43.30","37.20","19.50","487","59.90"
"23 - 24 School Year","63","Oakland Schools","63150","Troy School District","04226","Troy High School","63","Oakland","LEA School","High School","City: Small","Oakland Region","5","11","Mathematics","English Learners","12","< 10","< 10","44.40","25.90","29.60","27","56.10"
"23 - 24 School Year","63","Oakland Schools","63150","Troy School District","04226","Troy High School","63","Oakland","LEA School","High School","City: Small","Oakland Region","5","11","Mathematics","Female","102","93","53","41.10","37.50","21.40","248","58.90"
"23 - 24 School Year","63","Oakland Schools","63150","Troy School District","04226","Troy High School","63","Oakland","LEA School","High School","City: Small","Oakland Region","5","11","Mathematics","Male","121","95","50","45.50","35.70","18.80","266","60.30"
"23 - 24 School Year","63","Oakland Schools","63150","Troy School District","04226","Troy High School","63","Oakland","LEA School","High School","City: Small","Oakland Region","5","11","Mathematics","Asian","102","81","40","45.70","36.30","17.90","223","61.50"
"23 - 24 School Year","63","Oakland Schools","63150","Troy School District","04226","Troy High School","63","Oakland","LEA School","High School","City: Small","Oakland Region","5","11","Mathematics","Two or More Races","< 10","12","< 10","30.80","46.20","23.10","26","51.50"
"23 - 24 School Year","63","Oakland Schools","63150","Troy School District","04226","Troy High School","63","Oakland","LEA School","High School","City: Small","Oakland Region","5","11","Mathematics","White, not of Hispanic origin","101","83","46","43.90","36.10","20.00","230","60.00"
"23 - 24 School Year","63","Oakland Schools","63150","Troy School District","04226","Troy High School","63","Oakland","LEA School","High School","City: Small","Oakland Region","5","11","Mathematics","Hispanic","< 10","< 10","< 10","38.90","38.90","22.20","18","55.60"
"23 - 24 School Year","63","Oakland Schools","63150","Troy School District","04226","Troy High School","63","Oakland","LEA School","High School","City: Small","Oakland Region","5","All Grades","English Language Arts","All Students","219","177","118","42.60","34.40","23.00","514","58.80"
"23 - 24 School Year","63","Oakland Schools","63150","Troy School District","04226","Troy High School","63","Oakland","LEA School","High School","City: Small","Oakland Region","5","All Grades","English Language Arts","Economically Disadvantaged","17","18","26","27.90","29.50","42.60","61","47.80"
"23 - 24 School Year","63","Oakland Schools","63150","Troy School District","04226","Troy High School","63","Oakland","LEA School","High School","City: Small","Oakland Region","5","All Grades","English Language Arts","Not Economically Disadvantaged","202","159","92","44.60","35.10","20.30","453","60.30"
"23 - 24 School Year","63","Oakland Schools","63150","Troy School District","04226","Troy High School","63","Oakland","LEA School","High School","City: Small","Oakland Region","5","All Grades","English Language Arts","Black, not of Hispanic origin","< 10","< 10","< 10","17.60","47.10","35.30","17","43.10"
"23 - 24 School Year","63","Oakland Schools","63150","Troy School District","04226","Troy High School","63","Oakland","LEA School","High School","City: Small","Oakland Region","5","All Grades","English Language Arts","Hispanic","< 10","< 10","< 10","27.80","33.30","38.90","18","44.30"
"23 - 24 School Year","63","Oakland Schools","63150","Troy School District","04226","Troy High School","63","Oakland","LEA School","High School","City: Small","Oakland Region","5","All Grades","English Language Arts","White, not of Hispanic origin","87","85","58","37.80","37.00","25.20","230","55.50"
"23 - 24 School Year","63","Oakland Schools","63150","Troy School District","04226","Troy High School","63","Oakland","LEA School","High School","City: Small","Oakland Region","5","All Grades","English Language Arts","Two or More Races","11","< 10","< 10","42.30","30.80","26.90","26","56.00"
"23 - 24 School Year","63","Oakland Schools","63150","Troy School District","04226","Troy High School","63","Oakland","LEA School","High School","City: Small","Oakland Region","5","All Grades","English Language Arts","Asian","113","70","40","50.70","31.40","17.90","223","65.00"
"23 - 24 School Year","63","Oakland Schools","63150","Troy School District","04226","Troy High School","63","Oakland","LEA School","High School","City: Small","Oakland Region","5","All Grades","English Language Arts","Male","115","88","63","43.20","33.10","23.70","266","59.30"
"23 - 24 School Year","63","Oakland Schools","63150","Troy School District","04226","Troy High School","63","Oakland","LEA School","High School","City: Small","Oakland Region","5","All Grades","English Language Arts","Female","104","89","55","41.90","35.90","22.20","248","58.30"
"23 - 24 School Year","63","Oakland Schools","63150","Troy School District","04226","Troy High School","63","Oakland","LEA School","High School","City: Small","Oakland Region","5","All Grades","English Language Arts","English Learners","< 10","10","11","22.20","37.00","40.70","27","47.60"
"23 - 24 School Year","63","Oakland Schools","63150","Troy School District","04226","Troy High School","63","Oakland","LEA School","High School","City: Small","Oakland Region","5","All Grades","English Language Arts","Not English Learners","213","167","107","43.70","34.30","22.00","487","59.40"
"23 - 24 School Year","63","Oakland Schools","63150","Troy School District","04226","Troy High School","63","Oakland","LEA School","High School","City: Small","Oakland Region","5","All Grades","English Language Arts","Not Migrant","219","177","118","42.60","34.40","23.00","514","58.80"
"23 - 24 School Year","63","Oakland Schools","63150","Troy School District","04226","Troy High School","63","Oakland","LEA School","High School","City: Small","Oakland Region","5","All Grades","Mathematics","All Students","223","188","103","43.40","36.60","20.00","514","59.70"
"23 - 24 School Year","63","Oakland Schools","63150","Troy School District","04226","Troy High School","63","Oakland","LEA School","High School","City: Small","Oakland Region","5","All Grades","Mathematics","Economically Disadvantaged","21","20","20","34.40","32.80","32.80","61","52.30"
"23 - 24 School Year","63","Oakland Schools","63150","Troy School District","04226","Troy High School","63","Oakland","LEA School","High School","City: Small","Oakland Region","5","All Grades","Mathematics","Not Economically Disadvantaged","202","168","83","44.60","37.10","18.30","453","60.60"
"23 - 24 School Year","63","Oakland Schools","63150","Troy School District","04226","Troy High School","63","Oakland","LEA School","High School","City: Small","Oakland Region","5","All Grades","Mathematics","Black, not of Hispanic origin","< 10","< 10","< 10","29.40","29.40","41.20","17","47.80"
"23 - 24 School Year","63","Oakland Schools","63150","Troy School District","04226","Troy High School","63","Oakland","LEA School","High School","City: Small","Oakland Region","5","All Grades","Mathematics","Hispanic","< 10","< 10","< 10","38.90","38.90","22.20","18","55.60"
"23 - 24 School Year","63","Oakland Schools","63150","Troy School District","04226","Troy High School","63","Oakland","LEA School","High School","City: Small","Oakland Region","5","All Grades","Mathematics","White, not of Hispanic origin","101","83","46","43.90","36.10","20.00","230","60.00"
"23 - 24 School Year","63","Oakland Schools","63150","Troy School District","04226","Troy High School","63","Oakland","LEA School","High School","City: Small","Oakland Region","5","All Grades","Mathematics","Two or More Races","< 10","12","< 10","30.80","46.20","23.10","26","51.50"
"23 - 24 School Year","63","Oakland Schools","63150","Troy School District","04226","Troy High School","63","Oakland","LEA School","High School","City: Small","Oakland Region","5","All Grades","Mathematics","Asian","102","81","40","45.70","36.30","17.90","223","61.50"
"23 - 24 School Year","63","Oakland Schools","63150","Troy School District","04226","Troy High School","63","Oakland","LEA School","High School","City: Small","Oakland Region","5","All Grades","Mathematics","Male","121","95","50","45.50","35.70","18.80","266","60.30"
"23 - 24 School Year","63","Oakland Schools","63150","Troy School District","04226","Troy High School","63","Oakland","LEA School","High School","City: Small","Oakland Region","5","All Grades","Mathematics","Female","102","93","53","41.10","37.50","21.40","248","58.90"
"23 - 24 School Year","63","Oakland Schools","63150","Troy School District","04226","Troy High School","63","Oakland","LEA School","High School","City: Small","Oakland Region","5","All Grades","Mathematics","English Learners","12","< 10","< 10","44.40","25.90","29.60","27","56.10"
"23 - 24 School Year","63","Oakland Schools","63150","Troy School District","04226","Troy High School","63","Oakland","LEA School","High School","City: Small","Oakland Region","5","All Grades","Mathematics","Not English Learners","211","181","95","43.30","37.20","19.50","487","59.90"
"23 - 24 School Year","63","Oakland Schools","63150","Troy School District","04226","Troy High School","63","Oakland","LEA School","High School","City: Small","Oakland Region","5","All Grades","Mathematics","Not Migrant","223","188","103","43.40","36.60","20.00","514","59.70"
"23 - 24 School Year","63","Oakland Schools","63150","Troy School District","04226","Troy High School","63","Oakland","LEA School","High School","City: Small","Oakland Region","5","11","English Language Arts","All Students","219","177","118","42.60","34.40","23.00","514","58.80"
"23 - 24 School Year","63","Oakland Schools","63150","Troy School District","04226","Troy High School","63","Oakland","LEA School","High School","City: Small","Oakland Region","5","11","English Language Arts","Economically Disadvantaged","17","18","26","27.90","29.50","42.60","61","47.80"
"23 - 24 School Year","63","Oakland Schools","63150","Troy School District","04226","Troy High School","63","Oakland","LEA School","High School","City: Small","Oakland Region","5","11","English Language Arts","Not Economically Disadvantaged","202","159","92","44.60","35.10","20.30","453","60.30"
"23 - 24 School Year","63","Oakland Schools","63150","Troy School District","04226","Troy High School","63","Oakland","LEA School","High School","City: Small","Oakland Region","5","11","English Language Arts","Black, not of Hispanic origin","< 10","< 10","< 10","17.60","47.10","35.30","17","43.10"
"23 - 24 School Year","63","Oakland Schools","63150","Troy School District","04226","Troy High School","63","Oakland","LEA School","High School","City: Small","Oakland Region","5","11","Mathematics","Black, not of Hispanic origin","< 10","< 10","< 10","29.40","29.40","41.20","17","47.80"
"23 - 24 School Year","63","Oakland Schools","63150","Troy School District","04226","Troy High School","63","Oakland","LEA School","High School","City: Small","Oakland Region","5","11","Mathematics","Not Economically Disadvantaged","202","168","83","44.60","37.10","18.30","453","60.60"
"23 - 24 School Year","63","Oakland Schools","63150","Troy School District","04226","Troy High School","63","Oakland","LEA School","High School","City: Small","Oakland Region","5","11","Mathematics","Economically Disadvantaged","21","20","20","34.40","32.80","32.80","61","52.30"
"23 - 24 School Year","63","Oakland Schools","63150","Troy School District","04226","Troy High School","63","Oakland","LEA School","High School","City: Small","Oakland Region","5","11","Mathematics","All Students","223","188","103","43.40","36.60","20.00","514","59.70"
"23 - 24 School Year","63","Oakland Schools","63150","Troy School District","04226","Troy High School","63","Oakland","LEA School","High School","City: Small","Oakland Region","5","11","English Language Arts","Not Migrant","219","177","118","42.60","34.40","23.00","514","58.80"
"23 - 24 School Year","63","Oakland Schools","63150","Troy School District","04226","Troy High School","63","Oakland","LEA School","High School","City: Small","Oakland Region","5","11","English Language Arts","Not English Learners","213","167","107","43.70","34.30","22.00","487","59.40"
"23 - 24 School Year","63","Oakland Schools","63150","Troy School District","04226","Troy High School","63","Oakland","LEA School","High School","City: Small","Oakland Region","5","11","English Language Arts","English Learners","< 10","10","11","22.20","37.00","40.70","27","47.60"
"23 - 24 School Year","63","Oakland Schools","63150","Troy School District","04226","Troy High School","63","Oakland","LEA School","High School","City: Small","Oakland Region","5","11","English Language Arts","Female","104","89","55","41.90","35.90","22.20","248","58.30"
"23 - 24 School Year","63","Oakland Schools","63150","Troy School District","04226","Troy High School","63","Oakland","LEA School","High School","City: Small","Oakland Region","5","11","English Language Arts","Male","115","88","63","43.20","33.10","23.70","266","59.30"
"23 - 24 School Year","63","Oakland Schools","63150","Troy School District","04226","Troy High School","63","Oakland","LEA School","High School","City: Small","Oakland Region","5","11","English Language Arts","Asian","113","70","40","50.70","31.40","17.90","223","65.00"
"23 - 24 School Year","63","Oakland Schools","63150","Troy School District","04226","Troy High School","63","Oakland","LEA School","High School","City: Small","Oakland Region","5","11","English Language Arts","Two or More Races","11","< 10","< 10","42.30","30.80","26.90","26","56.00"
"23 - 24 School Year","63","Oakland Schools","63150","Troy School District","04226","Troy High School","63","Oakland","LEA School","High School","City: Small","Oakland Region","5","11","English Language Arts","Hispanic","< 10","< 10","< 10","27.80","33.30","38.90","18","44.30"
"23 - 24 School Year","63","Oakland Schools","63150","Troy School District","04226","Troy High School","63","Oakland","LEA School","High School","City: Small","Oakland Region","5","11","English Language Arts","White, not of Hispanic origin","87","85","58","37.80","37.00","25.20","230","55.50"
"23 - 24 School Year","63","Oakland Schools","63150","Troy School District","04226","Troy High School","63","Oakland","LEA School","High School","City: Small","Oakland Region","5","11","Mathematics","Students without Disabilities","218","183","94","44.00","37.00","19.00","495","60.20"
"23 - 24 School Year","63","Oakland Schools","63150","Troy School District","04226","Troy High School","63","Oakland","LEA School","High School","City: Small","Oakland Region","5","11","English Language Arts","Students without Disabilities","215","171","109","43.40","34.50","22.00","495","59.40"
"23 - 24 School Year","63","Oakland Schools","63150","Troy School District","04226","Troy High School","63","Oakland","LEA School","High School","City: Small","Oakland Region","5","All Grades","Mathematics","Students without Disabilities","218","183","94","44.00","37.00","19.00","495","60.20"
"23 - 24 School Year","63","Oakland Schools","63150","Troy School District","04226","Troy High School","63","Oakland","LEA School","High School","City: Small","Oakland Region","5","All Grades","English Language Arts","Students without Disabilities","215","171","109","43.40","34.50","22.00","495","59.40"
"23 - 24 School Year","63","Oakland Schools","63150","Troy School District","04227","Troy Union Elementary School","63","Oakland","LEA School","Elementary","City: Small","Oakland Region","5","All Grades","English Language Arts","All Students","34","55","53","23.90","38.70","37.30","142","44.40"
"23 - 24 School Year","63","Oakland Schools","63150","Troy School District","04227","Troy Union Elementary School","63","Oakland","LEA School","Elementary","City: Small","Oakland Region","5","All Grades","English Language Arts","Economically Disadvantaged","< 10","14","15","23.70","36.80","39.50","38","42.60"
"23 - 24 School Year","63","Oakland Schools","63150","Troy School District","04227","Troy Union Elementary School","63","Oakland","LEA School","Elementary","City: Small","Oakland Region","5","All Grades","English Language Arts","Not Economically Disadvantaged","25","41","38","24.00","39.40","36.50","104","45.10"
"23 - 24 School Year","63","Oakland Schools","63150","Troy School District","04227","Troy Union Elementary School","63","Oakland","LEA School","Elementary","City: Small","Oakland Region","5","All Grades","English Language Arts","Black, not of Hispanic origin","< 10","< 10","< 10","30.80","53.80","15.40","13","51.40"
"23 - 24 School Year","63","Oakland Schools","63150","Troy School District","04227","Troy Union Elementary School","63","Oakland","LEA School","Elementary","City: Small","Oakland Region","5","All Grades","English Language Arts","Hispanic","< 10","< 10","< 10","23.10","38.50","38.50","13","45.20"
"23 - 24 School Year","63","Oakland Schools","63150","Troy School District","04227","Troy Union Elementary School","63","Oakland","LEA School","Elementary","City: Small","Oakland Region","5","All Grades","English Language Arts","White, not of Hispanic origin","12","26","37","16.00","34.70","49.30","75","37.40"
"23 - 24 School Year","63","Oakland Schools","63150","Troy School District","04227","Troy Union Elementary School","63","Oakland","LEA School","Elementary","City: Small","Oakland Region","5","All Grades","English Language Arts","Two or More Races","< 10","< 10","< 10","< 10","< 10","< 10","< 10","< 10"
"23 - 24 School Year","63","Oakland Schools","63150","Troy School District","04227","Troy Union Elementary School","63","Oakland","LEA School","Elementary","City: Small","Oakland Region","5","All Grades","English Language Arts","Asian","13","14","< 10","38.20","41.20","20.60","34","56.40"
"23 - 24 School Year","63","Oakland Schools","63150","Troy School District","04227","Troy Union Elementary School","63","Oakland","LEA School","Elementary","City: Small","Oakland Region","5","All Grades","English Language Arts","Male","20","31","25","26.30","40.80","32.90","76","45.20"
"23 - 24 School Year","63","Oakland Schools","63150","Troy School District","04227","Troy Union Elementary School","63","Oakland","LEA School","Elementary","City: Small","Oakland Region","5","All Grades","Mathematics","Students without Disabilities","25","48","55","19.50","37.50","43.00","128","40.00"
"23 - 24 School Year","63","Oakland Schools","63150","Troy School District","04227","Troy Union Elementary School","63","Oakland","LEA School","Elementary","City: Small","Oakland Region","5","04","English Language Arts","Students without Disabilities","10","27","23","16.70","45.00","38.30","60","42.00"
"23 - 24 School Year","63","Oakland Schools","63150","Troy School District","04227","Troy Union Elementary School","63","Oakland","LEA School","Elementary","City: Small","Oakland Region","5","04","Mathematics","Students without Disabilities","13","21","27","21.30","34.40","44.30","61","39.70"
"23 - 24 School Year","63","Oakland Schools","63150","Troy School District","04227","Troy Union Elementary School","63","Oakland","LEA School","Elementary","City: Small","Oakland Region","5","05","English Language Arts","Students without Disabilities","19","21","25","29.20","32.30","38.50","65","45.60"
"23 - 24 School Year","63","Oakland Schools","63150","Troy School District","04227","Troy Union Elementary School","63","Oakland","LEA School","Elementary","City: Small","Oakland Region","5","05","Mathematics","Students without Disabilities","12","27","28","17.90","40.30","41.80","67","40.40"
"23 - 24 School Year","63","Oakland Schools","63150","Troy School District","04227","Troy Union Elementary School","63","Oakland","LEA School","Elementary","City: Small","Oakland Region","5","05","Mathematics","Students with Disabilities","< 10","< 10","< 10","45.50","18.20","36.40","11","53.90"
"23 - 24 School Year","63","Oakland Schools","63150","Troy School District","04227","Troy Union Elementary School","63","Oakland","LEA School","Elementary","City: Small","Oakland Region","5","05","English Language Arts","Students with Disabilities","< 10","< 10","< 10","45.50","27.30","27.30","11","56.50"
"23 - 24 School Year","63","Oakland Schools","63150","Troy School District","04227","Troy Union Elementary School","63","Oakland","LEA School","Elementary","City: Small","Oakland Region","5","04","Mathematics","Students with Disabilities","< 10","< 10","< 10","< 10","< 10","< 10","< 10","< 10"
"23 - 24 School Year","63","Oakland Schools","63150","Troy School District","04227","Troy Union Elementary School","63","Oakland","LEA School","Elementary","City: Small","Oakland Region","5","04","English Language Arts","Students with Disabilities","< 10","< 10","< 10","< 10","< 10","< 10","< 10","< 10"
"23 - 24 School Year","63","Oakland Schools","63150","Troy School District","04227","Troy Union Elementary School","63","Oakland","LEA School","Elementary","City: Small","Oakland Region","5","All Grades","Mathematics","Students with Disabilities","< 10","< 10","< 10","35.30","23.50","41.20","17","46.60"
"23 - 24 School Year","63","Oakland Schools","63150","Troy School District","04227","Troy Union Elementary School","63","Oakland","LEA School","Elementary","City: Small","Oakland Region","5","All Grades","English Language Arts","Students with Disabilities","< 10","< 10","< 10","29.40","41.20","29.40","17","48.50"
"23 - 24 School Year","63","Oakland Schools","63150","Troy School District","04227","Troy Union Elementary School","63","Oakland","LEA School","Elementary","City: Small","Oakland Region","5","04","Mathematics","Asian","< 10","< 10","< 10","25.00","41.70","33.30","12","43.80"
"23 - 24 School Year","63","Oakland Schools","63150","Troy School District","04227","Troy Union Elementary School","63","Oakland","LEA School","Elementary","City: Small","Oakland Region","5","04","Mathematics","Two or More Races","< 10","< 10","< 10","< 10","< 10","< 10","< 10","< 10"
"23 - 24 School Year","63","Oakland Schools","63150","Troy School District","04227","Troy Union Elementary School","63","Oakland","LEA School","Elementary","City: Small","Oakland Region","5","04","Mathematics","White, not of Hispanic origin","< 10","16","17","15.40","41.00","43.60","39","36.70"
"23 - 24 School Year","63","Oakland Schools","63150","Troy School District","04227","Troy Union Elementary School","63","Oakland","LEA School","Elementary","City: Small","Oakland Region","5","04","Mathematics","Hispanic","< 10","< 10","< 10","< 10","< 10","< 10","< 10","< 10"
"23 - 24 School Year","63","Oakland Schools","63150","Troy School District","04227","Troy Union Elementary School","63","Oakland","LEA School","Elementary","City: Small","Oakland Region","5","04","Mathematics","Black, not of Hispanic origin","< 10","< 10","< 10","< 10","< 10","< 10","< 10","< 10"
"23 - 24 School Year","63","Oakland Schools","63150","Troy School District","04227","Troy Union Elementary School","63","Oakland","LEA School","Elementary","City: Small","Oakland Region","5","04","Mathematics","Not Economically Disadvantaged","< 10","18","20","15.60","40.00","44.40","45","38.00"
"23 - 24 School Year","63","Oakland Schools","63150","Troy School District","04227","Troy Union Elementary School","63","Oakland","LEA School","Elementary","City: Small","Oakland Region","5","04","Mathematics","Economically Disadvantaged","< 10","< 10","10","31.80","22.70","45.50","22","41.20"
"23 - 24 School Year","63","Oakland Schools","63150","Troy School District","04227","Troy Union Elementary School","63","Oakland","LEA School","Elementary","City: Small","Oakland Region","5","04","Mathematics","All Students","14","23","30","20.90","34.30","44.80","67","39.10"
"23 - 24 School Year","63","Oakland Schools","63150","Troy School District","04227","Troy Union Elementary School","63","Oakland","LEA School","Elementary","City: Small","Oakland Region","5","04","English Language Arts","Not Migrant","10","31","25","15.20","47.00","37.90","66","41.20"
"23 - 24 School Year","63","Oakland Schools","63150","Troy School District","04227","Troy Union Elementary School","63","Oakland","LEA School","Elementary","City: Small","Oakland Region","5","04","English Language Arts","Not English Learners","< 10","23","18","16.30","46.90","36.70","49","41.60"
"23 - 24 School Year","63","Oakland Schools","63150","Troy School District","04227","Troy Union Elementary School","63","Oakland","LEA School","Elementary","City: Small","Oakland Region","5","04","English Language Arts","English Learners","< 10","< 10","< 10","11.80","47.10","41.20","17","40.10"
"23 - 24 School Year","63","Oakland Schools","63150","Troy School District","04227","Troy Union Elementary School","63","Oakland","LEA School","Elementary","City: Small","Oakland Region","5","04","English Language Arts","Female","< 10","14","11","16.70","46.70","36.70","30","43.60"
"23 - 24 School Year","63","Oakland Schools","63150","Troy School District","04227","Troy Union Elementary School","63","Oakland","LEA School","Elementary","City: Small","Oakland Region","5","04","English Language Arts","Male","< 10","17","14","13.90","47.20","38.90","36","39.20"
"23 - 24 School Year","63","Oakland Schools","63150","Troy School District","04227","Troy Union Elementary School","63","Oakland","LEA School","Elementary","City: Small","Oakland Region","5","04","English Language Arts","Asian","< 10","< 10","< 10","25.00","66.70","8.30","12","56.90"
"23 - 24 School Year","63","Oakland Schools","63150","Troy School District","04227","Troy Union Elementary School","63","Oakland","LEA School","Elementary","City: Small","Oakland Region","5","04","English Language Arts","Two or More Races","< 10","< 10","< 10","< 10","< 10","< 10","< 10","< 10"
"23 - 24 School Year","63","Oakland Schools","63150","Troy School District","04227","Troy Union Elementary School","63","Oakland","LEA School","Elementary","City: Small","Oakland Region","5","04","English Language Arts","White, not of Hispanic origin","< 10","15","19","12.80","38.50","48.70","39","36.20"
"23 - 24 School Year","63","Oakland Schools","63150","Troy School District","04227","Troy Union Elementary School","63","Oakland","LEA School","Elementary","City: Small","Oakland Region","5","04","English Language Arts","Hispanic","< 10","< 10","< 10","< 10","< 10","< 10","< 10","< 10"
"23 - 24 School Year","63","Oakland Schools","63150","Troy School District","04227","Troy Union Elementary School","63","Oakland","LEA School","Elementary","City: Small","Oakland Region","5","04","English Language Arts","Black, not of Hispanic origin","< 10","< 10","< 10","< 10","< 10","< 10","< 10","< 10"
"23 - 24 School Year","63","Oakland Schools","63150","Troy School District","04227","Troy Union Elementary School","63","Oakland","LEA School","Elementary","City: Small","Oakland Region","5","04","English Language Arts","Not Economically Disadvantaged","< 10","23","15","13.60","52.30","34.10","44","42.20"
"23 - 24 School Year","63","Oakland Schools","63150","Troy School District","04227","Troy Union Elementary School","63","Oakland","LEA School","Elementary","City: Small","Oakland Region","5","04","English Language Arts","Economically Disadvantaged","< 10","< 10","10","18.20","36.40","45.50","22","39.20"
"23 - 24 School Year","63","Oakland Schools","63150","Troy School District","04227","Troy Union Elementary School","63","Oakland","LEA School","Elementary","City: Small","Oakland Region","5","04","English Language Arts","All Students","10","31","25","15.20","47.00","37.90","66","41.20"
"23 - 24 School Year","63","Oakland Schools","63150","Troy School District","04227","Troy Union Elementary School","63","Oakland","LEA School","Elementary","City: Small","Oakland Region","5","All Grades","Mathematics","Not Migrant","31","52","62","21.40","35.90","42.80","145","40.80"
"23 - 24 School Year","63","Oakland Schools","63150","Troy School District","04227","Troy Union Elementary School","63","Oakland","LEA School","Elementary","City: Small","Oakland Region","5","All Grades","Mathematics","Not English Learners","23","44","50","19.70","37.60","42.70","117","40.20"
"23 - 24 School Year","63","Oakland Schools","63150","Troy School District","04227","Troy Union Elementary School","63","Oakland","LEA School","Elementary","City: Small","Oakland Region","5","All Grades","Mathematics","English Learners","< 10","< 10","12","28.60","28.60","42.90","28","43.40"
"23 - 24 School Year","63","Oakland Schools","63150","Troy School District","04227","Troy Union Elementary School","63","Oakland","LEA School","Elementary","City: Small","Oakland Region","5","All Grades","Mathematics","Female","13","27","28","19.10","39.70","41.20","68","39.70"
"23 - 24 School Year","63","Oakland Schools","63150","Troy School District","04227","Troy Union Elementary School","63","Oakland","LEA School","Elementary","City: Small","Oakland Region","5","All Grades","Mathematics","Male","18","25","34","23.40","32.50","44.20","77","41.70"
"23 - 24 School Year","63","Oakland Schools","63150","Troy School District","04227","Troy Union Elementary School","63","Oakland","LEA School","Elementary","City: Small","Oakland Region","5","All Grades","Mathematics","Asian","10","11","14","28.60","31.40","40.00","35","45.30"
"23 - 24 School Year","63","Oakland Schools","63150","Troy School District","04227","Troy Union Elementary School","63","Oakland","LEA School","Elementary","City: Small","Oakland Region","5","All Grades","Mathematics","Two or More Races","< 10","< 10","< 10","< 10","< 10","< 10","< 10","< 10"
"23 - 24 School Year","63","Oakland Schools","63150","Troy School District","04227","Troy Union Elementary School","63","Oakland","LEA School","Elementary","City: Small","Oakland Region","5","All Grades","Mathematics","White, not of Hispanic origin","11","34","30","14.70","45.30","40.00","75","38.50"
"23 - 24 School Year","63","Oakland Schools","63150","Troy School District","04227","Troy Union Elementary School","63","Oakland","LEA School","Elementary","City: Small","Oakland Region","5","All Grades","Mathematics","Hispanic","< 10","< 10","< 10","28.60","7.10","64.30","14","35.80"
"23 - 24 School Year","63","Oakland Schools","63150","Troy School District","04227","Troy Union Elementary School","63","Oakland","LEA School","Elementary","City: Small","Oakland Region","5","04","Mathematics","Male","< 10","12","16","22.20","33.30","44.40","36","39.30"
"23 - 24 School Year","63","Oakland Schools","63150","Troy School District","04227","Troy Union Elementary School","63","Oakland","LEA School","Elementary","City: Small","Oakland Region","5","04","Mathematics","Female","< 10","11","14","19.40","35.50","45.20","31","38.80"
"23 - 24 School Year","63","Oakland Schools","63150","Troy School District","04227","Troy Union Elementary School","63","Oakland","LEA School","Elementary","City: Small","Oakland Region","5","04","Mathematics","English Learners","< 10","< 10","< 10","23.50","35.30","41.20","17","40.70"
"23 - 24 School Year","63","Oakland Schools","63150","Troy School District","04227","Troy Union Elementary School","63","Oakland","LEA School","Elementary","City: Small","Oakland Region","5","04","Mathematics","Not English Learners","10","17","23","20.00","34.00","46.00","50","38.50"
"23 - 24 School Year","63","Oakland Schools","63150","Troy School District","04227","Troy Union Elementary School","63","Oakland","LEA School","Elementary","City: Small","Oakland Region","5","04","Mathematics","Not Migrant","14","23","30","20.90","34.30","44.80","67","39.10"
"23 - 24 School Year","63","Oakland Schools","63150","Troy School District","04227","Troy Union Elementary School","63","Oakland","LEA School","Elementary","City: Small","Oakland Region","5","05","English Language Arts","All Students","24","24","28","31.60","31.60","36.80","76","47.20"
"23 - 24 School Year","63","Oakland Schools","63150","Troy School District","04227","Troy Union Elementary School","63","Oakland","LEA School","Elementary","City: Small","Oakland Region","5","05","English Language Arts","Economically Disadvantaged","< 10","< 10","< 10","31.30","37.50","31.30","16","47.30"
"23 - 24 School Year","63","Oakland Schools","63150","Troy School District","04227","Troy Union Elementary School","63","Oakland","LEA School","Elementary","City: Small","Oakland Region","5","05","English Language Arts","Not Economically Disadvantaged","19","18","23","31.70","30.00","38.30","60","47.20"
"23 - 24 School Year","63","Oakland Schools","63150","Troy School District","04227","Troy Union Elementary School","63","Oakland","LEA School","Elementary","City: Small","Oakland Region","5","05","English Language Arts","Black, not of Hispanic origin","< 10","< 10","< 10","< 10","< 10","< 10","< 10","< 10"
"23 - 24 School Year","63","Oakland Schools","63150","Troy School District","04227","Troy Union Elementary School","63","Oakland","LEA School","Elementary","City: Small","Oakland Region","5","05","English Language Arts","Hispanic","< 10","< 10","< 10","< 10","< 10","< 10","< 10","< 10"
"23 - 24 School Year","63","Oakland Schools","63150","Troy School District","04227","Troy Union Elementary School","63","Oakland","LEA School","Elementary","City: Small","Oakland Region","5","05","English Language Arts","White, not of Hispanic origin","< 10","11","18","19.40","30.60","50.00","36","38.60"
"23 - 24 School Year","63","Oakland Schools","63150","Troy School District","04227","Troy Union Elementary School","63","Oakland","LEA School","Elementary","City: Small","Oakland Region","5","05","English Language Arts","Two or More Races","< 10","< 10","< 10","< 10","< 10","< 10","< 10","< 10"
"23 - 24 School Year","63","Oakland Schools","63150","Troy School District","04227","Troy Union Elementary School","63","Oakland","LEA School","Elementary","City: Small","Oakland Region","5","05","English Language Arts","Asian","10","< 10","< 10","45.50","27.30","27.30","22","56.10"
"23 - 24 School Year","63","Oakland Schools","63150","Troy School District","04227","Troy Union Elementary School","63","Oakland","LEA School","Elementary","City: Small","Oakland Region","5","05","English Language Arts","Male","15","14","11","37.50","35.00","27.50","40","50.60"
"23 - 24 School Year","63","Oakland Schools","63150","Troy School District","04227","Troy Union Elementary School","63","Oakland","LEA School","Elementary","City: Small","Oakland Region","5","05","English Language Arts","Female","< 10","10","17","25.00","27.80","47.20","36","43.40"
"23 - 24 School Year","63","Oakland Schools","63150","Troy School District","04227","Troy Union Elementary School","63","Oakland","LEA School","Elementary","City: Small","Oakland Region","5","05","English Language Arts","English Learners","< 10","< 10","< 10","20.00","30.00","50.00","10","36.40"
"23 - 24 School Year","63","Oakland Schools","63150","Troy School District","04227","Troy Union Elementary School","63","Oakland","LEA School","Elementary","City: Small","Oakland Region","5","05","English Language Arts","Not English Learners","22","21","23","33.30","31.80","34.80","66","48.80"
"23 - 24 School Year","63","Oakland Schools","63150","Troy School District","04227","Troy Union Elementary School","63","Oakland","LEA School","Elementary","City: Small","Oakland Region","5","05","English Language Arts","Not Migrant","24","24","28","31.60","31.60","36.80","76","47.20"
"23 - 24 School Year","63","Oakland Schools","63150","Troy School District","04227","Troy Union Elementary School","63","Oakland","LEA School","Elementary","City: Small","Oakland Region","5","05","Mathematics","All Students","17","29","32","21.80","37.20","41.00","78","42.30"
"23 - 24 School Year","63","Oakland Schools","63150","Troy School District","04227","Troy Union Elementary School","63","Oakland","LEA School","Elementary","City: Small","Oakland Region","5","05","Mathematics","Economically Disadvantaged","< 10","< 10","< 10","18.80","25.00","56.30","16","34.40"
"23 - 24 School Year","63","Oakland Schools","63150","Troy School District","04227","Troy Union Elementary School","63","Oakland","LEA School","Elementary","City: Small","Oakland Region","5","05","Mathematics","Not Economically Disadvantaged","14","25","23","22.60","40.30","37.10","62","44.30"
"23 - 24 School Year","63","Oakland Schools","63150","Troy School District","04227","Troy Union Elementary School","63","Oakland","LEA School","Elementary","City: Small","Oakland Region","5","05","Mathematics","Black, not of Hispanic origin","< 10","< 10","< 10","< 10","< 10","< 10","< 10","< 10"
"23 - 24 School Year","63","Oakland Schools","63150","Troy School District","04227","Troy Union Elementary School","63","Oakland","LEA School","Elementary","City: Small","Oakland Region","5","05","Mathematics","Hispanic","< 10","< 10","< 10","30.00","10.00","60.00","10","38.70"
"23 - 24 School Year","63","Oakland Schools","63150","Troy School District","04227","Troy Union Elementary School","63","Oakland","LEA School","Elementary","City: Small","Oakland Region","5","05","Mathematics","White, not of Hispanic origin","< 10","18","13","13.90","50.00","36.10","36","40.60"
"23 - 24 School Year","63","Oakland Schools","63150","Troy School District","04227","Troy Union Elementary School","63","Oakland","LEA School","Elementary","City: Small","Oakland Region","5","05","Mathematics","Two or More Races","< 10","< 10","< 10","< 10","< 10","< 10","< 10","< 10"
"23 - 24 School Year","63","Oakland Schools","63150","Troy School District","04227","Troy Union Elementary School","63","Oakland","LEA School","Elementary","City: Small","Oakland Region","5","05","Mathematics","Asian","< 10","< 10","10","30.40","26.10","43.50","23","46.10"
"23 - 24 School Year","63","Oakland Schools","63150","Troy School District","04227","Troy Union Elementary School","63","Oakland","LEA School","Elementary","City: Small","Oakland Region","5","05","Mathematics","Male","10","13","18","24.40","31.70","43.90","41","43.90"
"23 - 24 School Year","63","Oakland Schools","63150","Troy School District","04227","Troy Union Elementary School","63","Oakland","LEA School","Elementary","City: Small","Oakland Region","5","05","Mathematics","Female","< 10","16","14","18.90","43.20","37.80","37","40.50"
"23 - 24 School Year","63","Oakland Schools","63150","Troy School District","04227","Troy Union Elementary School","63","Oakland","LEA School","Elementary","City: Small","Oakland Region","5","05","Mathematics","English Learners","< 10","< 10","< 10","36.40","18.20","45.50","11","47.60"
"23 - 24 School Year","63","Oakland Schools","63150","Troy School District","04227","Troy Union Elementary School","63","Oakland","LEA School","Elementary","City: Small","Oakland Region","5","05","Mathematics","Not English Learners","13","27","27","19.40","40.30","40.30","67","41.40"
"23 - 24 School Year","63","Oakland Schools","63150","Troy School District","04227","Troy Union Elementary School","63","Oakland","LEA School","Elementary","City: Small","Oakland Region","5","05","Mathematics","Not Migrant","17","29","32","21.80","37.20","41.00","78","42.30"
"23 - 24 School Year","63","Oakland Schools","63150","Troy School District","04227","Troy Union Elementary School","63","Oakland","LEA School","Elementary","City: Small","Oakland Region","5","All Grades","Mathematics","Black, not of Hispanic origin","< 10","< 10","< 10","21.40","35.70","42.90","14","40.40"
"23 - 24 School Year","63","Oakland Schools","63150","Troy School District","04227","Troy Union Elementary School","63","Oakland","LEA School","Elementary","City: Small","Oakland Region","5","All Grades","Mathematics","Not Economically Disadvantaged","21","43","43","19.60","40.20","40.20","107","41.70"
"23 - 24 School Year","63","Oakland Schools","63150","Troy School District","04227","Troy Union Elementary School","63","Oakland","LEA School","Elementary","City: Small","Oakland Region","5","All Grades","Mathematics","Economically Disadvantaged","10","< 10","19","26.30","23.70","50.00","38","38.40"
"23 - 24 School Year","63","Oakland Schools","63150","Troy School District","04227","Troy Union Elementary School","63","Oakland","LEA School","Elementary","City: Small","Oakland Region","5","All Grades","Mathematics","All Students","31","52","62","21.40","35.90","42.80","145","40.80"
"23 - 24 School Year","63","Oakland Schools","63150","Troy School District","04227","Troy Union Elementary School","63","Oakland","LEA School","Elementary","City: Small","Oakland Region","5","All Grades","English Language Arts","Not Migrant","34","55","53","23.90","38.70","37.30","142","44.40"
"23 - 24 School Year","63","Oakland Schools","63150","Troy School District","04227","Troy Union Elementary School","63","Oakland","LEA School","Elementary","City: Small","Oakland Region","5","All Grades","English Language Arts","Not English Learners","30","44","41","26.10","38.30","35.70","115","45.70"
"23 - 24 School Year","63","Oakland Schools","63150","Troy School District","04227","Troy Union Elementary School","63","Oakland","LEA School","Elementary","City: Small","Oakland Region","5","All Grades","English Language Arts","English Learners","< 10","11","12","14.80","40.70","44.40","27","38.70"
"23 - 24 School Year","63","Oakland Schools","63150","Troy School District","04227","Troy Union Elementary School","63","Oakland","LEA School","Elementary","City: Small","Oakland Region","5","All Grades","English Language Arts","Female","14","24","28","21.20","36.40","42.40","66","43.50"
"23 - 24 School Year","63","Oakland Schools","63150","Troy School District","04227","Troy Union Elementary School","63","Oakland","LEA School","Elementary","City: Small","Oakland Region","5","All Grades","English Language Arts","Students without Disabilities","29","48","48","23.20","38.40","38.40","125","43.80"
"23 - 24 School Year","63","Oakland Schools","63150","Troy School District","05163","Hill Elementary School","63","Oakland","LEA School","Elementary","City: Small","Oakland Region","5","All Grades","English Language Arts","Students without Disabilities","26","48","27","25.70","47.50","26.70","101","49.70"
"23 - 24 School Year","63","Oakland Schools","63150","Troy School District","05163","Hill Elementary School","63","Oakland","LEA School","Elementary","City: Small","Oakland Region","5","All Grades","Mathematics","Students without Disabilities","34","49","18","33.70","48.50","17.80","101","56.80"
"23 - 24 School Year","63","Oakland Schools","63150","Troy School District","05163","Hill Elementary School","63","Oakland","LEA School","Elementary","City: Small","Oakland Region","5","04","English Language Arts","Students without Disabilities","< 10","20","21","14.60","41.70","43.80","48","40.70"
"23 - 24 School Year","63","Oakland Schools","63150","Troy School District","05163","Hill Elementary School","63","Oakland","LEA School","Elementary","City: Small","Oakland Region","5","04","Mathematics","Students without Disabilities","14","23","11","29.20","47.90","22.90","48","51.80"
"23 - 24 School Year","63","Oakland Schools","63150","Troy School District","05163","Hill Elementary School","63","Oakland","LEA School","Elementary","City: Small","Oakland Region","5","05","English Language Arts","Students without Disabilities","19","28","< 10","35.80","52.80","11.30","53","57.80"
"23 - 24 School Year","63","Oakland Schools","63150","Troy School District","05163","Hill Elementary School","63","Oakland","LEA School","Elementary","City: Small","Oakland Region","5","05","Mathematics","Students without Disabilities","20","26","< 10","37.70","49.10","13.20","53","61.40"
"23 - 24 School Year","63","Oakland Schools","63150","Troy School District","05163","Hill Elementary School","63","Oakland","LEA School","Elementary","City: Small","Oakland Region","5","05","Mathematics","Students with Disabilities","< 10","< 10","< 10","30.00","50.00","20.00","10","53.30"
"23 - 24 School Year","63","Oakland Schools","63150","Troy School District","05163","Hill Elementary School","63","Oakland","LEA School","Elementary","City: Small","Oakland Region","5","05","English Language Arts","Students with Disabilities","< 10","< 10","< 10","20.00","50.00","30.00","10","46.80"
"23 - 24 School Year","63","Oakland Schools","63150","Troy School District","05163","Hill Elementary School","63","Oakland","LEA School","Elementary","City: Small","Oakland Region","5","04","Mathematics","Students with Disabilities","< 10","< 10","< 10","< 10","< 10","< 10","< 10","< 10"
"23 - 24 School Year","63","Oakland Schools","63150","Troy School District","05163","Hill Elementary School","63","Oakland","LEA School","Elementary","City: Small","Oakland Region","5","04","English Language Arts","Students with Disabilities","< 10","< 10","< 10","< 10","< 10","< 10","< 10","< 10"
"23 - 24 School Year","63","Oakland Schools","63150","Troy School District","05163","Hill Elementary School","63","Oakland","LEA School","Elementary","City: Small","Oakland Region","5","All Grades","Mathematics","Students with Disabilities","< 10","< 10","< 10","22.20","50.00","27.80","18","50.40"
"23 - 24 School Year","63","Oakland Schools","63150","Troy School District","05163","Hill Elementary School","63","Oakland","LEA School","Elementary","City: Small","Oakland Region","5","All Grades","English Language Arts","Students with Disabilities","< 10","< 10","< 10","44.40","38.90","16.70","18","62.00"
"23 - 24 School Year","63","Oakland Schools","63150","Troy School District","05163","Hill Elementary School","63","Oakland","LEA School","Elementary","City: Small","Oakland Region","5","All Grades","English Language Arts","All Students","34","55","30","28.60","46.20","25.20","119","51.50"
"23 - 24 School Year","63","Oakland Schools","63150","Troy School District","05163","Hill Elementary School","63","Oakland","LEA School","Elementary","City: Small","Oakland Region","5","All Grades","English Language Arts","Economically Disadvantaged","< 10","< 10","< 10","35.00","30.00","35.00","20","50.40"
"23 - 24 School Year","63","Oakland Schools","63150","Troy School District","05163","Hill Elementary School","63","Oakland","LEA School","Elementary","City: Small","Oakland Region","5","All Grades","English Language Arts","Not Economically Disadvantaged","27","49","23","27.30","49.50","23.20","99","51.80"
"23 - 24 School Year","63","Oakland Schools","63150","Troy School District","05163","Hill Elementary School","63","Oakland","LEA School","Elementary","City: Small","Oakland Region","5","All Grades","English Language Arts","Black, not of Hispanic origin","< 10","< 10","< 10","20.00","50.00","30.00","10","42.50"
"23 - 24 School Year","63","Oakland Schools","63150","Troy School District","05163","Hill Elementary School","63","Oakland","LEA School","Elementary","City: Small","Oakland Region","5","All Grades","English Language Arts","Hispanic","< 10","< 10","< 10","< 10","< 10","< 10","< 10","< 10"
"23 - 24 School Year","63","Oakland Schools","63150","Troy School District","05163","Hill Elementary School","63","Oakland","LEA School","Elementary","City: Small","Oakland Region","5","All Grades","English Language Arts","White, not of Hispanic origin","19","31","21","26.80","43.70","29.60","71","49.00"
"23 - 24 School Year","63","Oakland Schools","63150","Troy School District","05163","Hill Elementary School","63","Oakland","LEA School","Elementary","City: Small","Oakland Region","5","All Grades","English Language Arts","Two or More Races","< 10","< 10","< 10","< 10","< 10","< 10","< 10","< 10"
"23 - 24 School Year","63","Oakland Schools","63150","Troy School District","05163","Hill Elementary School","63","Oakland","LEA School","Elementary","City: Small","Oakland Region","5","All Grades","English Language Arts","Asian","10","16","< 10","34.50","55.20","10.30","29","59.80"
"23 - 24 School Year","63","Oakland Schools","63150","Troy School District","05163","Hill Elementary School","63","Oakland","LEA School","Elementary","City: Small","Oakland Region","5","All Grades","English Language Arts","Male","21","23","14","36.20","39.70","24.10","58","54.70"
"23 - 24 School Year","63","Oakland Schools","63150","Troy School District","05163","Hill Elementary School","63","Oakland","LEA School","Elementary","City: Small","Oakland Region","5","All Grades","English Language Arts","Female","13","32","16","21.30","52.50","26.20","61","48.60"
"23 - 24 School Year","63","Oakland Schools","63150","Troy School District","05163","Hill Elementary School","63","Oakland","LEA School","Elementary","City: Small","Oakland Region","5","All Grades","English Language Arts","English Learners","< 10","10","< 10","37.50","62.50","< 5","16","65.30"
"23 - 24 School Year","63","Oakland Schools","63150","Troy School District","05163","Hill Elementary School","63","Oakland","LEA School","Elementary","City: Small","Oakland Region","5","All Grades","English Language Arts","Not English Learners","28","45","30","27.20","43.70","29.10","103","49.40"
"23 - 24 School Year","63","Oakland Schools","63150","Troy School District","05163","Hill Elementary School","63","Oakland","LEA School","Elementary","City: Small","Oakland Region","5","All Grades","English Language Arts","Not Migrant","34","55","30","28.60","46.20","25.20","119","51.50"
"23 - 24 School Year","63","Oakland Schools","63150","Troy School District","05163","Hill Elementary School","63","Oakland","LEA School","Elementary","City: Small","Oakland Region","5","All Grades","Mathematics","All Students","38","58","23","31.90","48.70","19.30","119","55.80"
"23 - 24 School Year","63","Oakland Schools","63150","Troy School District","05163","Hill Elementary School","63","Oakland","LEA School","Elementary","City: Small","Oakland Region","5","All Grades","Mathematics","Economically Disadvantaged","10","< 10","< 10","50.00","40.00","10.00","20","64.30"
"23 - 24 School Year","63","Oakland Schools","63150","Troy School District","05163","Hill Elementary School","63","Oakland","LEA School","Elementary","City: Small","Oakland Region","5","All Grades","Mathematics","Not Economically Disadvantaged","28","50","21","28.30","50.50","21.20","99","54.20"
"23 - 24 School Year","63","Oakland Schools","63150","Troy School District","05163","Hill Elementary School","63","Oakland","LEA School","Elementary","City: Small","Oakland Region","5","05","Mathematics","Not Migrant","23","31","< 10","36.50","49.20","14.30","63","60.10"
"23 - 24 School Year","63","Oakland Schools","63150","Troy School District","05163","Hill Elementary School","63","Oakland","LEA School","Elementary","City: Small","Oakland Region","5","05","Mathematics","Not English Learners","17","28","< 10","31.50","51.90","16.70","54","58.10"
"23 - 24 School Year","63","Oakland Schools","63150","Troy School District","05163","Hill Elementary School","63","Oakland","LEA School","Elementary","City: Small","Oakland Region","5","05","Mathematics","English Learners","< 10","< 10","< 10","< 10","< 10","< 10","< 10","< 10"
"23 - 24 School Year","63","Oakland Schools","63150","Troy School District","05163","Hill Elementary School","63","Oakland","LEA School","Elementary","City: Small","Oakland Region","5","05","Mathematics","Female","13","20","< 10","34.20","52.60","13.20","38","60.10"
"23 - 24 School Year","63","Oakland Schools","63150","Troy School District","05163","Hill Elementary School","63","Oakland","LEA School","Elementary","City: Small","Oakland Region","5","05","Mathematics","Male","10","11","< 10","40.00","44.00","16.00","25","60.00"
"23 - 24 School Year","63","Oakland Schools","63150","Troy School District","05163","Hill Elementary School","63","Oakland","LEA School","Elementary","City: Small","Oakland Region","5","05","Mathematics","Asian","10","< 10","< 10","52.60","42.10","5.30","19","71.80"
"23 - 24 School Year","63","Oakland Schools","63150","Troy School District","05163","Hill Elementary School","63","Oakland","LEA School","Elementary","City: Small","Oakland Region","5","05","Mathematics","Two or More Races","< 10","< 10","< 10","< 10","< 10","< 10","< 10","< 10"
"23 - 24 School Year","63","Oakland Schools","63150","Troy School District","05163","Hill Elementary School","63","Oakland","LEA School","Elementary","City: Small","Oakland Region","5","05","Mathematics","White, not of Hispanic origin","12","17","< 10","34.30","48.60","17.10","35","57.10"
"23 - 24 School Year","63","Oakland Schools","63150","Troy School District","05163","Hill Elementary School","63","Oakland","LEA School","Elementary","City: Small","Oakland Region","5","05","Mathematics","Hispanic","< 10","< 10","< 10","< 10","< 10","< 10","< 10","< 10"
"23 - 24 School Year","63","Oakland Schools","63150","Troy School District","05163","Hill Elementary School","63","Oakland","LEA School","Elementary","City: Small","Oakland Region","5","05","Mathematics","Black, not of Hispanic origin","< 10","< 10","< 10","< 10","< 10","< 10","< 10","< 10"
"23 - 24 School Year","63","Oakland Schools","63150","Troy School District","05163","Hill Elementary School","63","Oakland","LEA School","Elementary","City: Small","Oakland Region","5","05","Mathematics","Not Economically Disadvantaged","15","28","< 10","30.00","56.00","14.00","50","58.70"
"23 - 24 School Year","63","Oakland Schools","63150","Troy School District","05163","Hill Elementary School","63","Oakland","LEA School","Elementary","City: Small","Oakland Region","5","05","Mathematics","Economically Disadvantaged","< 10","< 10","< 10","61.50","23.10","15.40","13","65.50"
"23 - 24 School Year","63","Oakland Schools","63150","Troy School District","05163","Hill Elementary School","63","Oakland","LEA School","Elementary","City: Small","Oakland Region","5","05","Mathematics","All Students","23","31","< 10","36.50","49.20","14.30","63","60.10"
"23 - 24 School Year","63","Oakland Schools","63150","Troy School District","05163","Hill Elementary School","63","Oakland","LEA School","Elementary","City: Small","Oakland Region","5","05","English Language Arts","Not Migrant","21","33","< 10","33.30","52.40","14.30","63","56.10"
"23 - 24 School Year","63","Oakland Schools","63150","Troy School District","05163","Hill Elementary School","63","Oakland","LEA School","Elementary","City: Small","Oakland Region","5","05","English Language Arts","Not English Learners","17","28","< 10","31.50","51.90","16.70","54","54.10"
"23 - 24 School Year","63","Oakland Schools","63150","Troy School District","05163","Hill Elementary School","63","Oakland","LEA School","Elementary","City: Small","Oakland Region","5","05","English Language Arts","English Learners","< 10","< 10","< 10","< 10","< 10","< 10","< 10","< 10"
"23 - 24 School Year","63","Oakland Schools","63150","Troy School District","05163","Hill Elementary School","63","Oakland","LEA School","Elementary","City: Small","Oakland Region","5","05","English Language Arts","Female","11","21","< 10","28.90","55.30","15.80","38","53.70"
"23 - 24 School Year","63","Oakland Schools","63150","Troy School District","05163","Hill Elementary School","63","Oakland","LEA School","Elementary","City: Small","Oakland Region","5","05","English Language Arts","Male","10","12","< 10","40.00","48.00","12.00","25","59.70"
"23 - 24 School Year","63","Oakland Schools","63150","Troy School District","05163","Hill Elementary School","63","Oakland","LEA School","Elementary","City: Small","Oakland Region","5","05","English Language Arts","Asian","< 10","11","< 10","42.10","57.90","< 5","19","65.50"
"23 - 24 School Year","63","Oakland Schools","63150","Troy School District","05163","Hill Elementary School","63","Oakland","LEA School","Elementary","City: Small","Oakland Region","5","05","English Language Arts","Two or More Races","< 10","< 10","< 10","< 10","< 10","< 10","< 10","< 10"
"23 - 24 School Year","63","Oakland Schools","63150","Troy School District","05163","Hill Elementary School","63","Oakland","LEA School","Elementary","City: Small","Oakland Region","5","05","English Language Arts","White, not of Hispanic origin","11","17","< 10","31.40","48.60","20.00","35","52.80"
"23 - 24 School Year","63","Oakland Schools","63150","Troy School District","05163","Hill Elementary School","63","Oakland","LEA School","Elementary","City: Small","Oakland Region","5","05","English Language Arts","Hispanic","< 10","< 10","< 10","< 10","< 10","< 10","< 10","< 10"
"23 - 24 School Year","63","Oakland Schools","63150","Troy School District","05163","Hill Elementary School","63","Oakland","LEA School","Elementary","City: Small","Oakland Region","5","05","English Language Arts","Black, not of Hispanic origin","< 10","< 10","< 10","< 10","< 10","< 10","< 10","< 10"
"23 - 24 School Year","63","Oakland Schools","63150","Troy School District","05163","Hill Elementary School","63","Oakland","LEA School","Elementary","City: Small","Oakland Region","5","05","English Language Arts","Not Economically Disadvantaged","16","29","< 10","32.00","58.00","10.00","50","57.50"
"23 - 24 School Year","63","Oakland Schools","63150","Troy School District","05163","Hill Elementary School","63","Oakland","LEA School","Elementary","City: Small","Oakland Region","5","05","English Language Arts","Economically Disadvantaged","< 10","< 10","< 10","38.50","30.80","30.80","13","50.60"
"23 - 24 School Year","63","Oakland Schools","63150","Troy School District","05163","Hill Elementary School","63","Oakland","LEA School","Elementary","City: Small","Oakland Region","5","05","English Language Arts","All Students","21","33","< 10","33.30","52.40","14.30","63","56.10"
"23 - 24 School Year","63","Oakland Schools","63150","Troy School District","05163","Hill Elementary School","63","Oakland","LEA School","Elementary","City: Small","Oakland Region","5","04","Mathematics","Not Migrant","15","27","14","26.80","48.20","25.00","56","51.10"
"23 - 24 School Year","63","Oakland Schools","63150","Troy School District","05163","Hill Elementary School","63","Oakland","LEA School","Elementary","City: Small","Oakland Region","5","04","Mathematics","Not English Learners","12","23","14","24.50","46.90","28.60","49","49.40"
"23 - 24 School Year","63","Oakland Schools","63150","Troy School District","05163","Hill Elementary School","63","Oakland","LEA School","Elementary","City: Small","Oakland Region","5","04","Mathematics","English Learners","< 10","< 10","< 10","< 10","< 10","< 10","< 10","< 10"
"23 - 24 School Year","63","Oakland Schools","63150","Troy School District","05163","Hill Elementary School","63","Oakland","LEA School","Elementary","City: Small","Oakland Region","5","04","Mathematics","Female","< 10","13","< 10","13.00","56.50","30.40","23","41.80"
"23 - 24 School Year","63","Oakland Schools","63150","Troy School District","05163","Hill Elementary School","63","Oakland","LEA School","Elementary","City: Small","Oakland Region","5","04","Mathematics","Male","12","14","< 10","36.40","42.40","21.20","33","57.50"
"23 - 24 School Year","63","Oakland Schools","63150","Troy School District","05163","Hill Elementary School","63","Oakland","LEA School","Elementary","City: Small","Oakland Region","5","04","Mathematics","Asian","< 10","< 10","< 10","10.00","80.00","10.00","10","52.80"
"23 - 24 School Year","63","Oakland Schools","63150","Troy School District","05163","Hill Elementary School","63","Oakland","LEA School","Elementary","City: Small","Oakland Region","5","04","Mathematics","Two or More Races","< 10","< 10","< 10","< 10","< 10","< 10","< 10","< 10"
"23 - 24 School Year","63","Oakland Schools","63150","Troy School District","05163","Hill Elementary School","63","Oakland","LEA School","Elementary","City: Small","Oakland Region","5","All Grades","Mathematics","Black, not of Hispanic origin","< 10","< 10","< 10","10.00","70.00","20.00","10","46.50"
"23 - 24 School Year","63","Oakland Schools","63150","Troy School District","05163","Hill Elementary School","63","Oakland","LEA School","Elementary","City: Small","Oakland Region","5","All Grades","Mathematics","Hispanic","< 10","< 10","< 10","< 10","< 10","< 10","< 10","< 10"
"23 - 24 School Year","63","Oakland Schools","63150","Troy School District","05163","Hill Elementary School","63","Oakland","LEA School","Elementary","City: Small","Oakland Region","5","All Grades","Mathematics","White, not of Hispanic origin","21","34","16","29.60","47.90","22.50","71","53.50"
"23 - 24 School Year","63","Oakland Schools","63150","Troy School District","05163","Hill Elementary School","63","Oakland","LEA School","Elementary","City: Small","Oakland Region","5","All Grades","Mathematics","Two or More Races","< 10","< 10","< 10","< 10","< 10","< 10","< 10","< 10"
"23 - 24 School Year","63","Oakland Schools","63150","Troy School District","05163","Hill Elementary School","63","Oakland","LEA School","Elementary","City: Small","Oakland Region","5","All Grades","Mathematics","Asian","11","16","< 10","37.90","55.20","6.90","29","65.30"
"23 - 24 School Year","63","Oakland Schools","63150","Troy School District","05163","Hill Elementary School","63","Oakland","LEA School","Elementary","City: Small","Oakland Region","5","04","Mathematics","White, not of Hispanic origin","< 10","17","10","25.00","47.20","27.80","36","49.90"
"23 - 24 School Year","63","Oakland Schools","63150","Troy School District","05163","Hill Elementary School","63","Oakland","LEA School","Elementary","City: Small","Oakland Region","5","04","Mathematics","Hispanic","< 10","< 10","< 10","< 10","< 10","< 10","< 10","< 10"
"23 - 24 School Year","63","Oakland Schools","63150","Troy School District","05163","Hill Elementary School","63","Oakland","LEA School","Elementary","City: Small","Oakland Region","5","04","Mathematics","Black, not of Hispanic origin","< 10","< 10","< 10","< 10","< 10","< 10","< 10","< 10"
"23 - 24 School Year","63","Oakland Schools","63150","Troy School District","05163","Hill Elementary School","63","Oakland","LEA School","Elementary","City: Small","Oakland Region","5","04","Mathematics","Not Economically Disadvantaged","13","22","14","26.50","44.90","28.60","49","49.50"
"23 - 24 School Year","63","Oakland Schools","63150","Troy School District","05163","Hill Elementary School","63","Oakland","LEA School","Elementary","City: Small","Oakland Region","5","04","Mathematics","Economically Disadvantaged","< 10","< 10","< 10","< 10","< 10","< 10","< 10","< 10"
"23 - 24 School Year","63","Oakland Schools","63150","Troy School District","05163","Hill Elementary School","63","Oakland","LEA School","Elementary","City: Small","Oakland Region","5","04","Mathematics","All Students","15","27","14","26.80","48.20","25.00","56","51.10"
"23 - 24 School Year","63","Oakland Schools","63150","Troy School District","05163","Hill Elementary School","63","Oakland","LEA School","Elementary","City: Small","Oakland Region","5","04","English Language Arts","Not Migrant","13","22","21","23.20","39.30","37.50","56","46.40"
"23 - 24 School Year","63","Oakland Schools","63150","Troy School District","05163","Hill Elementary School","63","Oakland","LEA School","Elementary","City: Small","Oakland Region","5","04","English Language Arts","Not English Learners","11","17","21","22.40","34.70","42.90","49","44.20"
"23 - 24 School Year","63","Oakland Schools","63150","Troy School District","05163","Hill Elementary School","63","Oakland","LEA School","Elementary","City: Small","Oakland Region","5","04","English Language Arts","English Learners","< 10","< 10","< 10","< 10","< 10","< 10","< 10","< 10"
"23 - 24 School Year","63","Oakland Schools","63150","Troy School District","05163","Hill Elementary School","63","Oakland","LEA School","Elementary","City: Small","Oakland Region","5","04","English Language Arts","Female","< 10","11","10","8.70","47.80","43.50","23","40.20"
"23 - 24 School Year","63","Oakland Schools","63150","Troy School District","05163","Hill Elementary School","63","Oakland","LEA School","Elementary","City: Small","Oakland Region","5","04","English Language Arts","Male","11","11","11","33.30","33.30","33.30","33","50.80"
"23 - 24 School Year","63","Oakland Schools","63150","Troy School District","05163","Hill Elementary School","63","Oakland","LEA School","Elementary","City: Small","Oakland Region","5","04","English Language Arts","Asian","< 10","< 10","< 10","20.00","50.00","30.00","10","49.00"
"23 - 24 School Year","63","Oakland Schools","63150","Troy School District","05163","Hill Elementary School","63","Oakland","LEA School","Elementary","City: Small","Oakland Region","5","04","English Language Arts","Two or More Races","< 10","< 10","< 10","< 10","< 10","< 10","< 10","< 10"
"23 - 24 School Year","63","Oakland Schools","63150","Troy School District","05163","Hill Elementary School","63","Oakland","LEA School","Elementary","City: Small","Oakland Region","5","04","English Language Arts","White, not of Hispanic origin","< 10","14","14","22.20","38.90","38.90","36","45.30"
"23 - 24 School Year","63","Oakland Schools","63150","Troy School District","05163","Hill Elementary School","63","Oakland","LEA School","Elementary","City: Small","Oakland Region","5","04","English Language Arts","Hispanic","< 10","< 10","< 10","< 10","< 10","< 10","< 10","< 10"
"23 - 24 School Year","63","Oakland Schools","63150","Troy School District","05163","Hill Elementary School","63","Oakland","LEA School","Elementary","City: Small","Oakland Region","5","04","English Language Arts","Black, not of Hispanic origin","< 10","< 10","< 10","< 10","< 10","< 10","< 10","< 10"
"23 - 24 School Year","63","Oakland Schools","63150","Troy School District","05163","Hill Elementary School","63","Oakland","LEA School","Elementary","City: Small","Oakland Region","5","04","English Language Arts","Not Economically Disadvantaged","11","20","18","22.40","40.80","36.70","49","45.90"
"23 - 24 School Year","63","Oakland Schools","63150","Troy School District","05163","Hill Elementary School","63","Oakland","LEA School","Elementary","City: Small","Oakland Region","5","04","English Language Arts","Economically Disadvantaged","< 10","< 10","< 10","< 10","< 10","< 10","< 10","< 10"
"23 - 24 School Year","63","Oakland Schools","63150","Troy School District","05163","Hill Elementary School","63","Oakland","LEA School","Elementary","City: Small","Oakland Region","5","04","English Language Arts","All Students","13","22","21","23.20","39.30","37.50","56","46.40"
"23 - 24 School Year","63","Oakland Schools","63150","Troy School District","05163","Hill Elementary School","63","Oakland","LEA School","Elementary","City: Small","Oakland Region","5","All Grades","Mathematics","Not Migrant","38","58","23","31.90","48.70","19.30","119","55.80"
"23 - 24 School Year","63","Oakland Schools","63150","Troy School District","05163","Hill Elementary School","63","Oakland","LEA School","Elementary","City: Small","Oakland Region","5","All Grades","Mathematics","Not English Learners","29","51","23","28.20","49.50","22.30","103","54.00"
"23 - 24 School Year","63","Oakland Schools","63150","Troy School District","05163","Hill Elementary School","63","Oakland","LEA School","Elementary","City: Small","Oakland Region","5","All Grades","Mathematics","English Learners","< 10","< 10","< 10","56.30","43.80","< 5","16","68.10"
"23 - 24 School Year","63","Oakland Schools","63150","Troy School District","05163","Hill Elementary School","63","Oakland","LEA School","Elementary","City: Small","Oakland Region","5","All Grades","Mathematics","Female","16","33","12","26.20","54.10","19.70","61","53.20"
"23 - 24 School Year","63","Oakland Schools","63150","Troy School District","05163","Hill Elementary School","63","Oakland","LEA School","Elementary","City: Small","Oakland Region","5","All Grades","Mathematics","Male","22","25","11","37.90","43.10","19.00","58","58.60"
"23 - 24 School Year","63","Oakland Schools","63150","Troy School District","05413","Smith Middle School","63","Oakland","LEA School","Middle School","City: Small","Oakland Region","5","06","Mathematics","Students without Disabilities","71","70","34","40.60","40.00","19.40","175","59.60"
"23 - 24 School Year","63","Oakland Schools","63150","Troy School District","05413","Smith Middle School","63","Oakland","LEA School","Middle School","City: Small","Oakland Region","5","06","English Language Arts","Students without Disabilities","43","67","62","25.00","39.00","36.00","172","46.30"
"23 - 24 School Year","63","Oakland Schools","63150","Troy School District","05413","Smith Middle School","63","Oakland","LEA School","Middle School","City: Small","Oakland Region","5","All Grades","Mathematics","Students without Disabilities","210","232","127","36.90","40.80","22.30","569","56.90"
"23 - 24 School Year","63","Oakland Schools","63150","Troy School District","05413","Smith Middle School","63","Oakland","LEA School","Middle School","City: Small","Oakland Region","5","All Grades","English Language Arts","Students without Disabilities","190","231","144","33.60","40.90","25.50","565","53.90"
"23 - 24 School Year","63","Oakland Schools","63150","Troy School District","05413","Smith Middle School","63","Oakland","LEA School","Middle School","City: Small","Oakland Region","5","08","Mathematics","Students with Disabilities","< 10","< 10","< 10","13.30","33.30","53.30","15","38.60"
"23 - 24 School Year","63","Oakland Schools","63150","Troy School District","05413","Smith Middle School","63","Oakland","LEA School","Middle School","City: Small","Oakland Region","5","08","English Language Arts","Students with Disabilities","< 10","< 10","< 10","26.70","46.70","26.70","15","47.60"
"23 - 24 School Year","63","Oakland Schools","63150","Troy School District","05413","Smith Middle School","63","Oakland","LEA School","Middle School","City: Small","Oakland Region","5","06","Mathematics","Students with Disabilities","< 10","< 10","< 10","33.30","26.70","40.00","15","49.50"
"23 - 24 School Year","63","Oakland Schools","63150","Troy School District","05413","Smith Middle School","63","Oakland","LEA School","Middle School","City: Small","Oakland Region","5","07","Mathematics","Students with Disabilities","< 10","< 10","< 10","35.30","29.40","35.30","17","53.10"
"23 - 24 School Year","63","Oakland Schools","63150","Troy School District","05413","Smith Middle School","63","Oakland","LEA School","Middle School","City: Small","Oakland Region","5","07","English Language Arts","Students with Disabilities","< 10","< 10","< 10","23.50","29.40","47.10","17","40.20"
"23 - 24 School Year","63","Oakland Schools","63150","Troy School District","05413","Smith Middle School","63","Oakland","LEA School","Middle School","City: Small","Oakland Region","5","06","English Language Arts","Students with Disabilities","< 10","< 10","< 10","20.00","46.70","33.30","15","43.40"
"23 - 24 School Year","63","Oakland Schools","63150","Troy School District","05413","Smith Middle School","63","Oakland","LEA School","Middle School","City: Small","Oakland Region","5","All Grades","Mathematics","Students with Disabilities","13","14","20","27.70","29.80","42.60","47","47.30"
"23 - 24 School Year","63","Oakland Schools","63150","Troy School District","05413","Smith Middle School","63","Oakland","LEA School","Middle School","City: Small","Oakland Region","5","All Grades","English Language Arts","Students with Disabilities","11","19","17","23.40","40.40","36.20","47","43.60"
"23 - 24 School Year","63","Oakland Schools","63150","Troy School District","05413","Smith Middle School","63","Oakland","LEA School","Middle School","City: Small","Oakland Region","5","08","English Language Arts","Not Migrant","98","92","28","45.00","42.20","12.80","218","62.80"
"23 - 24 School Year","63","Oakland Schools","63150","Troy School District","05413","Smith Middle School","63","Oakland","LEA School","Middle School","City: Small","Oakland Region","5","08","Mathematics","All Students","70","88","60","32.10","40.40","27.50","218","52.50"
"23 - 24 School Year","63","Oakland Schools","63150","Troy School District","05413","Smith Middle School","63","Oakland","LEA School","Middle School","City: Small","Oakland Region","5","08","Mathematics","Economically Disadvantaged","< 10","13","10","28.10","40.60","31.30","32","49.00"
"23 - 24 School Year","63","Oakland Schools","63150","Troy School District","05413","Smith Middle School","63","Oakland","LEA School","Middle School","City: Small","Oakland Region","5","08","Mathematics","Not Economically Disadvantaged","61","75","50","32.80","40.30","26.90","186","53.20"
"23 - 24 School Year","63","Oakland Schools","63150","Troy School District","05413","Smith Middle School","63","Oakland","LEA School","Middle School","City: Small","Oakland Region","5","08","Mathematics","Black, not of Hispanic origin","< 10","< 10","< 10","28.60","50.00","21.40","14","53.90"
"23 - 24 School Year","63","Oakland Schools","63150","Troy School District","05413","Smith Middle School","63","Oakland","LEA School","Middle School","City: Small","Oakland Region","5","08","Mathematics","Hispanic","< 10","< 10","< 10","21.40","57.10","21.40","14","52.40"
"23 - 24 School Year","63","Oakland Schools","63150","Troy School District","05413","Smith Middle School","63","Oakland","LEA School","Middle School","City: Small","Oakland Region","5","08","Mathematics","White, not of Hispanic origin","28","41","35","26.90","39.40","33.70","104","48.20"
"23 - 24 School Year","63","Oakland Schools","63150","Troy School District","05413","Smith Middle School","63","Oakland","LEA School","Middle School","City: Small","Oakland Region","5","08","Mathematics","Two or More Races","< 10","< 10","< 10","30.00","30.00","40.00","10","39.80"
"23 - 24 School Year","63","Oakland Schools","63150","Troy School District","05413","Smith Middle School","63","Oakland","LEA School","Middle School","City: Small","Oakland Region","5","08","Mathematics","Asian","32","29","15","42.10","38.20","19.70","76","59.90"
"23 - 24 School Year","63","Oakland Schools","63150","Troy School District","05413","Smith Middle School","63","Oakland","LEA School","Middle School","City: Small","Oakland Region","5","08","Mathematics","Male","43","47","31","35.50","38.80","25.60","121","54.60"
"23 - 24 School Year","63","Oakland Schools","63150","Troy School District","05413","Smith Middle School","63","Oakland","LEA School","Middle School","City: Small","Oakland Region","5","08","Mathematics","Female","27","41","29","27.80","42.30","29.90","97","50.00"
"23 - 24 School Year","63","Oakland Schools","63150","Troy School District","05413","Smith Middle School","63","Oakland","LEA School","Middle School","City: Small","Oakland Region","5","08","Mathematics","English Learners","< 10","< 10","< 10","43.80","43.80","12.50","16","67.00"
"23 - 24 School Year","63","Oakland Schools","63150","Troy School District","05413","Smith Middle School","63","Oakland","LEA School","Middle School","City: Small","Oakland Region","5","08","Mathematics","Not English Learners","63","81","58","31.20","40.10","28.70","202","51.40"
"23 - 24 School Year","63","Oakland Schools","63150","Troy School District","05413","Smith Middle School","63","Oakland","LEA School","Middle School","City: Small","Oakland Region","5","08","Mathematics","Not Migrant","70","88","60","32.10","40.40","27.50","218","52.50"
"23 - 24 School Year","63","Oakland Schools","63150","Troy School District","05413","Smith Middle School","63","Oakland","LEA School","Middle School","City: Small","Oakland Region","5","07","English Language Arts","All Students","57","84","66","27.50","40.60","31.90","207","49.20"
"23 - 24 School Year","63","Oakland Schools","63150","Troy School District","05413","Smith Middle School","63","Oakland","LEA School","Middle School","City: Small","Oakland Region","5","07","English Language Arts","Economically Disadvantaged","< 10","10","< 10","17.40","43.50","39.10","23","42.40"
"23 - 24 School Year","63","Oakland Schools","63150","Troy School District","05413","Smith Middle School","63","Oakland","LEA School","Middle School","City: Small","Oakland Region","5","07","English Language Arts","Not Economically Disadvantaged","53","74","57","28.80","40.20","31.00","184","50.10"
"23 - 24 School Year","63","Oakland Schools","63150","Troy School District","05413","Smith Middle School","63","Oakland","LEA School","Middle School","City: Small","Oakland Region","5","07","English Language Arts","Native Hawaiian or Other Pacific Islander","< 10","< 10","< 10","< 10","< 10","< 10","< 10","< 10"
"23 - 24 School Year","63","Oakland Schools","63150","Troy School District","05413","Smith Middle School","63","Oakland","LEA School","Middle School","City: Small","Oakland Region","5","07","English Language Arts","Black, not of Hispanic origin","< 10","< 10","< 10","53.80","7.70","38.50","13","57.60"
"23 - 24 School Year","63","Oakland Schools","63150","Troy School District","05413","Smith Middle School","63","Oakland","LEA School","Middle School","City: Small","Oakland Region","5","07","English Language Arts","Hispanic","< 10","< 10","< 10","8.30","58.30","33.30","12","42.20"
"23 - 24 School Year","63","Oakland Schools","63150","Troy School District","05413","Smith Middle School","63","Oakland","LEA School","Middle School","City: Small","Oakland Region","5","07","English Language Arts","White, not of Hispanic origin","26","43","48","22.20","36.80","41.00","117","44.30"
"23 - 24 School Year","63","Oakland Schools","63150","Troy School District","05413","Smith Middle School","63","Oakland","LEA School","Middle School","City: Small","Oakland Region","5","07","English Language Arts","Two or More Races","< 10","< 10","< 10","< 10","< 10","< 10","< 10","< 10"
"23 - 24 School Year","63","Oakland Schools","63150","Troy School District","05413","Smith Middle School","63","Oakland","LEA School","Middle School","City: Small","Oakland Region","5","07","English Language Arts","Asian","18","30","< 10","32.70","54.50","12.70","55","56.90"
"23 - 24 School Year","63","Oakland Schools","63150","Troy School District","05413","Smith Middle School","63","Oakland","LEA School","Middle School","City: Small","Oakland Region","5","07","English Language Arts","Male","23","39","41","22.30","37.90","39.80","103","44.60"
"23 - 24 School Year","63","Oakland Schools","63150","Troy School District","05413","Smith Middle School","63","Oakland","LEA School","Middle School","City: Small","Oakland Region","5","07","English Language Arts","Female","34","45","25","32.70","43.30","24.00","104","53.90"
"23 - 24 School Year","63","Oakland Schools","63150","Troy School District","05413","Smith Middle School","63","Oakland","LEA School","Middle School","City: Small","Oakland Region","5","07","English Language Arts","English Learners","< 10","< 10","< 10","36.80","36.80","26.30","19","52.70"
"23 - 24 School Year","63","Oakland Schools","63150","Troy School District","05413","Smith Middle School","63","Oakland","LEA School","Middle School","City: Small","Oakland Region","5","07","English Language Arts","Not English Learners","50","77","61","26.60","41.00","32.40","188","48.90"
"23 - 24 School Year","63","Oakland Schools","63150","Troy School District","05413","Smith Middle School","63","Oakland","LEA School","Middle School","City: Small","Oakland Region","5","07","English Language Arts","Not Migrant","57","84","66","27.50","40.60","31.90","207","49.20"
"23 - 24 School Year","63","Oakland Schools","63150","Troy School District","05413","Smith Middle School","63","Oakland","LEA School","Middle School","City: Small","Oakland Region","5","07","Mathematics","All Students","77","84","47","37.00","40.40","22.60","208","57.50"
"23 - 24 School Year","63","Oakland Schools","63150","Troy School District","05413","Smith Middle School","63","Oakland","LEA School","Middle School","City: Small","Oakland Region","5","07","Mathematics","Economically Disadvantaged","10","< 10","< 10","43.50","30.40","26.10","23","61.80"
"23 - 24 School Year","63","Oakland Schools","63150","Troy School District","05413","Smith Middle School","63","Oakland","LEA School","Middle School","City: Small","Oakland Region","5","07","Mathematics","Not Economically Disadvantaged","67","77","41","36.20","41.60","22.20","185","56.90"
"23 - 24 School Year","63","Oakland Schools","63150","Troy School District","05413","Smith Middle School","63","Oakland","LEA School","Middle School","City: Small","Oakland Region","5","07","Mathematics","Native Hawaiian or Other Pacific Islander","< 10","< 10","< 10","< 10","< 10","< 10","< 10","< 10"
"23 - 24 School Year","63","Oakland Schools","63150","Troy School District","05413","Smith Middle School","63","Oakland","LEA School","Middle School","City: Small","Oakland Region","5","07","Mathematics","Black, not of Hispanic origin","< 10","< 10","< 10","53.80","38.50","7.70","13","69.00"
"23 - 24 School Year","63","Oakland Schools","63150","Troy School District","05413","Smith Middle School","63","Oakland","LEA School","Middle School","City: Small","Oakland Region","5","07","Mathematics","Hispanic","< 10","< 10","< 10","25.00","58.30","16.70","12","53.80"
"23 - 24 School Year","63","Oakland Schools","63150","Troy School District","05413","Smith Middle School","63","Oakland","LEA School","Middle School","City: Small","Oakland Region","5","07","Mathematics","White, not of Hispanic origin","37","48","32","31.60","41.00","27.40","117","53.80"
"23 - 24 School Year","63","Oakland Schools","63150","Troy School District","05413","Smith Middle School","63","Oakland","LEA School","Middle School","City: Small","Oakland Region","5","07","Mathematics","Two or More Races","< 10","< 10","< 10","< 10","< 10","< 10","< 10","< 10"
"23 - 24 School Year","63","Oakland Schools","63150","Troy School District","05413","Smith Middle School","63","Oakland","LEA School","Middle School","City: Small","Oakland Region","5","07","Mathematics","Asian","26","21","< 10","46.40","37.50","16.10","56","64.20"
"23 - 24 School Year","63","Oakland Schools","63150","Troy School District","05413","Smith Middle School","63","Oakland","LEA School","Middle School","City: Small","Oakland Region","5","07","Mathematics","Male","36","38","29","35.00","36.90","28.20","103","56.30"
"23 - 24 School Year","63","Oakland Schools","63150","Troy School District","05413","Smith Middle School","63","Oakland","LEA School","Middle School","City: Small","Oakland Region","5","07","Mathematics","Female","41","46","18","39.00","43.80","17.10","105","58.60"
"23 - 24 School Year","63","Oakland Schools","63150","Troy School District","05413","Smith Middle School","63","Oakland","LEA School","Middle School","City: Small","Oakland Region","5","07","Mathematics","English Learners","10","< 10","< 10","50.00","30.00","20.00","20","65.00"
"23 - 24 School Year","63","Oakland Schools","63150","Troy School District","05413","Smith Middle School","63","Oakland","LEA School","Middle School","City: Small","Oakland Region","5","07","Mathematics","Not English Learners","67","78","43","35.60","41.50","22.90","188","56.70"
"23 - 24 School Year","63","Oakland Schools","63150","Troy School District","05413","Smith Middle School","63","Oakland","LEA School","Middle School","City: Small","Oakland Region","5","07","Mathematics","Not Migrant","77","84","47","37.00","40.40","22.60","208","57.50"
"23 - 24 School Year","63","Oakland Schools","63150","Troy School District","05413","Smith Middle School","63","Oakland","LEA School","Middle School","City: Small","Oakland Region","5","08","English Language Arts","All Students","98","92","28","45.00","42.20","12.80","218","62.80"
"23 - 24 School Year","63","Oakland Schools","63150","Troy School District","05413","Smith Middle School","63","Oakland","LEA School","Middle School","City: Small","Oakland Region","5","08","English Language Arts","Economically Disadvantaged","17","11","< 10","53.10","34.40","12.50","32","62.10"
"23 - 24 School Year","63","Oakland Schools","63150","Troy School District","05413","Smith Middle School","63","Oakland","LEA School","Middle School","City: Small","Oakland Region","5","08","English Language Arts","Not Economically Disadvantaged","81","81","24","43.50","43.50","12.90","186","62.90"
"23 - 24 School Year","63","Oakland Schools","63150","Troy School District","05413","Smith Middle School","63","Oakland","LEA School","Middle School","City: Small","Oakland Region","5","08","English Language Arts","Black, not of Hispanic origin","< 10","< 10","< 10","35.70","57.10","7.10","14","63.60"
"23 - 24 School Year","63","Oakland Schools","63150","Troy School District","05413","Smith Middle School","63","Oakland","LEA School","Middle School","City: Small","Oakland Region","5","08","English Language Arts","Hispanic","< 10","< 10","< 10","42.90","50.00","7.10","14","65.30"
"23 - 24 School Year","63","Oakland Schools","63150","Troy School District","05413","Smith Middle School","63","Oakland","LEA School","Middle School","City: Small","Oakland Region","5","08","English Language Arts","White, not of Hispanic origin","39","50","15","37.50","48.10","14.40","104","59.10"
"23 - 24 School Year","63","Oakland Schools","63150","Troy School District","05413","Smith Middle School","63","Oakland","LEA School","Middle School","City: Small","Oakland Region","5","08","English Language Arts","Two or More Races","< 10","< 10","< 10","50.00","20.00","30.00","10","58.10"
"23 - 24 School Year","63","Oakland Schools","63150","Troy School District","05413","Smith Middle School","63","Oakland","LEA School","Middle School","City: Small","Oakland Region","5","08","English Language Arts","Asian","43","25","< 10","56.60","32.90","10.50","76","67.70"
"23 - 24 School Year","63","Oakland Schools","63150","Troy School District","05413","Smith Middle School","63","Oakland","LEA School","Middle School","City: Small","Oakland Region","5","08","English Language Arts","Male","52","53","16","43.00","43.80","13.20","121","61.90"
"23 - 24 School Year","63","Oakland Schools","63150","Troy School District","05413","Smith Middle School","63","Oakland","LEA School","Middle School","City: Small","Oakland Region","5","08","English Language Arts","Female","46","39","12","47.40","40.20","12.40","97","63.80"
"23 - 24 School Year","63","Oakland Schools","63150","Troy School District","05413","Smith Middle School","63","Oakland","LEA School","Middle School","City: Small","Oakland Region","5","08","English Language Arts","English Learners","< 10","< 10","< 10","31.30","37.50","31.30","16","51.60"
"23 - 24 School Year","63","Oakland Schools","63150","Troy School District","05413","Smith Middle School","63","Oakland","LEA School","Middle School","City: Small","Oakland Region","5","08","English Language Arts","Not English Learners","93","86","23","46.00","42.60","11.40","202","63.70"
"23 - 24 School Year","63","Oakland Schools","63150","Troy School District","05413","Smith Middle School","63","Oakland","LEA School","Middle School","City: Small","Oakland Region","5","06","Mathematics","Black, not of Hispanic origin","< 10","< 10","< 10","28.60","35.70","35.70","14","50.30"
"23 - 24 School Year","63","Oakland Schools","63150","Troy School District","05413","Smith Middle School","63","Oakland","LEA School","Middle School","City: Small","Oakland Region","5","06","Mathematics","Hispanic","< 10","< 10","< 10","< 10","< 10","< 10","< 10","< 10"
"23 - 24 School Year","63","Oakland Schools","63150","Troy School District","05413","Smith Middle School","63","Oakland","LEA School","Middle School","City: Small","Oakland Region","5","06","Mathematics","White, not of Hispanic origin","26","48","22","27.10","50.00","22.90","96","52.80"
"23 - 24 School Year","63","Oakland Schools","63150","Troy School District","05413","Smith Middle School","63","Oakland","LEA School","Middle School","City: Small","Oakland Region","5","06","Mathematics","Two or More Races","< 10","< 10","< 10","< 10","< 10","< 10","< 10","< 10"
"23 - 24 School Year","63","Oakland Schools","63150","Troy School District","05413","Smith Middle School","63","Oakland","LEA School","Middle School","City: Small","Oakland Region","5","06","Mathematics","Asian","39","17","11","58.20","25.40","16.40","67","68.30"
"23 - 24 School Year","63","Oakland Schools","63150","Troy School District","05413","Smith Middle School","63","Oakland","LEA School","Middle School","City: Small","Oakland Region","5","06","Mathematics","Male","37","36","25","37.80","36.70","25.50","98","55.70"
"23 - 24 School Year","63","Oakland Schools","63150","Troy School District","05413","Smith Middle School","63","Oakland","LEA School","Middle School","City: Small","Oakland Region","5","06","Mathematics","Female","39","38","15","42.40","41.30","16.30","92","62.00"
"23 - 24 School Year","63","Oakland Schools","63150","Troy School District","05413","Smith Middle School","63","Oakland","LEA School","Middle School","City: Small","Oakland Region","5","06","Mathematics","English Learners","14","< 10","< 10","50.00","28.60","21.40","28","64.10"
"23 - 24 School Year","63","Oakland Schools","63150","Troy School District","05413","Smith Middle School","63","Oakland","LEA School","Middle School","City: Small","Oakland Region","5","06","Mathematics","Not English Learners","62","66","34","38.30","40.70","21.00","162","57.90"
"23 - 24 School Year","63","Oakland Schools","63150","Troy School District","05413","Smith Middle School","63","Oakland","LEA School","Middle School","City: Small","Oakland Region","5","06","Mathematics","Not Migrant","76","74","40","40.00","38.90","21.10","190","58.80"
"23 - 24 School Year","63","Oakland Schools","63150","Troy School District","05413","Smith Middle School","63","Oakland","LEA School","Middle School","City: Small","Oakland Region","5","07","English Language Arts","Students without Disabilities","53","79","58","27.90","41.60","30.50","190","50.00"
"23 - 24 School Year","63","Oakland Schools","63150","Troy School District","05413","Smith Middle School","63","Oakland","LEA School","Middle School","City: Small","Oakland Region","5","07","Mathematics","Students without Disabilities","71","79","41","37.20","41.40","21.50","191","57.90"
"23 - 24 School Year","63","Oakland Schools","63150","Troy School District","05413","Smith Middle School","63","Oakland","LEA School","Middle School","City: Small","Oakland Region","5","08","English Language Arts","Students without Disabilities","94","85","24","46.30","41.90","11.80","203","63.90"
"23 - 24 School Year","63","Oakland Schools","63150","Troy School District","05413","Smith Middle School","63","Oakland","LEA School","Middle School","City: Small","Oakland Region","5","08","Mathematics","Students without Disabilities","68","83","52","33.50","40.90","25.60","203","53.60"
"23 - 24 School Year","63","Oakland Schools","63150","Troy School District","05413","Smith Middle School","63","Oakland","LEA School","Middle School","City: Small","Oakland Region","5","All Grades","English Language Arts","Asian","82","81","32","42.10","41.50","16.40","195","60.50"
"23 - 24 School Year","63","Oakland Schools","63150","Troy School District","05413","Smith Middle School","63","Oakland","LEA School","Middle School","City: Small","Oakland Region","5","All Grades","English Language Arts","Two or More Races","< 10","< 10","< 10","37.50","29.20","33.30","24","52.50"
"23 - 24 School Year","63","Oakland Schools","63150","Troy School District","05413","Smith Middle School","63","Oakland","LEA School","Middle School","City: Small","Oakland Region","5","All Grades","English Language Arts","White, not of Hispanic origin","83","132","102","26.20","41.60","32.20","317","48.00"
"23 - 24 School Year","63","Oakland Schools","63150","Troy School District","05413","Smith Middle School","63","Oakland","LEA School","Middle School","City: Small","Oakland Region","5","All Grades","English Language Arts","Hispanic","< 10","16","< 10","25.00","50.00","25.00","32","50.40"
"23 - 24 School Year","63","Oakland Schools","63150","Troy School District","05413","Smith Middle School","63","Oakland","LEA School","Middle School","City: Small","Oakland Region","5","All Grades","English Language Arts","Black, not of Hispanic origin","17","13","11","41.50","31.70","26.80","41","57.80"
"23 - 24 School Year","63","Oakland Schools","63150","Troy School District","05413","Smith Middle School","63","Oakland","LEA School","Middle School","City: Small","Oakland Region","5","All Grades","English Language Arts","Native Hawaiian or Other Pacific Islander","< 10","< 10","< 10","< 10","< 10","< 10","< 10","< 10"
"23 - 24 School Year","63","Oakland Schools","63150","Troy School District","05413","Smith Middle School","63","Oakland","LEA School","Middle School","City: Small","Oakland Region","5","All Grades","English Language Arts","Not Economically Disadvantaged","173","214","135","33.10","41.00","25.90","522","53.70"
"23 - 24 School Year","63","Oakland Schools","63150","Troy School District","05413","Smith Middle School","63","Oakland","LEA School","Middle School","City: Small","Oakland Region","5","All Grades","English Language Arts","Economically Disadvantaged","28","36","26","31.10","40.00","28.90","90","49.20"
"23 - 24 School Year","63","Oakland Schools","63150","Troy School District","05413","Smith Middle School","63","Oakland","LEA School","Middle School","City: Small","Oakland Region","5","All Grades","English Language Arts","All Students","201","250","161","32.80","40.80","26.30","612","53.10"
"23 - 24 School Year","63","Oakland Schools","63150","Troy School District","05413","Smith Middle School","63","Oakland","LEA School","Middle School","City: Small","Oakland Region","5","All Grades","English Language Arts","Male","93","131","98","28.90","40.70","30.40","322","50.00"
"23 - 24 School Year","63","Oakland Schools","63150","Troy School District","05413","Smith Middle School","63","Oakland","LEA School","Middle School","City: Small","Oakland Region","5","All Grades","English Language Arts","Female","108","119","63","37.20","41.00","21.70","290","56.50"
"23 - 24 School Year","63","Oakland Schools","63150","Troy School District","05413","Smith Middle School","63","Oakland","LEA School","Middle School","City: Small","Oakland Region","5","All Grades","English Language Arts","English Learners","22","24","15","36.10","39.30","24.60","61","54.60"
"23 - 24 School Year","63","Oakland Schools","63150","Troy School District","05413","Smith Middle School","63","Oakland","LEA School","Middle School","City: Small","Oakland Region","5","All Grades","English Language Arts","Not English Learners","179","226","146","32.50","41.00","26.50","551","52.90"
"23 - 24 School Year","63","Oakland Schools","63150","Troy School District","05413","Smith Middle School","63","Oakland","LEA School","Middle School","City: Small","Oakland Region","5","All Grades","English Language Arts","Not Migrant","201","250","161","32.80","40.80","26.30","612","53.10"
"23 - 24 School Year","63","Oakland Schools","63150","Troy School District","05413","Smith Middle School","63","Oakland","LEA School","Middle School","City: Small","Oakland Region","5","All Grades","Mathematics","All Students","223","246","147","36.20","39.90","23.90","616","56.10"
"23 - 24 School Year","63","Oakland Schools","63150","Troy School District","05413","Smith Middle School","63","Oakland","LEA School","Middle School","City: Small","Oakland Region","5","All Grades","Mathematics","Economically Disadvantaged","29","35","27","31.90","38.50","29.70","91","52.70"
"23 - 24 School Year","63","Oakland Schools","63150","Troy School District","05413","Smith Middle School","63","Oakland","LEA School","Middle School","City: Small","Oakland Region","5","All Grades","Mathematics","Not Economically Disadvantaged","194","211","120","37.00","40.20","22.90","525","56.70"
"23 - 24 School Year","63","Oakland Schools","63150","Troy School District","05413","Smith Middle School","63","Oakland","LEA School","Middle School","City: Small","Oakland Region","5","All Grades","Mathematics","Native Hawaiian or Other Pacific Islander","< 10","< 10","< 10","< 10","< 10","< 10","< 10","< 10"
"23 - 24 School Year","63","Oakland Schools","63150","Troy School District","05413","Smith Middle School","63","Oakland","LEA School","Middle School","City: Small","Oakland Region","5","All Grades","Mathematics","Black, not of Hispanic origin","15","17","< 10","36.60","41.50","22.00","41","57.50"
"23 - 24 School Year","63","Oakland Schools","63150","Troy School District","05413","Smith Middle School","63","Oakland","LEA School","Middle School","City: Small","Oakland Region","5","All Grades","Mathematics","Hispanic","< 10","18","< 10","25.00","56.30","18.80","32","53.20"
"23 - 24 School Year","63","Oakland Schools","63150","Troy School District","05413","Smith Middle School","63","Oakland","LEA School","Middle School","City: Small","Oakland Region","5","All Grades","Mathematics","White, not of Hispanic origin","91","137","89","28.70","43.20","28.10","317","51.70"
"23 - 24 School Year","63","Oakland Schools","63150","Troy School District","05413","Smith Middle School","63","Oakland","LEA School","Middle School","City: Small","Oakland Region","5","All Grades","Mathematics","Two or More Races","11","< 10","< 10","45.80","25.00","29.20","24","52.60"
"23 - 24 School Year","63","Oakland Schools","63150","Troy School District","05413","Smith Middle School","63","Oakland","LEA School","Middle School","City: Small","Oakland Region","5","All Grades","Mathematics","Asian","97","67","35","48.70","33.70","17.60","199","63.90"
"23 - 24 School Year","63","Oakland Schools","63150","Troy School District","05413","Smith Middle School","63","Oakland","LEA School","Middle School","City: Small","Oakland Region","5","All Grades","Mathematics","Male","116","121","85","36.00","37.60","26.40","322","55.50"
"23 - 24 School Year","63","Oakland Schools","63150","Troy School District","05413","Smith Middle School","63","Oakland","LEA School","Middle School","City: Small","Oakland Region","5","All Grades","Mathematics","Female","107","125","62","36.40","42.50","21.10","294","56.80"
"23 - 24 School Year","63","Oakland Schools","63150","Troy School District","05413","Smith Middle School","63","Oakland","LEA School","Middle School","City: Small","Oakland Region","5","All Grades","Mathematics","English Learners","31","21","12","48.40","32.80","18.80","64","65.10"
"23 - 24 School Year","63","Oakland Schools","63150","Troy School District","05413","Smith Middle School","63","Oakland","LEA School","Middle School","City: Small","Oakland Region","5","All Grades","Mathematics","Not English Learners","192","225","135","34.80","40.80","24.50","552","55.10"
"23 - 24 School Year","63","Oakland Schools","63150","Troy School District","05413","Smith Middle School","63","Oakland","LEA School","Middle School","City: Small","Oakland Region","5","All Grades","Mathematics","Not Migrant","223","246","147","36.20","39.90","23.90","616","56.10"
"23 - 24 School Year","63","Oakland Schools","63150","Troy School District","05413","Smith Middle School","63","Oakland","LEA School","Middle School","City: Small","Oakland Region","5","06","English Language Arts","All Students","46","74","67","24.60","39.60","35.80","187","46.00"
"23 - 24 School Year","63","Oakland Schools","63150","Troy School District","05413","Smith Middle School","63","Oakland","LEA School","Middle School","City: Small","Oakland Region","5","06","English Language Arts","Economically Disadvantaged","< 10","15","13","20.00","42.90","37.10","35","42.00"
"23 - 24 School Year","63","Oakland Schools","63150","Troy School District","05413","Smith Middle School","63","Oakland","LEA School","Middle School","City: Small","Oakland Region","5","06","English Language Arts","Not Economically Disadvantaged","39","59","54","25.70","38.80","35.50","152","46.90"
"23 - 24 School Year","63","Oakland Schools","63150","Troy School District","05413","Smith Middle School","63","Oakland","LEA School","Middle School","City: Small","Oakland Region","5","06","English Language Arts","Native Hawaiian or Other Pacific Islander","< 10","< 10","< 10","< 10","< 10","< 10","< 10","< 10"
"23 - 24 School Year","63","Oakland Schools","63150","Troy School District","05413","Smith Middle School","63","Oakland","LEA School","Middle School","City: Small","Oakland Region","5","06","English Language Arts","Black, not of Hispanic origin","< 10","< 10","< 10","35.70","28.60","35.70","14","52.20"
"23 - 24 School Year","63","Oakland Schools","63150","Troy School District","05413","Smith Middle School","63","Oakland","LEA School","Middle School","City: Small","Oakland Region","5","06","English Language Arts","Hispanic","< 10","< 10","< 10","< 10","< 10","< 10","< 10","< 10"
"23 - 24 School Year","63","Oakland Schools","63150","Troy School District","05413","Smith Middle School","63","Oakland","LEA School","Middle School","City: Small","Oakland Region","5","06","English Language Arts","White, not of Hispanic origin","18","39","39","18.80","40.60","40.60","96","40.50"
"23 - 24 School Year","63","Oakland Schools","63150","Troy School District","05413","Smith Middle School","63","Oakland","LEA School","Middle School","City: Small","Oakland Region","5","06","English Language Arts","Two or More Races","< 10","< 10","< 10","< 10","< 10","< 10","< 10","< 10"
"23 - 24 School Year","63","Oakland Schools","63150","Troy School District","05413","Smith Middle School","63","Oakland","LEA School","Middle School","City: Small","Oakland Region","5","06","English Language Arts","Asian","21","26","17","32.80","40.60","26.60","64","54.90"
"23 - 24 School Year","63","Oakland Schools","63150","Troy School District","05413","Smith Middle School","63","Oakland","LEA School","Middle School","City: Small","Oakland Region","5","06","English Language Arts","Male","18","39","41","18.40","39.80","41.80","98","41.00"
"23 - 24 School Year","63","Oakland Schools","63150","Troy School District","05413","Smith Middle School","63","Oakland","LEA School","Middle School","City: Small","Oakland Region","5","06","English Language Arts","Female","28","35","26","31.50","39.30","29.20","89","51.60"
"23 - 24 School Year","63","Oakland Schools","63150","Troy School District","05413","Smith Middle School","63","Oakland","LEA School","Middle School","City: Small","Oakland Region","5","06","English Language Arts","English Learners","10","11","< 10","38.50","42.30","19.20","26","57.80"
"23 - 24 School Year","63","Oakland Schools","63150","Troy School District","05413","Smith Middle School","63","Oakland","LEA School","Middle School","City: Small","Oakland Region","5","06","English Language Arts","Not English Learners","36","63","62","22.40","39.10","38.50","161","44.10"
"23 - 24 School Year","63","Oakland Schools","63150","Troy School District","05413","Smith Middle School","63","Oakland","LEA School","Middle School","City: Small","Oakland Region","5","06","English Language Arts","Not Migrant","46","74","67","24.60","39.60","35.80","187","46.00"
"23 - 24 School Year","63","Oakland Schools","63150","Troy School District","05413","Smith Middle School","63","Oakland","LEA School","Middle School","City: Small","Oakland Region","5","06","Mathematics","All Students","76","74","40","40.00","38.90","21.10","190","58.80"
"23 - 24 School Year","63","Oakland Schools","63150","Troy School District","05413","Smith Middle School","63","Oakland","LEA School","Middle School","City: Small","Oakland Region","5","06","Mathematics","Economically Disadvantaged","10","15","11","27.80","41.70","30.60","36","50.10"
"23 - 24 School Year","63","Oakland Schools","63150","Troy School District","05413","Smith Middle School","63","Oakland","LEA School","Middle School","City: Small","Oakland Region","5","06","Mathematics","Not Economically Disadvantaged","66","59","29","42.90","38.30","18.80","154","60.80"
"23 - 24 School Year","63","Oakland Schools","63150","Troy School District","05413","Smith Middle School","63","Oakland","LEA School","Middle School","City: Small","Oakland Region","5","06","Mathematics","Native Hawaiian or Other Pacific Islander","< 10","< 10","< 10","< 10","< 10","< 10","< 10","< 10"
"23 - 24 School Year","63","Oakland Schools","63150","Troy School District","05537","Wattles Elementary School","63","Oakland","LEA School","Elementary","City: Small","Oakland Region","5","All Grades","English Language Arts","Students with Disabilities","< 10","< 10","< 10","36.40","27.30","36.40","11","44.50"
"23 - 24 School Year","63","Oakland Schools","63150","Troy School District","05537","Wattles Elementary School","63","Oakland","LEA School","Elementary","City: Small","Oakland Region","5","05","Mathematics","Students without Disabilities","13","19","23","23.60","34.50","41.80","55","42.80"
"23 - 24 School Year","63","Oakland Schools","63150","Troy School District","05537","Wattles Elementary School","63","Oakland","LEA School","Elementary","City: Small","Oakland Region","5","All Grades","English Language Arts","All Students","42","45","35","34.40","36.90","28.70","122","51.40"
"23 - 24 School Year","63","Oakland Schools","63150","Troy School District","05537","Wattles Elementary School","63","Oakland","LEA School","Elementary","City: Small","Oakland Region","5","All Grades","English Language Arts","Economically Disadvantaged","< 10","10","< 10","28.00","40.00","32.00","25","46.60"
"23 - 24 School Year","63","Oakland Schools","63150","Troy School District","05537","Wattles Elementary School","63","Oakland","LEA School","Elementary","City: Small","Oakland Region","5","All Grades","English Language Arts","Not Economically Disadvantaged","35","35","27","36.10","36.10","27.80","97","52.60"
"23 - 24 School Year","63","Oakland Schools","63150","Troy School District","05537","Wattles Elementary School","63","Oakland","LEA School","Elementary","City: Small","Oakland Region","5","All Grades","English Language Arts","Black, not of Hispanic origin","< 10","< 10","< 10","< 10","< 10","< 10","< 10","< 10"
"23 - 24 School Year","63","Oakland Schools","63150","Troy School District","05537","Wattles Elementary School","63","Oakland","LEA School","Elementary","City: Small","Oakland Region","5","All Grades","English Language Arts","Hispanic","< 10","< 10","< 10","< 10","< 10","< 10","< 10","< 10"
"23 - 24 School Year","63","Oakland Schools","63150","Troy School District","05537","Wattles Elementary School","63","Oakland","LEA School","Elementary","City: Small","Oakland Region","5","All Grades","English Language Arts","White, not of Hispanic origin","11","20","15","23.90","43.50","32.60","46","45.80"
"23 - 24 School Year","63","Oakland Schools","63150","Troy School District","05537","Wattles Elementary School","63","Oakland","LEA School","Elementary","City: Small","Oakland Region","5","All Grades","English Language Arts","Two or More Races","< 10","< 10","< 10","< 10","< 10","< 10","< 10","< 10"
"23 - 24 School Year","63","Oakland Schools","63150","Troy School District","05537","Wattles Elementary School","63","Oakland","LEA School","Elementary","City: Small","Oakland Region","5","All Grades","English Language Arts","Asian","23","19","15","40.40","33.30","26.30","57","55.00"
"23 - 24 School Year","63","Oakland Schools","63150","Troy School District","05537","Wattles Elementary School","63","Oakland","LEA School","Elementary","City: Small","Oakland Region","5","All Grades","English Language Arts","Male","17","23","23","27.00","36.50","36.50","63","46.00"
"23 - 24 School Year","63","Oakland Schools","63150","Troy School District","05537","Wattles Elementary School","63","Oakland","LEA School","Elementary","City: Small","Oakland Region","5","All Grades","English Language Arts","Female","25","22","12","42.40","37.30","20.30","59","57.10"
"23 - 24 School Year","63","Oakland Schools","63150","Troy School District","05537","Wattles Elementary School","63","Oakland","LEA School","Elementary","City: Small","Oakland Region","5","All Grades","English Language Arts","English Learners","< 10","< 10","< 10","16.70","50.00","33.30","18","42.20"
"23 - 24 School Year","63","Oakland Schools","63150","Troy School District","05537","Wattles Elementary School","63","Oakland","LEA School","Elementary","City: Small","Oakland Region","5","All Grades","English Language Arts","Not English Learners","39","36","29","37.50","34.60","27.90","104","53.00"
"23 - 24 School Year","63","Oakland Schools","63150","Troy School District","05537","Wattles Elementary School","63","Oakland","LEA School","Elementary","City: Small","Oakland Region","5","All Grades","English Language Arts","Not Migrant","42","45","35","34.40","36.90","28.70","122","51.40"
"23 - 24 School Year","63","Oakland Schools","63150","Troy School District","05537","Wattles Elementary School","63","Oakland","LEA School","Elementary","City: Small","Oakland Region","5","05","English Language Arts","Students with Disabilities","< 10","< 10","< 10","< 10","< 10","< 10","< 10","< 10"
"23 - 24 School Year","63","Oakland Schools","63150","Troy School District","05537","Wattles Elementary School","63","Oakland","LEA School","Elementary","City: Small","Oakland Region","5","05","Mathematics","Students with Disabilities","< 10","< 10","< 10","< 10","< 10","< 10","< 10","< 10"
"23 - 24 School Year","63","Oakland Schools","63150","Troy School District","05537","Wattles Elementary School","63","Oakland","LEA School","Elementary","City: Small","Oakland Region","5","05","English Language Arts","Hispanic","< 10","< 10","< 10","< 10","< 10","< 10","< 10","< 10"
"23 - 24 School Year","63","Oakland Schools","63150","Troy School District","05537","Wattles Elementary School","63","Oakland","LEA School","Elementary","City: Small","Oakland Region","5","05","English Language Arts","White, not of Hispanic origin","< 10","< 10","< 10","15.80","47.40","36.80","19","40.50"
"23 - 24 School Year","63","Oakland Schools","63150","Troy School District","05537","Wattles Elementary School","63","Oakland","LEA School","Elementary","City: Small","Oakland Region","5","05","English Language Arts","Black, not of Hispanic origin","< 10","< 10","< 10","< 10","< 10","< 10","< 10","< 10"
"23 - 24 School Year","63","Oakland Schools","63150","Troy School District","05537","Wattles Elementary School","63","Oakland","LEA School","Elementary","City: Small","Oakland Region","5","05","English Language Arts","Not Economically Disadvantaged","13","19","15","27.70","40.40","31.90","47","48.00"
"23 - 24 School Year","63","Oakland Schools","63150","Troy School District","05537","Wattles Elementary School","63","Oakland","LEA School","Elementary","City: Small","Oakland Region","5","05","English Language Arts","Economically Disadvantaged","< 10","< 10","< 10","8.30","41.70","50.00","12","31.80"
"23 - 24 School Year","63","Oakland Schools","63150","Troy School District","05537","Wattles Elementary School","63","Oakland","LEA School","Elementary","City: Small","Oakland Region","5","05","English Language Arts","All Students","14","24","21","23.70","40.70","35.60","59","44.70"
"23 - 24 School Year","63","Oakland Schools","63150","Troy School District","05537","Wattles Elementary School","63","Oakland","LEA School","Elementary","City: Small","Oakland Region","5","05","English Language Arts","Two or More Races","< 10","< 10","< 10","< 10","< 10","< 10","< 10","< 10"
"23 - 24 School Year","63","Oakland Schools","63150","Troy School District","05537","Wattles Elementary School","63","Oakland","LEA School","Elementary","City: Small","Oakland Region","5","05","English Language Arts","Asian","10","12","10","31.30","37.50","31.30","32","49.50"
"23 - 24 School Year","63","Oakland Schools","63150","Troy School District","05537","Wattles Elementary School","63","Oakland","LEA School","Elementary","City: Small","Oakland Region","5","05","English Language Arts","Male","< 10","13","17","16.70","36.10","47.20","36","38.40"
"23 - 24 School Year","63","Oakland Schools","63150","Troy School District","05537","Wattles Elementary School","63","Oakland","LEA School","Elementary","City: Small","Oakland Region","5","05","English Language Arts","Female","< 10","11","< 10","34.80","47.80","17.40","23","54.60"
"23 - 24 School Year","63","Oakland Schools","63150","Troy School District","05537","Wattles Elementary School","63","Oakland","LEA School","Elementary","City: Small","Oakland Region","5","05","English Language Arts","English Learners","< 10","< 10","< 10","< 10","< 10","< 10","< 10","< 10"
"23 - 24 School Year","63","Oakland Schools","63150","Troy School District","05537","Wattles Elementary School","63","Oakland","LEA School","Elementary","City: Small","Oakland Region","5","05","English Language Arts","Not English Learners","12","21","18","23.50","41.20","35.30","51","45.10"
"23 - 24 School Year","63","Oakland Schools","63150","Troy School District","05537","Wattles Elementary School","63","Oakland","LEA School","Elementary","City: Small","Oakland Region","5","05","Mathematics","Black, not of Hispanic origin","< 10","< 10","< 10","< 10","< 10","< 10","< 10","< 10"
"23 - 24 School Year","63","Oakland Schools","63150","Troy School District","05537","Wattles Elementary School","63","Oakland","LEA School","Elementary","City: Small","Oakland Region","5","05","Mathematics","Hispanic","< 10","< 10","< 10","< 10","< 10","< 10","< 10","< 10"
"23 - 24 School Year","63","Oakland Schools","63150","Troy School District","05537","Wattles Elementary School","63","Oakland","LEA School","Elementary","City: Small","Oakland Region","5","05","Mathematics","White, not of Hispanic origin","< 10","< 10","11","10.50","31.60","57.90","19","30.30"
"23 - 24 School Year","63","Oakland Schools","63150","Troy School District","05537","Wattles Elementary School","63","Oakland","LEA School","Elementary","City: Small","Oakland Region","5","05","Mathematics","Two or More Races","< 10","< 10","< 10","< 10","< 10","< 10","< 10","< 10"
"23 - 24 School Year","63","Oakland Schools","63150","Troy School District","05537","Wattles Elementary School","63","Oakland","LEA School","Elementary","City: Small","Oakland Region","5","05","Mathematics","Asian","< 10","11","14","26.50","32.40","41.20","34","46.90"
"23 - 24 School Year","63","Oakland Schools","63150","Troy School District","05537","Wattles Elementary School","63","Oakland","LEA School","Elementary","City: Small","Oakland Region","5","05","Mathematics","Male","< 10","14","15","21.60","37.80","40.50","37","42.60"
"23 - 24 School Year","63","Oakland Schools","63150","Troy School District","05537","Wattles Elementary School","63","Oakland","LEA School","Elementary","City: Small","Oakland Region","5","05","Mathematics","Female","< 10","< 10","12","24.00","28.00","48.00","25","41.60"
"23 - 24 School Year","63","Oakland Schools","63150","Troy School District","05537","Wattles Elementary School","63","Oakland","LEA School","Elementary","City: Small","Oakland Region","5","05","Mathematics","Not Economically Disadvantaged","12","17","21","24.00","34.00","42.00","50","43.70"
"23 - 24 School Year","63","Oakland Schools","63150","Troy School District","05537","Wattles Elementary School","63","Oakland","LEA School","Elementary","City: Small","Oakland Region","5","05","Mathematics","Economically Disadvantaged","< 10","< 10","< 10","16.70","33.30","50.00","12","36.00"
"23 - 24 School Year","63","Oakland Schools","63150","Troy School District","05537","Wattles Elementary School","63","Oakland","LEA School","Elementary","City: Small","Oakland Region","5","05","Mathematics","All Students","14","21","27","22.60","33.90","43.50","62","42.20"
"23 - 24 School Year","63","Oakland Schools","63150","Troy School District","05537","Wattles Elementary School","63","Oakland","LEA School","Elementary","City: Small","Oakland Region","5","05","Mathematics","English Learners","< 10","< 10","< 10","27.30","27.30","45.50","11","47.20"
"23 - 24 School Year","63","Oakland Schools","63150","Troy School District","05537","Wattles Elementary School","63","Oakland","LEA School","Elementary","City: Small","Oakland Region","5","05","Mathematics","Not English Learners","11","18","22","21.60","35.30","43.10","51","41.10"
"23 - 24 School Year","63","Oakland Schools","63150","Troy School District","05537","Wattles Elementary School","63","Oakland","LEA School","Elementary","City: Small","Oakland Region","5","05","Mathematics","Not Migrant","14","21","27","22.60","33.90","43.50","62","42.20"
"23 - 24 School Year","63","Oakland Schools","63150","Troy School District","05537","Wattles Elementary School","63","Oakland","LEA School","Elementary","City: Small","Oakland Region","5","05","English Language Arts","Not Migrant","14","24","21","23.70","40.70","35.60","59","44.70"
"23 - 24 School Year","63","Oakland Schools","63150","Troy School District","05537","Wattles Elementary School","63","Oakland","LEA School","Elementary","City: Small","Oakland Region","5","All Grades","English Language Arts","Students without Disabilities","38","42","31","34.20","37.80","27.90","111","52.10"
"23 - 24 School Year","63","Oakland Schools","63150","Troy School District","05537","Wattles Elementary School","63","Oakland","LEA School","Elementary","City: Small","Oakland Region","5","All Grades","Mathematics","Students without Disabilities","35","49","33","29.90","41.90","28.20","117","50.40"
"23 - 24 School Year","63","Oakland Schools","63150","Troy School District","05537","Wattles Elementary School","63","Oakland","LEA School","Elementary","City: Small","Oakland Region","5","05","English Language Arts","Students without Disabilities","13","21","18","25.00","40.40","34.60","52","46.00"
"23 - 24 School Year","63","Oakland Schools","63150","Troy School District","05537","Wattles Elementary School","63","Oakland","LEA School","Elementary","City: Small","Oakland Region","5","04","Mathematics","Students without Disabilities","22","30","10","35.50","48.40","16.10","62","57.10"
"23 - 24 School Year","63","Oakland Schools","63150","Troy School District","05537","Wattles Elementary School","63","Oakland","LEA School","Elementary","City: Small","Oakland Region","5","04","English Language Arts","Students without Disabilities","25","21","13","42.40","35.60","22.00","59","57.50"
"23 - 24 School Year","63","Oakland Schools","63150","Troy School District","05537","Wattles Elementary School","63","Oakland","LEA School","Elementary","City: Small","Oakland Region","5","04","Mathematics","All Students","23","31","12","34.80","47.00","18.20","66","56.30"
"23 - 24 School Year","63","Oakland Schools","63150","Troy School District","05537","Wattles Elementary School","63","Oakland","LEA School","Elementary","City: Small","Oakland Region","5","04","Mathematics","Economically Disadvantaged","< 10","< 10","< 10","6.70","60.00","33.30","15","42.30"
"23 - 24 School Year","63","Oakland Schools","63150","Troy School District","05537","Wattles Elementary School","63","Oakland","LEA School","Elementary","City: Small","Oakland Region","5","04","Mathematics","Not Economically Disadvantaged","22","22","< 10","43.10","43.10","13.70","51","60.40"
"23 - 24 School Year","63","Oakland Schools","63150","Troy School District","05537","Wattles Elementary School","63","Oakland","LEA School","Elementary","City: Small","Oakland Region","5","04","Mathematics","Black, not of Hispanic origin","< 10","< 10","< 10","< 10","< 10","< 10","< 10","< 10"
"23 - 24 School Year","63","Oakland Schools","63150","Troy School District","05537","Wattles Elementary School","63","Oakland","LEA School","Elementary","City: Small","Oakland Region","5","All Grades","Mathematics","Students with Disabilities","< 10","< 10","< 10","18.20","27.30","54.50","11","39.50"
"23 - 24 School Year","63","Oakland Schools","63150","Troy School District","05537","Wattles Elementary School","63","Oakland","LEA School","Elementary","City: Small","Oakland Region","5","04","English Language Arts","Students with Disabilities","< 10","< 10","< 10","< 10","< 10","< 10","< 10","< 10"
"23 - 24 School Year","63","Oakland Schools","63150","Troy School District","05537","Wattles Elementary School","63","Oakland","LEA School","Elementary","City: Small","Oakland Region","5","04","English Language Arts","All Students","28","21","14","44.40","33.30","22.20","63","57.70"
"23 - 24 School Year","63","Oakland Schools","63150","Troy School District","05537","Wattles Elementary School","63","Oakland","LEA School","Elementary","City: Small","Oakland Region","5","04","Mathematics","Hispanic","< 10","< 10","< 10","< 10","< 10","< 10","< 10","< 10"
"23 - 24 School Year","63","Oakland Schools","63150","Troy School District","05537","Wattles Elementary School","63","Oakland","LEA School","Elementary","City: Small","Oakland Region","5","04","Mathematics","White, not of Hispanic origin","< 10","13","< 10","33.30","48.10","18.50","27","54.40"
"23 - 24 School Year","63","Oakland Schools","63150","Troy School District","05537","Wattles Elementary School","63","Oakland","LEA School","Elementary","City: Small","Oakland Region","5","04","Mathematics","Students with Disabilities","< 10","< 10","< 10","< 10","< 10","< 10","< 10","< 10"
"23 - 24 School Year","63","Oakland Schools","63150","Troy School District","05537","Wattles Elementary School","63","Oakland","LEA School","Elementary","City: Small","Oakland Region","5","04","Mathematics","Two or More Races","< 10","< 10","< 10","< 10","< 10","< 10","< 10","< 10"
"23 - 24 School Year","63","Oakland Schools","63150","Troy School District","05537","Wattles Elementary School","63","Oakland","LEA School","Elementary","City: Small","Oakland Region","5","04","Mathematics","Asian","12","12","< 10","46.20","46.20","7.70","26","64.60"
"23 - 24 School Year","63","Oakland Schools","63150","Troy School District","05537","Wattles Elementary School","63","Oakland","LEA School","Elementary","City: Small","Oakland Region","5","04","Mathematics","Male","10","16","< 10","34.50","55.20","10.30","29","58.60"
"23 - 24 School Year","63","Oakland Schools","63150","Troy School District","05537","Wattles Elementary School","63","Oakland","LEA School","Elementary","City: Small","Oakland Region","5","04","Mathematics","Female","13","15","< 10","35.10","40.50","24.30","37","54.50"
"23 - 24 School Year","63","Oakland Schools","63150","Troy School District","05537","Wattles Elementary School","63","Oakland","LEA School","Elementary","City: Small","Oakland Region","5","04","Mathematics","English Learners","< 10","< 10","< 10","27.30","54.50","18.20","11","49.60"
"23 - 24 School Year","63","Oakland Schools","63150","Troy School District","05537","Wattles Elementary School","63","Oakland","LEA School","Elementary","City: Small","Oakland Region","5","04","Mathematics","Not English Learners","20","25","10","36.40","45.50","18.20","55","57.60"
"23 - 24 School Year","63","Oakland Schools","63150","Troy School District","05537","Wattles Elementary School","63","Oakland","LEA School","Elementary","City: Small","Oakland Region","5","04","Mathematics","Not Migrant","23","31","12","34.80","47.00","18.20","66","56.30"
"23 - 24 School Year","63","Oakland Schools","63150","Troy School District","05537","Wattles Elementary School","63","Oakland","LEA School","Elementary","City: Small","Oakland Region","5","All Grades","Mathematics","Not Migrant","37","52","39","28.90","40.60","30.50","128","49.40"
"23 - 24 School Year","63","Oakland Schools","63150","Troy School District","05537","Wattles Elementary School","63","Oakland","LEA School","Elementary","City: Small","Oakland Region","5","All Grades","Mathematics","Not English Learners","31","43","32","29.20","40.60","30.20","106","49.70"
"23 - 24 School Year","63","Oakland Schools","63150","Troy School District","05537","Wattles Elementary School","63","Oakland","LEA School","Elementary","City: Small","Oakland Region","5","All Grades","Mathematics","English Learners","< 10","< 10","< 10","27.30","40.90","31.80","22","48.40"
"23 - 24 School Year","63","Oakland Schools","63150","Troy School District","05537","Wattles Elementary School","63","Oakland","LEA School","Elementary","City: Small","Oakland Region","5","All Grades","Mathematics","Female","19","22","21","30.60","35.50","33.90","62","49.30"
"23 - 24 School Year","63","Oakland Schools","63150","Troy School District","05537","Wattles Elementary School","63","Oakland","LEA School","Elementary","City: Small","Oakland Region","5","All Grades","Mathematics","Male","18","30","18","27.30","45.50","27.30","66","49.60"
"23 - 24 School Year","63","Oakland Schools","63150","Troy School District","05537","Wattles Elementary School","63","Oakland","LEA School","Elementary","City: Small","Oakland Region","5","All Grades","Mathematics","Asian","21","23","16","35.00","38.30","26.70","60","54.50"
"23 - 24 School Year","63","Oakland Schools","63150","Troy School District","05537","Wattles Elementary School","63","Oakland","LEA School","Elementary","City: Small","Oakland Region","5","All Grades","Mathematics","Two or More Races","< 10","< 10","< 10","< 10","< 10","< 10","< 10","< 10"
"23 - 24 School Year","63","Oakland Schools","63150","Troy School District","05537","Wattles Elementary School","63","Oakland","LEA School","Elementary","City: Small","Oakland Region","5","All Grades","Mathematics","White, not of Hispanic origin","11","19","16","23.90","41.30","34.80","46","44.50"
"23 - 24 School Year","63","Oakland Schools","63150","Troy School District","05537","Wattles Elementary School","63","Oakland","LEA School","Elementary","City: Small","Oakland Region","5","All Grades","Mathematics","Hispanic","< 10","< 10","< 10","< 10","< 10","< 10","< 10","< 10"
"23 - 24 School Year","63","Oakland Schools","63150","Troy School District","05537","Wattles Elementary School","63","Oakland","LEA School","Elementary","City: Small","Oakland Region","5","All Grades","Mathematics","Black, not of Hispanic origin","< 10","< 10","< 10","< 10","< 10","< 10","< 10","< 10"
"23 - 24 School Year","63","Oakland Schools","63150","Troy School District","05537","Wattles Elementary School","63","Oakland","LEA School","Elementary","City: Small","Oakland Region","5","All Grades","Mathematics","Not Economically Disadvantaged","34","39","28","33.70","38.60","27.70","101","52.10"
"23 - 24 School Year","63","Oakland Schools","63150","Troy School District","05537","Wattles Elementary School","63","Oakland","LEA School","Elementary","City: Small","Oakland Region","5","All Grades","Mathematics","Economically Disadvantaged","< 10","13","11","11.10","48.10","40.70","27","39.50"
"23 - 24 School Year","63","Oakland Schools","63150","Troy School District","05537","Wattles Elementary School","63","Oakland","LEA School","Elementary","City: Small","Oakland Region","5","All Grades","Mathematics","All Students","37","52","39","28.90","40.60","30.50","128","49.40"
"23 - 24 School Year","63","Oakland Schools","63150","Troy School District","05537","Wattles Elementary School","63","Oakland","LEA School","Elementary","City: Small","Oakland Region","5","04","English Language Arts","Not Migrant","28","21","14","44.40","33.30","22.20","63","57.70"
"23 - 24 School Year","63","Oakland Schools","63150","Troy School District","05537","Wattles Elementary School","63","Oakland","LEA School","Elementary","City: Small","Oakland Region","5","04","English Language Arts","Not English Learners","27","15","11","50.90","28.30","20.80","53","60.60"
"23 - 24 School Year","63","Oakland Schools","63150","Troy School District","05537","Wattles Elementary School","63","Oakland","LEA School","Elementary","City: Small","Oakland Region","5","04","English Language Arts","English Learners","< 10","< 10","< 10","10.00","60.00","30.00","10","42.10"
"23 - 24 School Year","63","Oakland Schools","63150","Troy School District","05537","Wattles Elementary School","63","Oakland","LEA School","Elementary","City: Small","Oakland Region","5","04","English Language Arts","Female","17","11","< 10","47.20","30.60","22.20","36","58.80"
"23 - 24 School Year","63","Oakland Schools","63150","Troy School District","05537","Wattles Elementary School","63","Oakland","LEA School","Elementary","City: Small","Oakland Region","5","04","English Language Arts","Male","11","10","< 10","40.70","37.00","22.20","27","56.20"
"23 - 24 School Year","63","Oakland Schools","63150","Troy School District","05537","Wattles Elementary School","63","Oakland","LEA School","Elementary","City: Small","Oakland Region","5","04","English Language Arts","Asian","13","< 10","< 10","52.00","28.00","20.00","25","62.10"
"23 - 24 School Year","63","Oakland Schools","63150","Troy School District","05537","Wattles Elementary School","63","Oakland","LEA School","Elementary","City: Small","Oakland Region","5","04","English Language Arts","Two or More Races","< 10","< 10","< 10","< 10","< 10","< 10","< 10","< 10"
"23 - 24 School Year","63","Oakland Schools","63150","Troy School District","05537","Wattles Elementary School","63","Oakland","LEA School","Elementary","City: Small","Oakland Region","5","04","English Language Arts","White, not of Hispanic origin","< 10","11","< 10","29.60","40.70","29.60","27","49.40"
"23 - 24 School Year","63","Oakland Schools","63150","Troy School District","05537","Wattles Elementary School","63","Oakland","LEA School","Elementary","City: Small","Oakland Region","5","04","English Language Arts","Hispanic","< 10","< 10","< 10","< 10","< 10","< 10","< 10","< 10"
"23 - 24 School Year","63","Oakland Schools","63150","Troy School District","05537","Wattles Elementary School","63","Oakland","LEA School","Elementary","City: Small","Oakland Region","5","04","English Language Arts","Black, not of Hispanic origin","< 10","< 10","< 10","< 10","< 10","< 10","< 10","< 10"
"23 - 24 School Year","63","Oakland Schools","63150","Troy School District","05537","Wattles Elementary School","63","Oakland","LEA School","Elementary","City: Small","Oakland Region","5","04","English Language Arts","Not Economically Disadvantaged","22","16","12","44.00","32.00","24.00","50","57.00"
"23 - 24 School Year","63","Oakland Schools","63150","Troy School District","05537","Wattles Elementary School","63","Oakland","LEA School","Elementary","City: Small","Oakland Region","5","04","English Language Arts","Economically Disadvantaged","< 10","< 10","< 10","46.20","38.50","15.40","13","60.20"
"23 - 24 School Year","63","Oakland Schools","63150","Troy School District","06124","Schroeder Elementary School","63","Oakland","LEA School","Elementary","City: Small","Oakland Region","5","All Grades","Mathematics","Students without Disabilities","50","56","27","37.60","42.10","20.30","133","55.70"
"23 - 24 School Year","63","Oakland Schools","63150","Troy School District","06124","Schroeder Elementary School","63","Oakland","LEA School","Elementary","City: Small","Oakland Region","5","All Grades","English Language Arts","Students without Disabilities","53","48","27","41.40","37.50","21.10","128","57.80"
"23 - 24 School Year","63","Oakland Schools","63150","Troy School District","06124","Schroeder Elementary School","63","Oakland","LEA School","Elementary","City: Small","Oakland Region","5","04","English Language Arts","Students without Disabilities","18","22","12","34.60","42.30","23.10","52","56.00"
"23 - 24 School Year","63","Oakland Schools","63150","Troy School District","06124","Schroeder Elementary School","63","Oakland","LEA School","Elementary","City: Small","Oakland Region","5","All Grades","Mathematics","Students with Disabilities","< 10","< 10","12","6.70","13.30","80.00","15","21.50"
"23 - 24 School Year","63","Oakland Schools","63150","Troy School District","06124","Schroeder Elementary School","63","Oakland","LEA School","Elementary","City: Small","Oakland Region","5","All Grades","English Language Arts","Students with Disabilities","< 10","< 10","< 10","13.30","40.00","46.70","15","38.00"
"23 - 24 School Year","63","Oakland Schools","63150","Troy School District","06124","Schroeder Elementary School","63","Oakland","LEA School","Elementary","City: Small","Oakland Region","5","05","English Language Arts","Asian","23","14","< 10","54.80","33.30","11.90","42","65.60"
"23 - 24 School Year","63","Oakland Schools","63150","Troy School District","06124","Schroeder Elementary School","63","Oakland","LEA School","Elementary","City: Small","Oakland Region","5","05","English Language Arts","Male","15","14","10","38.50","35.90","25.60","39","52.20"
"23 - 24 School Year","63","Oakland Schools","63150","Troy School District","06124","Schroeder Elementary School","63","Oakland","LEA School","Elementary","City: Small","Oakland Region","5","05","English Language Arts","Female","20","14","< 10","47.60","33.30","19.00","42","62.00"
"23 - 24 School Year","63","Oakland Schools","63150","Troy School District","06124","Schroeder Elementary School","63","Oakland","LEA School","Elementary","City: Small","Oakland Region","5","05","English Language Arts","English Learners","< 10","< 10","< 10","< 10","< 10","< 10","< 10","< 10"
"23 - 24 School Year","63","Oakland Schools","63150","Troy School District","06124","Schroeder Elementary School","63","Oakland","LEA School","Elementary","City: Small","Oakland Region","5","05","English Language Arts","Not English Learners","30","26","17","41.10","35.60","23.30","73","55.40"
"23 - 24 School Year","63","Oakland Schools","63150","Troy School District","06124","Schroeder Elementary School","63","Oakland","LEA School","Elementary","City: Small","Oakland Region","5","05","English Language Arts","Not Migrant","35","28","18","43.20","34.60","22.20","81","57.30"
"23 - 24 School Year","63","Oakland Schools","63150","Troy School District","06124","Schroeder Elementary School","63","Oakland","LEA School","Elementary","City: Small","Oakland Region","5","05","Mathematics","All Students","34","36","13","41.00","43.40","15.70","83","57.70"
"23 - 24 School Year","63","Oakland Schools","63150","Troy School District","06124","Schroeder Elementary School","63","Oakland","LEA School","Elementary","City: Small","Oakland Region","5","05","Mathematics","Economically Disadvantaged","< 10","< 10","< 10","< 10","< 10","< 10","< 10","< 10"
"23 - 24 School Year","63","Oakland Schools","63150","Troy School District","06124","Schroeder Elementary School","63","Oakland","LEA School","Elementary","City: Small","Oakland Region","5","05","Mathematics","Not Migrant","34","36","13","41.00","43.40","15.70","83","57.70"
"23 - 24 School Year","63","Oakland Schools","63150","Troy School District","06124","Schroeder Elementary School","63","Oakland","LEA School","Elementary","City: Small","Oakland Region","5","05","Mathematics","Not English Learners","26","34","13","35.60","46.60","17.80","73","54.70"
"23 - 24 School Year","63","Oakland Schools","63150","Troy School District","06124","Schroeder Elementary School","63","Oakland","LEA School","Elementary","City: Small","Oakland Region","5","05","Mathematics","English Learners","< 10","< 10","< 10","80.00","20.00","< 5","10","79.70"
"23 - 24 School Year","63","Oakland Schools","63150","Troy School District","06124","Schroeder Elementary School","63","Oakland","LEA School","Elementary","City: Small","Oakland Region","5","05","Mathematics","Female","16","21","< 10","38.10","50.00","11.90","42","54.90"
"23 - 24 School Year","63","Oakland Schools","63150","Troy School District","06124","Schroeder Elementary School","63","Oakland","LEA School","Elementary","City: Small","Oakland Region","5","05","Mathematics","Male","18","15","< 10","43.90","36.60","19.50","41","60.60"
"23 - 24 School Year","63","Oakland Schools","63150","Troy School District","06124","Schroeder Elementary School","63","Oakland","LEA School","Elementary","City: Small","Oakland Region","5","05","Mathematics","Asian","21","19","< 10","47.70","43.20","9.10","44","62.10"
"23 - 24 School Year","63","Oakland Schools","63150","Troy School District","06124","Schroeder Elementary School","63","Oakland","LEA School","Elementary","City: Small","Oakland Region","5","05","Mathematics","Two or More Races","< 10","< 10","< 10","< 10","< 10","< 10","< 10","< 10"
"23 - 24 School Year","63","Oakland Schools","63150","Troy School District","06124","Schroeder Elementary School","63","Oakland","LEA School","Elementary","City: Small","Oakland Region","5","05","Mathematics","White, not of Hispanic origin","< 10","14","< 10","25.00","50.00","25.00","28","48.10"
"23 - 24 School Year","63","Oakland Schools","63150","Troy School District","06124","Schroeder Elementary School","63","Oakland","LEA School","Elementary","City: Small","Oakland Region","5","05","Mathematics","Not Economically Disadvantaged","32","33","10","42.70","44.00","13.30","75","59.30"
"23 - 24 School Year","63","Oakland Schools","63150","Troy School District","06124","Schroeder Elementary School","63","Oakland","LEA School","Elementary","City: Small","Oakland Region","5","05","Mathematics","Black, not of Hispanic origin","< 10","< 10","< 10","< 10","< 10","< 10","< 10","< 10"
"23 - 24 School Year","63","Oakland Schools","63150","Troy School District","06124","Schroeder Elementary School","63","Oakland","LEA School","Elementary","City: Small","Oakland Region","5","05","Mathematics","Hispanic","< 10","< 10","< 10","< 10","< 10","< 10","< 10","< 10"
"23 - 24 School Year","63","Oakland Schools","63150","Troy School District","06124","Schroeder Elementary School","63","Oakland","LEA School","Elementary","City: Small","Oakland Region","5","All Grades","English Language Arts","All Students","55","54","34","38.50","37.80","23.80","143","55.70"
"23 - 24 School Year","63","Oakland Schools","63150","Troy School District","06124","Schroeder Elementary School","63","Oakland","LEA School","Elementary","City: Small","Oakland Region","5","All Grades","Mathematics","All Students","51","58","39","34.50","39.20","26.40","148","52.30"
"23 - 24 School Year","63","Oakland Schools","63150","Troy School District","06124","Schroeder Elementary School","63","Oakland","LEA School","Elementary","City: Small","Oakland Region","5","All Grades","English Language Arts","Not Migrant","55","54","34","38.50","37.80","23.80","143","55.70"
"23 - 24 School Year","63","Oakland Schools","63150","Troy School District","06124","Schroeder Elementary School","63","Oakland","LEA School","Elementary","City: Small","Oakland Region","5","All Grades","English Language Arts","Not English Learners","48","48","26","39.30","39.30","21.30","122","56.40"
"23 - 24 School Year","63","Oakland Schools","63150","Troy School District","06124","Schroeder Elementary School","63","Oakland","LEA School","Elementary","City: Small","Oakland Region","5","All Grades","English Language Arts","English Learners","< 10","< 10","< 10","33.30","28.60","38.10","21","52.00"
"23 - 24 School Year","63","Oakland Schools","63150","Troy School District","06124","Schroeder Elementary School","63","Oakland","LEA School","Elementary","City: Small","Oakland Region","5","All Grades","English Language Arts","Female","31","23","15","44.90","33.30","21.70","69","60.90"
"23 - 24 School Year","63","Oakland Schools","63150","Troy School District","06124","Schroeder Elementary School","63","Oakland","LEA School","Elementary","City: Small","Oakland Region","5","All Grades","English Language Arts","Male","24","31","19","32.40","41.90","25.70","74","50.90"
"23 - 24 School Year","63","Oakland Schools","63150","Troy School District","06124","Schroeder Elementary School","63","Oakland","LEA School","Elementary","City: Small","Oakland Region","5","All Grades","English Language Arts","Asian","34","19","10","54.00","30.20","15.90","63","65.10"
"23 - 24 School Year","63","Oakland Schools","63150","Troy School District","06124","Schroeder Elementary School","63","Oakland","LEA School","Elementary","City: Small","Oakland Region","5","All Grades","English Language Arts","Two or More Races","< 10","< 10","< 10","< 10","< 10","< 10","< 10","< 10"
"23 - 24 School Year","63","Oakland Schools","63150","Troy School District","06124","Schroeder Elementary School","63","Oakland","LEA School","Elementary","City: Small","Oakland Region","5","All Grades","English Language Arts","White, not of Hispanic origin","18","22","18","31.00","37.90","31.00","58","49.50"
"23 - 24 School Year","63","Oakland Schools","63150","Troy School District","06124","Schroeder Elementary School","63","Oakland","LEA School","Elementary","City: Small","Oakland Region","5","All Grades","English Language Arts","Hispanic","< 10","< 10","< 10","< 10","< 10","< 10","< 10","< 10"
"23 - 24 School Year","63","Oakland Schools","63150","Troy School District","06124","Schroeder Elementary School","63","Oakland","LEA School","Elementary","City: Small","Oakland Region","5","All Grades","English Language Arts","Black, not of Hispanic origin","< 10","< 10","< 10","< 10","< 10","< 10","< 10","< 10"
"23 - 24 School Year","63","Oakland Schools","63150","Troy School District","06124","Schroeder Elementary School","63","Oakland","LEA School","Elementary","City: Small","Oakland Region","5","All Grades","English Language Arts","Not Economically Disadvantaged","49","51","29","38.00","39.50","22.50","129","56.10"
"23 - 24 School Year","63","Oakland Schools","63150","Troy School District","06124","Schroeder Elementary School","63","Oakland","LEA School","Elementary","City: Small","Oakland Region","5","All Grades","English Language Arts","Economically Disadvantaged","< 10","< 10","< 10","42.90","21.40","35.70","14","51.90"
"23 - 24 School Year","63","Oakland Schools","63150","Troy School District","06124","Schroeder Elementary School","63","Oakland","LEA School","Elementary","City: Small","Oakland Region","5","05","Mathematics","Students without Disabilities","33","35","10","42.30","44.90","12.80","78","59.30"
"23 - 24 School Year","63","Oakland Schools","63150","Troy School District","06124","Schroeder Elementary School","63","Oakland","LEA School","Elementary","City: Small","Oakland Region","5","05","English Language Arts","Not Economically Disadvantaged","31","27","15","42.50","37.00","20.50","73","57.20"
"23 - 24 School Year","63","Oakland Schools","63150","Troy School District","06124","Schroeder Elementary School","63","Oakland","LEA School","Elementary","City: Small","Oakland Region","5","04","English Language Arts","Students with Disabilities","< 10","< 10","< 10","20.00","40.00","40.00","10","41.50"
"23 - 24 School Year","63","Oakland Schools","63150","Troy School District","06124","Schroeder Elementary School","63","Oakland","LEA School","Elementary","City: Small","Oakland Region","5","04","Mathematics","Students with Disabilities","< 10","< 10","< 10","< 5","10.00","90.00","10","16.30"
"23 - 24 School Year","63","Oakland Schools","63150","Troy School District","06124","Schroeder Elementary School","63","Oakland","LEA School","Elementary","City: Small","Oakland Region","5","05","English Language Arts","Students with Disabilities","< 10","< 10","< 10","< 10","< 10","< 10","< 10","< 10"
"23 - 24 School Year","63","Oakland Schools","63150","Troy School District","06124","Schroeder Elementary School","63","Oakland","LEA School","Elementary","City: Small","Oakland Region","5","05","Mathematics","Students with Disabilities","< 10","< 10","< 10","< 10","< 10","< 10","< 10","< 10"
"23 - 24 School Year","63","Oakland Schools","63150","Troy School District","06124","Schroeder Elementary School","63","Oakland","LEA School","Elementary","City: Small","Oakland Region","5","05","English Language Arts","Black, not of Hispanic origin","< 10","< 10","< 10","< 10","< 10","< 10","< 10","< 10"
"23 - 24 School Year","63","Oakland Schools","63150","Troy School District","06124","Schroeder Elementary School","63","Oakland","LEA School","Elementary","City: Small","Oakland Region","5","05","English Language Arts","Hispanic","< 10","< 10","< 10","< 10","< 10","< 10","< 10","< 10"
"23 - 24 School Year","63","Oakland Schools","63150","Troy School District","06124","Schroeder Elementary School","63","Oakland","LEA School","Elementary","City: Small","Oakland Region","5","05","English Language Arts","White, not of Hispanic origin","< 10","< 10","10","32.10","32.10","35.70","28","47.60"
"23 - 24 School Year","63","Oakland Schools","63150","Troy School District","06124","Schroeder Elementary School","63","Oakland","LEA School","Elementary","City: Small","Oakland Region","5","05","English Language Arts","Two or More Races","< 10","< 10","< 10","< 10","< 10","< 10","< 10","< 10"
"23 - 24 School Year","63","Oakland Schools","63150","Troy School District","06124","Schroeder Elementary School","63","Oakland","LEA School","Elementary","City: Small","Oakland Region","5","05","English Language Arts","Students without Disabilities","35","26","15","46.10","34.20","19.70","76","59.00"
"23 - 24 School Year","63","Oakland Schools","63150","Troy School District","06124","Schroeder Elementary School","63","Oakland","LEA School","Elementary","City: Small","Oakland Region","5","04","Mathematics","Students without Disabilities","17","21","17","30.90","38.20","30.90","55","50.60"
"23 - 24 School Year","63","Oakland Schools","63150","Troy School District","06124","Schroeder Elementary School","63","Oakland","LEA School","Elementary","City: Small","Oakland Region","5","05","English Language Arts","Economically Disadvantaged","< 10","< 10","< 10","< 10","< 10","< 10","< 10","< 10"
"23 - 24 School Year","63","Oakland Schools","63150","Troy School District","06124","Schroeder Elementary School","63","Oakland","LEA School","Elementary","City: Small","Oakland Region","5","05","English Language Arts","All Students","35","28","18","43.20","34.60","22.20","81","57.30"
"23 - 24 School Year","63","Oakland Schools","63150","Troy School District","06124","Schroeder Elementary School","63","Oakland","LEA School","Elementary","City: Small","Oakland Region","5","04","Mathematics","Not Migrant","17","22","26","26.20","33.80","40.00","65","45.40"
"23 - 24 School Year","63","Oakland Schools","63150","Troy School District","06124","Schroeder Elementary School","63","Oakland","LEA School","Elementary","City: Small","Oakland Region","5","04","Mathematics","Not English Learners","11","18","20","22.40","36.70","40.80","49","44.30"
"23 - 24 School Year","63","Oakland Schools","63150","Troy School District","06124","Schroeder Elementary School","63","Oakland","LEA School","Elementary","City: Small","Oakland Region","5","04","Mathematics","English Learners","< 10","< 10","< 10","37.50","25.00","37.50","16","48.40"
"23 - 24 School Year","63","Oakland Schools","63150","Troy School District","06124","Schroeder Elementary School","63","Oakland","LEA School","Elementary","City: Small","Oakland Region","5","04","Mathematics","Female","< 10","11","10","25.00","39.30","35.70","28","47.30"
"23 - 24 School Year","63","Oakland Schools","63150","Troy School District","06124","Schroeder Elementary School","63","Oakland","LEA School","Elementary","City: Small","Oakland Region","5","04","Mathematics","Male","10","11","16","27.00","29.70","43.20","37","43.90"
"23 - 24 School Year","63","Oakland Schools","63150","Troy School District","06124","Schroeder Elementary School","63","Oakland","LEA School","Elementary","City: Small","Oakland Region","5","04","English Language Arts","Not Economically Disadvantaged","18","24","14","32.10","42.90","25.00","56","54.80"
"23 - 24 School Year","63","Oakland Schools","63150","Troy School District","06124","Schroeder Elementary School","63","Oakland","LEA School","Elementary","City: Small","Oakland Region","5","04","English Language Arts","Black, not of Hispanic origin","< 10","< 10","< 10","< 10","< 10","< 10","< 10","< 10"
"23 - 24 School Year","63","Oakland Schools","63150","Troy School District","06124","Schroeder Elementary School","63","Oakland","LEA School","Elementary","City: Small","Oakland Region","5","04","English Language Arts","Hispanic","< 10","< 10","< 10","< 10","< 10","< 10","< 10","< 10"
"23 - 24 School Year","63","Oakland Schools","63150","Troy School District","06124","Schroeder Elementary School","63","Oakland","LEA School","Elementary","City: Small","Oakland Region","5","04","English Language Arts","White, not of Hispanic origin","< 10","13","< 10","30.00","43.30","26.70","30","51.30"
"23 - 24 School Year","63","Oakland Schools","63150","Troy School District","06124","Schroeder Elementary School","63","Oakland","LEA School","Elementary","City: Small","Oakland Region","5","04","English Language Arts","Two or More Races","< 10","< 10","< 10","< 10","< 10","< 10","< 10","< 10"
"23 - 24 School Year","63","Oakland Schools","63150","Troy School District","06124","Schroeder Elementary School","63","Oakland","LEA School","Elementary","City: Small","Oakland Region","5","04","English Language Arts","Asian","11","< 10","< 10","52.40","23.80","23.80","21","64.00"
"23 - 24 School Year","63","Oakland Schools","63150","Troy School District","06124","Schroeder Elementary School","63","Oakland","LEA School","Elementary","City: Small","Oakland Region","5","04","English Language Arts","Male","< 10","17","< 10","25.70","48.60","25.70","35","49.40"
"23 - 24 School Year","63","Oakland Schools","63150","Troy School District","06124","Schroeder Elementary School","63","Oakland","LEA School","Elementary","City: Small","Oakland Region","5","04","English Language Arts","Female","11","< 10","< 10","40.70","33.30","25.90","27","59.30"
"23 - 24 School Year","63","Oakland Schools","63150","Troy School District","06124","Schroeder Elementary School","63","Oakland","LEA School","Elementary","City: Small","Oakland Region","5","04","English Language Arts","English Learners","< 10","< 10","< 10","15.40","30.80","53.80","13","38.00"
"23 - 24 School Year","63","Oakland Schools","63150","Troy School District","06124","Schroeder Elementary School","63","Oakland","LEA School","Elementary","City: Small","Oakland Region","5","04","English Language Arts","Not English Learners","18","22","< 10","36.70","44.90","18.40","49","57.80"
"23 - 24 School Year","63","Oakland Schools","63150","Troy School District","06124","Schroeder Elementary School","63","Oakland","LEA School","Elementary","City: Small","Oakland Region","5","04","English Language Arts","Not Migrant","20","26","16","32.30","41.90","25.80","62","53.70"
"23 - 24 School Year","63","Oakland Schools","63150","Troy School District","06124","Schroeder Elementary School","63","Oakland","LEA School","Elementary","City: Small","Oakland Region","5","04","Mathematics","All Students","17","22","26","26.20","33.80","40.00","65","45.40"
"23 - 24 School Year","63","Oakland Schools","63150","Troy School District","06124","Schroeder Elementary School","63","Oakland","LEA School","Elementary","City: Small","Oakland Region","5","04","Mathematics","Economically Disadvantaged","< 10","< 10","< 10","< 10","< 10","< 10","< 10","< 10"
"23 - 24 School Year","63","Oakland Schools","63150","Troy School District","06124","Schroeder Elementary School","63","Oakland","LEA School","Elementary","City: Small","Oakland Region","5","04","Mathematics","Not Economically Disadvantaged","17","20","22","28.80","33.90","37.30","59","47.80"
"23 - 24 School Year","63","Oakland Schools","63150","Troy School District","06124","Schroeder Elementary School","63","Oakland","LEA School","Elementary","City: Small","Oakland Region","5","04","Mathematics","Black, not of Hispanic origin","< 10","< 10","< 10","< 10","< 10","< 10","< 10","< 10"
"23 - 24 School Year","63","Oakland Schools","63150","Troy School District","06124","Schroeder Elementary School","63","Oakland","LEA School","Elementary","City: Small","Oakland Region","5","04","Mathematics","Hispanic","< 10","< 10","< 10","< 10","< 10","< 10","< 10","< 10"
"23 - 24 School Year","63","Oakland Schools","63150","Troy School District","06124","Schroeder Elementary School","63","Oakland","LEA School","Elementary","City: Small","Oakland Region","5","04","Mathematics","White, not of Hispanic origin","< 10","< 10","14","23.30","30.00","46.70","30","40.60"
"23 - 24 School Year","63","Oakland Schools","63150","Troy School District","06124","Schroeder Elementary School","63","Oakland","LEA School","Elementary","City: Small","Oakland Region","5","04","Mathematics","Two or More Races","< 10","< 10","< 10","< 10","< 10","< 10","< 10","< 10"
"23 - 24 School Year","63","Oakland Schools","63150","Troy School District","06124","Schroeder Elementary School","63","Oakland","LEA School","Elementary","City: Small","Oakland Region","5","04","Mathematics","Asian","< 10","10","< 10","29.20","41.70","29.20","24","52.80"
"23 - 24 School Year","63","Oakland Schools","63150","Troy School District","06124","Schroeder Elementary School","63","Oakland","LEA School","Elementary","City: Small","Oakland Region","5","All Grades","Mathematics","Economically Disadvantaged","< 10","< 10","< 10","14.30","35.70","50.00","14","33.30"
"23 - 24 School Year","63","Oakland Schools","63150","Troy School District","06124","Schroeder Elementary School","63","Oakland","LEA School","Elementary","City: Small","Oakland Region","5","All Grades","Mathematics","Not Economically Disadvantaged","49","53","32","36.60","39.60","23.90","134","54.30"
"23 - 24 School Year","63","Oakland Schools","63150","Troy School District","06124","Schroeder Elementary School","63","Oakland","LEA School","Elementary","City: Small","Oakland Region","5","All Grades","Mathematics","Black, not of Hispanic origin","< 10","< 10","< 10","< 10","< 10","< 10","< 10","< 10"
"23 - 24 School Year","63","Oakland Schools","63150","Troy School District","06124","Schroeder Elementary School","63","Oakland","LEA School","Elementary","City: Small","Oakland Region","5","All Grades","Mathematics","Hispanic","< 10","< 10","< 10","< 10","< 10","< 10","< 10","< 10"
"23 - 24 School Year","63","Oakland Schools","63150","Troy School District","06124","Schroeder Elementary School","63","Oakland","LEA School","Elementary","City: Small","Oakland Region","5","04","English Language Arts","Economically Disadvantaged","< 10","< 10","< 10","< 10","< 10","< 10","< 10","< 10"
"23 - 24 School Year","63","Oakland Schools","63150","Troy School District","06124","Schroeder Elementary School","63","Oakland","LEA School","Elementary","City: Small","Oakland Region","5","04","English Language Arts","All Students","20","26","16","32.30","41.90","25.80","62","53.70"
"23 - 24 School Year","63","Oakland Schools","63150","Troy School District","06124","Schroeder Elementary School","63","Oakland","LEA School","Elementary","City: Small","Oakland Region","5","All Grades","Mathematics","Not Migrant","51","58","39","34.50","39.20","26.40","148","52.30"
"23 - 24 School Year","63","Oakland Schools","63150","Troy School District","06124","Schroeder Elementary School","63","Oakland","LEA School","Elementary","City: Small","Oakland Region","5","All Grades","Mathematics","Not English Learners","37","52","33","30.30","42.60","27.00","122","50.50"
"23 - 24 School Year","63","Oakland Schools","63150","Troy School District","06124","Schroeder Elementary School","63","Oakland","LEA School","Elementary","City: Small","Oakland Region","5","All Grades","Mathematics","English Learners","14","< 10","< 10","53.80","23.10","23.10","26","60.50"
"23 - 24 School Year","63","Oakland Schools","63150","Troy School District","06124","Schroeder Elementary School","63","Oakland","LEA School","Elementary","City: Small","Oakland Region","5","All Grades","Mathematics","Female","23","32","15","32.90","45.70","21.40","70","51.80"
"23 - 24 School Year","63","Oakland Schools","63150","Troy School District","06124","Schroeder Elementary School","63","Oakland","LEA School","Elementary","City: Small","Oakland Region","5","All Grades","Mathematics","Male","28","26","24","35.90","33.30","30.80","78","52.70"
"23 - 24 School Year","63","Oakland Schools","63150","Troy School District","06124","Schroeder Elementary School","63","Oakland","LEA School","Elementary","City: Small","Oakland Region","5","All Grades","Mathematics","Asian","28","29","11","41.20","42.60","16.20","68","58.90"
"23 - 24 School Year","63","Oakland Schools","63150","Troy School District","06124","Schroeder Elementary School","63","Oakland","LEA School","Elementary","City: Small","Oakland Region","5","All Grades","Mathematics","Two or More Races","< 10","< 10","< 10","< 10","< 10","< 10","< 10","< 10"
"23 - 24 School Year","63","Oakland Schools","63150","Troy School District","06124","Schroeder Elementary School","63","Oakland","LEA School","Elementary","City: Small","Oakland Region","5","All Grades","Mathematics","White, not of Hispanic origin","14","23","21","24.10","39.70","36.20","58","44.20"
"23 - 24 School Year","63","Oakland Schools","63150","Troy School District","06364","Costello Elementary School","63","Oakland","LEA School","Elementary","City: Small","Oakland Region","5","All Grades","English Language Arts","Students with Disabilities","< 10","< 10","< 10","26.70","33.30","40.00","15","40.40"
"23 - 24 School Year","63","Oakland Schools","63150","Troy School District","06364","Costello Elementary School","63","Oakland","LEA School","Elementary","City: Small","Oakland Region","5","All Grades","Mathematics","Students with Disabilities","< 10","< 10","< 10","6.70","60.00","33.30","15","41.20"
"23 - 24 School Year","63","Oakland Schools","63150","Troy School District","06364","Costello Elementary School","63","Oakland","LEA School","Elementary","City: Small","Oakland Region","5","04","English Language Arts","Students with Disabilities","< 10","< 10","< 10","< 10","< 10","< 10","< 10","< 10"
"23 - 24 School Year","63","Oakland Schools","63150","Troy School District","06364","Costello Elementary School","63","Oakland","LEA School","Elementary","City: Small","Oakland Region","5","04","Mathematics","Students with Disabilities","< 10","< 10","< 10","< 10","< 10","< 10","< 10","< 10"
"23 - 24 School Year","63","Oakland Schools","63150","Troy School District","06364","Costello Elementary School","63","Oakland","LEA School","Elementary","City: Small","Oakland Region","5","05","English Language Arts","Students with Disabilities","< 10","< 10","< 10","< 10","< 10","< 10","< 10","< 10"
"23 - 24 School Year","63","Oakland Schools","63150","Troy School District","06364","Costello Elementary School","63","Oakland","LEA School","Elementary","City: Small","Oakland Region","5","05","Mathematics","Students with Disabilities","< 10","< 10","< 10","< 10","< 10","< 10","< 10","< 10"
"23 - 24 School Year","63","Oakland Schools","63150","Troy School District","06364","Costello Elementary School","63","Oakland","LEA School","Elementary","City: Small","Oakland Region","5","05","Mathematics","Not Migrant","22","35","14","31.00","49.30","19.70","71","55.50"
"23 - 24 School Year","63","Oakland Schools","63150","Troy School District","06364","Costello Elementary School","63","Oakland","LEA School","Elementary","City: Small","Oakland Region","5","05","Mathematics","Not English Learners","19","31","12","30.60","50.00","19.40","62","55.10"
"23 - 24 School Year","63","Oakland Schools","63150","Troy School District","06364","Costello Elementary School","63","Oakland","LEA School","Elementary","City: Small","Oakland Region","5","05","Mathematics","English Learners","< 10","< 10","< 10","< 10","< 10","< 10","< 10","< 10"
"23 - 24 School Year","63","Oakland Schools","63150","Troy School District","06364","Costello Elementary School","63","Oakland","LEA School","Elementary","City: Small","Oakland Region","5","05","Mathematics","Female","< 10","17","< 10","24.10","58.60","17.20","29","54.90"
"23 - 24 School Year","63","Oakland Schools","63150","Troy School District","06364","Costello Elementary School","63","Oakland","LEA School","Elementary","City: Small","Oakland Region","5","05","Mathematics","Male","15","18","< 10","35.70","42.90","21.40","42","55.90"
"23 - 24 School Year","63","Oakland Schools","63150","Troy School District","06364","Costello Elementary School","63","Oakland","LEA School","Elementary","City: Small","Oakland Region","5","05","Mathematics","Asian","13","10","< 10","52.00","40.00","8.00","25","68.10"
"23 - 24 School Year","63","Oakland Schools","63150","Troy School District","06364","Costello Elementary School","63","Oakland","LEA School","Elementary","City: Small","Oakland Region","5","05","Mathematics","Two or More Races","< 10","< 10","< 10","< 10","< 10","< 10","< 10","< 10"
"23 - 24 School Year","63","Oakland Schools","63150","Troy School District","06364","Costello Elementary School","63","Oakland","LEA School","Elementary","City: Small","Oakland Region","5","05","Mathematics","White, not of Hispanic origin","< 10","24","10","19.00","57.10","23.80","42","48.60"
"23 - 24 School Year","63","Oakland Schools","63150","Troy School District","06364","Costello Elementary School","63","Oakland","LEA School","Elementary","City: Small","Oakland Region","5","05","Mathematics","Hispanic","< 10","< 10","< 10","< 10","< 10","< 10","< 10","< 10"
"23 - 24 School Year","63","Oakland Schools","63150","Troy School District","06364","Costello Elementary School","63","Oakland","LEA School","Elementary","City: Small","Oakland Region","5","05","Mathematics","Not Economically Disadvantaged","19","25","12","33.90","44.60","21.40","56","54.50"
"23 - 24 School Year","63","Oakland Schools","63150","Troy School District","06364","Costello Elementary School","63","Oakland","LEA School","Elementary","City: Small","Oakland Region","5","05","Mathematics","Economically Disadvantaged","< 10","10","< 10","20.00","66.70","13.30","15","59.00"
"23 - 24 School Year","63","Oakland Schools","63150","Troy School District","06364","Costello Elementary School","63","Oakland","LEA School","Elementary","City: Small","Oakland Region","5","05","Mathematics","All Students","22","35","14","31.00","49.30","19.70","71","55.50"
"23 - 24 School Year","63","Oakland Schools","63150","Troy School District","06364","Costello Elementary School","63","Oakland","LEA School","Elementary","City: Small","Oakland Region","5","05","English Language Arts","Not Migrant","26","28","17","36.60","39.40","23.90","71","54.70"
"23 - 24 School Year","63","Oakland Schools","63150","Troy School District","06364","Costello Elementary School","63","Oakland","LEA School","Elementary","City: Small","Oakland Region","5","05","English Language Arts","Not English Learners","20","27","15","32.30","43.50","24.20","62","53.30"
"23 - 24 School Year","63","Oakland Schools","63150","Troy School District","06364","Costello Elementary School","63","Oakland","LEA School","Elementary","City: Small","Oakland Region","5","05","English Language Arts","English Learners","< 10","< 10","< 10","< 10","< 10","< 10","< 10","< 10"
"23 - 24 School Year","63","Oakland Schools","63150","Troy School District","06364","Costello Elementary School","63","Oakland","LEA School","Elementary","City: Small","Oakland Region","5","All Grades","Mathematics","Not Economically Disadvantaged","36","62","22","30.00","51.70","18.30","120","53.80"
"23 - 24 School Year","63","Oakland Schools","63150","Troy School District","06364","Costello Elementary School","63","Oakland","LEA School","Elementary","City: Small","Oakland Region","5","All Grades","Mathematics","Economically Disadvantaged","< 10","12","< 10","22.70","54.50","22.70","22","55.30"
"23 - 24 School Year","63","Oakland Schools","63150","Troy School District","06364","Costello Elementary School","63","Oakland","LEA School","Elementary","City: Small","Oakland Region","5","All Grades","Mathematics","All Students","41","74","27","28.90","52.10","19.00","142","54.00"
"23 - 24 School Year","63","Oakland Schools","63150","Troy School District","06364","Costello Elementary School","63","Oakland","LEA School","Elementary","City: Small","Oakland Region","5","All Grades","English Language Arts","Not Migrant","53","51","37","37.60","36.20","26.20","141","54.00"
"23 - 24 School Year","63","Oakland Schools","63150","Troy School District","06364","Costello Elementary School","63","Oakland","LEA School","Elementary","City: Small","Oakland Region","5","All Grades","English Language Arts","Not English Learners","42","46","29","35.90","39.30","24.80","117","54.20"
"23 - 24 School Year","63","Oakland Schools","63150","Troy School District","06364","Costello Elementary School","63","Oakland","LEA School","Elementary","City: Small","Oakland Region","5","All Grades","English Language Arts","English Learners","11","< 10","< 10","45.80","20.80","33.30","24","52.80"
"23 - 24 School Year","63","Oakland Schools","63150","Troy School District","06364","Costello Elementary School","63","Oakland","LEA School","Elementary","City: Small","Oakland Region","5","All Grades","English Language Arts","Female","24","27","17","35.30","39.70","25.00","68","53.10"
"23 - 24 School Year","63","Oakland Schools","63150","Troy School District","06364","Costello Elementary School","63","Oakland","LEA School","Elementary","City: Small","Oakland Region","5","All Grades","Mathematics","Hispanic","< 10","< 10","< 10","< 10","< 10","< 10","< 10","< 10"
"23 - 24 School Year","63","Oakland Schools","63150","Troy School District","06364","Costello Elementary School","63","Oakland","LEA School","Elementary","City: Small","Oakland Region","5","All Grades","Mathematics","White, not of Hispanic origin","16","53","19","18.20","60.20","21.60","88","48.50"
"23 - 24 School Year","63","Oakland Schools","63150","Troy School District","06364","Costello Elementary School","63","Oakland","LEA School","Elementary","City: Small","Oakland Region","5","All Grades","Mathematics","Two or More Races","< 10","< 10","< 10","< 10","< 10","< 10","< 10","< 10"
"23 - 24 School Year","63","Oakland Schools","63150","Troy School District","06364","Costello Elementary School","63","Oakland","LEA School","Elementary","City: Small","Oakland Region","5","All Grades","Mathematics","Asian","22","13","< 10","56.40","33.30","10.30","39","67.90"
"23 - 24 School Year","63","Oakland Schools","63150","Troy School District","06364","Costello Elementary School","63","Oakland","LEA School","Elementary","City: Small","Oakland Region","5","All Grades","Mathematics","Male","22","36","15","30.10","49.30","20.50","73","54.20"
"23 - 24 School Year","63","Oakland Schools","63150","Troy School District","06364","Costello Elementary School","63","Oakland","LEA School","Elementary","City: Small","Oakland Region","5","All Grades","Mathematics","Female","19","38","12","27.50","55.10","17.40","69","53.80"
"23 - 24 School Year","63","Oakland Schools","63150","Troy School District","06364","Costello Elementary School","63","Oakland","LEA School","Elementary","City: Small","Oakland Region","5","All Grades","Mathematics","English Learners","< 10","12","< 10","28.00","48.00","24.00","25","52.00"
"23 - 24 School Year","63","Oakland Schools","63150","Troy School District","06364","Costello Elementary School","63","Oakland","LEA School","Elementary","City: Small","Oakland Region","5","All Grades","Mathematics","Not English Learners","34","62","21","29.10","53.00","17.90","117","54.40"
"23 - 24 School Year","63","Oakland Schools","63150","Troy School District","06364","Costello Elementary School","63","Oakland","LEA School","Elementary","City: Small","Oakland Region","5","All Grades","Mathematics","Not Migrant","41","74","27","28.90","52.10","19.00","142","54.00"
"23 - 24 School Year","63","Oakland Schools","63150","Troy School District","06364","Costello Elementary School","63","Oakland","LEA School","Elementary","City: Small","Oakland Region","5","04","English Language Arts","All Students","27","23","20","38.60","32.90","28.60","70","53.20"
"23 - 24 School Year","63","Oakland Schools","63150","Troy School District","06364","Costello Elementary School","63","Oakland","LEA School","Elementary","City: Small","Oakland Region","5","04","English Language Arts","Economically Disadvantaged","< 10","< 10","< 10","< 10","< 10","< 10","< 10","< 10"
"23 - 24 School Year","63","Oakland Schools","63150","Troy School District","06364","Costello Elementary School","63","Oakland","LEA School","Elementary","City: Small","Oakland Region","5","04","English Language Arts","Not Economically Disadvantaged","24","23","16","38.10","36.50","25.40","63","54.30"
"23 - 24 School Year","63","Oakland Schools","63150","Troy School District","06364","Costello Elementary School","63","Oakland","LEA School","Elementary","City: Small","Oakland Region","5","04","English Language Arts","Hispanic","< 10","< 10","< 10","< 10","< 10","< 10","< 10","< 10"
"23 - 24 School Year","63","Oakland Schools","63150","Troy School District","06364","Costello Elementary School","63","Oakland","LEA School","Elementary","City: Small","Oakland Region","5","04","English Language Arts","White, not of Hispanic origin","18","15","13","39.10","32.60","28.30","46","53.20"
"23 - 24 School Year","63","Oakland Schools","63150","Troy School District","06364","Costello Elementary School","63","Oakland","LEA School","Elementary","City: Small","Oakland Region","5","All Grades","English Language Arts","Male","29","24","20","39.70","32.90","27.40","73","54.70"
"23 - 24 School Year","63","Oakland Schools","63150","Troy School District","06364","Costello Elementary School","63","Oakland","LEA School","Elementary","City: Small","Oakland Region","5","All Grades","English Language Arts","Asian","16","13","10","41.00","33.30","25.60","39","55.70"
"23 - 24 School Year","63","Oakland Schools","63150","Troy School District","06364","Costello Elementary School","63","Oakland","LEA School","Elementary","City: Small","Oakland Region","5","All Grades","English Language Arts","Two or More Races","< 10","< 10","< 10","< 10","< 10","< 10","< 10","< 10"
"23 - 24 School Year","63","Oakland Schools","63150","Troy School District","06364","Costello Elementary School","63","Oakland","LEA School","Elementary","City: Small","Oakland Region","5","All Grades","English Language Arts","White, not of Hispanic origin","31","34","23","35.20","38.60","26.10","88","52.90"
"23 - 24 School Year","63","Oakland Schools","63150","Troy School District","06364","Costello Elementary School","63","Oakland","LEA School","Elementary","City: Small","Oakland Region","5","All Grades","English Language Arts","Hispanic","< 10","< 10","< 10","< 10","< 10","< 10","< 10","< 10"
"23 - 24 School Year","63","Oakland Schools","63150","Troy School District","06364","Costello Elementary School","63","Oakland","LEA School","Elementary","City: Small","Oakland Region","5","All Grades","English Language Arts","Not Economically Disadvantaged","44","45","30","37.00","37.80","25.20","119","54.50"
"23 - 24 School Year","63","Oakland Schools","63150","Troy School District","06364","Costello Elementary School","63","Oakland","LEA School","Elementary","City: Small","Oakland Region","5","05","English Language Arts","Female","< 10","13","< 10","24.10","44.80","31.00","29","47.00"
"23 - 24 School Year","63","Oakland Schools","63150","Troy School District","06364","Costello Elementary School","63","Oakland","LEA School","Elementary","City: Small","Oakland Region","5","05","English Language Arts","Male","19","15","< 10","45.20","35.70","19.00","42","60.10"
"23 - 24 School Year","63","Oakland Schools","63150","Troy School District","06364","Costello Elementary School","63","Oakland","LEA School","Elementary","City: Small","Oakland Region","5","05","English Language Arts","Asian","12","< 10","< 10","48.00","28.00","24.00","25","60.00"
"23 - 24 School Year","63","Oakland Schools","63150","Troy School District","06364","Costello Elementary School","63","Oakland","LEA School","Elementary","City: Small","Oakland Region","5","05","English Language Arts","Two or More Races","< 10","< 10","< 10","< 10","< 10","< 10","< 10","< 10"
"23 - 24 School Year","63","Oakland Schools","63150","Troy School District","06364","Costello Elementary School","63","Oakland","LEA School","Elementary","City: Small","Oakland Region","5","05","English Language Arts","White, not of Hispanic origin","13","19","10","31.00","45.20","23.80","42","52.40"
"23 - 24 School Year","63","Oakland Schools","63150","Troy School District","06364","Costello Elementary School","63","Oakland","LEA School","Elementary","City: Small","Oakland Region","5","05","English Language Arts","Hispanic","< 10","< 10","< 10","< 10","< 10","< 10","< 10","< 10"
"23 - 24 School Year","63","Oakland Schools","63150","Troy School District","06364","Costello Elementary School","63","Oakland","LEA School","Elementary","City: Small","Oakland Region","5","05","English Language Arts","Not Economically Disadvantaged","20","22","14","35.70","39.30","25.00","56","54.70"
"23 - 24 School Year","63","Oakland Schools","63150","Troy School District","06364","Costello Elementary School","63","Oakland","LEA School","Elementary","City: Small","Oakland Region","5","05","English Language Arts","Economically Disadvantaged","< 10","< 10","< 10","40.00","40.00","20.00","15","54.80"
"23 - 24 School Year","63","Oakland Schools","63150","Troy School District","06364","Costello Elementary School","63","Oakland","LEA School","Elementary","City: Small","Oakland Region","5","05","English Language Arts","All Students","26","28","17","36.60","39.40","23.90","71","54.70"
"23 - 24 School Year","63","Oakland Schools","63150","Troy School District","06364","Costello Elementary School","63","Oakland","LEA School","Elementary","City: Small","Oakland Region","5","04","Mathematics","Not Migrant","19","39","13","26.80","54.90","18.30","71","52.60"
"23 - 24 School Year","63","Oakland Schools","63150","Troy School District","06364","Costello Elementary School","63","Oakland","LEA School","Elementary","City: Small","Oakland Region","5","04","Mathematics","Not English Learners","15","31","< 10","27.30","56.40","16.40","55","53.70"
"23 - 24 School Year","63","Oakland Schools","63150","Troy School District","06364","Costello Elementary School","63","Oakland","LEA School","Elementary","City: Small","Oakland Region","5","04","Mathematics","English Learners","< 10","< 10","< 10","25.00","50.00","25.00","16","48.70"
"23 - 24 School Year","63","Oakland Schools","63150","Troy School District","06364","Costello Elementary School","63","Oakland","LEA School","Elementary","City: Small","Oakland Region","5","04","Mathematics","Female","12","21","< 10","30.00","52.50","17.50","40","53.10"
"23 - 24 School Year","63","Oakland Schools","63150","Troy School District","06364","Costello Elementary School","63","Oakland","LEA School","Elementary","City: Small","Oakland Region","5","04","Mathematics","Male","< 10","18","< 10","22.60","58.10","19.40","31","51.90"
"23 - 24 School Year","63","Oakland Schools","63150","Troy School District","06364","Costello Elementary School","63","Oakland","LEA School","Elementary","City: Small","Oakland Region","5","04","Mathematics","Asian","< 10","< 10","< 10","64.30","21.40","14.30","14","67.60"
"23 - 24 School Year","63","Oakland Schools","63150","Troy School District","06364","Costello Elementary School","63","Oakland","LEA School","Elementary","City: Small","Oakland Region","5","04","Mathematics","Two or More Races","< 10","< 10","< 10","< 10","< 10","< 10","< 10","< 10"
"23 - 24 School Year","63","Oakland Schools","63150","Troy School District","06364","Costello Elementary School","63","Oakland","LEA School","Elementary","City: Small","Oakland Region","5","04","Mathematics","White, not of Hispanic origin","< 10","29","< 10","17.40","63.00","19.60","46","48.50"
"23 - 24 School Year","63","Oakland Schools","63150","Troy School District","06364","Costello Elementary School","63","Oakland","LEA School","Elementary","City: Small","Oakland Region","5","04","Mathematics","Hispanic","< 10","< 10","< 10","< 10","< 10","< 10","< 10","< 10"
"23 - 24 School Year","63","Oakland Schools","63150","Troy School District","06364","Costello Elementary School","63","Oakland","LEA School","Elementary","City: Small","Oakland Region","5","04","Mathematics","Not Economically Disadvantaged","17","37","10","26.60","57.80","15.60","64","53.10"
"23 - 24 School Year","63","Oakland Schools","63150","Troy School District","06364","Costello Elementary School","63","Oakland","LEA School","Elementary","City: Small","Oakland Region","5","04","Mathematics","Economically Disadvantaged","< 10","< 10","< 10","< 10","< 10","< 10","< 10","< 10"
"23 - 24 School Year","63","Oakland Schools","63150","Troy School District","06364","Costello Elementary School","63","Oakland","LEA School","Elementary","City: Small","Oakland Region","5","04","Mathematics","All Students","19","39","13","26.80","54.90","18.30","71","52.60"
"23 - 24 School Year","63","Oakland Schools","63150","Troy School District","06364","Costello Elementary School","63","Oakland","LEA School","Elementary","City: Small","Oakland Region","5","04","English Language Arts","Not Migrant","27","23","20","38.60","32.90","28.60","70","53.20"
"23 - 24 School Year","63","Oakland Schools","63150","Troy School District","06364","Costello Elementary School","63","Oakland","LEA School","Elementary","City: Small","Oakland Region","5","04","English Language Arts","Not English Learners","22","19","14","40.00","34.50","25.50","55","55.30"
"23 - 24 School Year","63","Oakland Schools","63150","Troy School District","06364","Costello Elementary School","63","Oakland","LEA School","Elementary","City: Small","Oakland Region","5","04","English Language Arts","English Learners","< 10","< 10","< 10","33.30","26.70","40.00","15","45.60"
"23 - 24 School Year","63","Oakland Schools","63150","Troy School District","06364","Costello Elementary School","63","Oakland","LEA School","Elementary","City: Small","Oakland Region","5","04","English Language Arts","Female","17","14","< 10","43.60","35.90","20.50","39","57.70"
"23 - 24 School Year","63","Oakland Schools","63150","Troy School District","06364","Costello Elementary School","63","Oakland","LEA School","Elementary","City: Small","Oakland Region","5","04","English Language Arts","Male","10","< 10","12","32.30","29.00","38.70","31","47.50"
"23 - 24 School Year","63","Oakland Schools","63150","Troy School District","06364","Costello Elementary School","63","Oakland","LEA School","Elementary","City: Small","Oakland Region","5","04","English Language Arts","Asian","< 10","< 10","< 10","28.60","42.90","28.60","14","48.00"
"23 - 24 School Year","63","Oakland Schools","63150","Troy School District","06364","Costello Elementary School","63","Oakland","LEA School","Elementary","City: Small","Oakland Region","5","04","English Language Arts","Two or More Races","< 10","< 10","< 10","< 10","< 10","< 10","< 10","< 10"
"23 - 24 School Year","63","Oakland Schools","63150","Troy School District","06364","Costello Elementary School","63","Oakland","LEA School","Elementary","City: Small","Oakland Region","5","All Grades","English Language Arts","Economically Disadvantaged","< 10","< 10","< 10","40.90","27.30","31.80","22","51.00"
"23 - 24 School Year","63","Oakland Schools","63150","Troy School District","06364","Costello Elementary School","63","Oakland","LEA School","Elementary","City: Small","Oakland Region","5","All Grades","English Language Arts","All Students","53","51","37","37.60","36.20","26.20","141","54.00"
"23 - 24 School Year","63","Oakland Schools","63150","Troy School District","06364","Costello Elementary School","63","Oakland","LEA School","Elementary","City: Small","Oakland Region","5","05","English Language Arts","Students without Disabilities","23","27","14","35.90","42.20","21.90","64","56.20"
"23 - 24 School Year","63","Oakland Schools","63150","Troy School District","06364","Costello Elementary School","63","Oakland","LEA School","Elementary","City: Small","Oakland Region","5","05","Mathematics","Students without Disabilities","21","31","12","32.80","48.40","18.80","64","56.00"
"23 - 24 School Year","63","Oakland Schools","63150","Troy School District","06364","Costello Elementary School","63","Oakland","LEA School","Elementary","City: Small","Oakland Region","5","04","Mathematics","Students without Disabilities","19","34","10","30.20","54.00","15.90","63","55.00"
"23 - 24 School Year","63","Oakland Schools","63150","Troy School District","06364","Costello Elementary School","63","Oakland","LEA School","Elementary","City: Small","Oakland Region","5","04","English Language Arts","Students without Disabilities","26","19","17","41.90","30.60","27.40","62","55.00"
"23 - 24 School Year","63","Oakland Schools","63150","Troy School District","06364","Costello Elementary School","63","Oakland","LEA School","Elementary","City: Small","Oakland Region","5","All Grades","Mathematics","Students without Disabilities","40","65","22","31.50","51.20","17.30","127","55.50"
"23 - 24 School Year","63","Oakland Schools","63150","Troy School District","06364","Costello Elementary School","63","Oakland","LEA School","Elementary","City: Small","Oakland Region","5","All Grades","English Language Arts","Students without Disabilities","49","46","31","38.90","36.50","24.60","126","55.60"
"23 - 24 School Year","63","Oakland Schools","63150","Troy School District","06365","Martell Elementary School","63","Oakland","LEA School","Elementary","City: Small","Oakland Region","5","All Grades","English Language Arts","Students with Disabilities","< 10","< 10","< 10","23.10","38.50","38.50","13","48.20"
"23 - 24 School Year","63","Oakland Schools","63150","Troy School District","06365","Martell Elementary School","63","Oakland","LEA School","Elementary","City: Small","Oakland Region","5","All Grades","Mathematics","Students with Disabilities","< 10","< 10","< 10","38.50","30.80","30.80","13","53.20"
"23 - 24 School Year","63","Oakland Schools","63150","Troy School District","06365","Martell Elementary School","63","Oakland","LEA School","Elementary","City: Small","Oakland Region","5","04","English Language Arts","Students with Disabilities","< 10","< 10","< 10","< 10","< 10","< 10","< 10","< 10"
"23 - 24 School Year","63","Oakland Schools","63150","Troy School District","06365","Martell Elementary School","63","Oakland","LEA School","Elementary","City: Small","Oakland Region","5","04","Mathematics","Students with Disabilities","< 10","< 10","< 10","< 10","< 10","< 10","< 10","< 10"
"23 - 24 School Year","63","Oakland Schools","63150","Troy School District","06365","Martell Elementary School","63","Oakland","LEA School","Elementary","City: Small","Oakland Region","5","05","Mathematics","Students with Disabilities","< 10","< 10","< 10","< 10","< 10","< 10","< 10","< 10"
"23 - 24 School Year","63","Oakland Schools","63150","Troy School District","06365","Martell Elementary School","63","Oakland","LEA School","Elementary","City: Small","Oakland Region","5","05","English Language Arts","Students with Disabilities","< 10","< 10","< 10","< 10","< 10","< 10","< 10","< 10"
"23 - 24 School Year","63","Oakland Schools","63150","Troy School District","06365","Martell Elementary School","63","Oakland","LEA School","Elementary","City: Small","Oakland Region","5","05","Mathematics","Not Migrant","30","31","< 10","42.90","44.30","12.90","70","63.90"
"23 - 24 School Year","63","Oakland Schools","63150","Troy School District","06365","Martell Elementary School","63","Oakland","LEA School","Elementary","City: Small","Oakland Region","5","05","Mathematics","Not English Learners","25","28","< 10","41.00","45.90","13.10","61","63.50"
"23 - 24 School Year","63","Oakland Schools","63150","Troy School District","06365","Martell Elementary School","63","Oakland","LEA School","Elementary","City: Small","Oakland Region","5","05","Mathematics","English Learners","< 10","< 10","< 10","< 10","< 10","< 10","< 10","< 10"
"23 - 24 School Year","63","Oakland Schools","63150","Troy School District","06365","Martell Elementary School","63","Oakland","LEA School","Elementary","City: Small","Oakland Region","5","05","Mathematics","Female","15","13","< 10","46.90","40.60","12.50","32","65.90"
"23 - 24 School Year","63","Oakland Schools","63150","Troy School District","06365","Martell Elementary School","63","Oakland","LEA School","Elementary","City: Small","Oakland Region","5","05","Mathematics","Male","15","18","< 10","39.50","47.40","13.20","38","62.20"
"23 - 24 School Year","63","Oakland Schools","63150","Troy School District","06365","Martell Elementary School","63","Oakland","LEA School","Elementary","City: Small","Oakland Region","5","05","Mathematics","Asian","< 10","14","< 10","34.60","53.80","11.50","26","63.80"
"23 - 24 School Year","63","Oakland Schools","63150","Troy School District","06365","Martell Elementary School","63","Oakland","LEA School","Elementary","City: Small","Oakland Region","5","05","Mathematics","Two or More Races","< 10","< 10","< 10","< 10","< 10","< 10","< 10","< 10"
"23 - 24 School Year","63","Oakland Schools","63150","Troy School District","06365","Martell Elementary School","63","Oakland","LEA School","Elementary","City: Small","Oakland Region","5","05","Mathematics","White, not of Hispanic origin","18","13","< 10","51.40","37.10","11.40","35","66.10"
"23 - 24 School Year","63","Oakland Schools","63150","Troy School District","06365","Martell Elementary School","63","Oakland","LEA School","Elementary","City: Small","Oakland Region","5","05","Mathematics","Hispanic","< 10","< 10","< 10","< 10","< 10","< 10","< 10","< 10"
"23 - 24 School Year","63","Oakland Schools","63150","Troy School District","06365","Martell Elementary School","63","Oakland","LEA School","Elementary","City: Small","Oakland Region","5","05","Mathematics","Black, not of Hispanic origin","< 10","< 10","< 10","< 10","< 10","< 10","< 10","< 10"
"23 - 24 School Year","63","Oakland Schools","63150","Troy School District","06365","Martell Elementary School","63","Oakland","LEA School","Elementary","City: Small","Oakland Region","5","05","Mathematics","Not Economically Disadvantaged","23","26","< 10","41.80","47.30","10.90","55","65.20"
"23 - 24 School Year","63","Oakland Schools","63150","Troy School District","06365","Martell Elementary School","63","Oakland","LEA School","Elementary","City: Small","Oakland Region","5","05","Mathematics","Economically Disadvantaged","< 10","< 10","< 10","46.70","33.30","20.00","15","59.10"
"23 - 24 School Year","63","Oakland Schools","63150","Troy School District","06365","Martell Elementary School","63","Oakland","LEA School","Elementary","City: Small","Oakland Region","5","05","Mathematics","All Students","30","31","< 10","42.90","44.30","12.90","70","63.90"
"23 - 24 School Year","63","Oakland Schools","63150","Troy School District","06365","Martell Elementary School","63","Oakland","LEA School","Elementary","City: Small","Oakland Region","5","05","English Language Arts","Not Migrant","27","32","10","39.10","46.40","14.50","69","61.30"
"23 - 24 School Year","63","Oakland Schools","63150","Troy School District","06365","Martell Elementary School","63","Oakland","LEA School","Elementary","City: Small","Oakland Region","5","05","English Language Arts","Not English Learners","22","29","< 10","36.70","48.30","15.00","60","60.20"
"23 - 24 School Year","63","Oakland Schools","63150","Troy School District","06365","Martell Elementary School","63","Oakland","LEA School","Elementary","City: Small","Oakland Region","5","05","English Language Arts","English Learners","< 10","< 10","< 10","< 10","< 10","< 10","< 10","< 10"
"23 - 24 School Year","63","Oakland Schools","63150","Troy School District","06365","Martell Elementary School","63","Oakland","LEA School","Elementary","City: Small","Oakland Region","5","05","English Language Arts","Female","10","19","< 10","31.30","59.40","9.40","32","57.10"
"23 - 24 School Year","63","Oakland Schools","63150","Troy School District","06365","Martell Elementary School","63","Oakland","LEA School","Elementary","City: Small","Oakland Region","5","05","English Language Arts","Male","17","13","< 10","45.90","35.10","18.90","37","64.90"
"23 - 24 School Year","63","Oakland Schools","63150","Troy School District","06365","Martell Elementary School","63","Oakland","LEA School","Elementary","City: Small","Oakland Region","5","05","English Language Arts","Asian","13","< 10","< 10","50.00","34.60","15.40","26","66.50"
"23 - 24 School Year","63","Oakland Schools","63150","Troy School District","06365","Martell Elementary School","63","Oakland","LEA School","Elementary","City: Small","Oakland Region","5","05","English Language Arts","Two or More Races","< 10","< 10","< 10","< 10","< 10","< 10","< 10","< 10"
"23 - 24 School Year","63","Oakland Schools","63150","Troy School District","06365","Martell Elementary School","63","Oakland","LEA School","Elementary","City: Small","Oakland Region","5","05","English Language Arts","White, not of Hispanic origin","12","17","< 10","35.30","50.00","14.70","34","59.00"
"23 - 24 School Year","63","Oakland Schools","63150","Troy School District","06365","Martell Elementary School","63","Oakland","LEA School","Elementary","City: Small","Oakland Region","5","05","English Language Arts","Hispanic","< 10","< 10","< 10","< 10","< 10","< 10","< 10","< 10"
"23 - 24 School Year","63","Oakland Schools","63150","Troy School District","06365","Martell Elementary School","63","Oakland","LEA School","Elementary","City: Small","Oakland Region","5","05","English Language Arts","Black, not of Hispanic origin","< 10","< 10","< 10","< 10","< 10","< 10","< 10","< 10"
"23 - 24 School Year","63","Oakland Schools","63150","Troy School District","06365","Martell Elementary School","63","Oakland","LEA School","Elementary","City: Small","Oakland Region","5","04","English Language Arts","Not English Learners","23","20","12","41.80","36.40","21.80","55","59.40"
"23 - 24 School Year","63","Oakland Schools","63150","Troy School District","06365","Martell Elementary School","63","Oakland","LEA School","Elementary","City: Small","Oakland Region","5","04","English Language Arts","Not Migrant","29","23","15","43.30","34.30","22.40","67","60.60"
"23 - 24 School Year","63","Oakland Schools","63150","Troy School District","06365","Martell Elementary School","63","Oakland","LEA School","Elementary","City: Small","Oakland Region","5","04","Mathematics","All Students","26","26","16","38.20","38.20","23.50","68","55.90"
"23 - 24 School Year","63","Oakland Schools","63150","Troy School District","06365","Martell Elementary School","63","Oakland","LEA School","Elementary","City: Small","Oakland Region","5","04","Mathematics","Economically Disadvantaged","< 10","< 10","< 10","40.00","30.00","30.00","10","52.30"
"23 - 24 School Year","63","Oakland Schools","63150","Troy School District","06365","Martell Elementary School","63","Oakland","LEA School","Elementary","City: Small","Oakland Region","5","04","Mathematics","Not Economically Disadvantaged","22","23","13","37.90","39.70","22.40","58","56.50"
"23 - 24 School Year","63","Oakland Schools","63150","Troy School District","06365","Martell Elementary School","63","Oakland","LEA School","Elementary","City: Small","Oakland Region","5","04","Mathematics","Black, not of Hispanic origin","< 10","< 10","< 10","< 10","< 10","< 10","< 10","< 10"
"23 - 24 School Year","63","Oakland Schools","63150","Troy School District","06365","Martell Elementary School","63","Oakland","LEA School","Elementary","City: Small","Oakland Region","5","04","Mathematics","Hispanic","< 10","< 10","< 10","< 10","< 10","< 10","< 10","< 10"
"23 - 24 School Year","63","Oakland Schools","63150","Troy School District","06365","Martell Elementary School","63","Oakland","LEA School","Elementary","City: Small","Oakland Region","5","04","Mathematics","White, not of Hispanic origin","15","10","< 10","48.40","32.30","19.40","31","56.60"
"23 - 24 School Year","63","Oakland Schools","63150","Troy School District","06365","Martell Elementary School","63","Oakland","LEA School","Elementary","City: Small","Oakland Region","5","04","Mathematics","Two or More Races","< 10","< 10","< 10","< 10","< 10","< 10","< 10","< 10"
"23 - 24 School Year","63","Oakland Schools","63150","Troy School District","06365","Martell Elementary School","63","Oakland","LEA School","Elementary","City: Small","Oakland Region","5","04","Mathematics","Asian","< 10","< 10","< 10","27.30","36.40","36.40","22","51.80"
"23 - 24 School Year","63","Oakland Schools","63150","Troy School District","06365","Martell Elementary School","63","Oakland","LEA School","Elementary","City: Small","Oakland Region","5","04","English Language Arts","English Learners","< 10","< 10","< 10","50.00","25.00","25.00","12","65.80"
"23 - 24 School Year","63","Oakland Schools","63150","Troy School District","06365","Martell Elementary School","63","Oakland","LEA School","Elementary","City: Small","Oakland Region","5","04","English Language Arts","Female","< 10","11","< 10","37.50","45.80","16.70","24","59.80"
"23 - 24 School Year","63","Oakland Schools","63150","Troy School District","06365","Martell Elementary School","63","Oakland","LEA School","Elementary","City: Small","Oakland Region","5","04","English Language Arts","Male","20","12","11","46.50","27.90","25.60","43","61.00"
"23 - 24 School Year","63","Oakland Schools","63150","Troy School District","06365","Martell Elementary School","63","Oakland","LEA School","Elementary","City: Small","Oakland Region","5","04","English Language Arts","Asian","< 10","< 10","< 10","42.90","42.90","14.30","21","63.40"
"23 - 24 School Year","63","Oakland Schools","63150","Troy School District","06365","Martell Elementary School","63","Oakland","LEA School","Elementary","City: Small","Oakland Region","5","04","English Language Arts","Two or More Races","< 10","< 10","< 10","< 10","< 10","< 10","< 10","< 10"
"23 - 24 School Year","63","Oakland Schools","63150","Troy School District","06365","Martell Elementary School","63","Oakland","LEA School","Elementary","City: Small","Oakland Region","5","04","English Language Arts","White, not of Hispanic origin","14","< 10","< 10","45.20","25.80","29.00","31","58.50"
"23 - 24 School Year","63","Oakland Schools","63150","Troy School District","06365","Martell Elementary School","63","Oakland","LEA School","Elementary","City: Small","Oakland Region","5","04","English Language Arts","Hispanic","< 10","< 10","< 10","< 10","< 10","< 10","< 10","< 10"
"23 - 24 School Year","63","Oakland Schools","63150","Troy School District","06365","Martell Elementary School","63","Oakland","LEA School","Elementary","City: Small","Oakland Region","5","04","English Language Arts","Black, not of Hispanic origin","< 10","< 10","< 10","< 10","< 10","< 10","< 10","< 10"
"23 - 24 School Year","63","Oakland Schools","63150","Troy School District","06365","Martell Elementary School","63","Oakland","LEA School","Elementary","City: Small","Oakland Region","5","04","English Language Arts","Not Economically Disadvantaged","25","21","11","43.90","36.80","19.30","57","61.70"
"23 - 24 School Year","63","Oakland Schools","63150","Troy School District","06365","Martell Elementary School","63","Oakland","LEA School","Elementary","City: Small","Oakland Region","5","04","English Language Arts","Economically Disadvantaged","< 10","< 10","< 10","40.00","20.00","40.00","10","53.90"
"23 - 24 School Year","63","Oakland Schools","63150","Troy School District","06365","Martell Elementary School","63","Oakland","LEA School","Elementary","City: Small","Oakland Region","5","04","English Language Arts","All Students","29","23","15","43.30","34.30","22.40","67","60.60"
"23 - 24 School Year","63","Oakland Schools","63150","Troy School District","06365","Martell Elementary School","63","Oakland","LEA School","Elementary","City: Small","Oakland Region","5","All Grades","Mathematics","Not Migrant","56","57","25","40.60","41.30","18.10","138","59.90"
"23 - 24 School Year","63","Oakland Schools","63150","Troy School District","06365","Martell Elementary School","63","Oakland","LEA School","Elementary","City: Small","Oakland Region","5","All Grades","Mathematics","Not English Learners","49","47","20","42.20","40.50","17.20","116","61.20"
"23 - 24 School Year","63","Oakland Schools","63150","Troy School District","06365","Martell Elementary School","63","Oakland","LEA School","Elementary","City: Small","Oakland Region","5","All Grades","Mathematics","English Learners","< 10","10","< 10","31.80","45.50","22.70","22","53.50"
"23 - 24 School Year","63","Oakland Schools","63150","Troy School District","06365","Martell Elementary School","63","Oakland","LEA School","Elementary","City: Small","Oakland Region","5","All Grades","Mathematics","Female","25","20","12","43.90","35.10","21.10","57","59.20"
"23 - 24 School Year","63","Oakland Schools","63150","Troy School District","06365","Martell Elementary School","63","Oakland","LEA School","Elementary","City: Small","Oakland Region","5","All Grades","Mathematics","Male","31","37","13","38.30","45.70","16.00","81","60.50"
"23 - 24 School Year","63","Oakland Schools","63150","Troy School District","06365","Martell Elementary School","63","Oakland","LEA School","Elementary","City: Small","Oakland Region","5","All Grades","Mathematics","Asian","15","22","11","31.30","45.80","22.90","48","58.30"
"23 - 24 School Year","63","Oakland Schools","63150","Troy School District","06365","Martell Elementary School","63","Oakland","LEA School","Elementary","City: Small","Oakland Region","5","All Grades","Mathematics","Two or More Races","< 10","< 10","< 10","< 10","< 10","< 10","< 10","< 10"
"23 - 24 School Year","63","Oakland Schools","63150","Troy School District","06365","Martell Elementary School","63","Oakland","LEA School","Elementary","City: Small","Oakland Region","5","All Grades","Mathematics","White, not of Hispanic origin","33","23","10","50.00","34.80","15.20","66","61.60"
"23 - 24 School Year","63","Oakland Schools","63150","Troy School District","06365","Martell Elementary School","63","Oakland","LEA School","Elementary","City: Small","Oakland Region","5","All Grades","Mathematics","Hispanic","< 10","< 10","< 10","< 10","< 10","< 10","< 10","< 10"
"23 - 24 School Year","63","Oakland Schools","63150","Troy School District","06365","Martell Elementary School","63","Oakland","LEA School","Elementary","City: Small","Oakland Region","5","All Grades","Mathematics","Black, not of Hispanic origin","< 10","< 10","< 10","< 10","< 10","< 10","< 10","< 10"
"23 - 24 School Year","63","Oakland Schools","63150","Troy School District","06365","Martell Elementary School","63","Oakland","LEA School","Elementary","City: Small","Oakland Region","5","All Grades","Mathematics","Not Economically Disadvantaged","45","49","19","39.80","43.40","16.80","113","60.70"
"23 - 24 School Year","63","Oakland Schools","63150","Troy School District","06365","Martell Elementary School","63","Oakland","LEA School","Elementary","City: Small","Oakland Region","5","All Grades","Mathematics","Economically Disadvantaged","11","< 10","< 10","44.00","32.00","24.00","25","56.40"
"23 - 24 School Year","63","Oakland Schools","63150","Troy School District","06365","Martell Elementary School","63","Oakland","LEA School","Elementary","City: Small","Oakland Region","5","All Grades","Mathematics","All Students","56","57","25","40.60","41.30","18.10","138","59.90"
"23 - 24 School Year","63","Oakland Schools","63150","Troy School District","06365","Martell Elementary School","63","Oakland","LEA School","Elementary","City: Small","Oakland Region","5","All Grades","English Language Arts","Not Migrant","56","55","25","41.20","40.40","18.40","136","60.90"
"23 - 24 School Year","63","Oakland Schools","63150","Troy School District","06365","Martell Elementary School","63","Oakland","LEA School","Elementary","City: Small","Oakland Region","5","All Grades","English Language Arts","Not English Learners","45","49","21","39.10","42.60","18.30","115","59.80"
"23 - 24 School Year","63","Oakland Schools","63150","Troy School District","06365","Martell Elementary School","63","Oakland","LEA School","Elementary","City: Small","Oakland Region","5","All Grades","English Language Arts","English Learners","11","< 10","< 10","52.40","28.60","19.00","21","67.00"
"23 - 24 School Year","63","Oakland Schools","63150","Troy School District","06365","Martell Elementary School","63","Oakland","LEA School","Elementary","City: Small","Oakland Region","5","All Grades","English Language Arts","Female","19","30","< 10","33.90","53.60","12.50","56","58.30"
"23 - 24 School Year","63","Oakland Schools","63150","Troy School District","06365","Martell Elementary School","63","Oakland","LEA School","Elementary","City: Small","Oakland Region","5","All Grades","English Language Arts","Male","37","25","18","46.30","31.30","22.50","80","62.80"
"23 - 24 School Year","63","Oakland Schools","63150","Troy School District","06365","Martell Elementary School","63","Oakland","LEA School","Elementary","City: Small","Oakland Region","5","All Grades","English Language Arts","Asian","22","18","< 10","46.80","38.30","14.90","47","65.10"
"23 - 24 School Year","63","Oakland Schools","63150","Troy School District","06365","Martell Elementary School","63","Oakland","LEA School","Elementary","City: Small","Oakland Region","5","All Grades","English Language Arts","Two or More Races","< 10","< 10","< 10","< 10","< 10","< 10","< 10","< 10"
"23 - 24 School Year","63","Oakland Schools","63150","Troy School District","06365","Martell Elementary School","63","Oakland","LEA School","Elementary","City: Small","Oakland Region","5","All Grades","English Language Arts","White, not of Hispanic origin","26","25","14","40.00","38.50","21.50","65","58.80"
"23 - 24 School Year","63","Oakland Schools","63150","Troy School District","06365","Martell Elementary School","63","Oakland","LEA School","Elementary","City: Small","Oakland Region","5","All Grades","English Language Arts","Hispanic","< 10","< 10","< 10","< 10","< 10","< 10","< 10","< 10"
"23 - 24 School Year","63","Oakland Schools","63150","Troy School District","06365","Martell Elementary School","63","Oakland","LEA School","Elementary","City: Small","Oakland Region","5","All Grades","English Language Arts","Black, not of Hispanic origin","< 10","< 10","< 10","< 10","< 10","< 10","< 10","< 10"
"23 - 24 School Year","63","Oakland Schools","63150","Troy School District","06365","Martell Elementary School","63","Oakland","LEA School","Elementary","City: Small","Oakland Region","5","All Grades","English Language Arts","Not Economically Disadvantaged","50","45","17","44.60","40.20","15.20","112","62.90"
"23 - 24 School Year","63","Oakland Schools","63150","Troy School District","06365","Martell Elementary School","63","Oakland","LEA School","Elementary","City: Small","Oakland Region","5","All Grades","English Language Arts","Economically Disadvantaged","< 10","10","< 10","25.00","41.70","33.30","24","51.70"
"23 - 24 School Year","63","Oakland Schools","63150","Troy School District","06365","Martell Elementary School","63","Oakland","LEA School","Elementary","City: Small","Oakland Region","5","All Grades","English Language Arts","All Students","56","55","25","41.20","40.40","18.40","136","60.90"
"23 - 24 School Year","63","Oakland Schools","63150","Troy School District","06365","Martell Elementary School","63","Oakland","LEA School","Elementary","City: Small","Oakland Region","5","05","English Language Arts","Not Economically Disadvantaged","25","24","< 10","45.50","43.60","10.90","55","64.10"
"23 - 24 School Year","63","Oakland Schools","63150","Troy School District","06365","Martell Elementary School","63","Oakland","LEA School","Elementary","City: Small","Oakland Region","5","05","English Language Arts","Economically Disadvantaged","< 10","< 10","< 10","14.30","57.10","28.60","14","50.10"
"23 - 24 School Year","63","Oakland Schools","63150","Troy School District","06365","Martell Elementary School","63","Oakland","LEA School","Elementary","City: Small","Oakland Region","5","05","English Language Arts","All Students","27","32","10","39.10","46.40","14.50","69","61.30"
"23 - 24 School Year","63","Oakland Schools","63150","Troy School District","06365","Martell Elementary School","63","Oakland","LEA School","Elementary","City: Small","Oakland Region","5","04","Mathematics","Not Migrant","26","26","16","38.20","38.20","23.50","68","55.90"
"23 - 24 School Year","63","Oakland Schools","63150","Troy School District","06365","Martell Elementary School","63","Oakland","LEA School","Elementary","City: Small","Oakland Region","5","04","Mathematics","Not English Learners","24","19","12","43.60","34.50","21.80","55","58.60"
"23 - 24 School Year","63","Oakland Schools","63150","Troy School District","06365","Martell Elementary School","63","Oakland","LEA School","Elementary","City: Small","Oakland Region","5","04","Mathematics","English Learners","< 10","< 10","< 10","15.40","53.80","30.80","13","44.60"
"23 - 24 School Year","63","Oakland Schools","63150","Troy School District","06365","Martell Elementary School","63","Oakland","LEA School","Elementary","City: Small","Oakland Region","5","04","Mathematics","Female","10","< 10","< 10","40.00","28.00","32.00","25","50.60"
"23 - 24 School Year","63","Oakland Schools","63150","Troy School District","06365","Martell Elementary School","63","Oakland","LEA School","Elementary","City: Small","Oakland Region","5","04","Mathematics","Male","16","19","< 10","37.20","44.20","18.60","43","59.00"
"23 - 24 School Year","63","Oakland Schools","63150","Troy School District","06365","Martell Elementary School","63","Oakland","LEA School","Elementary","City: Small","Oakland Region","5","All Grades","English Language Arts","Students without Disabilities","53","50","20","43.10","40.70","16.30","123","62.30"
"23 - 24 School Year","63","Oakland Schools","63150","Troy School District","06365","Martell Elementary School","63","Oakland","LEA School","Elementary","City: Small","Oakland Region","5","All Grades","Mathematics","Students without Disabilities","51","53","21","40.80","42.40","16.80","125","60.60"
"23 - 24 School Year","63","Oakland Schools","63150","Troy School District","06365","Martell Elementary School","63","Oakland","LEA School","Elementary","City: Small","Oakland Region","5","04","English Language Arts","Students without Disabilities","27","22","12","44.30","36.10","19.70","61","62.20"
"23 - 24 School Year","63","Oakland Schools","63150","Troy School District","06365","Martell Elementary School","63","Oakland","LEA School","Elementary","City: Small","Oakland Region","5","04","Mathematics","Students without Disabilities","23","25","14","37.10","40.30","22.60","62","56.10"
"23 - 24 School Year","63","Oakland Schools","63150","Troy School District","06365","Martell Elementary School","63","Oakland","LEA School","Elementary","City: Small","Oakland Region","5","05","English Language Arts","Students without Disabilities","26","28","< 10","41.90","45.20","12.90","62","62.40"
"23 - 24 School Year","63","Oakland Schools","63150","Troy School District","06365","Martell Elementary School","63","Oakland","LEA School","Elementary","City: Small","Oakland Region","5","05","Mathematics","Students without Disabilities","28","28","< 10","44.40","44.40","11.10","63","65.10"
"23 - 24 School Year","63","Oakland Schools","63150","Troy School District","06366","Larson Middle School","63","Oakland","LEA School","Middle School","City: Small","Oakland Region","5","07","Mathematics","Students without Disabilities","68","111","73","27.00","44.00","29.00","252","50.20"
"23 - 24 School Year","63","Oakland Schools","63150","Troy School District","06366","Larson Middle School","63","Oakland","LEA School","Middle School","City: Small","Oakland Region","5","07","English Language Arts","Students without Disabilities","88","113","49","35.20","45.20","19.60","250","56.30"
"23 - 24 School Year","63","Oakland Schools","63150","Troy School District","06366","Larson Middle School","63","Oakland","LEA School","Middle School","City: Small","Oakland Region","5","08","English Language Arts","Students without Disabilities","86","69","57","40.60","32.50","26.90","212","57.20"
"23 - 24 School Year","63","Oakland Schools","63150","Troy School District","06366","Larson Middle School","63","Oakland","LEA School","Middle School","City: Small","Oakland Region","5","08","Mathematics","Students without Disabilities","71","92","51","33.20","43.00","23.80","214","55.20"
"23 - 24 School Year","63","Oakland Schools","63150","Troy School District","06366","Larson Middle School","63","Oakland","LEA School","Middle School","City: Small","Oakland Region","5","All Grades","English Language Arts","All Students","307","295","178","39.40","37.80","22.80","780","57.30"
"23 - 24 School Year","63","Oakland Schools","63150","Troy School District","06366","Larson Middle School","63","Oakland","LEA School","Middle School","City: Small","Oakland Region","5","All Grades","English Language Arts","Economically Disadvantaged","40","41","31","35.70","36.60","27.70","112","53.90"
"23 - 24 School Year","63","Oakland Schools","63150","Troy School District","06366","Larson Middle School","63","Oakland","LEA School","Middle School","City: Small","Oakland Region","5","All Grades","English Language Arts","Not Economically Disadvantaged","267","254","147","40.00","38.00","22.00","668","57.90"
"23 - 24 School Year","63","Oakland Schools","63150","Troy School District","06366","Larson Middle School","63","Oakland","LEA School","Middle School","City: Small","Oakland Region","5","All Grades","English Language Arts","Native Hawaiian or Other Pacific Islander","< 10","< 10","< 10","< 10","< 10","< 10","< 10","< 10"
"23 - 24 School Year","63","Oakland Schools","63150","Troy School District","06366","Larson Middle School","63","Oakland","LEA School","Middle School","City: Small","Oakland Region","5","All Grades","English Language Arts","Black, not of Hispanic origin","10","11","< 10","37.00","40.70","22.20","27","56.30"
"23 - 24 School Year","63","Oakland Schools","63150","Troy School District","06366","Larson Middle School","63","Oakland","LEA School","Middle School","City: Small","Oakland Region","5","All Grades","English Language Arts","Hispanic","16","10","< 10","45.70","28.60","25.70","35","57.80"
"23 - 24 School Year","63","Oakland Schools","63150","Troy School District","06366","Larson Middle School","63","Oakland","LEA School","Middle School","City: Small","Oakland Region","5","All Grades","English Language Arts","White, not of Hispanic origin","174","170","109","38.40","37.50","24.10","453","56.10"
"23 - 24 School Year","63","Oakland Schools","63150","Troy School District","06366","Larson Middle School","63","Oakland","LEA School","Middle School","City: Small","Oakland Region","5","06","Mathematics","Students with Disabilities","< 10","< 10","< 10","27.80","44.40","27.80","18","50.10"
"23 - 24 School Year","63","Oakland Schools","63150","Troy School District","06366","Larson Middle School","63","Oakland","LEA School","Middle School","City: Small","Oakland Region","5","07","English Language Arts","Students with Disabilities","< 10","< 10","< 10","30.80","38.50","30.80","13","51.20"
"23 - 24 School Year","63","Oakland Schools","63150","Troy School District","06366","Larson Middle School","63","Oakland","LEA School","Middle School","City: Small","Oakland Region","5","07","Mathematics","Students with Disabilities","< 10","< 10","< 10","23.10","30.80","46.20","13","45.80"
"23 - 24 School Year","63","Oakland Schools","63150","Troy School District","06366","Larson Middle School","63","Oakland","LEA School","Middle School","City: Small","Oakland Region","5","08","English Language Arts","Students with Disabilities","< 10","< 10","< 10","33.30","23.80","42.90","21","47.50"
"23 - 24 School Year","63","Oakland Schools","63150","Troy School District","06366","Larson Middle School","63","Oakland","LEA School","Middle School","City: Small","Oakland Region","5","08","Mathematics","Students with Disabilities","11","< 10","< 10","50.00","22.70","27.30","22","56.50"
"23 - 24 School Year","63","Oakland Schools","63150","Troy School District","06366","Larson Middle School","63","Oakland","LEA School","Middle School","City: Small","Oakland Region","5","08","English Language Arts","Female","34","40","36","30.90","36.40","32.70","110","50.80"
"23 - 24 School Year","63","Oakland Schools","63150","Troy School District","06366","Larson Middle School","63","Oakland","LEA School","Middle School","City: Small","Oakland Region","5","08","English Language Arts","English Learners","< 10","< 10","< 10","20.00","40.00","40.00","20","44.80"
"23 - 24 School Year","63","Oakland Schools","63150","Troy School District","06366","Larson Middle School","63","Oakland","LEA School","Middle School","City: Small","Oakland Region","5","08","English Language Arts","Not English Learners","89","66","58","41.80","31.00","27.20","213","57.40"
"23 - 24 School Year","63","Oakland Schools","63150","Troy School District","06366","Larson Middle School","63","Oakland","LEA School","Middle School","City: Small","Oakland Region","5","08","English Language Arts","Not Migrant","93","74","66","39.90","31.80","28.30","233","56.30"
"23 - 24 School Year","63","Oakland Schools","63150","Troy School District","06366","Larson Middle School","63","Oakland","LEA School","Middle School","City: Small","Oakland Region","5","08","Mathematics","All Students","82","97","57","34.70","41.10","24.20","236","55.30"
"23 - 24 School Year","63","Oakland Schools","63150","Troy School District","06366","Larson Middle School","63","Oakland","LEA School","Middle School","City: Small","Oakland Region","5","08","Mathematics","Economically Disadvantaged","14","14","< 10","38.90","38.90","22.20","36","56.00"
"23 - 24 School Year","63","Oakland Schools","63150","Troy School District","06366","Larson Middle School","63","Oakland","LEA School","Middle School","City: Small","Oakland Region","5","08","Mathematics","Not Economically Disadvantaged","68","83","49","34.00","41.50","24.50","200","55.20"
"23 - 24 School Year","63","Oakland Schools","63150","Troy School District","06366","Larson Middle School","63","Oakland","LEA School","Middle School","City: Small","Oakland Region","5","08","Mathematics","Native Hawaiian or Other Pacific Islander","< 10","< 10","< 10","< 10","< 10","< 10","< 10","< 10"
"23 - 24 School Year","63","Oakland Schools","63150","Troy School District","06366","Larson Middle School","63","Oakland","LEA School","Middle School","City: Small","Oakland Region","5","08","Mathematics","Black, not of Hispanic origin","< 10","< 10","< 10","< 10","< 10","< 10","< 10","< 10"
"23 - 24 School Year","63","Oakland Schools","63150","Troy School District","06366","Larson Middle School","63","Oakland","LEA School","Middle School","City: Small","Oakland Region","5","08","Mathematics","Hispanic","< 10","< 10","< 10","42.90","35.70","21.40","14","56.00"
"23 - 24 School Year","63","Oakland Schools","63150","Troy School District","06366","Larson Middle School","63","Oakland","LEA School","Middle School","City: Small","Oakland Region","5","08","English Language Arts","Male","59","34","30","48.00","27.60","24.40","123","61.30"
"23 - 24 School Year","63","Oakland Schools","63150","Troy School District","06366","Larson Middle School","63","Oakland","LEA School","Middle School","City: Small","Oakland Region","5","08","English Language Arts","Asian","27","21","23","38.00","29.60","32.40","71","55.40"
"23 - 24 School Year","63","Oakland Schools","63150","Troy School District","06366","Larson Middle School","63","Oakland","LEA School","Middle School","City: Small","Oakland Region","5","08","English Language Arts","Two or More Races","< 10","< 10","< 10","< 10","< 10","< 10","< 10","< 10"
"23 - 24 School Year","63","Oakland Schools","63150","Troy School District","06366","Larson Middle School","63","Oakland","LEA School","Middle School","City: Small","Oakland Region","5","08","Mathematics","White, not of Hispanic origin","47","46","41","35.10","34.30","30.60","134","52.90"
"23 - 24 School Year","63","Oakland Schools","63150","Troy School District","06366","Larson Middle School","63","Oakland","LEA School","Middle School","City: Small","Oakland Region","5","08","Mathematics","Two or More Races","< 10","< 10","< 10","< 10","< 10","< 10","< 10","< 10"
"23 - 24 School Year","63","Oakland Schools","63150","Troy School District","06366","Larson Middle School","63","Oakland","LEA School","Middle School","City: Small","Oakland Region","5","08","Mathematics","Asian","24","35","12","33.80","49.30","16.90","71","58.50"
"23 - 24 School Year","63","Oakland Schools","63150","Troy School District","06366","Larson Middle School","63","Oakland","LEA School","Middle School","City: Small","Oakland Region","5","08","Mathematics","Male","49","45","30","39.50","36.30","24.20","124","57.50"
"23 - 24 School Year","63","Oakland Schools","63150","Troy School District","06366","Larson Middle School","63","Oakland","LEA School","Middle School","City: Small","Oakland Region","5","08","Mathematics","Female","33","52","27","29.50","46.40","24.10","112","52.90"
"23 - 24 School Year","63","Oakland Schools","63150","Troy School District","06366","Larson Middle School","63","Oakland","LEA School","Middle School","City: Small","Oakland Region","5","08","Mathematics","English Learners","10","< 10","< 10","45.50","31.80","22.70","22","60.30"
"23 - 24 School Year","63","Oakland Schools","63150","Troy School District","06366","Larson Middle School","63","Oakland","LEA School","Middle School","City: Small","Oakland Region","5","08","Mathematics","Not English Learners","72","90","52","33.60","42.10","24.30","214","54.80"
"23 - 24 School Year","63","Oakland Schools","63150","Troy School District","06366","Larson Middle School","63","Oakland","LEA School","Middle School","City: Small","Oakland Region","5","08","Mathematics","Not Migrant","82","97","57","34.70","41.10","24.20","236","55.30"
"23 - 24 School Year","63","Oakland Schools","63150","Troy School District","06366","Larson Middle School","63","Oakland","LEA School","Middle School","City: Small","Oakland Region","5","08","English Language Arts","White, not of Hispanic origin","55","45","33","41.40","33.80","24.80","133","58.20"
"23 - 24 School Year","63","Oakland Schools","63150","Troy School District","06366","Larson Middle School","63","Oakland","LEA School","Middle School","City: Small","Oakland Region","5","08","English Language Arts","Hispanic","< 10","< 10","< 10","30.80","23.10","46.20","13","43.50"
"23 - 24 School Year","63","Oakland Schools","63150","Troy School District","06366","Larson Middle School","63","Oakland","LEA School","Middle School","City: Small","Oakland Region","5","08","English Language Arts","Black, not of Hispanic origin","< 10","< 10","< 10","< 10","< 10","< 10","< 10","< 10"
"23 - 24 School Year","63","Oakland Schools","63150","Troy School District","06366","Larson Middle School","63","Oakland","LEA School","Middle School","City: Small","Oakland Region","5","08","English Language Arts","Native Hawaiian or Other Pacific Islander","< 10","< 10","< 10","< 10","< 10","< 10","< 10","< 10"
"23 - 24 School Year","63","Oakland Schools","63150","Troy School District","06366","Larson Middle School","63","Oakland","LEA School","Middle School","City: Small","Oakland Region","5","08","English Language Arts","Not Economically Disadvantaged","80","64","54","40.40","32.30","27.30","198","57.30"
"23 - 24 School Year","63","Oakland Schools","63150","Troy School District","06366","Larson Middle School","63","Oakland","LEA School","Middle School","City: Small","Oakland Region","5","07","English Language Arts","Hispanic","< 10","< 10","< 10","50.00","30.00","20.00","10","60.20"
"23 - 24 School Year","63","Oakland Schools","63150","Troy School District","06366","Larson Middle School","63","Oakland","LEA School","Middle School","City: Small","Oakland Region","5","07","English Language Arts","White, not of Hispanic origin","53","66","35","34.40","42.90","22.70","154","54.50"
"23 - 24 School Year","63","Oakland Schools","63150","Troy School District","06366","Larson Middle School","63","Oakland","LEA School","Middle School","City: Small","Oakland Region","5","07","English Language Arts","Two or More Races","< 10","< 10","< 10","7.70","61.50","30.80","13","44.60"
"23 - 24 School Year","63","Oakland Schools","63150","Troy School District","06366","Larson Middle School","63","Oakland","LEA School","Middle School","City: Small","Oakland Region","5","07","English Language Arts","Asian","27","35","< 10","38.60","50.00","11.40","70","61.80"
"23 - 24 School Year","63","Oakland Schools","63150","Troy School District","06366","Larson Middle School","63","Oakland","LEA School","Middle School","City: Small","Oakland Region","5","07","English Language Arts","Male","34","60","22","29.30","51.70","19.00","116","55.00"
"23 - 24 School Year","63","Oakland Schools","63150","Troy School District","06366","Larson Middle School","63","Oakland","LEA School","Middle School","City: Small","Oakland Region","5","07","English Language Arts","Female","58","58","31","39.50","39.50","21.10","147","56.80"
"23 - 24 School Year","63","Oakland Schools","63150","Troy School District","06366","Larson Middle School","63","Oakland","LEA School","Middle School","City: Small","Oakland Region","5","07","English Language Arts","English Learners","< 10","< 10","< 10","36.80","36.80","26.30","19","51.40"
"23 - 24 School Year","63","Oakland Schools","63150","Troy School District","06366","Larson Middle School","63","Oakland","LEA School","Middle School","City: Small","Oakland Region","5","07","English Language Arts","Not English Learners","85","111","48","34.80","45.50","19.70","244","56.40"
"23 - 24 School Year","63","Oakland Schools","63150","Troy School District","06366","Larson Middle School","63","Oakland","LEA School","Middle School","City: Small","Oakland Region","5","07","English Language Arts","Not Migrant","92","118","53","35.00","44.90","20.20","263","56.00"
"23 - 24 School Year","63","Oakland Schools","63150","Troy School District","06366","Larson Middle School","63","Oakland","LEA School","Middle School","City: Small","Oakland Region","5","07","Mathematics","All Students","71","115","79","26.80","43.40","29.80","265","50.00"
"23 - 24 School Year","63","Oakland Schools","63150","Troy School District","06366","Larson Middle School","63","Oakland","LEA School","Middle School","City: Small","Oakland Region","5","07","Mathematics","Economically Disadvantaged","< 10","16","14","21.10","42.10","36.80","38","44.30"
"23 - 24 School Year","63","Oakland Schools","63150","Troy School District","06366","Larson Middle School","63","Oakland","LEA School","Middle School","City: Small","Oakland Region","5","07","Mathematics","Not Economically Disadvantaged","63","99","65","27.80","43.60","28.60","227","51.00"
"23 - 24 School Year","63","Oakland Schools","63150","Troy School District","06366","Larson Middle School","63","Oakland","LEA School","Middle School","City: Small","Oakland Region","5","07","Mathematics","Native Hawaiian or Other Pacific Islander","< 10","< 10","< 10","< 10","< 10","< 10","< 10","< 10"
"23 - 24 School Year","63","Oakland Schools","63150","Troy School District","06366","Larson Middle School","63","Oakland","LEA School","Middle School","City: Small","Oakland Region","5","07","Mathematics","Black, not of Hispanic origin","< 10","< 10","< 10","26.70","40.00","33.30","15","44.40"
"23 - 24 School Year","63","Oakland Schools","63150","Troy School District","06366","Larson Middle School","63","Oakland","LEA School","Middle School","City: Small","Oakland Region","5","07","Mathematics","Hispanic","< 10","< 10","< 10","20.00","50.00","30.00","10","46.90"
"23 - 24 School Year","63","Oakland Schools","63150","Troy School District","06366","Larson Middle School","63","Oakland","LEA School","Middle School","City: Small","Oakland Region","5","07","Mathematics","White, not of Hispanic origin","32","72","50","20.80","46.80","32.50","154","46.90"
"23 - 24 School Year","63","Oakland Schools","63150","Troy School District","06366","Larson Middle School","63","Oakland","LEA School","Middle School","City: Small","Oakland Region","5","07","Mathematics","Two or More Races","< 10","< 10","< 10","7.70","61.50","30.80","13","43.90"
"23 - 24 School Year","63","Oakland Schools","63150","Troy School District","06366","Larson Middle School","63","Oakland","LEA School","Middle School","City: Small","Oakland Region","5","07","Mathematics","Asian","31","24","17","43.10","33.30","23.60","72","58.70"
"23 - 24 School Year","63","Oakland Schools","63150","Troy School District","06366","Larson Middle School","63","Oakland","LEA School","Middle School","City: Small","Oakland Region","5","07","Mathematics","Male","30","54","33","25.60","46.20","28.20","117","49.80"
"23 - 24 School Year","63","Oakland Schools","63150","Troy School District","06366","Larson Middle School","63","Oakland","LEA School","Middle School","City: Small","Oakland Region","5","07","Mathematics","Female","41","61","46","27.70","41.20","31.10","148","50.20"
"23 - 24 School Year","63","Oakland Schools","63150","Troy School District","06366","Larson Middle School","63","Oakland","LEA School","Middle School","City: Small","Oakland Region","5","07","English Language Arts","Black, not of Hispanic origin","< 10","< 10","< 10","40.00","40.00","20.00","15","55.10"
"23 - 24 School Year","63","Oakland Schools","63150","Troy School District","06366","Larson Middle School","63","Oakland","LEA School","Middle School","City: Small","Oakland Region","5","07","English Language Arts","Native Hawaiian or Other Pacific Islander","< 10","< 10","< 10","< 10","< 10","< 10","< 10","< 10"
"23 - 24 School Year","63","Oakland Schools","63150","Troy School District","06366","Larson Middle School","63","Oakland","LEA School","Middle School","City: Small","Oakland Region","5","07","English Language Arts","Not Economically Disadvantaged","78","103","44","34.70","45.80","19.60","225","55.80"
"23 - 24 School Year","63","Oakland Schools","63150","Troy School District","06366","Larson Middle School","63","Oakland","LEA School","Middle School","City: Small","Oakland Region","5","07","English Language Arts","Economically Disadvantaged","14","15","< 10","36.80","39.50","23.70","38","57.20"
"23 - 24 School Year","63","Oakland Schools","63150","Troy School District","06366","Larson Middle School","63","Oakland","LEA School","Middle School","City: Small","Oakland Region","5","07","English Language Arts","All Students","92","118","53","35.00","44.90","20.20","263","56.00"
"23 - 24 School Year","63","Oakland Schools","63150","Troy School District","06366","Larson Middle School","63","Oakland","LEA School","Middle School","City: Small","Oakland Region","5","06","Mathematics","Not Migrant","141","95","49","49.50","33.30","17.20","285","62.60"
"23 - 24 School Year","63","Oakland Schools","63150","Troy School District","06366","Larson Middle School","63","Oakland","LEA School","Middle School","City: Small","Oakland Region","5","07","Mathematics","English Learners","< 10","< 10","< 10","35.00","45.00","20.00","20","57.10"
"23 - 24 School Year","63","Oakland Schools","63150","Troy School District","06366","Larson Middle School","63","Oakland","LEA School","Middle School","City: Small","Oakland Region","5","07","Mathematics","Not English Learners","64","106","75","26.10","43.30","30.60","245","49.40"
"23 - 24 School Year","63","Oakland Schools","63150","Troy School District","06366","Larson Middle School","63","Oakland","LEA School","Middle School","City: Small","Oakland Region","5","07","Mathematics","Not Migrant","71","115","79","26.80","43.40","29.80","265","50.00"
"23 - 24 School Year","63","Oakland Schools","63150","Troy School District","06366","Larson Middle School","63","Oakland","LEA School","Middle School","City: Small","Oakland Region","5","08","English Language Arts","All Students","93","74","66","39.90","31.80","28.30","233","56.30"
"23 - 24 School Year","63","Oakland Schools","63150","Troy School District","06366","Larson Middle School","63","Oakland","LEA School","Middle School","City: Small","Oakland Region","5","08","English Language Arts","Economically Disadvantaged","13","10","12","37.10","28.60","34.30","35","50.80"
"23 - 24 School Year","63","Oakland Schools","63150","Troy School District","06366","Larson Middle School","63","Oakland","LEA School","Middle School","City: Small","Oakland Region","5","06","Mathematics","Students without Disabilities","136","87","44","50.90","32.60","16.50","267","63.50"
"23 - 24 School Year","63","Oakland Schools","63150","Troy School District","06366","Larson Middle School","63","Oakland","LEA School","Middle School","City: Small","Oakland Region","5","06","English Language Arts","Students without Disabilities","118","93","55","44.40","35.00","20.70","266","60.00"
"23 - 24 School Year","63","Oakland Schools","63150","Troy School District","06366","Larson Middle School","63","Oakland","LEA School","Middle School","City: Small","Oakland Region","5","All Grades","Mathematics","Students without Disabilities","275","290","168","37.50","39.60","22.90","733","56.50"
"23 - 24 School Year","63","Oakland Schools","63150","Troy School District","06366","Larson Middle School","63","Oakland","LEA School","Middle School","City: Small","Oakland Region","5","All Grades","English Language Arts","Students without Disabilities","292","275","161","40.10","37.80","22.10","728","57.90"
"23 - 24 School Year","63","Oakland Schools","63150","Troy School District","06366","Larson Middle School","63","Oakland","LEA School","Middle School","City: Small","Oakland Region","5","06","Mathematics","All Students","141","95","49","49.50","33.30","17.20","285","62.60"
"23 - 24 School Year","63","Oakland Schools","63150","Troy School District","06366","Larson Middle School","63","Oakland","LEA School","Middle School","City: Small","Oakland Region","5","06","Mathematics","Economically Disadvantaged","12","14","13","30.80","35.90","33.30","39","49.70"
"23 - 24 School Year","63","Oakland Schools","63150","Troy School District","06366","Larson Middle School","63","Oakland","LEA School","Middle School","City: Small","Oakland Region","5","06","Mathematics","Not Economically Disadvantaged","129","81","36","52.40","32.90","14.60","246","64.70"
"23 - 24 School Year","63","Oakland Schools","63150","Troy School District","06366","Larson Middle School","63","Oakland","LEA School","Middle School","City: Small","Oakland Region","5","06","Mathematics","Black, not of Hispanic origin","< 10","< 10","< 10","< 10","< 10","< 10","< 10","< 10"
"23 - 24 School Year","63","Oakland Schools","63150","Troy School District","06366","Larson Middle School","63","Oakland","LEA School","Middle School","City: Small","Oakland Region","5","06","Mathematics","Hispanic","< 10","< 10","< 10","66.70","25.00","8.30","12","68.90"
"23 - 24 School Year","63","Oakland Schools","63150","Troy School District","06366","Larson Middle School","63","Oakland","LEA School","Middle School","City: Small","Oakland Region","5","06","Mathematics","White, not of Hispanic origin","70","61","36","41.90","36.50","21.60","167","57.30"
"23 - 24 School Year","63","Oakland Schools","63150","Troy School District","06366","Larson Middle School","63","Oakland","LEA School","Middle School","City: Small","Oakland Region","5","06","Mathematics","Two or More Races","< 10","< 10","< 10","23.10","61.50","15.40","13","54.60"
"23 - 24 School Year","63","Oakland Schools","63150","Troy School District","06366","Larson Middle School","63","Oakland","LEA School","Middle School","City: Small","Oakland Region","5","06","Mathematics","Asian","58","22","< 10","67.40","25.60","7.00","86","75.00"
"23 - 24 School Year","63","Oakland Schools","63150","Troy School District","06366","Larson Middle School","63","Oakland","LEA School","Middle School","City: Small","Oakland Region","5","06","Mathematics","Male","67","43","27","48.90","31.40","19.70","137","61.80"
"23 - 24 School Year","63","Oakland Schools","63150","Troy School District","06366","Larson Middle School","63","Oakland","LEA School","Middle School","City: Small","Oakland Region","5","06","Mathematics","Female","74","52","22","50.00","35.10","14.90","148","63.40"
"23 - 24 School Year","63","Oakland Schools","63150","Troy School District","06366","Larson Middle School","63","Oakland","LEA School","Middle School","City: Small","Oakland Region","5","06","Mathematics","English Learners","14","< 10","< 10","48.30","27.60","24.10","29","60.30"
"23 - 24 School Year","63","Oakland Schools","63150","Troy School District","06366","Larson Middle School","63","Oakland","LEA School","Middle School","City: Small","Oakland Region","5","06","Mathematics","Not English Learners","127","87","42","49.60","34.00","16.40","256","62.90"
"23 - 24 School Year","63","Oakland Schools","63150","Troy School District","06366","Larson Middle School","63","Oakland","LEA School","Middle School","City: Small","Oakland Region","5","All Grades","English Language Arts","Students with Disabilities","15","20","17","28.80","38.50","32.70","52","49.10"
"23 - 24 School Year","63","Oakland Schools","63150","Troy School District","06366","Larson Middle School","63","Oakland","LEA School","Middle School","City: Small","Oakland Region","5","All Grades","Mathematics","Students with Disabilities","19","17","17","35.80","32.10","32.10","53","51.70"
"23 - 24 School Year","63","Oakland Schools","63150","Troy School District","06366","Larson Middle School","63","Oakland","LEA School","Middle School","City: Small","Oakland Region","5","06","English Language Arts","Students with Disabilities","< 10","10","< 10","22.20","55.60","22.20","18","49.50"
"23 - 24 School Year","63","Oakland Schools","63150","Troy School District","06366","Larson Middle School","63","Oakland","LEA School","Middle School","City: Small","Oakland Region","5","All Grades","English Language Arts","Not Migrant","307","295","178","39.40","37.80","22.80","780","57.30"
"23 - 24 School Year","63","Oakland Schools","63150","Troy School District","06366","Larson Middle School","63","Oakland","LEA School","Middle School","City: Small","Oakland Region","5","All Grades","English Language Arts","Not English Learners","285","266","162","40.00","37.30","22.70","713","57.60"
"23 - 24 School Year","63","Oakland Schools","63150","Troy School District","06366","Larson Middle School","63","Oakland","LEA School","Middle School","City: Small","Oakland Region","5","All Grades","English Language Arts","English Learners","22","29","16","32.80","43.30","23.90","67","54.60"
"23 - 24 School Year","63","Oakland Schools","63150","Troy School District","06366","Larson Middle School","63","Oakland","LEA School","Middle School","City: Small","Oakland Region","5","All Grades","English Language Arts","Female","151","152","102","37.30","37.50","25.20","405","55.00"
"23 - 24 School Year","63","Oakland Schools","63150","Troy School District","06366","Larson Middle School","63","Oakland","LEA School","Middle School","City: Small","Oakland Region","5","All Grades","English Language Arts","Male","156","143","76","41.60","38.10","20.30","375","59.80"
"23 - 24 School Year","63","Oakland Schools","63150","Troy School District","06366","Larson Middle School","63","Oakland","LEA School","Middle School","City: Small","Oakland Region","5","All Grades","English Language Arts","Asian","99","88","40","43.60","38.80","17.60","227","61.80"
"23 - 24 School Year","63","Oakland Schools","63150","Troy School District","06366","Larson Middle School","63","Oakland","LEA School","Middle School","City: Small","Oakland Region","5","All Grades","English Language Arts","Two or More Races","< 10","16","11","20.60","47.10","32.40","34","46.10"
"23 - 24 School Year","63","Oakland Schools","63150","Troy School District","06366","Larson Middle School","63","Oakland","LEA School","Middle School","City: Small","Oakland Region","5","06","English Language Arts","Not Migrant","122","103","59","43.00","36.30","20.80","284","59.30"
"23 - 24 School Year","63","Oakland Schools","63150","Troy School District","06366","Larson Middle School","63","Oakland","LEA School","Middle School","City: Small","Oakland Region","5","06","English Language Arts","Not English Learners","111","89","56","43.40","34.80","21.90","256","58.80"
"23 - 24 School Year","63","Oakland Schools","63150","Troy School District","06366","Larson Middle School","63","Oakland","LEA School","Middle School","City: Small","Oakland Region","5","06","English Language Arts","English Learners","11","14","< 10","39.30","50.00","10.70","28","63.80"
"23 - 24 School Year","63","Oakland Schools","63150","Troy School District","06366","Larson Middle School","63","Oakland","LEA School","Middle School","City: Small","Oakland Region","5","06","English Language Arts","Female","59","54","35","39.90","36.50","23.60","148","56.40"
"23 - 24 School Year","63","Oakland Schools","63150","Troy School District","06366","Larson Middle School","63","Oakland","LEA School","Middle School","City: Small","Oakland Region","5","06","English Language Arts","Male","63","49","24","46.30","36.00","17.60","136","62.50"
"23 - 24 School Year","63","Oakland Schools","63150","Troy School District","06366","Larson Middle School","63","Oakland","LEA School","Middle School","City: Small","Oakland Region","5","06","English Language Arts","Asian","45","32","< 10","52.30","37.20","10.50","86","67.10"
"23 - 24 School Year","63","Oakland Schools","63150","Troy School District","06366","Larson Middle School","63","Oakland","LEA School","Middle School","City: Small","Oakland Region","5","06","English Language Arts","Two or More Races","< 10","< 10","< 10","15.40","46.20","38.50","13","43.70"
"23 - 24 School Year","63","Oakland Schools","63150","Troy School District","06366","Larson Middle School","63","Oakland","LEA School","Middle School","City: Small","Oakland Region","5","06","English Language Arts","White, not of Hispanic origin","66","59","41","39.80","35.50","24.70","166","56.00"
"23 - 24 School Year","63","Oakland Schools","63150","Troy School District","06366","Larson Middle School","63","Oakland","LEA School","Middle School","City: Small","Oakland Region","5","06","English Language Arts","Hispanic","< 10","< 10","< 10","58.30","33.30","8.30","12","71.40"
"23 - 24 School Year","63","Oakland Schools","63150","Troy School District","06366","Larson Middle School","63","Oakland","LEA School","Middle School","City: Small","Oakland Region","5","06","English Language Arts","Black, not of Hispanic origin","< 10","< 10","< 10","< 10","< 10","< 10","< 10","< 10"
"23 - 24 School Year","63","Oakland Schools","63150","Troy School District","06366","Larson Middle School","63","Oakland","LEA School","Middle School","City: Small","Oakland Region","5","06","English Language Arts","Not Economically Disadvantaged","109","87","49","44.50","35.50","20.00","245","60.20"
"23 - 24 School Year","63","Oakland Schools","63150","Troy School District","06366","Larson Middle School","63","Oakland","LEA School","Middle School","City: Small","Oakland Region","5","06","English Language Arts","Economically Disadvantaged","13","16","10","33.30","41.00","25.60","39","53.60"
"23 - 24 School Year","63","Oakland Schools","63150","Troy School District","06366","Larson Middle School","63","Oakland","LEA School","Middle School","City: Small","Oakland Region","5","06","English Language Arts","All Students","122","103","59","43.00","36.30","20.80","284","59.30"
"23 - 24 School Year","63","Oakland Schools","63150","Troy School District","06366","Larson Middle School","63","Oakland","LEA School","Middle School","City: Small","Oakland Region","5","All Grades","Mathematics","Not Migrant","294","307","185","37.40","39.10","23.50","786","56.20"
"23 - 24 School Year","63","Oakland Schools","63150","Troy School District","06366","Larson Middle School","63","Oakland","LEA School","Middle School","City: Small","Oakland Region","5","All Grades","Mathematics","Not English Learners","263","283","169","36.80","39.60","23.60","715","55.90"
"23 - 24 School Year","63","Oakland Schools","63150","Troy School District","06366","Larson Middle School","63","Oakland","LEA School","Middle School","City: Small","Oakland Region","5","All Grades","Mathematics","English Learners","31","24","16","43.70","33.80","22.50","71","59.40"
"23 - 24 School Year","63","Oakland Schools","63150","Troy School District","06366","Larson Middle School","63","Oakland","LEA School","Middle School","City: Small","Oakland Region","5","All Grades","Mathematics","Female","148","165","95","36.30","40.40","23.30","408","55.70"
"23 - 24 School Year","63","Oakland Schools","63150","Troy School District","06366","Larson Middle School","63","Oakland","LEA School","Middle School","City: Small","Oakland Region","5","All Grades","Mathematics","Male","146","142","90","38.60","37.60","23.80","378","56.70"
"23 - 24 School Year","63","Oakland Schools","63150","Troy School District","06366","Larson Middle School","63","Oakland","LEA School","Middle School","City: Small","Oakland Region","5","All Grades","Mathematics","Asian","113","81","35","49.30","35.40","15.30","229","64.80"
"23 - 24 School Year","63","Oakland Schools","63150","Troy School District","06366","Larson Middle School","63","Oakland","LEA School","Middle School","City: Small","Oakland Region","5","All Grades","Mathematics","Two or More Races","< 10","22","< 10","17.10","62.90","20.00","35","52.70"
"23 - 24 School Year","63","Oakland Schools","63150","Troy School District","06366","Larson Middle School","63","Oakland","LEA School","Middle School","City: Small","Oakland Region","5","All Grades","Mathematics","White, not of Hispanic origin","149","179","127","32.70","39.30","27.90","455","52.50"
"23 - 24 School Year","63","Oakland Schools","63150","Troy School District","06366","Larson Middle School","63","Oakland","LEA School","Middle School","City: Small","Oakland Region","5","All Grades","Mathematics","Hispanic","16","13","< 10","44.40","36.10","19.40","36","57.80"
"23 - 24 School Year","63","Oakland Schools","63150","Troy School District","06366","Larson Middle School","63","Oakland","LEA School","Middle School","City: Small","Oakland Region","5","All Grades","Mathematics","Black, not of Hispanic origin","< 10","10","< 10","29.60","37.00","33.30","27","46.90"
"23 - 24 School Year","63","Oakland Schools","63150","Troy School District","06366","Larson Middle School","63","Oakland","LEA School","Middle School","City: Small","Oakland Region","5","All Grades","Mathematics","Native Hawaiian or Other Pacific Islander","< 10","< 10","< 10","< 10","< 10","< 10","< 10","< 10"
"23 - 24 School Year","63","Oakland Schools","63150","Troy School District","06366","Larson Middle School","63","Oakland","LEA School","Middle School","City: Small","Oakland Region","5","All Grades","Mathematics","Not Economically Disadvantaged","260","263","150","38.60","39.10","22.30","673","57.20"
"23 - 24 School Year","63","Oakland Schools","63150","Troy School District","06366","Larson Middle School","63","Oakland","LEA School","Middle School","City: Small","Oakland Region","5","All Grades","Mathematics","Economically Disadvantaged","34","44","35","30.10","38.90","31.00","113","49.90"
"23 - 24 School Year","63","Oakland Schools","63150","Troy School District","06366","Larson Middle School","63","Oakland","LEA School","Middle School","City: Small","Oakland Region","5","All Grades","Mathematics","All Students","294","307","185","37.40","39.10","23.50","786","56.20"
"23 - 24 School Year","63","Oakland Schools","63150","Troy School District","06367","Boulan Park Middle School","63","Oakland","LEA School","Middle School","City: Small","Oakland Region","5","08","English Language Arts","Students with Disabilities","< 10","< 10","< 10","< 10","< 10","< 10","< 10","< 10"
"23 - 24 School Year","63","Oakland Schools","63150","Troy School District","06367","Boulan Park Middle School","63","Oakland","LEA School","Middle School","City: Small","Oakland Region","5","All Grades","English Language Arts","Students without Disabilities","278","271","167","38.80","37.80","23.30","716","56.70"
"23 - 24 School Year","63","Oakland Schools","63150","Troy School District","06367","Boulan Park Middle School","63","Oakland","LEA School","Middle School","City: Small","Oakland Region","5","All Grades","Mathematics","Students without Disabilities","332","262","138","45.40","35.80","18.90","732","61.20"
"23 - 24 School Year","63","Oakland Schools","63150","Troy School District","06367","Boulan Park Middle School","63","Oakland","LEA School","Middle School","City: Small","Oakland Region","5","06","English Language Arts","Students without Disabilities","60","100","67","26.40","44.10","29.50","227","50.20"
"23 - 24 School Year","63","Oakland Schools","63150","Troy School District","06367","Boulan Park Middle School","63","Oakland","LEA School","Middle School","City: Small","Oakland Region","5","08","English Language Arts","Students without Disabilities","109","91","42","45.00","37.60","17.40","242","61.10"
"23 - 24 School Year","63","Oakland Schools","63150","Troy School District","06367","Boulan Park Middle School","63","Oakland","LEA School","Middle School","City: Small","Oakland Region","5","06","Mathematics","Students without Disabilities","85","97","52","36.30","41.50","22.20","234","56.20"
"23 - 24 School Year","63","Oakland Schools","63150","Troy School District","06367","Boulan Park Middle School","63","Oakland","LEA School","Middle School","City: Small","Oakland Region","5","07","Mathematics","Students without Disabilities","113","89","49","45.00","35.50","19.50","251","60.50"
"23 - 24 School Year","63","Oakland Schools","63150","Troy School District","06367","Boulan Park Middle School","63","Oakland","LEA School","Middle School","City: Small","Oakland Region","5","07","English Language Arts","Students without Disabilities","109","80","58","44.10","32.40","23.50","247","58.40"
"23 - 24 School Year","63","Oakland Schools","63150","Troy School District","06367","Boulan Park Middle School","63","Oakland","LEA School","Middle School","City: Small","Oakland Region","5","08","Mathematics","Hispanic","< 10","< 10","< 10","< 10","< 10","< 10","< 10","< 10"
"23 - 24 School Year","63","Oakland Schools","63150","Troy School District","06367","Boulan Park Middle School","63","Oakland","LEA School","Middle School","City: Small","Oakland Region","5","08","Mathematics","Black, not of Hispanic origin","< 10","< 10","< 10","< 10","< 10","< 10","< 10","< 10"
"23 - 24 School Year","63","Oakland Schools","63150","Troy School District","06367","Boulan Park Middle School","63","Oakland","LEA School","Middle School","City: Small","Oakland Region","5","08","Mathematics","Native Hawaiian or Other Pacific Islander","< 10","< 10","< 10","< 10","< 10","< 10","< 10","< 10"
"23 - 24 School Year","63","Oakland Schools","63150","Troy School District","06367","Boulan Park Middle School","63","Oakland","LEA School","Middle School","City: Small","Oakland Region","5","08","Mathematics","Not Economically Disadvantaged","131","73","34","55.00","30.70","14.30","238","67.20"
"23 - 24 School Year","63","Oakland Schools","63150","Troy School District","06367","Boulan Park Middle School","63","Oakland","LEA School","Middle School","City: Small","Oakland Region","5","08","Mathematics","Economically Disadvantaged","< 10","< 10","< 10","25.00","43.80","31.30","16","47.90"
"23 - 24 School Year","63","Oakland Schools","63150","Troy School District","06367","Boulan Park Middle School","63","Oakland","LEA School","Middle School","City: Small","Oakland Region","5","08","Mathematics","All Students","135","80","39","53.10","31.50","15.40","254","66.00"
"23 - 24 School Year","63","Oakland Schools","63150","Troy School District","06367","Boulan Park Middle School","63","Oakland","LEA School","Middle School","City: Small","Oakland Region","5","08","English Language Arts","Not Migrant","111","93","45","44.60","37.30","18.10","249","60.70"
"23 - 24 School Year","63","Oakland Schools","63150","Troy School District","06367","Boulan Park Middle School","63","Oakland","LEA School","Middle School","City: Small","Oakland Region","5","08","English Language Arts","Not English Learners","108","86","40","46.20","36.80","17.10","234","62.10"
"23 - 24 School Year","63","Oakland Schools","63150","Troy School District","06367","Boulan Park Middle School","63","Oakland","LEA School","Middle School","City: Small","Oakland Region","5","08","English Language Arts","English Learners","< 10","< 10","< 10","20.00","46.70","33.30","15","39.30"
"23 - 24 School Year","63","Oakland Schools","63150","Troy School District","06367","Boulan Park Middle School","63","Oakland","LEA School","Middle School","City: Small","Oakland Region","5","08","English Language Arts","Female","45","57","26","35.20","44.50","20.30","128","57.30"
"23 - 24 School Year","63","Oakland Schools","63150","Troy School District","06367","Boulan Park Middle School","63","Oakland","LEA School","Middle School","City: Small","Oakland Region","5","08","English Language Arts","Male","66","36","19","54.50","29.80","15.70","121","64.30"
"23 - 24 School Year","63","Oakland Schools","63150","Troy School District","06367","Boulan Park Middle School","63","Oakland","LEA School","Middle School","City: Small","Oakland Region","5","08","English Language Arts","Asian","69","43","23","51.10","31.90","17.00","135","62.70"
"23 - 24 School Year","63","Oakland Schools","63150","Troy School District","06367","Boulan Park Middle School","63","Oakland","LEA School","Middle School","City: Small","Oakland Region","5","08","English Language Arts","Two or More Races","< 10","< 10","< 10","10.00","70.00","20.00","10","53.90"
"23 - 24 School Year","63","Oakland Schools","63150","Troy School District","06367","Boulan Park Middle School","63","Oakland","LEA School","Middle School","City: Small","Oakland Region","5","06","English Language Arts","Students with Disabilities","< 10","< 10","< 10","28.60","57.10","14.30","14","59.40"
"23 - 24 School Year","63","Oakland Schools","63150","Troy School District","06367","Boulan Park Middle School","63","Oakland","LEA School","Middle School","City: Small","Oakland Region","5","06","Mathematics","Students with Disabilities","< 10","< 10","< 10","46.20","30.80","23.10","13","57.10"
"23 - 24 School Year","63","Oakland Schools","63150","Troy School District","06367","Boulan Park Middle School","63","Oakland","LEA School","Middle School","City: Small","Oakland Region","5","07","English Language Arts","Students with Disabilities","< 10","< 10","< 10","40.00","20.00","40.00","10","46.60"
"23 - 24 School Year","63","Oakland Schools","63150","Troy School District","06367","Boulan Park Middle School","63","Oakland","LEA School","Middle School","City: Small","Oakland Region","5","07","Mathematics","Students with Disabilities","< 10","< 10","< 10","40.00","40.00","20.00","10","56.50"
"23 - 24 School Year","63","Oakland Schools","63150","Troy School District","06367","Boulan Park Middle School","63","Oakland","LEA School","Middle School","City: Small","Oakland Region","5","08","Mathematics","Students with Disabilities","< 10","< 10","< 10","< 10","< 10","< 10","< 10","< 10"
"23 - 24 School Year","63","Oakland Schools","63150","Troy School District","06367","Boulan Park Middle School","63","Oakland","LEA School","Middle School","City: Small","Oakland Region","5","All Grades","English Language Arts","Students with Disabilities","10","12","< 10","32.30","38.70","29.00","31","52.70"
"23 - 24 School Year","63","Oakland Schools","63150","Troy School District","06367","Boulan Park Middle School","63","Oakland","LEA School","Middle School","City: Small","Oakland Region","5","All Grades","Mathematics","Students with Disabilities","11","12","< 10","36.70","40.00","23.30","30","53.90"
"23 - 24 School Year","63","Oakland Schools","63150","Troy School District","06367","Boulan Park Middle School","63","Oakland","LEA School","Middle School","City: Small","Oakland Region","5","08","Mathematics","English Learners","13","< 10","< 10","65.00","15.00","20.00","20","69.00"
"23 - 24 School Year","63","Oakland Schools","63150","Troy School District","06367","Boulan Park Middle School","63","Oakland","LEA School","Middle School","City: Small","Oakland Region","5","08","Mathematics","Female","71","41","20","53.80","31.10","15.20","132","66.50"
"23 - 24 School Year","63","Oakland Schools","63150","Troy School District","06367","Boulan Park Middle School","63","Oakland","LEA School","Middle School","City: Small","Oakland Region","5","08","Mathematics","Male","64","39","19","52.50","32.00","15.60","122","65.40"
"23 - 24 School Year","63","Oakland Schools","63150","Troy School District","06367","Boulan Park Middle School","63","Oakland","LEA School","Middle School","City: Small","Oakland Region","5","08","Mathematics","Asian","83","41","15","59.70","29.50","10.80","139","71.50"
"23 - 24 School Year","63","Oakland Schools","63150","Troy School District","06367","Boulan Park Middle School","63","Oakland","LEA School","Middle School","City: Small","Oakland Region","5","08","Mathematics","Two or More Races","< 10","< 10","< 10","50.00","40.00","10.00","10","64.60"
"23 - 24 School Year","63","Oakland Schools","63150","Troy School District","06367","Boulan Park Middle School","63","Oakland","LEA School","Middle School","City: Small","Oakland Region","5","08","Mathematics","White, not of Hispanic origin","42","29","20","46.20","31.90","22.00","91","59.30"
"23 - 24 School Year","63","Oakland Schools","63150","Troy School District","06367","Boulan Park Middle School","63","Oakland","LEA School","Middle School","City: Small","Oakland Region","5","All Grades","English Language Arts","All Students","288","283","176","38.60","37.90","23.60","747","56.60"
"23 - 24 School Year","63","Oakland Schools","63150","Troy School District","06367","Boulan Park Middle School","63","Oakland","LEA School","Middle School","City: Small","Oakland Region","5","All Grades","English Language Arts","Economically Disadvantaged","13","23","27","20.60","36.50","42.90","63","43.70"
"23 - 24 School Year","63","Oakland Schools","63150","Troy School District","06367","Boulan Park Middle School","63","Oakland","LEA School","Middle School","City: Small","Oakland Region","5","All Grades","English Language Arts","Not Economically Disadvantaged","275","260","149","40.20","38.00","21.80","684","57.70"
"23 - 24 School Year","63","Oakland Schools","63150","Troy School District","06367","Boulan Park Middle School","63","Oakland","LEA School","Middle School","City: Small","Oakland Region","5","08","Mathematics","Not English Learners","122","77","35","52.10","32.90","15.00","234","65.70"
"23 - 24 School Year","63","Oakland Schools","63150","Troy School District","06367","Boulan Park Middle School","63","Oakland","LEA School","Middle School","City: Small","Oakland Region","5","08","Mathematics","Not Migrant","135","80","39","53.10","31.50","15.40","254","66.00"
"23 - 24 School Year","63","Oakland Schools","63150","Troy School District","06367","Boulan Park Middle School","63","Oakland","LEA School","Middle School","City: Small","Oakland Region","5","All Grades","English Language Arts","Native Hawaiian or Other Pacific Islander","< 10","< 10","< 10","< 10","< 10","< 10","< 10","< 10"
"23 - 24 School Year","63","Oakland Schools","63150","Troy School District","06367","Boulan Park Middle School","63","Oakland","LEA School","Middle School","City: Small","Oakland Region","5","All Grades","English Language Arts","Black, not of Hispanic origin","< 10","10","< 10","21.70","43.50","34.80","23","44.70"
"23 - 24 School Year","63","Oakland Schools","63150","Troy School District","06367","Boulan Park Middle School","63","Oakland","LEA School","Middle School","City: Small","Oakland Region","5","All Grades","English Language Arts","Hispanic","< 10","< 10","13","25.90","25.90","48.10","27","39.10"
"23 - 24 School Year","63","Oakland Schools","63150","Troy School District","06367","Boulan Park Middle School","63","Oakland","LEA School","Middle School","City: Small","Oakland Region","5","All Grades","English Language Arts","White, not of Hispanic origin","76","97","69","31.40","40.10","28.50","242","52.40"
"23 - 24 School Year","63","Oakland Schools","63150","Troy School District","06367","Boulan Park Middle School","63","Oakland","LEA School","Middle School","City: Small","Oakland Region","5","All Grades","English Language Arts","Two or More Races","< 10","15","< 10","27.60","51.70","20.70","29","56.40"
"23 - 24 School Year","63","Oakland Schools","63150","Troy School District","06367","Boulan Park Middle School","63","Oakland","LEA School","Middle School","City: Small","Oakland Region","5","All Grades","Mathematics","Two or More Races","14","11","< 10","48.30","37.90","13.80","29","62.90"
"23 - 24 School Year","63","Oakland Schools","63150","Troy School District","06367","Boulan Park Middle School","63","Oakland","LEA School","Middle School","City: Small","Oakland Region","5","All Grades","Mathematics","White, not of Hispanic origin","87","84","71","36.00","34.70","29.30","242","52.70"
"23 - 24 School Year","63","Oakland Schools","63150","Troy School District","06367","Boulan Park Middle School","63","Oakland","LEA School","Middle School","City: Small","Oakland Region","5","All Grades","Mathematics","Hispanic","< 10","14","< 10","30.00","46.70","23.30","30","52.10"
"23 - 24 School Year","63","Oakland Schools","63150","Troy School District","06367","Boulan Park Middle School","63","Oakland","LEA School","Middle School","City: Small","Oakland Region","5","All Grades","Mathematics","Black, not of Hispanic origin","< 10","10","< 10","39.10","43.50","17.40","23","58.80"
"23 - 24 School Year","63","Oakland Schools","63150","Troy School District","06367","Boulan Park Middle School","63","Oakland","LEA School","Middle School","City: Small","Oakland Region","5","All Grades","Mathematics","Native Hawaiian or Other Pacific Islander","< 10","< 10","< 10","< 10","< 10","< 10","< 10","< 10"
"23 - 24 School Year","63","Oakland Schools","63150","Troy School District","06367","Boulan Park Middle School","63","Oakland","LEA School","Middle School","City: Small","Oakland Region","5","All Grades","Mathematics","Not Economically Disadvantaged","327","250","121","46.80","35.80","17.30","698","62.40"
"23 - 24 School Year","63","Oakland Schools","63150","Troy School District","06367","Boulan Park Middle School","63","Oakland","LEA School","Middle School","City: Small","Oakland Region","5","All Grades","Mathematics","Economically Disadvantaged","16","24","24","25.00","37.50","37.50","64","44.50"
"23 - 24 School Year","63","Oakland Schools","63150","Troy School District","06367","Boulan Park Middle School","63","Oakland","LEA School","Middle School","City: Small","Oakland Region","5","All Grades","Mathematics","All Students","343","274","145","45.00","36.00","19.00","762","60.90"
"23 - 24 School Year","63","Oakland Schools","63150","Troy School District","06367","Boulan Park Middle School","63","Oakland","LEA School","Middle School","City: Small","Oakland Region","5","All Grades","English Language Arts","Not Migrant","288","283","176","38.60","37.90","23.60","747","56.60"
"23 - 24 School Year","63","Oakland Schools","63150","Troy School District","06367","Boulan Park Middle School","63","Oakland","LEA School","Middle School","City: Small","Oakland Region","5","All Grades","English Language Arts","Not English Learners","275","262","157","39.60","37.80","22.60","694","57.40"
"23 - 24 School Year","63","Oakland Schools","63150","Troy School District","06367","Boulan Park Middle School","63","Oakland","LEA School","Middle School","City: Small","Oakland Region","5","All Grades","English Language Arts","English Learners","13","21","19","24.50","39.60","35.80","53","45.50"
"23 - 24 School Year","63","Oakland Schools","63150","Troy School District","06367","Boulan Park Middle School","63","Oakland","LEA School","Middle School","City: Small","Oakland Region","5","All Grades","English Language Arts","Female","137","156","86","36.10","41.20","22.70","379","55.90"
"23 - 24 School Year","63","Oakland Schools","63150","Troy School District","06367","Boulan Park Middle School","63","Oakland","LEA School","Middle School","City: Small","Oakland Region","5","All Grades","English Language Arts","Male","151","127","90","41.00","34.50","24.50","368","57.20"
"23 - 24 School Year","63","Oakland Schools","63150","Troy School District","06367","Boulan Park Middle School","63","Oakland","LEA School","Middle School","City: Small","Oakland Region","5","All Grades","English Language Arts","Asian","191","154","80","44.90","36.20","18.80","425","60.60"
"23 - 24 School Year","63","Oakland Schools","63150","Troy School District","06367","Boulan Park Middle School","63","Oakland","LEA School","Middle School","City: Small","Oakland Region","5","07","Mathematics","Two or More Races","< 10","< 10","< 10","60.00","20.00","20.00","10","67.10"
"23 - 24 School Year","63","Oakland Schools","63150","Troy School District","06367","Boulan Park Middle School","63","Oakland","LEA School","Middle School","City: Small","Oakland Region","5","07","Mathematics","White, not of Hispanic origin","29","29","21","36.70","36.70","26.60","79","53.90"
"23 - 24 School Year","63","Oakland Schools","63150","Troy School District","06367","Boulan Park Middle School","63","Oakland","LEA School","Middle School","City: Small","Oakland Region","5","07","Mathematics","Hispanic","< 10","< 10","< 10","36.40","36.40","27.30","11","53.70"
"23 - 24 School Year","63","Oakland Schools","63150","Troy School District","06367","Boulan Park Middle School","63","Oakland","LEA School","Middle School","City: Small","Oakland Region","5","07","Mathematics","Black, not of Hispanic origin","< 10","< 10","< 10","41.70","50.00","8.30","12","65.80"
"23 - 24 School Year","63","Oakland Schools","63150","Troy School District","06367","Boulan Park Middle School","63","Oakland","LEA School","Middle School","City: Small","Oakland Region","5","07","Mathematics","Not Economically Disadvantaged","110","84","39","47.20","36.10","16.70","233","62.40"
"23 - 24 School Year","63","Oakland Schools","63150","Troy School District","06367","Boulan Park Middle School","63","Oakland","LEA School","Middle School","City: Small","Oakland Region","5","07","Mathematics","Economically Disadvantaged","< 10","< 10","12","25.00","32.10","42.90","28","43.60"
"23 - 24 School Year","63","Oakland Schools","63150","Troy School District","06367","Boulan Park Middle School","63","Oakland","LEA School","Middle School","City: Small","Oakland Region","5","07","Mathematics","All Students","117","93","51","44.80","35.60","19.50","261","60.40"
"23 - 24 School Year","63","Oakland Schools","63150","Troy School District","06367","Boulan Park Middle School","63","Oakland","LEA School","Middle School","City: Small","Oakland Region","5","07","English Language Arts","Not Migrant","113","82","62","44.00","31.90","24.10","257","58.00"
"23 - 24 School Year","63","Oakland Schools","63150","Troy School District","06367","Boulan Park Middle School","63","Oakland","LEA School","Middle School","City: Small","Oakland Region","5","07","English Language Arts","Not English Learners","105","76","53","44.90","32.50","22.60","234","58.80"
"23 - 24 School Year","63","Oakland Schools","63150","Troy School District","06367","Boulan Park Middle School","63","Oakland","LEA School","Middle School","City: Small","Oakland Region","5","07","English Language Arts","English Learners","< 10","< 10","< 10","34.80","26.10","39.10","23","50.20"
"23 - 24 School Year","63","Oakland Schools","63150","Troy School District","06367","Boulan Park Middle School","63","Oakland","LEA School","Middle School","City: Small","Oakland Region","5","07","English Language Arts","Female","60","46","29","44.40","34.10","21.50","135","58.20"
"23 - 24 School Year","63","Oakland Schools","63150","Troy School District","06367","Boulan Park Middle School","63","Oakland","LEA School","Middle School","City: Small","Oakland Region","5","07","English Language Arts","Male","53","36","33","43.40","29.50","27.00","122","57.70"
"23 - 24 School Year","63","Oakland Schools","63150","Troy School District","06367","Boulan Park Middle School","63","Oakland","LEA School","Middle School","City: Small","Oakland Region","5","07","English Language Arts","Asian","79","42","25","54.10","28.80","17.10","146","65.20"
"23 - 24 School Year","63","Oakland Schools","63150","Troy School District","06367","Boulan Park Middle School","63","Oakland","LEA School","Middle School","City: Small","Oakland Region","5","07","English Language Arts","Two or More Races","< 10","< 10","< 10","60.00","30.00","10.00","10","70.50"
"23 - 24 School Year","63","Oakland Schools","63150","Troy School District","06367","Boulan Park Middle School","63","Oakland","LEA School","Middle School","City: Small","Oakland Region","5","07","English Language Arts","White, not of Hispanic origin","24","32","23","30.40","40.50","29.10","79","50.30"
"23 - 24 School Year","63","Oakland Schools","63150","Troy School District","06367","Boulan Park Middle School","63","Oakland","LEA School","Middle School","City: Small","Oakland Region","5","07","English Language Arts","Hispanic","< 10","< 10","< 10","10.00","20.00","70.00","10","24.40"
"23 - 24 School Year","63","Oakland Schools","63150","Troy School District","06367","Boulan Park Middle School","63","Oakland","LEA School","Middle School","City: Small","Oakland Region","5","07","English Language Arts","Black, not of Hispanic origin","< 10","< 10","< 10","25.00","25.00","50.00","12","38.30"
"23 - 24 School Year","63","Oakland Schools","63150","Troy School District","06367","Boulan Park Middle School","63","Oakland","LEA School","Middle School","City: Small","Oakland Region","5","07","English Language Arts","Not Economically Disadvantaged","106","74","49","46.30","32.30","21.40","229","60.00"
"23 - 24 School Year","63","Oakland Schools","63150","Troy School District","06367","Boulan Park Middle School","63","Oakland","LEA School","Middle School","City: Small","Oakland Region","5","07","English Language Arts","Economically Disadvantaged","< 10","< 10","13","25.00","28.60","46.40","28","41.40"
"23 - 24 School Year","63","Oakland Schools","63150","Troy School District","06367","Boulan Park Middle School","63","Oakland","LEA School","Middle School","City: Small","Oakland Region","5","07","English Language Arts","All Students","113","82","62","44.00","31.90","24.10","257","58.00"
"23 - 24 School Year","63","Oakland Schools","63150","Troy School District","06367","Boulan Park Middle School","63","Oakland","LEA School","Middle School","City: Small","Oakland Region","5","06","Mathematics","Not Migrant","91","101","55","36.80","40.90","22.30","247","56.20"
"23 - 24 School Year","63","Oakland Schools","63150","Troy School District","06367","Boulan Park Middle School","63","Oakland","LEA School","Middle School","City: Small","Oakland Region","5","06","Mathematics","Not English Learners","85","93","50","37.30","40.80","21.90","228","56.30"
"23 - 24 School Year","63","Oakland Schools","63150","Troy School District","06367","Boulan Park Middle School","63","Oakland","LEA School","Middle School","City: Small","Oakland Region","5","06","Mathematics","English Learners","< 10","< 10","< 10","31.60","42.10","26.30","19","54.70"
"23 - 24 School Year","63","Oakland Schools","63150","Troy School District","06367","Boulan Park Middle School","63","Oakland","LEA School","Middle School","City: Small","Oakland Region","5","06","Mathematics","Female","48","43","30","39.70","35.50","24.80","121","56.90"
"23 - 24 School Year","63","Oakland Schools","63150","Troy School District","06367","Boulan Park Middle School","63","Oakland","LEA School","Middle School","City: Small","Oakland Region","5","06","Mathematics","Male","43","58","25","34.10","46.00","19.80","126","55.50"
"23 - 24 School Year","63","Oakland Schools","63150","Troy School District","06367","Boulan Park Middle School","63","Oakland","LEA School","Middle School","City: Small","Oakland Region","5","06","Mathematics","Asian","68","61","20","45.60","40.90","13.40","149","63.50"
"23 - 24 School Year","63","Oakland Schools","63150","Troy School District","06367","Boulan Park Middle School","63","Oakland","LEA School","Middle School","City: Small","Oakland Region","5","06","English Language Arts","Hispanic","< 10","< 10","< 10","< 10","< 10","< 10","< 10","< 10"
"23 - 24 School Year","63","Oakland Schools","63150","Troy School District","06367","Boulan Park Middle School","63","Oakland","LEA School","Middle School","City: Small","Oakland Region","5","06","English Language Arts","White, not of Hispanic origin","17","29","26","23.60","40.30","36.10","72","47.30"
"23 - 24 School Year","63","Oakland Schools","63150","Troy School District","06367","Boulan Park Middle School","63","Oakland","LEA School","Middle School","City: Small","Oakland Region","5","06","English Language Arts","Two or More Races","< 10","< 10","< 10","< 10","< 10","< 10","< 10","< 10"
"23 - 24 School Year","63","Oakland Schools","63150","Troy School District","06367","Boulan Park Middle School","63","Oakland","LEA School","Middle School","City: Small","Oakland Region","5","06","English Language Arts","Asian","43","69","32","29.90","47.90","22.20","144","54.10"
"23 - 24 School Year","63","Oakland Schools","63150","Troy School District","06367","Boulan Park Middle School","63","Oakland","LEA School","Middle School","City: Small","Oakland Region","5","06","English Language Arts","Male","32","55","38","25.60","44.00","30.40","125","49.80"
"23 - 24 School Year","63","Oakland Schools","63150","Troy School District","06367","Boulan Park Middle School","63","Oakland","LEA School","Middle School","City: Small","Oakland Region","5","06","English Language Arts","Female","32","53","31","27.60","45.70","26.70","116","51.70"
"23 - 24 School Year","63","Oakland Schools","63150","Troy School District","06367","Boulan Park Middle School","63","Oakland","LEA School","Middle School","City: Small","Oakland Region","5","All Grades","Mathematics","Asian","224","154","59","51.30","35.20","13.50","437","66.00"
"23 - 24 School Year","63","Oakland Schools","63150","Troy School District","06367","Boulan Park Middle School","63","Oakland","LEA School","Middle School","City: Small","Oakland Region","5","All Grades","Mathematics","Male","165","135","71","44.50","36.40","19.10","371","60.50"
"23 - 24 School Year","63","Oakland Schools","63150","Troy School District","06367","Boulan Park Middle School","63","Oakland","LEA School","Middle School","City: Small","Oakland Region","5","All Grades","Mathematics","Female","178","139","74","45.50","35.50","18.90","391","61.30"
"23 - 24 School Year","63","Oakland Schools","63150","Troy School District","06367","Boulan Park Middle School","63","Oakland","LEA School","Middle School","City: Small","Oakland Region","5","All Grades","Mathematics","English Learners","28","20","17","43.10","30.80","26.20","65","58.90"
"23 - 24 School Year","63","Oakland Schools","63150","Troy School District","06367","Boulan Park Middle School","63","Oakland","LEA School","Middle School","City: Small","Oakland Region","5","All Grades","Mathematics","Not English Learners","315","254","128","45.20","36.40","18.40","697","61.10"
"23 - 24 School Year","63","Oakland Schools","63150","Troy School District","06367","Boulan Park Middle School","63","Oakland","LEA School","Middle School","City: Small","Oakland Region","5","All Grades","Mathematics","Not Migrant","343","274","145","45.00","36.00","19.00","762","60.90"
"23 - 24 School Year","63","Oakland Schools","63150","Troy School District","06367","Boulan Park Middle School","63","Oakland","LEA School","Middle School","City: Small","Oakland Region","5","06","English Language Arts","All Students","64","108","69","26.60","44.80","28.60","241","50.80"
"23 - 24 School Year","63","Oakland Schools","63150","Troy School District","06367","Boulan Park Middle School","63","Oakland","LEA School","Middle School","City: Small","Oakland Region","5","06","English Language Arts","English Learners","< 10","< 10","< 10","13.30","53.30","33.30","15","44.70"
"23 - 24 School Year","63","Oakland Schools","63150","Troy School District","06367","Boulan Park Middle School","63","Oakland","LEA School","Middle School","City: Small","Oakland Region","5","06","English Language Arts","Not English Learners","62","100","64","27.40","44.20","28.30","226","51.20"
"23 - 24 School Year","63","Oakland Schools","63150","Troy School District","06367","Boulan Park Middle School","63","Oakland","LEA School","Middle School","City: Small","Oakland Region","5","06","English Language Arts","Not Migrant","64","108","69","26.60","44.80","28.60","241","50.80"
"23 - 24 School Year","63","Oakland Schools","63150","Troy School District","06367","Boulan Park Middle School","63","Oakland","LEA School","Middle School","City: Small","Oakland Region","5","06","English Language Arts","Economically Disadvantaged","< 10","< 10","< 10","15.80","36.80","47.40","19","42.70"
"23 - 24 School Year","63","Oakland Schools","63150","Troy School District","06367","Boulan Park Middle School","63","Oakland","LEA School","Middle School","City: Small","Oakland Region","5","06","English Language Arts","Not Economically Disadvantaged","61","101","60","27.50","45.50","27.00","222","51.40"
"23 - 24 School Year","63","Oakland Schools","63150","Troy School District","06367","Boulan Park Middle School","63","Oakland","LEA School","Middle School","City: Small","Oakland Region","5","06","Mathematics","Two or More Races","< 10","< 10","< 10","< 10","< 10","< 10","< 10","< 10"
"23 - 24 School Year","63","Oakland Schools","63150","Troy School District","06367","Boulan Park Middle School","63","Oakland","LEA School","Middle School","City: Small","Oakland Region","5","06","Mathematics","White, not of Hispanic origin","16","26","30","22.20","36.10","41.70","72","43.10"
"23 - 24 School Year","63","Oakland Schools","63150","Troy School District","06367","Boulan Park Middle School","63","Oakland","LEA School","Middle School","City: Small","Oakland Region","5","06","Mathematics","Hispanic","< 10","< 10","< 10","10.00","70.00","20.00","10","44.60"
"23 - 24 School Year","63","Oakland Schools","63150","Troy School District","06367","Boulan Park Middle School","63","Oakland","LEA School","Middle School","City: Small","Oakland Region","5","06","Mathematics","Black, not of Hispanic origin","< 10","< 10","< 10","< 10","< 10","< 10","< 10","< 10"
"23 - 24 School Year","63","Oakland Schools","63150","Troy School District","06367","Boulan Park Middle School","63","Oakland","LEA School","Middle School","City: Small","Oakland Region","5","06","Mathematics","Not Economically Disadvantaged","86","93","48","37.90","41.00","21.10","227","57.40"
"23 - 24 School Year","63","Oakland Schools","63150","Troy School District","06367","Boulan Park Middle School","63","Oakland","LEA School","Middle School","City: Small","Oakland Region","5","06","Mathematics","Economically Disadvantaged","< 10","< 10","< 10","25.00","40.00","35.00","20","43.10"
"23 - 24 School Year","63","Oakland Schools","63150","Troy School District","06367","Boulan Park Middle School","63","Oakland","LEA School","Middle School","City: Small","Oakland Region","5","06","Mathematics","All Students","91","101","55","36.80","40.90","22.30","247","56.20"
"23 - 24 School Year","63","Oakland Schools","63150","Troy School District","06367","Boulan Park Middle School","63","Oakland","LEA School","Middle School","City: Small","Oakland Region","5","06","English Language Arts","Black, not of Hispanic origin","< 10","< 10","< 10","< 10","< 10","< 10","< 10","< 10"
"23 - 24 School Year","63","Oakland Schools","63150","Troy School District","06367","Boulan Park Middle School","63","Oakland","LEA School","Middle School","City: Small","Oakland Region","5","07","Mathematics","Asian","73","52","24","49.00","34.90","16.10","149","63.40"
"23 - 24 School Year","63","Oakland Schools","63150","Troy School District","06367","Boulan Park Middle School","63","Oakland","LEA School","Middle School","City: Small","Oakland Region","5","07","Mathematics","Male","58","38","27","47.20","30.90","22.00","123","60.70"
"23 - 24 School Year","63","Oakland Schools","63150","Troy School District","06367","Boulan Park Middle School","63","Oakland","LEA School","Middle School","City: Small","Oakland Region","5","07","Mathematics","Female","59","55","24","42.80","39.90","17.40","138","60.10"
"23 - 24 School Year","63","Oakland Schools","63150","Troy School District","06367","Boulan Park Middle School","63","Oakland","LEA School","Middle School","City: Small","Oakland Region","5","07","Mathematics","English Learners","< 10","< 10","< 10","34.60","34.60","30.80","26","54.20"
"23 - 24 School Year","63","Oakland Schools","63150","Troy School District","06367","Boulan Park Middle School","63","Oakland","LEA School","Middle School","City: Small","Oakland Region","5","08","English Language Arts","White, not of Hispanic origin","35","36","20","38.50","39.60","22.00","91","58.20"
"23 - 24 School Year","63","Oakland Schools","63150","Troy School District","06367","Boulan Park Middle School","63","Oakland","LEA School","Middle School","City: Small","Oakland Region","5","08","English Language Arts","Hispanic","< 10","< 10","< 10","< 10","< 10","< 10","< 10","< 10"
"23 - 24 School Year","63","Oakland Schools","63150","Troy School District","06367","Boulan Park Middle School","63","Oakland","LEA School","Middle School","City: Small","Oakland Region","5","08","English Language Arts","Black, not of Hispanic origin","< 10","< 10","< 10","< 10","< 10","< 10","< 10","< 10"
"23 - 24 School Year","63","Oakland Schools","63150","Troy School District","06367","Boulan Park Middle School","63","Oakland","LEA School","Middle School","City: Small","Oakland Region","5","08","English Language Arts","Native Hawaiian or Other Pacific Islander","< 10","< 10","< 10","< 10","< 10","< 10","< 10","< 10"
"23 - 24 School Year","63","Oakland Schools","63150","Troy School District","06367","Boulan Park Middle School","63","Oakland","LEA School","Middle School","City: Small","Oakland Region","5","08","English Language Arts","Not Economically Disadvantaged","108","85","40","46.40","36.50","17.20","233","61.50"
"23 - 24 School Year","63","Oakland Schools","63150","Troy School District","06367","Boulan Park Middle School","63","Oakland","LEA School","Middle School","City: Small","Oakland Region","5","08","English Language Arts","Economically Disadvantaged","< 10","< 10","< 10","18.80","50.00","31.30","16","49.10"
"23 - 24 School Year","63","Oakland Schools","63150","Troy School District","06367","Boulan Park Middle School","63","Oakland","LEA School","Middle School","City: Small","Oakland Region","5","08","English Language Arts","All Students","111","93","45","44.60","37.30","18.10","249","60.70"
"23 - 24 School Year","63","Oakland Schools","63150","Troy School District","06367","Boulan Park Middle School","63","Oakland","LEA School","Middle School","City: Small","Oakland Region","5","07","Mathematics","Not Migrant","117","93","51","44.80","35.60","19.50","261","60.40"
"23 - 24 School Year","63","Oakland Schools","63150","Troy School District","06367","Boulan Park Middle School","63","Oakland","LEA School","Middle School","City: Small","Oakland Region","5","07","Mathematics","Not English Learners","108","84","43","46.00","35.70","18.30","235","61.10"
"23 - 24 School Year","63","Oakland Schools","63150","Troy School District","06367","Boulan Park Middle School","63","Oakland","LEA School","Middle School","City: Small","Oakland Region","5","08","Mathematics","Students without Disabilities","134","76","37","54.30","30.80","15.00","247","66.60"
"23 - 24 School Year","63","Oakland Schools","63150","Troy School District","06393","Athens High School","63","Oakland","LEA School","High School","City: Small","Oakland Region","5","All Grades","English Language Arts","Students without Disabilities","126","135","79","37.10","39.70","23.20","340","56.60"
"23 - 24 School Year","63","Oakland Schools","63150","Troy School District","06393","Athens High School","63","Oakland","LEA School","High School","City: Small","Oakland Region","5","All Grades","Mathematics","Students without Disabilities","193","119","28","56.80","35.00","8.20","340","70.30"
"23 - 24 School Year","63","Oakland Schools","63150","Troy School District","06393","Athens High School","63","Oakland","LEA School","High School","City: Small","Oakland Region","5","11","English Language Arts","Students without Disabilities","126","135","79","37.10","39.70","23.20","340","56.60"
"23 - 24 School Year","63","Oakland Schools","63150","Troy School District","06393","Athens High School","63","Oakland","LEA School","High School","City: Small","Oakland Region","5","11","Mathematics","Students without Disabilities","193","119","28","56.80","35.00","8.20","340","70.30"
"23 - 24 School Year","63","Oakland Schools","63150","Troy School District","06393","Athens High School","63","Oakland","LEA School","High School","City: Small","Oakland Region","5","11","Mathematics","Students with Disabilities","< 10","< 10","< 10","26.10","34.80","39.10","23","46.30"
"23 - 24 School Year","63","Oakland Schools","63150","Troy School District","06393","Athens High School","63","Oakland","LEA School","High School","City: Small","Oakland Region","5","All Grades","English Language Arts","Students with Disabilities","< 10","< 10","10","34.80","21.70","43.50","23","42.80"
"23 - 24 School Year","63","Oakland Schools","63150","Troy School District","06393","Athens High School","63","Oakland","LEA School","High School","City: Small","Oakland Region","5","All Grades","Mathematics","Students with Disabilities","< 10","< 10","< 10","26.10","34.80","39.10","23","46.30"
"23 - 24 School Year","63","Oakland Schools","63150","Troy School District","06393","Athens High School","63","Oakland","LEA School","High School","City: Small","Oakland Region","5","11","English Language Arts","Students with Disabilities","< 10","< 10","10","34.80","21.70","43.50","23","42.80"
"23 - 24 School Year","63","Oakland Schools","63150","Troy School District","06393","Athens High School","63","Oakland","LEA School","High School","City: Small","Oakland Region","5","11","English Language Arts","All Students","134","140","89","36.90","38.60","24.50","363","55.70"
"23 - 24 School Year","63","Oakland Schools","63150","Troy School District","06393","Athens High School","63","Oakland","LEA School","High School","City: Small","Oakland Region","5","All Grades","Mathematics","Not Migrant","199","127","37","54.80","35.00","10.20","363","68.80"
"23 - 24 School Year","63","Oakland Schools","63150","Troy School District","06393","Athens High School","63","Oakland","LEA School","High School","City: Small","Oakland Region","5","All Grades","Mathematics","Not English Learners","195","119","36","55.70","34.00","10.30","350","69.20"
"23 - 24 School Year","63","Oakland Schools","63150","Troy School District","06393","Athens High School","63","Oakland","LEA School","High School","City: Small","Oakland Region","5","All Grades","Mathematics","English Learners","< 10","< 10","< 10","30.80","61.50","7.70","13","57.80"
"23 - 24 School Year","63","Oakland Schools","63150","Troy School District","06393","Athens High School","63","Oakland","LEA School","High School","City: Small","Oakland Region","5","All Grades","Mathematics","Female","100","65","15","55.60","36.10","8.30","180","70.10"
"23 - 24 School Year","63","Oakland Schools","63150","Troy School District","06393","Athens High School","63","Oakland","LEA School","High School","City: Small","Oakland Region","5","11","English Language Arts","Economically Disadvantaged","18","27","19","28.10","42.20","29.70","64","50.70"
"23 - 24 School Year","63","Oakland Schools","63150","Troy School District","06393","Athens High School","63","Oakland","LEA School","High School","City: Small","Oakland Region","5","All Grades","Mathematics","Male","99","62","22","54.10","33.90","12.00","183","67.50"
"23 - 24 School Year","63","Oakland Schools","63150","Troy School District","06393","Athens High School","63","Oakland","LEA School","High School","City: Small","Oakland Region","5","All Grades","Mathematics","Asian","49","28","< 10","60.50","34.60","< 5","81","74.80"
"23 - 24 School Year","63","Oakland Schools","63150","Troy School District","06393","Athens High School","63","Oakland","LEA School","High School","City: Small","Oakland Region","5","All Grades","Mathematics","Two or More Races","< 10","< 10","< 10","50.00","33.30","16.70","12","61.30"
"23 - 24 School Year","63","Oakland Schools","63150","Troy School District","06393","Athens High School","63","Oakland","LEA School","High School","City: Small","Oakland Region","5","All Grades","Mathematics","White, not of Hispanic origin","122","83","24","53.30","36.20","10.50","229","67.80"
"23 - 24 School Year","63","Oakland Schools","63150","Troy School District","06393","Athens High School","63","Oakland","LEA School","High School","City: Small","Oakland Region","5","All Grades","Mathematics","Hispanic","15","< 10","< 10","68.20","22.70","9.10","22","73.10"
"23 - 24 School Year","63","Oakland Schools","63150","Troy School District","06393","Athens High School","63","Oakland","LEA School","High School","City: Small","Oakland Region","5","All Grades","Mathematics","Black, not of Hispanic origin","< 10","< 10","< 10","36.80","36.80","26.30","19","55.30"
"23 - 24 School Year","63","Oakland Schools","63150","Troy School District","06393","Athens High School","63","Oakland","LEA School","High School","City: Small","Oakland Region","5","All Grades","Mathematics","Not Economically Disadvantaged","171","99","29","57.20","33.10","9.70","299","70.00"
"23 - 24 School Year","63","Oakland Schools","63150","Troy School District","06393","Athens High School","63","Oakland","LEA School","High School","City: Small","Oakland Region","5","All Grades","Mathematics","Economically Disadvantaged","28","28","< 10","43.80","43.80","12.50","64","63.20"
"23 - 24 School Year","63","Oakland Schools","63150","Troy School District","06393","Athens High School","63","Oakland","LEA School","High School","City: Small","Oakland Region","5","All Grades","Mathematics","All Students","199","127","37","54.80","35.00","10.20","363","68.80"
"23 - 24 School Year","63","Oakland Schools","63150","Troy School District","06393","Athens High School","63","Oakland","LEA School","High School","City: Small","Oakland Region","5","All Grades","English Language Arts","Not Migrant","134","140","89","36.90","38.60","24.50","363","55.70"
"23 - 24 School Year","63","Oakland Schools","63150","Troy School District","06393","Athens High School","63","Oakland","LEA School","High School","City: Small","Oakland Region","5","All Grades","English Language Arts","Not English Learners","132","135","83","37.70","38.60","23.70","350","56.40"
"23 - 24 School Year","63","Oakland Schools","63150","Troy School District","06393","Athens High School","63","Oakland","LEA School","High School","City: Small","Oakland Region","5","All Grades","English Language Arts","English Learners","< 10","< 10","< 10","15.40","38.50","46.20","13","37.00"
"23 - 24 School Year","63","Oakland Schools","63150","Troy School District","06393","Athens High School","63","Oakland","LEA School","High School","City: Small","Oakland Region","5","All Grades","English Language Arts","Female","60","76","44","33.30","42.20","24.40","180","54.70"
"23 - 24 School Year","63","Oakland Schools","63150","Troy School District","06393","Athens High School","63","Oakland","LEA School","High School","City: Small","Oakland Region","5","All Grades","English Language Arts","Male","74","64","45","40.40","35.00","24.60","183","56.70"
"23 - 24 School Year","63","Oakland Schools","63150","Troy School District","06393","Athens High School","63","Oakland","LEA School","High School","City: Small","Oakland Region","5","All Grades","English Language Arts","Asian","40","26","15","49.40","32.10","18.50","81","63.20"
"23 - 24 School Year","63","Oakland Schools","63150","Troy School District","06393","Athens High School","63","Oakland","LEA School","High School","City: Small","Oakland Region","5","All Grades","English Language Arts","Two or More Races","< 10","< 10","< 10","58.30","25.00","16.70","12","63.80"
"23 - 24 School Year","63","Oakland Schools","63150","Troy School District","06393","Athens High School","63","Oakland","LEA School","High School","City: Small","Oakland Region","5","All Grades","English Language Arts","All Students","134","140","89","36.90","38.60","24.50","363","55.70"
"23 - 24 School Year","63","Oakland Schools","63150","Troy School District","06393","Athens High School","63","Oakland","LEA School","High School","City: Small","Oakland Region","5","All Grades","English Language Arts","Economically Disadvantaged","18","27","19","28.10","42.20","29.70","64","50.70"
"23 - 24 School Year","63","Oakland Schools","63150","Troy School District","06393","Athens High School","63","Oakland","LEA School","High School","City: Small","Oakland Region","5","All Grades","English Language Arts","Not Economically Disadvantaged","116","113","70","38.80","37.80","23.40","299","56.80"
"23 - 24 School Year","63","Oakland Schools","63150","Troy School District","06393","Athens High School","63","Oakland","LEA School","High School","City: Small","Oakland Region","5","All Grades","English Language Arts","Black, not of Hispanic origin","< 10","10","< 10","10.50","52.60","36.80","19","42.50"
"23 - 24 School Year","63","Oakland Schools","63150","Troy School District","06393","Athens High School","63","Oakland","LEA School","High School","City: Small","Oakland Region","5","All Grades","English Language Arts","Hispanic","< 10","< 10","< 10","31.80","40.90","27.30","22","54.00"
"23 - 24 School Year","63","Oakland Schools","63150","Troy School District","06393","Athens High School","63","Oakland","LEA School","High School","City: Small","Oakland Region","5","All Grades","English Language Arts","White, not of Hispanic origin","78","92","59","34.10","40.20","25.80","229","53.90"
"23 - 24 School Year","63","Oakland Schools","63150","Troy School District","06393","Athens High School","63","Oakland","LEA School","High School","City: Small","Oakland Region","5","11","Mathematics","Economically Disadvantaged","28","28","< 10","43.80","43.80","12.50","64","63.20"
"23 - 24 School Year","63","Oakland Schools","63150","Troy School District","06393","Athens High School","63","Oakland","LEA School","High School","City: Small","Oakland Region","5","11","Mathematics","Not Economically Disadvantaged","171","99","29","57.20","33.10","9.70","299","70.00"
"23 - 24 School Year","63","Oakland Schools","63150","Troy School District","06393","Athens High School","63","Oakland","LEA School","High School","City: Small","Oakland Region","5","11","Mathematics","Black, not of Hispanic origin","< 10","< 10","< 10","36.80","36.80","26.30","19","55.30"
"23 - 24 School Year","63","Oakland Schools","63150","Troy School District","06393","Athens High School","63","Oakland","LEA School","High School","City: Small","Oakland Region","5","11","Mathematics","Hispanic","15","< 10","< 10","68.20","22.70","9.10","22","73.10"
"23 - 24 School Year","63","Oakland Schools","63150","Troy School District","06393","Athens High School","63","Oakland","LEA School","High School","City: Small","Oakland Region","5","11","Mathematics","White, not of Hispanic origin","122","83","24","53.30","36.20","10.50","229","67.80"
"23 - 24 School Year","63","Oakland Schools","63150","Troy School District","06393","Athens High School","63","Oakland","LEA School","High School","City: Small","Oakland Region","5","11","Mathematics","Two or More Races","< 10","< 10","< 10","50.00","33.30","16.70","12","61.30"
"23 - 24 School Year","63","Oakland Schools","63150","Troy School District","06393","Athens High School","63","Oakland","LEA School","High School","City: Small","Oakland Region","5","11","Mathematics","Asian","49","28","< 10","60.50","34.60","< 5","81","74.80"
"23 - 24 School Year","63","Oakland Schools","63150","Troy School District","06393","Athens High School","63","Oakland","LEA School","High School","City: Small","Oakland Region","5","11","Mathematics","Male","99","62","22","54.10","33.90","12.00","183","67.50"
"23 - 24 School Year","63","Oakland Schools","63150","Troy School District","06393","Athens High School","63","Oakland","LEA School","High School","City: Small","Oakland Region","5","11","Mathematics","All Students","199","127","37","54.80","35.00","10.20","363","68.80"
"23 - 24 School Year","63","Oakland Schools","63150","Troy School District","06393","Athens High School","63","Oakland","LEA School","High School","City: Small","Oakland Region","5","11","English Language Arts","Not Migrant","134","140","89","36.90","38.60","24.50","363","55.70"
"23 - 24 School Year","63","Oakland Schools","63150","Troy School District","06393","Athens High School","63","Oakland","LEA School","High School","City: Small","Oakland Region","5","11","English Language Arts","Not English Learners","132","135","83","37.70","38.60","23.70","350","56.40"
"23 - 24 School Year","63","Oakland Schools","63150","Troy School District","06393","Athens High School","63","Oakland","LEA School","High School","City: Small","Oakland Region","5","11","English Language Arts","English Learners","< 10","< 10","< 10","15.40","38.50","46.20","13","37.00"
"23 - 24 School Year","63","Oakland Schools","63150","Troy School District","06393","Athens High School","63","Oakland","LEA School","High School","City: Small","Oakland Region","5","11","English Language Arts","Female","60","76","44","33.30","42.20","24.40","180","54.70"
"23 - 24 School Year","63","Oakland Schools","63150","Troy School District","06393","Athens High School","63","Oakland","LEA School","High School","City: Small","Oakland Region","5","11","English Language Arts","Male","74","64","45","40.40","35.00","24.60","183","56.70"
"23 - 24 School Year","63","Oakland Schools","63150","Troy School District","06393","Athens High School","63","Oakland","LEA School","High School","City: Small","Oakland Region","5","11","English Language Arts","Asian","40","26","15","49.40","32.10","18.50","81","63.20"
"23 - 24 School Year","63","Oakland Schools","63150","Troy School District","06393","Athens High School","63","Oakland","LEA School","High School","City: Small","Oakland Region","5","11","English Language Arts","Two or More Races","< 10","< 10","< 10","58.30","25.00","16.70","12","63.80"
"23 - 24 School Year","63","Oakland Schools","63150","Troy School District","06393","Athens High School","63","Oakland","LEA School","High School","City: Small","Oakland Region","5","11","English Language Arts","White, not of Hispanic origin","78","92","59","34.10","40.20","25.80","229","53.90"
"23 - 24 School Year","63","Oakland Schools","63150","Troy School District","06393","Athens High School","63","Oakland","LEA School","High School","City: Small","Oakland Region","5","11","English Language Arts","Hispanic","< 10","< 10","< 10","31.80","40.90","27.30","22","54.00"
"23 - 24 School Year","63","Oakland Schools","63150","Troy School District","06393","Athens High School","63","Oakland","LEA School","High School","City: Small","Oakland Region","5","11","English Language Arts","Black, not of Hispanic origin","< 10","10","< 10","10.50","52.60","36.80","19","42.50"
"23 - 24 School Year","63","Oakland Schools","63150","Troy School District","06393","Athens High School","63","Oakland","LEA School","High School","City: Small","Oakland Region","5","11","English Language Arts","Not Economically Disadvantaged","116","113","70","38.80","37.80","23.40","299","56.80"
"23 - 24 School Year","63","Oakland Schools","63150","Troy School District","06393","Athens High School","63","Oakland","LEA School","High School","City: Small","Oakland Region","5","11","Mathematics","Female","100","65","15","55.60","36.10","8.30","180","70.10"
"23 - 24 School Year","63","Oakland Schools","63150","Troy School District","06393","Athens High School","63","Oakland","LEA School","High School","City: Small","Oakland Region","5","11","Mathematics","English Learners","< 10","< 10","< 10","30.80","61.50","7.70","13","57.80"
"23 - 24 School Year","63","Oakland Schools","63150","Troy School District","06393","Athens High School","63","Oakland","LEA School","High School","City: Small","Oakland Region","5","11","Mathematics","Not English Learners","195","119","36","55.70","34.00","10.30","350","69.20"
"23 - 24 School Year","63","Oakland Schools","63150","Troy School District","06393","Athens High School","63","Oakland","LEA School","High School","City: Small","Oakland Region","5","11","Mathematics","Not Migrant","199","127","37","54.80","35.00","10.20","363","68.80"
"23 - 24 School Year","63","Oakland Schools","63150","Troy School District","06939","Wass Elementary School","63","Oakland","LEA School","Elementary","City: Small","Oakland Region","5","05","Mathematics","Students without Disabilities","34","33","< 10","44.70","43.40","11.80","76","62.30"
"23 - 24 School Year","63","Oakland Schools","63150","Troy School District","06939","Wass Elementary School","63","Oakland","LEA School","Elementary","City: Small","Oakland Region","5","05","English Language Arts","Students without Disabilities","16","37","23","21.10","48.70","30.30","76","47.60"
"23 - 24 School Year","63","Oakland Schools","63150","Troy School District","06939","Wass Elementary School","63","Oakland","LEA School","Elementary","City: Small","Oakland Region","5","04","Mathematics","Students without Disabilities","24","30","< 10","40.00","50.00","10.00","60","63.50"
"23 - 24 School Year","63","Oakland Schools","63150","Troy School District","06939","Wass Elementary School","63","Oakland","LEA School","Elementary","City: Small","Oakland Region","5","04","English Language Arts","Students without Disabilities","23","26","11","38.30","43.30","18.30","60","59.70"
"23 - 24 School Year","63","Oakland Schools","63150","Troy School District","06939","Wass Elementary School","63","Oakland","LEA School","Elementary","City: Small","Oakland Region","5","All Grades","Mathematics","Students without Disabilities","58","63","15","42.60","46.30","11.00","136","62.90"
"23 - 24 School Year","63","Oakland Schools","63150","Troy School District","06939","Wass Elementary School","63","Oakland","LEA School","Elementary","City: Small","Oakland Region","5","All Grades","English Language Arts","Students without Disabilities","39","63","34","28.70","46.30","25.00","136","52.90"
"23 - 24 School Year","63","Oakland Schools","63150","Troy School District","06939","Wass Elementary School","63","Oakland","LEA School","Elementary","City: Small","Oakland Region","5","All Grades","English Language Arts","Students with Disabilities","< 10","< 10","< 10","30.00","30.00","40.00","10","48.40"
"23 - 24 School Year","63","Oakland Schools","63150","Troy School District","06939","Wass Elementary School","63","Oakland","LEA School","Elementary","City: Small","Oakland Region","5","All Grades","Mathematics","Students with Disabilities","< 10","< 10","< 10","36.40","36.40","27.30","11","57.50"
"23 - 24 School Year","63","Oakland Schools","63150","Troy School District","06939","Wass Elementary School","63","Oakland","LEA School","Elementary","City: Small","Oakland Region","5","04","English Language Arts","Students with Disabilities","< 10","< 10","< 10","< 10","< 10","< 10","< 10","< 10"
"23 - 24 School Year","63","Oakland Schools","63150","Troy School District","06939","Wass Elementary School","63","Oakland","LEA School","Elementary","City: Small","Oakland Region","5","04","Mathematics","Students with Disabilities","< 10","< 10","< 10","< 10","< 10","< 10","< 10","< 10"
"23 - 24 School Year","63","Oakland Schools","63150","Troy School District","06939","Wass Elementary School","63","Oakland","LEA School","Elementary","City: Small","Oakland Region","5","05","English Language Arts","Students with Disabilities","< 10","< 10","< 10","< 10","< 10","< 10","< 10","< 10"
"23 - 24 School Year","63","Oakland Schools","63150","Troy School District","06939","Wass Elementary School","63","Oakland","LEA School","Elementary","City: Small","Oakland Region","5","05","Mathematics","Students with Disabilities","< 10","< 10","< 10","< 10","< 10","< 10","< 10","< 10"
"23 - 24 School Year","63","Oakland Schools","63150","Troy School District","06939","Wass Elementary School","63","Oakland","LEA School","Elementary","City: Small","Oakland Region","5","05","English Language Arts","Not Economically Disadvantaged","16","33","22","22.50","46.50","31.00","71","47.80"
"23 - 24 School Year","63","Oakland Schools","63150","Troy School District","06939","Wass Elementary School","63","Oakland","LEA School","Elementary","City: Small","Oakland Region","5","05","English Language Arts","Black, not of Hispanic origin","< 10","< 10","< 10","< 10","< 10","< 10","< 10","< 10"
"23 - 24 School Year","63","Oakland Schools","63150","Troy School District","06939","Wass Elementary School","63","Oakland","LEA School","Elementary","City: Small","Oakland Region","5","05","English Language Arts","Hispanic","< 10","< 10","< 10","< 10","< 10","< 10","< 10","< 10"
"23 - 24 School Year","63","Oakland Schools","63150","Troy School District","06939","Wass Elementary School","63","Oakland","LEA School","Elementary","City: Small","Oakland Region","5","05","English Language Arts","White, not of Hispanic origin","< 10","21","18","15.20","45.70","39.10","46","42.80"
"23 - 24 School Year","63","Oakland Schools","63150","Troy School District","06939","Wass Elementary School","63","Oakland","LEA School","Elementary","City: Small","Oakland Region","5","05","English Language Arts","Two or More Races","< 10","< 10","< 10","< 10","< 10","< 10","< 10","< 10"
"23 - 24 School Year","63","Oakland Schools","63150","Troy School District","06939","Wass Elementary School","63","Oakland","LEA School","Elementary","City: Small","Oakland Region","5","05","English Language Arts","Asian","< 10","13","< 10","25.00","46.40","28.60","28","48.70"
"23 - 24 School Year","63","Oakland Schools","63150","Troy School District","06939","Wass Elementary School","63","Oakland","LEA School","Elementary","City: Small","Oakland Region","5","05","English Language Arts","Male","< 10","24","15","18.80","50.00","31.30","48","46.90"
"23 - 24 School Year","63","Oakland Schools","63150","Troy School District","06939","Wass Elementary School","63","Oakland","LEA School","Elementary","City: Small","Oakland Region","5","05","English Language Arts","Economically Disadvantaged","< 10","< 10","< 10","9.10","45.50","45.50","11","38.50"
"23 - 24 School Year","63","Oakland Schools","63150","Troy School District","06939","Wass Elementary School","63","Oakland","LEA School","Elementary","City: Small","Oakland Region","5","05","English Language Arts","All Students","17","38","27","20.70","46.30","32.90","82","46.60"
"23 - 24 School Year","63","Oakland Schools","63150","Troy School District","06939","Wass Elementary School","63","Oakland","LEA School","Elementary","City: Small","Oakland Region","5","04","Mathematics","Not Migrant","27","30","< 10","41.50","46.20","12.30","65","63.50"
"23 - 24 School Year","63","Oakland Schools","63150","Troy School District","06939","Wass Elementary School","63","Oakland","LEA School","Elementary","City: Small","Oakland Region","5","04","Mathematics","Female","15","15","< 10","42.90","42.90","14.30","35","60.80"
"23 - 24 School Year","63","Oakland Schools","63150","Troy School District","06939","Wass Elementary School","63","Oakland","LEA School","Elementary","City: Small","Oakland Region","5","04","Mathematics","English Learners","< 10","< 10","< 10","< 10","< 10","< 10","< 10","< 10"
"23 - 24 School Year","63","Oakland Schools","63150","Troy School District","06939","Wass Elementary School","63","Oakland","LEA School","Elementary","City: Small","Oakland Region","5","04","Mathematics","Not English Learners","21","27","< 10","37.50","48.20","14.30","56","61.90"
"23 - 24 School Year","63","Oakland Schools","63150","Troy School District","06939","Wass Elementary School","63","Oakland","LEA School","Elementary","City: Small","Oakland Region","5","04","Mathematics","Male","12","15","< 10","40.00","50.00","10.00","30","66.70"
"23 - 24 School Year","63","Oakland Schools","63150","Troy School District","06939","Wass Elementary School","63","Oakland","LEA School","Elementary","City: Small","Oakland Region","5","04","Mathematics","Asian","< 10","12","< 10","30.00","60.00","10.00","20","59.30"
"23 - 24 School Year","63","Oakland Schools","63150","Troy School District","06939","Wass Elementary School","63","Oakland","LEA School","Elementary","City: Small","Oakland Region","5","04","Mathematics","Two or More Races","< 10","< 10","< 10","< 10","< 10","< 10","< 10","< 10"
"23 - 24 School Year","63","Oakland Schools","63150","Troy School District","06939","Wass Elementary School","63","Oakland","LEA School","Elementary","City: Small","Oakland Region","5","04","Mathematics","White, not of Hispanic origin","16","16","< 10","44.40","44.40","11.10","36","64.60"
"23 - 24 School Year","63","Oakland Schools","63150","Troy School District","06939","Wass Elementary School","63","Oakland","LEA School","Elementary","City: Small","Oakland Region","5","04","Mathematics","Hispanic","< 10","< 10","< 10","< 10","< 10","< 10","< 10","< 10"
"23 - 24 School Year","63","Oakland Schools","63150","Troy School District","06939","Wass Elementary School","63","Oakland","LEA School","Elementary","City: Small","Oakland Region","5","04","Mathematics","Black, not of Hispanic origin","< 10","< 10","< 10","< 10","< 10","< 10","< 10","< 10"
"23 - 24 School Year","63","Oakland Schools","63150","Troy School District","06939","Wass Elementary School","63","Oakland","LEA School","Elementary","City: Small","Oakland Region","5","04","Mathematics","Not Economically Disadvantaged","23","26","< 10","41.80","47.30","10.90","55","64.20"
"23 - 24 School Year","63","Oakland Schools","63150","Troy School District","06939","Wass Elementary School","63","Oakland","LEA School","Elementary","City: Small","Oakland Region","5","04","Mathematics","Economically Disadvantaged","< 10","< 10","< 10","40.00","40.00","20.00","10","59.70"
"23 - 24 School Year","63","Oakland Schools","63150","Troy School District","06939","Wass Elementary School","63","Oakland","LEA School","Elementary","City: Small","Oakland Region","5","04","Mathematics","All Students","27","30","< 10","41.50","46.20","12.30","65","63.50"
"23 - 24 School Year","63","Oakland Schools","63150","Troy School District","06939","Wass Elementary School","63","Oakland","LEA School","Elementary","City: Small","Oakland Region","5","04","English Language Arts","Not Migrant","25","28","11","39.10","43.80","17.20","64","60.30"
"23 - 24 School Year","63","Oakland Schools","63150","Troy School District","06939","Wass Elementary School","63","Oakland","LEA School","Elementary","City: Small","Oakland Region","5","04","English Language Arts","Not English Learners","21","24","10","38.20","43.60","18.20","55","60.00"
"23 - 24 School Year","63","Oakland Schools","63150","Troy School District","06939","Wass Elementary School","63","Oakland","LEA School","Elementary","City: Small","Oakland Region","5","04","English Language Arts","English Learners","< 10","< 10","< 10","< 10","< 10","< 10","< 10","< 10"
"23 - 24 School Year","63","Oakland Schools","63150","Troy School District","06939","Wass Elementary School","63","Oakland","LEA School","Elementary","City: Small","Oakland Region","5","04","English Language Arts","Female","13","15","< 10","37.10","42.90","20.00","35","58.90"
"23 - 24 School Year","63","Oakland Schools","63150","Troy School District","06939","Wass Elementary School","63","Oakland","LEA School","Elementary","City: Small","Oakland Region","5","04","English Language Arts","Male","12","13","< 10","41.40","44.80","13.80","29","62.00"
"23 - 24 School Year","63","Oakland Schools","63150","Troy School District","06939","Wass Elementary School","63","Oakland","LEA School","Elementary","City: Small","Oakland Region","5","04","English Language Arts","Asian","10","< 10","< 10","50.00","30.00","20.00","20","60.50"
"23 - 24 School Year","63","Oakland Schools","63150","Troy School District","06939","Wass Elementary School","63","Oakland","LEA School","Elementary","City: Small","Oakland Region","5","04","English Language Arts","Two or More Races","< 10","< 10","< 10","< 10","< 10","< 10","< 10","< 10"
"23 - 24 School Year","63","Oakland Schools","63150","Troy School District","06939","Wass Elementary School","63","Oakland","LEA School","Elementary","City: Small","Oakland Region","5","04","English Language Arts","White, not of Hispanic origin","13","19","< 10","36.10","52.80","11.10","36","62.20"
"23 - 24 School Year","63","Oakland Schools","63150","Troy School District","06939","Wass Elementary School","63","Oakland","LEA School","Elementary","City: Small","Oakland Region","5","04","English Language Arts","Hispanic","< 10","< 10","< 10","< 10","< 10","< 10","< 10","< 10"
"23 - 24 School Year","63","Oakland Schools","63150","Troy School District","06939","Wass Elementary School","63","Oakland","LEA School","Elementary","City: Small","Oakland Region","5","04","English Language Arts","Not Economically Disadvantaged","21","24","10","38.20","43.60","18.20","55","60.10"
"23 - 24 School Year","63","Oakland Schools","63150","Troy School District","06939","Wass Elementary School","63","Oakland","LEA School","Elementary","City: Small","Oakland Region","5","04","English Language Arts","Economically Disadvantaged","< 10","< 10","< 10","< 10","< 10","< 10","< 10","< 10"
"23 - 24 School Year","63","Oakland Schools","63150","Troy School District","06939","Wass Elementary School","63","Oakland","LEA School","Elementary","City: Small","Oakland Region","5","04","English Language Arts","All Students","25","28","11","39.10","43.80","17.20","64","60.30"
"23 - 24 School Year","63","Oakland Schools","63150","Troy School District","06939","Wass Elementary School","63","Oakland","LEA School","Elementary","City: Small","Oakland Region","5","All Grades","Mathematics","Not Migrant","62","67","18","42.20","45.60","12.20","147","62.50"
"23 - 24 School Year","63","Oakland Schools","63150","Troy School District","06939","Wass Elementary School","63","Oakland","LEA School","Elementary","City: Small","Oakland Region","5","All Grades","Mathematics","Not English Learners","55","58","17","42.30","44.60","13.10","130","62.20"
"23 - 24 School Year","63","Oakland Schools","63150","Troy School District","06939","Wass Elementary School","63","Oakland","LEA School","Elementary","City: Small","Oakland Region","5","All Grades","English Language Arts","All Students","42","66","38","28.80","45.20","26.00","146","52.60"
"23 - 24 School Year","63","Oakland Schools","63150","Troy School District","06939","Wass Elementary School","63","Oakland","LEA School","Elementary","City: Small","Oakland Region","5","All Grades","English Language Arts","Economically Disadvantaged","< 10","< 10","< 10","25.00","45.00","30.00","20","48.90"
"23 - 24 School Year","63","Oakland Schools","63150","Troy School District","06939","Wass Elementary School","63","Oakland","LEA School","Elementary","City: Small","Oakland Region","5","All Grades","English Language Arts","Not Economically Disadvantaged","37","57","32","29.40","45.20","25.40","126","53.20"
"23 - 24 School Year","63","Oakland Schools","63150","Troy School District","06939","Wass Elementary School","63","Oakland","LEA School","Elementary","City: Small","Oakland Region","5","All Grades","English Language Arts","Black, not of Hispanic origin","< 10","< 10","< 10","< 10","< 10","< 10","< 10","< 10"
"23 - 24 School Year","63","Oakland Schools","63150","Troy School District","06939","Wass Elementary School","63","Oakland","LEA School","Elementary","City: Small","Oakland Region","5","All Grades","English Language Arts","Hispanic","< 10","< 10","< 10","< 10","< 10","< 10","< 10","< 10"
"23 - 24 School Year","63","Oakland Schools","63150","Troy School District","06939","Wass Elementary School","63","Oakland","LEA School","Elementary","City: Small","Oakland Region","5","All Grades","English Language Arts","White, not of Hispanic origin","20","40","22","24.40","48.80","26.80","82","51.30"
"23 - 24 School Year","63","Oakland Schools","63150","Troy School District","06939","Wass Elementary School","63","Oakland","LEA School","Elementary","City: Small","Oakland Region","5","All Grades","English Language Arts","Two or More Races","< 10","< 10","< 10","< 10","< 10","< 10","< 10","< 10"
"23 - 24 School Year","63","Oakland Schools","63150","Troy School District","06939","Wass Elementary School","63","Oakland","LEA School","Elementary","City: Small","Oakland Region","5","All Grades","English Language Arts","Asian","17","19","12","35.40","39.60","25.00","48","53.60"
"23 - 24 School Year","63","Oakland Schools","63150","Troy School District","06939","Wass Elementary School","63","Oakland","LEA School","Elementary","City: Small","Oakland Region","5","All Grades","English Language Arts","Male","21","37","19","27.30","48.10","24.70","77","52.60"
"23 - 24 School Year","63","Oakland Schools","63150","Troy School District","06939","Wass Elementary School","63","Oakland","LEA School","Elementary","City: Small","Oakland Region","5","All Grades","English Language Arts","Female","21","29","19","30.40","42.00","27.50","69","52.60"
"23 - 24 School Year","63","Oakland Schools","63150","Troy School District","06939","Wass Elementary School","63","Oakland","LEA School","Elementary","City: Small","Oakland Region","5","All Grades","English Language Arts","English Learners","< 10","11","< 10","29.40","64.70","5.90","17","58.00"
"23 - 24 School Year","63","Oakland Schools","63150","Troy School District","06939","Wass Elementary School","63","Oakland","LEA School","Elementary","City: Small","Oakland Region","5","All Grades","English Language Arts","Not English Learners","37","55","37","28.70","42.60","28.70","129","51.90"
"23 - 24 School Year","63","Oakland Schools","63150","Troy School District","06939","Wass Elementary School","63","Oakland","LEA School","Elementary","City: Small","Oakland Region","5","All Grades","English Language Arts","Not Migrant","42","66","38","28.80","45.20","26.00","146","52.60"
"23 - 24 School Year","63","Oakland Schools","63150","Troy School District","06939","Wass Elementary School","63","Oakland","LEA School","Elementary","City: Small","Oakland Region","5","All Grades","Mathematics","All Students","62","67","18","42.20","45.60","12.20","147","62.50"
"23 - 24 School Year","63","Oakland Schools","63150","Troy School District","06939","Wass Elementary School","63","Oakland","LEA School","Elementary","City: Small","Oakland Region","5","All Grades","Mathematics","English Learners","< 10","< 10","< 10","41.20","52.90","5.90","17","64.20"
"23 - 24 School Year","63","Oakland Schools","63150","Troy School District","06939","Wass Elementary School","63","Oakland","LEA School","Elementary","City: Small","Oakland Region","5","All Grades","Mathematics","Female","28","29","12","40.60","42.00","17.40","69","58.80"
"23 - 24 School Year","63","Oakland Schools","63150","Troy School District","06939","Wass Elementary School","63","Oakland","LEA School","Elementary","City: Small","Oakland Region","5","All Grades","Mathematics","Male","34","38","< 10","43.60","48.70","7.70","78","65.80"
"23 - 24 School Year","63","Oakland Schools","63150","Troy School District","06939","Wass Elementary School","63","Oakland","LEA School","Elementary","City: Small","Oakland Region","5","All Grades","Mathematics","Asian","18","26","< 10","37.50","54.20","8.30","48","61.30"
"23 - 24 School Year","63","Oakland Schools","63150","Troy School District","06939","Wass Elementary School","63","Oakland","LEA School","Elementary","City: Small","Oakland Region","5","All Grades","Mathematics","Two or More Races","< 10","< 10","< 10","< 10","< 10","< 10","< 10","< 10"
"23 - 24 School Year","63","Oakland Schools","63150","Troy School District","06939","Wass Elementary School","63","Oakland","LEA School","Elementary","City: Small","Oakland Region","5","All Grades","Mathematics","White, not of Hispanic origin","34","36","12","41.50","43.90","14.60","82","60.80"
"23 - 24 School Year","63","Oakland Schools","63150","Troy School District","06939","Wass Elementary School","63","Oakland","LEA School","Elementary","City: Small","Oakland Region","5","All Grades","Mathematics","Hispanic","< 10","< 10","< 10","< 10","< 10","< 10","< 10","< 10"
"23 - 24 School Year","63","Oakland Schools","63150","Troy School District","06939","Wass Elementary School","63","Oakland","LEA School","Elementary","City: Small","Oakland Region","5","All Grades","Mathematics","Black, not of Hispanic origin","< 10","< 10","< 10","< 10","< 10","< 10","< 10","< 10"
"23 - 24 School Year","63","Oakland Schools","63150","Troy School District","06939","Wass Elementary School","63","Oakland","LEA School","Elementary","City: Small","Oakland Region","5","All Grades","Mathematics","Not Economically Disadvantaged","57","57","12","45.20","45.20","9.50","126","64.10"
"23 - 24 School Year","63","Oakland Schools","63150","Troy School District","06939","Wass Elementary School","63","Oakland","LEA School","Elementary","City: Small","Oakland Region","5","All Grades","Mathematics","Economically Disadvantaged","< 10","10","< 10","23.80","47.60","28.60","21","52.70"
"23 - 24 School Year","63","Oakland Schools","63150","Troy School District","06939","Wass Elementary School","63","Oakland","LEA School","Elementary","City: Small","Oakland Region","5","05","Mathematics","Not Migrant","35","37","10","42.70","45.10","12.20","82","61.60"
"23 - 24 School Year","63","Oakland Schools","63150","Troy School District","06939","Wass Elementary School","63","Oakland","LEA School","Elementary","City: Small","Oakland Region","5","05","Mathematics","Not English Learners","34","31","< 10","45.90","41.90","12.20","74","62.50"
"23 - 24 School Year","63","Oakland Schools","63150","Troy School District","06939","Wass Elementary School","63","Oakland","LEA School","Elementary","City: Small","Oakland Region","5","05","Mathematics","English Learners","< 10","< 10","< 10","< 10","< 10","< 10","< 10","< 10"
"23 - 24 School Year","63","Oakland Schools","63150","Troy School District","06939","Wass Elementary School","63","Oakland","LEA School","Elementary","City: Small","Oakland Region","5","05","Mathematics","Female","13","14","< 10","38.20","41.20","20.60","34","56.70"
"23 - 24 School Year","63","Oakland Schools","63150","Troy School District","06939","Wass Elementary School","63","Oakland","LEA School","Elementary","City: Small","Oakland Region","5","05","Mathematics","Male","22","23","< 10","45.80","47.90","6.30","48","65.10"
"23 - 24 School Year","63","Oakland Schools","63150","Troy School District","06939","Wass Elementary School","63","Oakland","LEA School","Elementary","City: Small","Oakland Region","5","05","Mathematics","Asian","12","14","< 10","42.90","50.00","7.10","28","62.80"
"23 - 24 School Year","63","Oakland Schools","63150","Troy School District","06939","Wass Elementary School","63","Oakland","LEA School","Elementary","City: Small","Oakland Region","5","05","Mathematics","Two or More Races","< 10","< 10","< 10","< 10","< 10","< 10","< 10","< 10"
"23 - 24 School Year","63","Oakland Schools","63150","Troy School District","06939","Wass Elementary School","63","Oakland","LEA School","Elementary","City: Small","Oakland Region","5","05","Mathematics","White, not of Hispanic origin","18","20","< 10","39.10","43.50","17.40","46","57.90"
"23 - 24 School Year","63","Oakland Schools","63150","Troy School District","06939","Wass Elementary School","63","Oakland","LEA School","Elementary","City: Small","Oakland Region","5","05","Mathematics","Hispanic","< 10","< 10","< 10","< 10","< 10","< 10","< 10","< 10"
"23 - 24 School Year","63","Oakland Schools","63150","Troy School District","06939","Wass Elementary School","63","Oakland","LEA School","Elementary","City: Small","Oakland Region","5","05","Mathematics","Black, not of Hispanic origin","< 10","< 10","< 10","< 10","< 10","< 10","< 10","< 10"
"23 - 24 School Year","63","Oakland Schools","63150","Troy School District","06939","Wass Elementary School","63","Oakland","LEA School","Elementary","City: Small","Oakland Region","5","05","Mathematics","Not Economically Disadvantaged","34","31","< 10","47.90","43.70","8.50","71","64.00"
"23 - 24 School Year","63","Oakland Schools","63150","Troy School District","06939","Wass Elementary School","63","Oakland","LEA School","Elementary","City: Small","Oakland Region","5","05","Mathematics","Economically Disadvantaged","< 10","< 10","< 10","9.10","54.50","36.40","11","46.40"
"23 - 24 School Year","63","Oakland Schools","63150","Troy School District","06939","Wass Elementary School","63","Oakland","LEA School","Elementary","City: Small","Oakland Region","5","05","Mathematics","All Students","35","37","10","42.70","45.10","12.20","82","61.60"
"23 - 24 School Year","63","Oakland Schools","63150","Troy School District","06939","Wass Elementary School","63","Oakland","LEA School","Elementary","City: Small","Oakland Region","5","05","English Language Arts","Female","< 10","14","12","23.50","41.20","35.30","34","46.20"
"23 - 24 School Year","63","Oakland Schools","63150","Troy School District","06939","Wass Elementary School","63","Oakland","LEA School","Elementary","City: Small","Oakland Region","5","05","English Language Arts","English Learners","< 10","< 10","< 10","< 10","< 10","< 10","< 10","< 10"
"23 - 24 School Year","63","Oakland Schools","63150","Troy School District","06939","Wass Elementary School","63","Oakland","LEA School","Elementary","City: Small","Oakland Region","5","05","English Language Arts","Not English Learners","16","31","27","21.60","41.90","36.50","74","45.80"
"23 - 24 School Year","63","Oakland Schools","63150","Troy School District","06939","Wass Elementary School","63","Oakland","LEA School","Elementary","City: Small","Oakland Region","5","05","English Language Arts","Not Migrant","17","38","27","20.70","46.30","32.90","82","46.60"
"23 - 24 School Year","63","Oakland Schools","63150","Troy School District","06940","Bemis Elementary School","63","Oakland","LEA School","Elementary","City: Small","Oakland Region","5","04","Mathematics","Students without Disabilities","34","26","17","44.20","33.80","22.10","77","58.80"
"23 - 24 School Year","63","Oakland Schools","63150","Troy School District","06940","Bemis Elementary School","63","Oakland","LEA School","Elementary","City: Small","Oakland Region","5","05","English Language Arts","Students without Disabilities","33","32","< 10","45.20","43.80","11.00","73","65.50"
"23 - 24 School Year","63","Oakland Schools","63150","Troy School District","06940","Bemis Elementary School","63","Oakland","LEA School","Elementary","City: Small","Oakland Region","5","05","Mathematics","Students without Disabilities","31","29","13","42.50","39.70","17.80","73","62.50"
"23 - 24 School Year","63","Oakland Schools","63150","Troy School District","06940","Bemis Elementary School","63","Oakland","LEA School","Elementary","City: Small","Oakland Region","5","All Grades","English Language Arts","Students without Disabilities","68","57","20","46.90","39.30","13.80","145","64.70"
"23 - 24 School Year","63","Oakland Schools","63150","Troy School District","06940","Bemis Elementary School","63","Oakland","LEA School","Elementary","City: Small","Oakland Region","5","All Grades","Mathematics","Students without Disabilities","65","55","30","43.30","36.70","20.00","150","60.60"
"23 - 24 School Year","63","Oakland Schools","63150","Troy School District","06940","Bemis Elementary School","63","Oakland","LEA School","Elementary","City: Small","Oakland Region","5","04","English Language Arts","Students without Disabilities","35","25","12","48.60","34.70","16.70","72","64.00"
"23 - 24 School Year","63","Oakland Schools","63150","Troy School District","06940","Bemis Elementary School","63","Oakland","LEA School","Elementary","City: Small","Oakland Region","5","04","English Language Arts","All Students","37","27","14","47.40","34.60","17.90","78","62.90"
"23 - 24 School Year","63","Oakland Schools","63150","Troy School District","06940","Bemis Elementary School","63","Oakland","LEA School","Elementary","City: Small","Oakland Region","5","All Grades","Mathematics","Not Migrant","67","59","33","42.10","37.10","20.80","159","59.80"
"23 - 24 School Year","63","Oakland Schools","63150","Troy School District","06940","Bemis Elementary School","63","Oakland","LEA School","Elementary","City: Small","Oakland Region","5","All Grades","Mathematics","Not English Learners","55","48","26","42.60","37.20","20.20","129","60.70"
"23 - 24 School Year","63","Oakland Schools","63150","Troy School District","06940","Bemis Elementary School","63","Oakland","LEA School","Elementary","City: Small","Oakland Region","5","All Grades","Mathematics","English Learners","12","11","< 10","40.00","36.70","23.30","30","55.80"
"23 - 24 School Year","63","Oakland Schools","63150","Troy School District","06940","Bemis Elementary School","63","Oakland","LEA School","Elementary","City: Small","Oakland Region","5","All Grades","English Language Arts","Students with Disabilities","< 10","< 10","< 10","< 10","< 10","< 10","< 10","< 10"
"23 - 24 School Year","63","Oakland Schools","63150","Troy School District","06940","Bemis Elementary School","63","Oakland","LEA School","Elementary","City: Small","Oakland Region","5","All Grades","Mathematics","Students with Disabilities","< 10","< 10","< 10","< 10","< 10","< 10","< 10","< 10"
"23 - 24 School Year","63","Oakland Schools","63150","Troy School District","06940","Bemis Elementary School","63","Oakland","LEA School","Elementary","City: Small","Oakland Region","5","All Grades","Mathematics","Female","28","35","14","36.40","45.50","18.20","77","58.10"
"23 - 24 School Year","63","Oakland Schools","63150","Troy School District","06940","Bemis Elementary School","63","Oakland","LEA School","Elementary","City: Small","Oakland Region","5","All Grades","Mathematics","Male","39","24","19","47.60","29.30","23.20","82","61.30"
"23 - 24 School Year","63","Oakland Schools","63150","Troy School District","06940","Bemis Elementary School","63","Oakland","LEA School","Elementary","City: Small","Oakland Region","5","All Grades","Mathematics","Asian","43","35","16","45.70","37.20","17.00","94","63.00"
"23 - 24 School Year","63","Oakland Schools","63150","Troy School District","06940","Bemis Elementary School","63","Oakland","LEA School","Elementary","City: Small","Oakland Region","5","All Grades","Mathematics","Two or More Races","< 10","< 10","< 10","< 10","< 10","< 10","< 10","< 10"
"23 - 24 School Year","63","Oakland Schools","63150","Troy School District","06940","Bemis Elementary School","63","Oakland","LEA School","Elementary","City: Small","Oakland Region","5","All Grades","Mathematics","White, not of Hispanic origin","19","16","10","42.20","35.60","22.20","45","58.80"
"23 - 24 School Year","63","Oakland Schools","63150","Troy School District","06940","Bemis Elementary School","63","Oakland","LEA School","Elementary","City: Small","Oakland Region","5","All Grades","Mathematics","Hispanic","< 10","< 10","< 10","< 10","< 10","< 10","< 10","< 10"
"23 - 24 School Year","63","Oakland Schools","63150","Troy School District","06940","Bemis Elementary School","63","Oakland","LEA School","Elementary","City: Small","Oakland Region","5","All Grades","Mathematics","Black, not of Hispanic origin","< 10","< 10","< 10","< 10","< 10","< 10","< 10","< 10"
"23 - 24 School Year","63","Oakland Schools","63150","Troy School District","06940","Bemis Elementary School","63","Oakland","LEA School","Elementary","City: Small","Oakland Region","5","All Grades","Mathematics","Not Economically Disadvantaged","64","55","26","44.10","37.90","17.90","145","61.70"
"23 - 24 School Year","63","Oakland Schools","63150","Troy School District","06940","Bemis Elementary School","63","Oakland","LEA School","Elementary","City: Small","Oakland Region","5","All Grades","Mathematics","Economically Disadvantaged","< 10","< 10","< 10","21.40","28.60","50.00","14","39.40"
"23 - 24 School Year","63","Oakland Schools","63150","Troy School District","06940","Bemis Elementary School","63","Oakland","LEA School","Elementary","City: Small","Oakland Region","5","All Grades","Mathematics","All Students","67","59","33","42.10","37.10","20.80","159","59.80"
"23 - 24 School Year","63","Oakland Schools","63150","Troy School District","06940","Bemis Elementary School","63","Oakland","LEA School","Elementary","City: Small","Oakland Region","5","All Grades","English Language Arts","Not Migrant","72","60","22","46.80","39.00","14.30","154","64.20"
"23 - 24 School Year","63","Oakland Schools","63150","Troy School District","06940","Bemis Elementary School","63","Oakland","LEA School","Elementary","City: Small","Oakland Region","5","All Grades","English Language Arts","Not English Learners","63","51","15","48.80","39.50","11.60","129","65.80"
"23 - 24 School Year","63","Oakland Schools","63150","Troy School District","06940","Bemis Elementary School","63","Oakland","LEA School","Elementary","City: Small","Oakland Region","5","All Grades","English Language Arts","English Learners","< 10","< 10","< 10","36.00","36.00","28.00","25","55.80"
"23 - 24 School Year","63","Oakland Schools","63150","Troy School District","06940","Bemis Elementary School","63","Oakland","LEA School","Elementary","City: Small","Oakland Region","5","All Grades","English Language Arts","Female","31","29","13","42.50","39.70","17.80","73","60.10"
"23 - 24 School Year","63","Oakland Schools","63150","Troy School District","06940","Bemis Elementary School","63","Oakland","LEA School","Elementary","City: Small","Oakland Region","5","All Grades","English Language Arts","Male","41","31","< 10","50.60","38.30","11.10","81","67.90"
"23 - 24 School Year","63","Oakland Schools","63150","Troy School District","06940","Bemis Elementary School","63","Oakland","LEA School","Elementary","City: Small","Oakland Region","5","All Grades","English Language Arts","Asian","47","33","< 10","52.80","37.10","10.10","89","68.10"
"23 - 24 School Year","63","Oakland Schools","63150","Troy School District","06940","Bemis Elementary School","63","Oakland","LEA School","Elementary","City: Small","Oakland Region","5","All Grades","English Language Arts","Two or More Races","< 10","< 10","< 10","< 10","< 10","< 10","< 10","< 10"
"23 - 24 School Year","63","Oakland Schools","63150","Troy School District","06940","Bemis Elementary School","63","Oakland","LEA School","Elementary","City: Small","Oakland Region","5","All Grades","English Language Arts","White, not of Hispanic origin","18","16","11","40.00","35.60","24.40","45","56.90"
"23 - 24 School Year","63","Oakland Schools","63150","Troy School District","06940","Bemis Elementary School","63","Oakland","LEA School","Elementary","City: Small","Oakland Region","5","All Grades","English Language Arts","Hispanic","< 10","< 10","< 10","< 10","< 10","< 10","< 10","< 10"
"23 - 24 School Year","63","Oakland Schools","63150","Troy School District","06940","Bemis Elementary School","63","Oakland","LEA School","Elementary","City: Small","Oakland Region","5","All Grades","English Language Arts","Black, not of Hispanic origin","< 10","< 10","< 10","< 10","< 10","< 10","< 10","< 10"
"23 - 24 School Year","63","Oakland Schools","63150","Troy School District","06940","Bemis Elementary School","63","Oakland","LEA School","Elementary","City: Small","Oakland Region","5","All Grades","English Language Arts","Not Economically Disadvantaged","67","54","20","47.50","38.30","14.20","141","64.80"
"23 - 24 School Year","63","Oakland Schools","63150","Troy School District","06940","Bemis Elementary School","63","Oakland","LEA School","Elementary","City: Small","Oakland Region","5","All Grades","English Language Arts","Economically Disadvantaged","< 10","< 10","< 10","38.50","46.20","15.40","13","57.60"
"23 - 24 School Year","63","Oakland Schools","63150","Troy School District","06940","Bemis Elementary School","63","Oakland","LEA School","Elementary","City: Small","Oakland Region","5","All Grades","English Language Arts","All Students","72","60","22","46.80","39.00","14.30","154","64.20"
"23 - 24 School Year","63","Oakland Schools","63150","Troy School District","06940","Bemis Elementary School","63","Oakland","LEA School","Elementary","City: Small","Oakland Region","5","05","Mathematics","Students with Disabilities","< 10","< 10","< 10","< 10","< 10","< 10","< 10","< 10"
"23 - 24 School Year","63","Oakland Schools","63150","Troy School District","06940","Bemis Elementary School","63","Oakland","LEA School","Elementary","City: Small","Oakland Region","5","05","English Language Arts","Students with Disabilities","< 10","< 10","< 10","< 10","< 10","< 10","< 10","< 10"
"23 - 24 School Year","63","Oakland Schools","63150","Troy School District","06940","Bemis Elementary School","63","Oakland","LEA School","Elementary","City: Small","Oakland Region","5","04","Mathematics","Students with Disabilities","< 10","< 10","< 10","< 10","< 10","< 10","< 10","< 10"
"23 - 24 School Year","63","Oakland Schools","63150","Troy School District","06940","Bemis Elementary School","63","Oakland","LEA School","Elementary","City: Small","Oakland Region","5","04","English Language Arts","Students with Disabilities","< 10","< 10","< 10","< 10","< 10","< 10","< 10","< 10"
"23 - 24 School Year","63","Oakland Schools","63150","Troy School District","06940","Bemis Elementary School","63","Oakland","LEA School","Elementary","City: Small","Oakland Region","5","05","Mathematics","Not Migrant","31","31","14","40.80","40.80","18.40","76","61.50"
"23 - 24 School Year","63","Oakland Schools","63150","Troy School District","06940","Bemis Elementary School","63","Oakland","LEA School","Elementary","City: Small","Oakland Region","5","05","Mathematics","Not English Learners","29","29","12","41.40","41.40","17.10","70","62.30"
"23 - 24 School Year","63","Oakland Schools","63150","Troy School District","06940","Bemis Elementary School","63","Oakland","LEA School","Elementary","City: Small","Oakland Region","5","05","Mathematics","English Learners","< 10","< 10","< 10","< 10","< 10","< 10","< 10","< 10"
"23 - 24 School Year","63","Oakland Schools","63150","Troy School District","06940","Bemis Elementary School","63","Oakland","LEA School","Elementary","City: Small","Oakland Region","5","05","Mathematics","Female","12","18","< 10","33.30","50.00","16.70","36","59.70"
"23 - 24 School Year","63","Oakland Schools","63150","Troy School District","06940","Bemis Elementary School","63","Oakland","LEA School","Elementary","City: Small","Oakland Region","5","05","Mathematics","Male","19","13","< 10","47.50","32.50","20.00","40","63.10"
"23 - 24 School Year","63","Oakland Schools","63150","Troy School District","06940","Bemis Elementary School","63","Oakland","LEA School","Elementary","City: Small","Oakland Region","5","05","Mathematics","Asian","21","19","< 10","44.70","40.40","14.90","47","64.30"
"23 - 24 School Year","63","Oakland Schools","63150","Troy School District","06940","Bemis Elementary School","63","Oakland","LEA School","Elementary","City: Small","Oakland Region","5","05","Mathematics","Two or More Races","< 10","< 10","< 10","< 10","< 10","< 10","< 10","< 10"
"23 - 24 School Year","63","Oakland Schools","63150","Troy School District","06940","Bemis Elementary School","63","Oakland","LEA School","Elementary","City: Small","Oakland Region","5","05","Mathematics","White, not of Hispanic origin","< 10","< 10","< 10","42.10","42.10","15.80","19","63.10"
"23 - 24 School Year","63","Oakland Schools","63150","Troy School District","06940","Bemis Elementary School","63","Oakland","LEA School","Elementary","City: Small","Oakland Region","5","05","Mathematics","Hispanic","< 10","< 10","< 10","< 10","< 10","< 10","< 10","< 10"
"23 - 24 School Year","63","Oakland Schools","63150","Troy School District","06940","Bemis Elementary School","63","Oakland","LEA School","Elementary","City: Small","Oakland Region","5","05","Mathematics","Black, not of Hispanic origin","< 10","< 10","< 10","< 10","< 10","< 10","< 10","< 10"
"23 - 24 School Year","63","Oakland Schools","63150","Troy School District","06940","Bemis Elementary School","63","Oakland","LEA School","Elementary","City: Small","Oakland Region","5","05","Mathematics","Not Economically Disadvantaged","30","29","11","42.90","41.40","15.70","70","63.60"
"23 - 24 School Year","63","Oakland Schools","63150","Troy School District","06940","Bemis Elementary School","63","Oakland","LEA School","Elementary","City: Small","Oakland Region","5","05","Mathematics","Economically Disadvantaged","< 10","< 10","< 10","< 10","< 10","< 10","< 10","< 10"
"23 - 24 School Year","63","Oakland Schools","63150","Troy School District","06940","Bemis Elementary School","63","Oakland","LEA School","Elementary","City: Small","Oakland Region","5","05","Mathematics","All Students","31","31","14","40.80","40.80","18.40","76","61.50"
"23 - 24 School Year","63","Oakland Schools","63150","Troy School District","06940","Bemis Elementary School","63","Oakland","LEA School","Elementary","City: Small","Oakland Region","5","05","English Language Arts","Not Migrant","35","33","< 10","46.10","43.40","10.50","76","65.60"
"23 - 24 School Year","63","Oakland Schools","63150","Troy School District","06940","Bemis Elementary School","63","Oakland","LEA School","Elementary","City: Small","Oakland Region","5","05","English Language Arts","Not English Learners","32","31","< 10","45.70","44.30","10.00","70","65.50"
"23 - 24 School Year","63","Oakland Schools","63150","Troy School District","06940","Bemis Elementary School","63","Oakland","LEA School","Elementary","City: Small","Oakland Region","5","05","English Language Arts","English Learners","< 10","< 10","< 10","< 10","< 10","< 10","< 10","< 10"
"23 - 24 School Year","63","Oakland Schools","63150","Troy School District","06940","Bemis Elementary School","63","Oakland","LEA School","Elementary","City: Small","Oakland Region","5","05","English Language Arts","Female","18","13","< 10","50.00","36.10","13.90","36","62.90"
"23 - 24 School Year","63","Oakland Schools","63150","Troy School District","06940","Bemis Elementary School","63","Oakland","LEA School","Elementary","City: Small","Oakland Region","5","05","English Language Arts","Male","17","20","< 10","42.50","50.00","7.50","40","68.00"
"23 - 24 School Year","63","Oakland Schools","63150","Troy School District","06940","Bemis Elementary School","63","Oakland","LEA School","Elementary","City: Small","Oakland Region","5","05","English Language Arts","Asian","24","19","< 10","51.10","40.40","8.50","47","68.20"
"23 - 24 School Year","63","Oakland Schools","63150","Troy School District","06940","Bemis Elementary School","63","Oakland","LEA School","Elementary","City: Small","Oakland Region","5","05","English Language Arts","Two or More Races","< 10","< 10","< 10","< 10","< 10","< 10","< 10","< 10"
"23 - 24 School Year","63","Oakland Schools","63150","Troy School District","06940","Bemis Elementary School","63","Oakland","LEA School","Elementary","City: Small","Oakland Region","5","05","English Language Arts","White, not of Hispanic origin","< 10","< 10","< 10","42.10","36.80","21.10","19","58.90"
"23 - 24 School Year","63","Oakland Schools","63150","Troy School District","06940","Bemis Elementary School","63","Oakland","LEA School","Elementary","City: Small","Oakland Region","5","05","English Language Arts","Hispanic","< 10","< 10","< 10","< 10","< 10","< 10","< 10","< 10"
"23 - 24 School Year","63","Oakland Schools","63150","Troy School District","06940","Bemis Elementary School","63","Oakland","LEA School","Elementary","City: Small","Oakland Region","5","05","English Language Arts","Black, not of Hispanic origin","< 10","< 10","< 10","< 10","< 10","< 10","< 10","< 10"
"23 - 24 School Year","63","Oakland Schools","63150","Troy School District","06940","Bemis Elementary School","63","Oakland","LEA School","Elementary","City: Small","Oakland Region","5","05","English Language Arts","Not Economically Disadvantaged","34","29","< 10","48.60","41.40","10.00","70","66.60"
"23 - 24 School Year","63","Oakland Schools","63150","Troy School District","06940","Bemis Elementary School","63","Oakland","LEA School","Elementary","City: Small","Oakland Region","5","05","English Language Arts","Economically Disadvantaged","< 10","< 10","< 10","< 10","< 10","< 10","< 10","< 10"
"23 - 24 School Year","63","Oakland Schools","63150","Troy School District","06940","Bemis Elementary School","63","Oakland","LEA School","Elementary","City: Small","Oakland Region","5","05","English Language Arts","All Students","35","33","< 10","46.10","43.40","10.50","76","65.60"
"23 - 24 School Year","63","Oakland Schools","63150","Troy School District","06940","Bemis Elementary School","63","Oakland","LEA School","Elementary","City: Small","Oakland Region","5","04","Mathematics","Not Migrant","36","28","19","43.40","33.70","22.90","83","58.20"
"23 - 24 School Year","63","Oakland Schools","63150","Troy School District","06940","Bemis Elementary School","63","Oakland","LEA School","Elementary","City: Small","Oakland Region","5","04","Mathematics","Not English Learners","26","19","14","44.10","32.20","23.70","59","58.70"
"23 - 24 School Year","63","Oakland Schools","63150","Troy School District","06940","Bemis Elementary School","63","Oakland","LEA School","Elementary","City: Small","Oakland Region","5","04","Mathematics","English Learners","10","< 10","< 10","41.70","37.50","20.80","24","56.80"
"23 - 24 School Year","63","Oakland Schools","63150","Troy School District","06940","Bemis Elementary School","63","Oakland","LEA School","Elementary","City: Small","Oakland Region","5","04","Mathematics","Female","16","17","< 10","39.00","41.50","19.50","41","56.60"
"23 - 24 School Year","63","Oakland Schools","63150","Troy School District","06940","Bemis Elementary School","63","Oakland","LEA School","Elementary","City: Small","Oakland Region","5","04","Mathematics","Male","20","11","11","47.60","26.20","26.20","42","59.70"
"23 - 24 School Year","63","Oakland Schools","63150","Troy School District","06940","Bemis Elementary School","63","Oakland","LEA School","Elementary","City: Small","Oakland Region","5","04","Mathematics","Asian","22","16","< 10","46.80","34.00","19.10","47","61.60"
"23 - 24 School Year","63","Oakland Schools","63150","Troy School District","06940","Bemis Elementary School","63","Oakland","LEA School","Elementary","City: Small","Oakland Region","5","04","Mathematics","Two or More Races","< 10","< 10","< 10","< 10","< 10","< 10","< 10","< 10"
"23 - 24 School Year","63","Oakland Schools","63150","Troy School District","06940","Bemis Elementary School","63","Oakland","LEA School","Elementary","City: Small","Oakland Region","5","04","Mathematics","White, not of Hispanic origin","11","< 10","< 10","42.30","30.80","26.90","26","55.70"
"23 - 24 School Year","63","Oakland Schools","63150","Troy School District","06940","Bemis Elementary School","63","Oakland","LEA School","Elementary","City: Small","Oakland Region","5","04","Mathematics","Hispanic","< 10","< 10","< 10","< 10","< 10","< 10","< 10","< 10"
"23 - 24 School Year","63","Oakland Schools","63150","Troy School District","06940","Bemis Elementary School","63","Oakland","LEA School","Elementary","City: Small","Oakland Region","5","04","Mathematics","Black, not of Hispanic origin","< 10","< 10","< 10","< 10","< 10","< 10","< 10","< 10"
"23 - 24 School Year","63","Oakland Schools","63150","Troy School District","06940","Bemis Elementary School","63","Oakland","LEA School","Elementary","City: Small","Oakland Region","5","04","Mathematics","Not Economically Disadvantaged","34","26","15","45.30","34.70","20.00","75","60.00"
"23 - 24 School Year","63","Oakland Schools","63150","Troy School District","06940","Bemis Elementary School","63","Oakland","LEA School","Elementary","City: Small","Oakland Region","5","04","Mathematics","Economically Disadvantaged","< 10","< 10","< 10","< 10","< 10","< 10","< 10","< 10"
"23 - 24 School Year","63","Oakland Schools","63150","Troy School District","06940","Bemis Elementary School","63","Oakland","LEA School","Elementary","City: Small","Oakland Region","5","04","Mathematics","All Students","36","28","19","43.40","33.70","22.90","83","58.20"
"23 - 24 School Year","63","Oakland Schools","63150","Troy School District","06940","Bemis Elementary School","63","Oakland","LEA School","Elementary","City: Small","Oakland Region","5","04","English Language Arts","Not Migrant","37","27","14","47.40","34.60","17.90","78","62.90"
"23 - 24 School Year","63","Oakland Schools","63150","Troy School District","06940","Bemis Elementary School","63","Oakland","LEA School","Elementary","City: Small","Oakland Region","5","04","English Language Arts","Not English Learners","31","20","< 10","52.50","33.90","13.60","59","66.20"
"23 - 24 School Year","63","Oakland Schools","63150","Troy School District","06940","Bemis Elementary School","63","Oakland","LEA School","Elementary","City: Small","Oakland Region","5","04","English Language Arts","English Learners","< 10","< 10","< 10","31.60","36.80","31.60","19","52.50"
"23 - 24 School Year","63","Oakland Schools","63150","Troy School District","06940","Bemis Elementary School","63","Oakland","LEA School","Elementary","City: Small","Oakland Region","5","04","English Language Arts","Female","13","16","< 10","35.10","43.20","21.60","37","57.40"
"23 - 24 School Year","63","Oakland Schools","63150","Troy School District","06940","Bemis Elementary School","63","Oakland","LEA School","Elementary","City: Small","Oakland Region","5","04","English Language Arts","Male","24","11","< 10","58.50","26.80","14.60","41","67.90"
"23 - 24 School Year","63","Oakland Schools","63150","Troy School District","06940","Bemis Elementary School","63","Oakland","LEA School","Elementary","City: Small","Oakland Region","5","04","English Language Arts","Asian","23","14","< 10","54.80","33.30","11.90","42","68.00"
"23 - 24 School Year","63","Oakland Schools","63150","Troy School District","06940","Bemis Elementary School","63","Oakland","LEA School","Elementary","City: Small","Oakland Region","5","04","English Language Arts","Two or More Races","< 10","< 10","< 10","< 10","< 10","< 10","< 10","< 10"
"23 - 24 School Year","63","Oakland Schools","63150","Troy School District","06940","Bemis Elementary School","63","Oakland","LEA School","Elementary","City: Small","Oakland Region","5","04","English Language Arts","White, not of Hispanic origin","10","< 10","< 10","38.50","34.60","26.90","26","55.40"
"23 - 24 School Year","63","Oakland Schools","63150","Troy School District","06940","Bemis Elementary School","63","Oakland","LEA School","Elementary","City: Small","Oakland Region","5","04","English Language Arts","Hispanic","< 10","< 10","< 10","< 10","< 10","< 10","< 10","< 10"
"23 - 24 School Year","63","Oakland Schools","63150","Troy School District","06940","Bemis Elementary School","63","Oakland","LEA School","Elementary","City: Small","Oakland Region","5","04","English Language Arts","Black, not of Hispanic origin","< 10","< 10","< 10","< 10","< 10","< 10","< 10","< 10"
"23 - 24 School Year","63","Oakland Schools","63150","Troy School District","06940","Bemis Elementary School","63","Oakland","LEA School","Elementary","City: Small","Oakland Region","5","04","English Language Arts","Not Economically Disadvantaged","33","25","13","46.50","35.20","18.30","71","63.00"
"23 - 24 School Year","63","Oakland Schools","63150","Troy School District","06940","Bemis Elementary School","63","Oakland","LEA School","Elementary","City: Small","Oakland Region","5","04","English Language Arts","Economically Disadvantaged","< 10","< 10","< 10","< 10","< 10","< 10","< 10","< 10"
"23 - 24 School Year","63","Oakland Schools","63150","Troy School District","06941","Barnard Elementary School","63","Oakland","LEA School","Elementary","City: Small","Oakland Region","5","All Grades","English Language Arts","Students without Disabilities","47","44","36","37.00","34.60","28.30","127","52.60"
"23 - 24 School Year","63","Oakland Schools","63150","Troy School District","06941","Barnard Elementary School","63","Oakland","LEA School","Elementary","City: Small","Oakland Region","5","All Grades","Mathematics","Students without Disabilities","49","48","30","38.60","37.80","23.60","127","57.60"
"23 - 24 School Year","63","Oakland Schools","63150","Troy School District","06941","Barnard Elementary School","63","Oakland","LEA School","Elementary","City: Small","Oakland Region","5","04","English Language Arts","Students without Disabilities","33","16","11","55.00","26.70","18.30","60","63.70"
"23 - 24 School Year","63","Oakland Schools","63150","Troy School District","06941","Barnard Elementary School","63","Oakland","LEA School","Elementary","City: Small","Oakland Region","5","05","English Language Arts","Students with Disabilities","< 10","< 10","< 10","< 10","< 10","< 10","< 10","< 10"
"23 - 24 School Year","63","Oakland Schools","63150","Troy School District","06941","Barnard Elementary School","63","Oakland","LEA School","Elementary","City: Small","Oakland Region","5","04","Mathematics","Students with Disabilities","< 10","< 10","< 10","< 10","< 10","< 10","< 10","< 10"
"23 - 24 School Year","63","Oakland Schools","63150","Troy School District","06941","Barnard Elementary School","63","Oakland","LEA School","Elementary","City: Small","Oakland Region","5","All Grades","Mathematics","Students with Disabilities","< 10","< 10","< 10","38.50","23.10","38.50","13","50.40"
"23 - 24 School Year","63","Oakland Schools","63150","Troy School District","06941","Barnard Elementary School","63","Oakland","LEA School","Elementary","City: Small","Oakland Region","5","All Grades","English Language Arts","Students with Disabilities","< 10","< 10","< 10","< 5","58.30","41.70","12","36.00"
"23 - 24 School Year","63","Oakland Schools","63150","Troy School District","06941","Barnard Elementary School","63","Oakland","LEA School","Elementary","City: Small","Oakland Region","5","05","Mathematics","Students with Disabilities","< 10","< 10","< 10","< 10","< 10","< 10","< 10","< 10"
"23 - 24 School Year","63","Oakland Schools","63150","Troy School District","06941","Barnard Elementary School","63","Oakland","LEA School","Elementary","City: Small","Oakland Region","5","05","Mathematics","Students without Disabilities","15","26","26","22.40","38.80","38.80","67","43.90"
"23 - 24 School Year","63","Oakland Schools","63150","Troy School District","06941","Barnard Elementary School","63","Oakland","LEA School","Elementary","City: Small","Oakland Region","5","04","English Language Arts","White, not of Hispanic origin","12","< 10","< 10","46.20","30.80","23.10","26","57.20"
"23 - 24 School Year","63","Oakland Schools","63150","Troy School District","06941","Barnard Elementary School","63","Oakland","LEA School","Elementary","City: Small","Oakland Region","5","04","English Language Arts","Two or More Races","< 10","< 10","< 10","< 10","< 10","< 10","< 10","< 10"
"23 - 24 School Year","63","Oakland Schools","63150","Troy School District","06941","Barnard Elementary School","63","Oakland","LEA School","Elementary","City: Small","Oakland Region","5","04","English Language Arts","Asian","18","< 10","< 10","66.70","14.80","18.50","27","70.30"
"23 - 24 School Year","63","Oakland Schools","63150","Troy School District","06941","Barnard Elementary School","63","Oakland","LEA School","Elementary","City: Small","Oakland Region","5","04","English Language Arts","Male","16","12","< 10","47.10","35.30","17.60","34","62.60"
"23 - 24 School Year","63","Oakland Schools","63150","Troy School District","06941","Barnard Elementary School","63","Oakland","LEA School","Elementary","City: Small","Oakland Region","5","04","English Language Arts","Female","17","< 10","< 10","53.10","28.10","18.80","32","61.90"
"23 - 24 School Year","63","Oakland Schools","63150","Troy School District","06941","Barnard Elementary School","63","Oakland","LEA School","Elementary","City: Small","Oakland Region","5","04","English Language Arts","English Learners","< 10","< 10","< 10","30.00","50.00","20.00","10","57.80"
"23 - 24 School Year","63","Oakland Schools","63150","Troy School District","06941","Barnard Elementary School","63","Oakland","LEA School","Elementary","City: Small","Oakland Region","5","04","English Language Arts","Not English Learners","30","16","10","53.60","28.60","17.90","56","63.10"
"23 - 24 School Year","63","Oakland Schools","63150","Troy School District","06941","Barnard Elementary School","63","Oakland","LEA School","Elementary","City: Small","Oakland Region","5","04","English Language Arts","Not Migrant","33","21","12","50.00","31.80","18.20","66","62.30"
"23 - 24 School Year","63","Oakland Schools","63150","Troy School District","06941","Barnard Elementary School","63","Oakland","LEA School","Elementary","City: Small","Oakland Region","5","04","Mathematics","All Students","37","24","< 10","56.10","36.40","7.60","66","72.10"
"23 - 24 School Year","63","Oakland Schools","63150","Troy School District","06941","Barnard Elementary School","63","Oakland","LEA School","Elementary","City: Small","Oakland Region","5","04","Mathematics","Economically Disadvantaged","< 10","< 10","< 10","45.50","54.50","< 5","11","65.90"
"23 - 24 School Year","63","Oakland Schools","63150","Troy School District","06941","Barnard Elementary School","63","Oakland","LEA School","Elementary","City: Small","Oakland Region","5","04","Mathematics","Not Economically Disadvantaged","32","18","< 10","58.20","32.70","9.10","55","73.40"
"23 - 24 School Year","63","Oakland Schools","63150","Troy School District","06941","Barnard Elementary School","63","Oakland","LEA School","Elementary","City: Small","Oakland Region","5","04","Mathematics","Black, not of Hispanic origin","< 10","< 10","< 10","< 10","< 10","< 10","< 10","< 10"
"23 - 24 School Year","63","Oakland Schools","63150","Troy School District","06941","Barnard Elementary School","63","Oakland","LEA School","Elementary","City: Small","Oakland Region","5","04","Mathematics","Hispanic","< 10","< 10","< 10","< 10","< 10","< 10","< 10","< 10"
"23 - 24 School Year","63","Oakland Schools","63150","Troy School District","06941","Barnard Elementary School","63","Oakland","LEA School","Elementary","City: Small","Oakland Region","5","04","Mathematics","White, not of Hispanic origin","14","< 10","< 10","53.80","30.80","15.40","26","69.90"
"23 - 24 School Year","63","Oakland Schools","63150","Troy School District","06941","Barnard Elementary School","63","Oakland","LEA School","Elementary","City: Small","Oakland Region","5","04","Mathematics","Two or More Races","< 10","< 10","< 10","< 10","< 10","< 10","< 10","< 10"
"23 - 24 School Year","63","Oakland Schools","63150","Troy School District","06941","Barnard Elementary School","63","Oakland","LEA School","Elementary","City: Small","Oakland Region","5","04","Mathematics","Asian","14","12","< 10","51.90","44.40","< 5","27","72.00"
"23 - 24 School Year","63","Oakland Schools","63150","Troy School District","06941","Barnard Elementary School","63","Oakland","LEA School","Elementary","City: Small","Oakland Region","5","04","Mathematics","Male","22","< 10","< 10","64.70","26.50","8.80","34","72.50"
"23 - 24 School Year","63","Oakland Schools","63150","Troy School District","06941","Barnard Elementary School","63","Oakland","LEA School","Elementary","City: Small","Oakland Region","5","04","Mathematics","Female","15","15","< 10","46.90","46.90","6.30","32","71.80"
"23 - 24 School Year","63","Oakland Schools","63150","Troy School District","06941","Barnard Elementary School","63","Oakland","LEA School","Elementary","City: Small","Oakland Region","5","04","Mathematics","English Learners","< 10","< 10","< 10","80.00","10.00","10.00","10","80.90"
"23 - 24 School Year","63","Oakland Schools","63150","Troy School District","06941","Barnard Elementary School","63","Oakland","LEA School","Elementary","City: Small","Oakland Region","5","04","Mathematics","Not English Learners","29","23","< 10","51.80","41.10","7.10","56","70.60"
"23 - 24 School Year","63","Oakland Schools","63150","Troy School District","06941","Barnard Elementary School","63","Oakland","LEA School","Elementary","City: Small","Oakland Region","5","04","Mathematics","Not Migrant","37","24","< 10","56.10","36.40","7.60","66","72.10"
"23 - 24 School Year","63","Oakland Schools","63150","Troy School District","06941","Barnard Elementary School","63","Oakland","LEA School","Elementary","City: Small","Oakland Region","5","05","English Language Arts","All Students","14","30","29","19.20","41.10","39.70","73","41.20"
"23 - 24 School Year","63","Oakland Schools","63150","Troy School District","06941","Barnard Elementary School","63","Oakland","LEA School","Elementary","City: Small","Oakland Region","5","05","English Language Arts","Economically Disadvantaged","< 10","< 10","< 10","20.00","40.00","40.00","15","43.50"
"23 - 24 School Year","63","Oakland Schools","63150","Troy School District","06941","Barnard Elementary School","63","Oakland","LEA School","Elementary","City: Small","Oakland Region","5","05","English Language Arts","Not Economically Disadvantaged","11","24","23","19.00","41.40","39.70","58","40.50"
"23 - 24 School Year","63","Oakland Schools","63150","Troy School District","06941","Barnard Elementary School","63","Oakland","LEA School","Elementary","City: Small","Oakland Region","5","05","English Language Arts","Black, not of Hispanic origin","< 10","< 10","< 10","< 10","< 10","< 10","< 10","< 10"
"23 - 24 School Year","63","Oakland Schools","63150","Troy School District","06941","Barnard Elementary School","63","Oakland","LEA School","Elementary","City: Small","Oakland Region","5","05","English Language Arts","Hispanic","< 10","< 10","< 10","< 10","< 10","< 10","< 10","< 10"
"23 - 24 School Year","63","Oakland Schools","63150","Troy School District","06941","Barnard Elementary School","63","Oakland","LEA School","Elementary","City: Small","Oakland Region","5","05","English Language Arts","White, not of Hispanic origin","< 10","15","14","14.70","44.10","41.20","34","38.70"
"23 - 24 School Year","63","Oakland Schools","63150","Troy School District","06941","Barnard Elementary School","63","Oakland","LEA School","Elementary","City: Small","Oakland Region","5","05","English Language Arts","Two or More Races","< 10","< 10","< 10","< 10","< 10","< 10","< 10","< 10"
"23 - 24 School Year","63","Oakland Schools","63150","Troy School District","06941","Barnard Elementary School","63","Oakland","LEA School","Elementary","City: Small","Oakland Region","5","05","English Language Arts","Asian","< 10","11","11","24.10","37.90","37.90","29","44.10"
"23 - 24 School Year","63","Oakland Schools","63150","Troy School District","06941","Barnard Elementary School","63","Oakland","LEA School","Elementary","City: Small","Oakland Region","5","05","English Language Arts","Male","< 10","17","11","17.60","50.00","32.40","34","44.50"
"23 - 24 School Year","63","Oakland Schools","63150","Troy School District","06941","Barnard Elementary School","63","Oakland","LEA School","Elementary","City: Small","Oakland Region","5","05","English Language Arts","Female","< 10","13","18","20.50","33.30","46.20","39","38.20"
"23 - 24 School Year","63","Oakland Schools","63150","Troy School District","06941","Barnard Elementary School","63","Oakland","LEA School","Elementary","City: Small","Oakland Region","5","05","English Language Arts","English Learners","< 10","< 10","< 10","27.30","18.20","54.50","11","35.10"
"23 - 24 School Year","63","Oakland Schools","63150","Troy School District","06941","Barnard Elementary School","63","Oakland","LEA School","Elementary","City: Small","Oakland Region","5","05","English Language Arts","Not English Learners","11","28","23","17.70","45.20","37.10","62","42.20"
"23 - 24 School Year","63","Oakland Schools","63150","Troy School District","06941","Barnard Elementary School","63","Oakland","LEA School","Elementary","City: Small","Oakland Region","5","05","English Language Arts","Not Migrant","14","30","29","19.20","41.10","39.70","73","41.20"
"23 - 24 School Year","63","Oakland Schools","63150","Troy School District","06941","Barnard Elementary School","63","Oakland","LEA School","Elementary","City: Small","Oakland Region","5","05","Mathematics","All Students","17","27","30","23.00","36.50","40.50","74","43.40"
"23 - 24 School Year","63","Oakland Schools","63150","Troy School District","06941","Barnard Elementary School","63","Oakland","LEA School","Elementary","City: Small","Oakland Region","5","05","Mathematics","Economically Disadvantaged","< 10","< 10","< 10","18.80","37.50","43.80","16","39.90"
"23 - 24 School Year","63","Oakland Schools","63150","Troy School District","06941","Barnard Elementary School","63","Oakland","LEA School","Elementary","City: Small","Oakland Region","5","05","Mathematics","Not Economically Disadvantaged","14","21","23","24.10","36.20","39.70","58","44.30"
"23 - 24 School Year","63","Oakland Schools","63150","Troy School District","06941","Barnard Elementary School","63","Oakland","LEA School","Elementary","City: Small","Oakland Region","5","05","Mathematics","Black, not of Hispanic origin","< 10","< 10","< 10","< 10","< 10","< 10","< 10","< 10"
"23 - 24 School Year","63","Oakland Schools","63150","Troy School District","06941","Barnard Elementary School","63","Oakland","LEA School","Elementary","City: Small","Oakland Region","5","05","Mathematics","Hispanic","< 10","< 10","< 10","< 10","< 10","< 10","< 10","< 10"
"23 - 24 School Year","63","Oakland Schools","63150","Troy School District","06941","Barnard Elementary School","63","Oakland","LEA School","Elementary","City: Small","Oakland Region","5","05","Mathematics","White, not of Hispanic origin","< 10","12","14","23.50","35.30","41.20","34","42.50"
"23 - 24 School Year","63","Oakland Schools","63150","Troy School District","06941","Barnard Elementary School","63","Oakland","LEA School","Elementary","City: Small","Oakland Region","5","05","Mathematics","Two or More Races","< 10","< 10","< 10","< 10","< 10","< 10","< 10","< 10"
"23 - 24 School Year","63","Oakland Schools","63150","Troy School District","06941","Barnard Elementary School","63","Oakland","LEA School","Elementary","City: Small","Oakland Region","5","05","Mathematics","Asian","< 10","< 10","13","26.70","30.00","43.30","30","46.10"
"23 - 24 School Year","63","Oakland Schools","63150","Troy School District","06941","Barnard Elementary School","63","Oakland","LEA School","Elementary","City: Small","Oakland Region","5","05","Mathematics","Male","10","10","14","29.40","29.40","41.20","34","45.80"
"23 - 24 School Year","63","Oakland Schools","63150","Troy School District","06941","Barnard Elementary School","63","Oakland","LEA School","Elementary","City: Small","Oakland Region","5","05","Mathematics","Female","< 10","17","16","17.50","42.50","40.00","40","41.30"
"23 - 24 School Year","63","Oakland Schools","63150","Troy School District","06941","Barnard Elementary School","63","Oakland","LEA School","Elementary","City: Small","Oakland Region","5","05","Mathematics","English Learners","< 10","< 10","< 10","15.40","46.20","38.50","13","41.50"
"23 - 24 School Year","63","Oakland Schools","63150","Troy School District","06941","Barnard Elementary School","63","Oakland","LEA School","Elementary","City: Small","Oakland Region","5","05","Mathematics","Not English Learners","15","21","25","24.60","34.40","41.00","61","43.80"
"23 - 24 School Year","63","Oakland Schools","63150","Troy School District","06941","Barnard Elementary School","63","Oakland","LEA School","Elementary","City: Small","Oakland Region","5","05","Mathematics","Not Migrant","17","27","30","23.00","36.50","40.50","74","43.40"
"23 - 24 School Year","63","Oakland Schools","63150","Troy School District","06941","Barnard Elementary School","63","Oakland","LEA School","Elementary","City: Small","Oakland Region","5","04","Mathematics","Students without Disabilities","34","22","< 10","56.70","36.70","6.70","60","72.90"
"23 - 24 School Year","63","Oakland Schools","63150","Troy School District","06941","Barnard Elementary School","63","Oakland","LEA School","Elementary","City: Small","Oakland Region","5","05","English Language Arts","Students without Disabilities","14","28","25","20.90","41.80","37.30","67","42.70"
"23 - 24 School Year","63","Oakland Schools","63150","Troy School District","06941","Barnard Elementary School","63","Oakland","LEA School","Elementary","City: Small","Oakland Region","5","04","English Language Arts","Students with Disabilities","< 10","< 10","< 10","< 10","< 10","< 10","< 10","< 10"
"23 - 24 School Year","63","Oakland Schools","63150","Troy School District","06941","Barnard Elementary School","63","Oakland","LEA School","Elementary","City: Small","Oakland Region","5","04","English Language Arts","Hispanic","< 10","< 10","< 10","< 10","< 10","< 10","< 10","< 10"
"23 - 24 School Year","63","Oakland Schools","63150","Troy School District","06941","Barnard Elementary School","63","Oakland","LEA School","Elementary","City: Small","Oakland Region","5","04","English Language Arts","Black, not of Hispanic origin","< 10","< 10","< 10","< 10","< 10","< 10","< 10","< 10"
"23 - 24 School Year","63","Oakland Schools","63150","Troy School District","06941","Barnard Elementary School","63","Oakland","LEA School","Elementary","City: Small","Oakland Region","5","04","English Language Arts","Not Economically Disadvantaged","30","14","11","54.50","25.50","20.00","55","63.10"
"23 - 24 School Year","63","Oakland Schools","63150","Troy School District","06941","Barnard Elementary School","63","Oakland","LEA School","Elementary","City: Small","Oakland Region","5","04","English Language Arts","Economically Disadvantaged","< 10","< 10","< 10","27.30","63.60","9.10","11","57.90"
"23 - 24 School Year","63","Oakland Schools","63150","Troy School District","06941","Barnard Elementary School","63","Oakland","LEA School","Elementary","City: Small","Oakland Region","5","04","English Language Arts","All Students","33","21","12","50.00","31.80","18.20","66","62.30"
"23 - 24 School Year","63","Oakland Schools","63150","Troy School District","06941","Barnard Elementary School","63","Oakland","LEA School","Elementary","City: Small","Oakland Region","5","All Grades","Mathematics","Not Migrant","54","51","35","38.60","36.40","25.00","140","56.90"
"23 - 24 School Year","63","Oakland Schools","63150","Troy School District","06941","Barnard Elementary School","63","Oakland","LEA School","Elementary","City: Small","Oakland Region","5","All Grades","Mathematics","Not English Learners","44","44","29","37.60","37.60","24.80","117","56.60"
"23 - 24 School Year","63","Oakland Schools","63150","Troy School District","06941","Barnard Elementary School","63","Oakland","LEA School","Elementary","City: Small","Oakland Region","5","All Grades","Mathematics","English Learners","10","< 10","< 10","43.50","30.40","26.10","23","58.60"
"23 - 24 School Year","63","Oakland Schools","63150","Troy School District","06941","Barnard Elementary School","63","Oakland","LEA School","Elementary","City: Small","Oakland Region","5","All Grades","Mathematics","Female","22","32","18","30.60","44.40","25.00","72","54.80"
"23 - 24 School Year","63","Oakland Schools","63150","Troy School District","06941","Barnard Elementary School","63","Oakland","LEA School","Elementary","City: Small","Oakland Region","5","All Grades","Mathematics","Male","32","19","17","47.10","27.90","25.00","68","59.10"
"23 - 24 School Year","63","Oakland Schools","63150","Troy School District","06941","Barnard Elementary School","63","Oakland","LEA School","Elementary","City: Small","Oakland Region","5","All Grades","Mathematics","Asian","22","21","14","38.60","36.80","24.60","57","58.40"
"23 - 24 School Year","63","Oakland Schools","63150","Troy School District","06941","Barnard Elementary School","63","Oakland","LEA School","Elementary","City: Small","Oakland Region","5","All Grades","Mathematics","Two or More Races","< 10","< 10","< 10","< 10","< 10","< 10","< 10","< 10"
"23 - 24 School Year","63","Oakland Schools","63150","Troy School District","06941","Barnard Elementary School","63","Oakland","LEA School","Elementary","City: Small","Oakland Region","5","All Grades","Mathematics","White, not of Hispanic origin","22","20","18","36.70","33.30","30.00","60","54.40"
"23 - 24 School Year","63","Oakland Schools","63150","Troy School District","06941","Barnard Elementary School","63","Oakland","LEA School","Elementary","City: Small","Oakland Region","5","All Grades","Mathematics","Hispanic","< 10","< 10","< 10","45.50","45.50","9.10","11","64.70"
"23 - 24 School Year","63","Oakland Schools","63150","Troy School District","06941","Barnard Elementary School","63","Oakland","LEA School","Elementary","City: Small","Oakland Region","5","All Grades","Mathematics","Black, not of Hispanic origin","< 10","< 10","< 10","< 10","< 10","< 10","< 10","< 10"
"23 - 24 School Year","63","Oakland Schools","63150","Troy School District","06941","Barnard Elementary School","63","Oakland","LEA School","Elementary","City: Small","Oakland Region","5","All Grades","Mathematics","Not Economically Disadvantaged","46","39","28","40.70","34.50","24.80","113","58.50"
"23 - 24 School Year","63","Oakland Schools","63150","Troy School District","06941","Barnard Elementary School","63","Oakland","LEA School","Elementary","City: Small","Oakland Region","5","All Grades","Mathematics","Economically Disadvantaged","< 10","12","< 10","29.60","44.40","25.90","27","50.50"
"23 - 24 School Year","63","Oakland Schools","63150","Troy School District","06941","Barnard Elementary School","63","Oakland","LEA School","Elementary","City: Small","Oakland Region","5","All Grades","Mathematics","All Students","54","51","35","38.60","36.40","25.00","140","56.90"
"23 - 24 School Year","63","Oakland Schools","63150","Troy School District","06941","Barnard Elementary School","63","Oakland","LEA School","Elementary","City: Small","Oakland Region","5","All Grades","English Language Arts","Not Migrant","47","51","41","33.80","36.70","29.50","139","51.20"
"23 - 24 School Year","63","Oakland Schools","63150","Troy School District","06941","Barnard Elementary School","63","Oakland","LEA School","Elementary","City: Small","Oakland Region","5","All Grades","English Language Arts","Not English Learners","41","44","33","34.70","37.30","28.00","118","52.10"
"23 - 24 School Year","63","Oakland Schools","63150","Troy School District","06941","Barnard Elementary School","63","Oakland","LEA School","Elementary","City: Small","Oakland Region","5","All Grades","English Language Arts","English Learners","< 10","< 10","< 10","28.60","33.30","38.10","21","45.90"
"23 - 24 School Year","63","Oakland Schools","63150","Troy School District","06941","Barnard Elementary School","63","Oakland","LEA School","Elementary","City: Small","Oakland Region","5","All Grades","English Language Arts","Female","25","22","24","35.20","31.00","33.80","71","48.90"
"23 - 24 School Year","63","Oakland Schools","63150","Troy School District","06941","Barnard Elementary School","63","Oakland","LEA School","Elementary","City: Small","Oakland Region","5","All Grades","English Language Arts","Male","22","29","17","32.40","42.60","25.00","68","53.50"
"23 - 24 School Year","63","Oakland Schools","63150","Troy School District","06941","Barnard Elementary School","63","Oakland","LEA School","Elementary","City: Small","Oakland Region","5","All Grades","English Language Arts","Asian","25","15","16","44.60","26.80","28.60","56","56.80"
"23 - 24 School Year","63","Oakland Schools","63150","Troy School District","06941","Barnard Elementary School","63","Oakland","LEA School","Elementary","City: Small","Oakland Region","5","All Grades","English Language Arts","Two or More Races","< 10","< 10","< 10","< 10","< 10","< 10","< 10","< 10"
"23 - 24 School Year","63","Oakland Schools","63150","Troy School District","06941","Barnard Elementary School","63","Oakland","LEA School","Elementary","City: Small","Oakland Region","5","All Grades","English Language Arts","White, not of Hispanic origin","17","23","20","28.30","38.30","33.30","60","46.80"
"23 - 24 School Year","63","Oakland Schools","63150","Troy School District","06941","Barnard Elementary School","63","Oakland","LEA School","Elementary","City: Small","Oakland Region","5","All Grades","English Language Arts","Hispanic","< 10","< 10","< 10","18.20","63.60","18.20","11","47.60"
"23 - 24 School Year","63","Oakland Schools","63150","Troy School District","06941","Barnard Elementary School","63","Oakland","LEA School","Elementary","City: Small","Oakland Region","5","All Grades","English Language Arts","Black, not of Hispanic origin","< 10","< 10","< 10","< 10","< 10","< 10","< 10","< 10"
"23 - 24 School Year","63","Oakland Schools","63150","Troy School District","06941","Barnard Elementary School","63","Oakland","LEA School","Elementary","City: Small","Oakland Region","5","All Grades","English Language Arts","Not Economically Disadvantaged","41","38","34","36.30","33.60","30.10","113","51.50"
"23 - 24 School Year","63","Oakland Schools","63150","Troy School District","06941","Barnard Elementary School","63","Oakland","LEA School","Elementary","City: Small","Oakland Region","5","All Grades","English Language Arts","Economically Disadvantaged","< 10","13","< 10","23.10","50.00","26.90","26","49.60"
"23 - 24 School Year","63","Oakland Schools","63150","Troy School District","06941","Barnard Elementary School","63","Oakland","LEA School","Elementary","City: Small","Oakland Region","5","All Grades","English Language Arts","All Students","47","51","41","33.80","36.70","29.50","139","51.20"
"23 - 24 School Year","63","Oakland Schools","63150","Troy School District","08286","Troy College and Career High School","63","Oakland","LEA School","Middle_High School","City: Small","Oakland Region","5","11","Mathematics","Students without Disabilities","< 10","15","12","18.20","45.50","36.40","33","44.60"
"23 - 24 School Year","63","Oakland Schools","63150","Troy School District","08286","Troy College and Career High School","63","Oakland","LEA School","Middle_High School","City: Small","Oakland Region","5","11","English Language Arts","Students without Disabilities","11","12","10","33.30","36.40","30.30","33","49.40"
"23 - 24 School Year","63","Oakland Schools","63150","Troy School District","08286","Troy College and Career High School","63","Oakland","LEA School","Middle_High School","City: Small","Oakland Region","5","08","Mathematics","Students without Disabilities","< 10","< 10","< 10","< 10","< 10","< 10","< 10","< 10"
"23 - 24 School Year","63","Oakland Schools","63150","Troy School District","08286","Troy College and Career High School","63","Oakland","LEA School","Middle_High School","City: Small","Oakland Region","5","08","English Language Arts","Students without Disabilities","< 10","< 10","< 10","< 10","< 10","< 10","< 10","< 10"
"23 - 24 School Year","63","Oakland Schools","63150","Troy School District","08286","Troy College and Career High School","63","Oakland","LEA School","Middle_High School","City: Small","Oakland Region","5","07","Mathematics","Students without Disabilities","< 10","< 10","< 10","< 10","< 10","< 10","< 10","< 10"
"23 - 24 School Year","63","Oakland Schools","63150","Troy School District","08286","Troy College and Career High School","63","Oakland","LEA School","Middle_High School","City: Small","Oakland Region","5","07","English Language Arts","White, not of Hispanic origin","< 10","< 10","< 10","< 10","< 10","< 10","< 10","< 10"
"23 - 24 School Year","63","Oakland Schools","63150","Troy School District","08286","Troy College and Career High School","63","Oakland","LEA School","Middle_High School","City: Small","Oakland Region","5","07","English Language Arts","Black, not of Hispanic origin","< 10","< 10","< 10","< 10","< 10","< 10","< 10","< 10"
"23 - 24 School Year","63","Oakland Schools","63150","Troy School District","08286","Troy College and Career High School","63","Oakland","LEA School","Middle_High School","City: Small","Oakland Region","5","07","English Language Arts","Not Economically Disadvantaged","< 10","< 10","< 10","< 10","< 10","< 10","< 10","< 10"
"23 - 24 School Year","63","Oakland Schools","63150","Troy School District","08286","Troy College and Career High School","63","Oakland","LEA School","Middle_High School","City: Small","Oakland Region","5","07","English Language Arts","Economically Disadvantaged","< 10","< 10","< 10","< 10","< 10","< 10","< 10","< 10"
"23 - 24 School Year","63","Oakland Schools","63150","Troy School District","08286","Troy College and Career High School","63","Oakland","LEA School","Middle_High School","City: Small","Oakland Region","5","07","English Language Arts","All Students","< 10","< 10","< 10","< 10","< 10","< 10","< 10","< 10"
"23 - 24 School Year","63","Oakland Schools","63150","Troy School District","08286","Troy College and Career High School","63","Oakland","LEA School","Middle_High School","City: Small","Oakland Region","5","All Grades","Mathematics","Not Migrant","< 10","18","15","17.50","45.00","37.50","40","44.30"
"23 - 24 School Year","63","Oakland Schools","63150","Troy School District","08286","Troy College and Career High School","63","Oakland","LEA School","Middle_High School","City: Small","Oakland Region","5","All Grades","Mathematics","Not English Learners","< 10","17","13","18.90","45.90","35.10","37","46.20"
"23 - 24 School Year","63","Oakland Schools","63150","Troy School District","08286","Troy College and Career High School","63","Oakland","LEA School","Middle_High School","City: Small","Oakland Region","5","All Grades","Mathematics","English Learners","< 10","< 10","< 10","< 10","< 10","< 10","< 10","< 10"
"23 - 24 School Year","63","Oakland Schools","63150","Troy School District","08286","Troy College and Career High School","63","Oakland","LEA School","Middle_High School","City: Small","Oakland Region","5","All Grades","Mathematics","Female","< 10","< 10","< 10","26.30","26.30","47.40","19","43.70"
"23 - 24 School Year","63","Oakland Schools","63150","Troy School District","08286","Troy College and Career High School","63","Oakland","LEA School","Middle_High School","City: Small","Oakland Region","5","All Grades","Mathematics","Male","< 10","13","< 10","9.50","61.90","28.60","21","44.80"
"23 - 24 School Year","63","Oakland Schools","63150","Troy School District","08286","Troy College and Career High School","63","Oakland","LEA School","Middle_High School","City: Small","Oakland Region","5","All Grades","Mathematics","Asian","< 10","< 10","< 10","< 10","< 10","< 10","< 10","< 10"
"23 - 24 School Year","63","Oakland Schools","63150","Troy School District","08286","Troy College and Career High School","63","Oakland","LEA School","Middle_High School","City: Small","Oakland Region","5","All Grades","Mathematics","Two or More Races","< 10","< 10","< 10","< 10","< 10","< 10","< 10","< 10"
"23 - 24 School Year","63","Oakland Schools","63150","Troy School District","08286","Troy College and Career High School","63","Oakland","LEA School","Middle_High School","City: Small","Oakland Region","5","All Grades","Mathematics","White, not of Hispanic origin","< 10","12","< 10","21.70","52.20","26.10","23","51.00"
"23 - 24 School Year","63","Oakland Schools","63150","Troy School District","08286","Troy College and Career High School","63","Oakland","LEA School","Middle_High School","City: Small","Oakland Region","5","All Grades","Mathematics","Students with Disabilities","< 10","< 10","< 10","< 10","< 10","< 10","< 10","< 10"
"23 - 24 School Year","63","Oakland Schools","63150","Troy School District","08286","Troy College and Career High School","63","Oakland","LEA School","Middle_High School","City: Small","Oakland Region","5","All Grades","English Language Arts","Students with Disabilities","< 10","< 10","< 10","< 10","< 10","< 10","< 10","< 10"
"23 - 24 School Year","63","Oakland Schools","63150","Troy School District","08286","Troy College and Career High School","63","Oakland","LEA School","Middle_High School","City: Small","Oakland Region","5","All Grades","English Language Arts","All Students","13","14","13","32.50","35.00","32.50","40","49.10"
"23 - 24 School Year","63","Oakland Schools","63150","Troy School District","08286","Troy College and Career High School","63","Oakland","LEA School","Middle_High School","City: Small","Oakland Region","5","All Grades","English Language Arts","Economically Disadvantaged","< 10","< 10","< 10","30.00","40.00","30.00","10","50.70"
"23 - 24 School Year","63","Oakland Schools","63150","Troy School District","08286","Troy College and Career High School","63","Oakland","LEA School","Middle_High School","City: Small","Oakland Region","5","All Grades","English Language Arts","Not Economically Disadvantaged","10","10","10","33.30","33.30","33.30","30","48.60"
"23 - 24 School Year","63","Oakland Schools","63150","Troy School District","08286","Troy College and Career High School","63","Oakland","LEA School","Middle_High School","City: Small","Oakland Region","5","All Grades","English Language Arts","Black, not of Hispanic origin","< 10","< 10","< 10","< 10","< 10","< 10","< 10","< 10"
"23 - 24 School Year","63","Oakland Schools","63150","Troy School District","08286","Troy College and Career High School","63","Oakland","LEA School","Middle_High School","City: Small","Oakland Region","5","All Grades","English Language Arts","Hispanic","< 10","< 10","< 10","< 10","< 10","< 10","< 10","< 10"
"23 - 24 School Year","63","Oakland Schools","63150","Troy School District","08286","Troy College and Career High School","63","Oakland","LEA School","Middle_High School","City: Small","Oakland Region","5","All Grades","English Language Arts","White, not of Hispanic origin","< 10","< 10","< 10","30.40","34.80","34.80","23","48.30"
"23 - 24 School Year","63","Oakland Schools","63150","Troy School District","08286","Troy College and Career High School","63","Oakland","LEA School","Middle_High School","City: Small","Oakland Region","5","All Grades","English Language Arts","Two or More Races","< 10","< 10","< 10","< 10","< 10","< 10","< 10","< 10"
"23 - 24 School Year","63","Oakland Schools","63150","Troy School District","08286","Troy College and Career High School","63","Oakland","LEA School","Middle_High School","City: Small","Oakland Region","5","All Grades","English Language Arts","Asian","< 10","< 10","< 10","< 10","< 10","< 10","< 10","< 10"
"23 - 24 School Year","63","Oakland Schools","63150","Troy School District","08286","Troy College and Career High School","63","Oakland","LEA School","Middle_High School","City: Small","Oakland Region","5","All Grades","English Language Arts","Male","< 10","< 10","< 10","42.90","28.60","28.60","21","55.60"
"23 - 24 School Year","63","Oakland Schools","63150","Troy School District","08286","Troy College and Career High School","63","Oakland","LEA School","Middle_High School","City: Small","Oakland Region","5","All Grades","English Language Arts","Female","< 10","< 10","< 10","21.10","42.10","36.80","19","41.90"
"23 - 24 School Year","63","Oakland Schools","63150","Troy School District","08286","Troy College and Career High School","63","Oakland","LEA School","Middle_High School","City: Small","Oakland Region","5","All Grades","English Language Arts","English Learners","< 10","< 10","< 10","< 10","< 10","< 10","< 10","< 10"
"23 - 24 School Year","63","Oakland Schools","63150","Troy School District","08286","Troy College and Career High School","63","Oakland","LEA School","Middle_High School","City: Small","Oakland Region","5","All Grades","English Language Arts","Not English Learners","12","13","12","32.40","35.10","32.40","37","49.70"
"23 - 24 School Year","63","Oakland Schools","63150","Troy School District","08286","Troy College and Career High School","63","Oakland","LEA School","Middle_High School","City: Small","Oakland Region","5","All Grades","English Language Arts","Not Migrant","13","14","13","32.50","35.00","32.50","40","49.10"
"23 - 24 School Year","63","Oakland Schools","63150","Troy School District","08286","Troy College and Career High School","63","Oakland","LEA School","Middle_High School","City: Small","Oakland Region","5","All Grades","Mathematics","All Students","< 10","18","15","17.50","45.00","37.50","40","44.30"
"23 - 24 School Year","63","Oakland Schools","63150","Troy School District","08286","Troy College and Career High School","63","Oakland","LEA School","Middle_High School","City: Small","Oakland Region","5","All Grades","Mathematics","Economically Disadvantaged","< 10","< 10","< 10","40.00","30.00","30.00","10","52.50"
"23 - 24 School Year","63","Oakland Schools","63150","Troy School District","08286","Troy College and Career High School","63","Oakland","LEA School","Middle_High School","City: Small","Oakland Region","5","All Grades","Mathematics","Not Economically Disadvantaged","< 10","15","12","10.00","50.00","40.00","30","41.50"
"23 - 24 School Year","63","Oakland Schools","63150","Troy School District","08286","Troy College and Career High School","63","Oakland","LEA School","Middle_High School","City: Small","Oakland Region","5","07","English Language Arts","Students without Disabilities","< 10","< 10","< 10","< 10","< 10","< 10","< 10","< 10"
"23 - 24 School Year","63","Oakland Schools","63150","Troy School District","08286","Troy College and Career High School","63","Oakland","LEA School","Middle_High School","City: Small","Oakland Region","5","All Grades","Mathematics","Black, not of Hispanic origin","< 10","< 10","< 10","< 10","< 10","< 10","< 10","< 10"
"23 - 24 School Year","63","Oakland Schools","63150","Troy School District","08286","Troy College and Career High School","63","Oakland","LEA School","Middle_High School","City: Small","Oakland Region","5","All Grades","Mathematics","Students without Disabilities","< 10","16","13","19.40","44.40","36.10","36","45.60"
"23 - 24 School Year","63","Oakland Schools","63150","Troy School District","08286","Troy College and Career High School","63","Oakland","LEA School","Middle_High School","City: Small","Oakland Region","5","All Grades","English Language Arts","Students without Disabilities","12","14","10","33.30","38.90","27.80","36","50.70"
"23 - 24 School Year","63","Oakland Schools","63150","Troy School District","08286","Troy College and Career High School","63","Oakland","LEA School","Middle_High School","City: Small","Oakland Region","5","All Grades","Mathematics","Hispanic","< 10","< 10","< 10","< 10","< 10","< 10","< 10","< 10"
"23 - 24 School Year","63","Oakland Schools","63150","Troy School District","08286","Troy College and Career High School","63","Oakland","LEA School","Middle_High School","City: Small","Oakland Region","5","07","English Language Arts","Male","< 10","< 10","< 10","< 10","< 10","< 10","< 10","< 10"
"23 - 24 School Year","63","Oakland Schools","63150","Troy School District","08286","Troy College and Career High School","63","Oakland","LEA School","Middle_High School","City: Small","Oakland Region","5","07","English Language Arts","Female","< 10","< 10","< 10","< 10","< 10","< 10","< 10","< 10"
"23 - 24 School Year","63","Oakland Schools","63150","Troy School District","08286","Troy College and Career High School","63","Oakland","LEA School","Middle_High School","City: Small","Oakland Region","5","07","English Language Arts","English Learners","< 10","< 10","< 10","< 10","< 10","< 10","< 10","< 10"
"23 - 24 School Year","63","Oakland Schools","63150","Troy School District","08286","Troy College and Career High School","63","Oakland","LEA School","Middle_High School","City: Small","Oakland Region","5","07","English Language Arts","Not English Learners","< 10","< 10","< 10","< 10","< 10","< 10","< 10","< 10"
"23 - 24 School Year","63","Oakland Schools","63150","Troy School District","08286","Troy College and Career High School","63","Oakland","LEA School","Middle_High School","City: Small","Oakland Region","5","07","English Language Arts","Not Migrant","< 10","< 10","< 10","< 10","< 10","< 10","< 10","< 10"
"23 - 24 School Year","63","Oakland Schools","63150","Troy School District","08286","Troy College and Career High School","63","Oakland","LEA School","Middle_High School","City: Small","Oakland Region","5","07","Mathematics","All Students","< 10","< 10","< 10","< 10","< 10","< 10","< 10","< 10"
"23 - 24 School Year","63","Oakland Schools","63150","Troy School District","08286","Troy College and Career High School","63","Oakland","LEA School","Middle_High School","City: Small","Oakland Region","5","07","Mathematics","Economically Disadvantaged","< 10","< 10","< 10","< 10","< 10","< 10","< 10","< 10"
"23 - 24 School Year","63","Oakland Schools","63150","Troy School District","08286","Troy College and Career High School","63","Oakland","LEA School","Middle_High School","City: Small","Oakland Region","5","07","Mathematics","Not Economically Disadvantaged","< 10","< 10","< 10","< 10","< 10","< 10","< 10","< 10"
"23 - 24 School Year","63","Oakland Schools","63150","Troy School District","08286","Troy College and Career High School","63","Oakland","LEA School","Middle_High School","City: Small","Oakland Region","5","07","Mathematics","Black, not of Hispanic origin","< 10","< 10","< 10","< 10","< 10","< 10","< 10","< 10"
"23 - 24 School Year","63","Oakland Schools","63150","Troy School District","08286","Troy College and Career High School","63","Oakland","LEA School","Middle_High School","City: Small","Oakland Region","5","07","Mathematics","White, not of Hispanic origin","< 10","< 10","< 10","< 10","< 10","< 10","< 10","< 10"
"23 - 24 School Year","63","Oakland Schools","63150","Troy School District","08286","Troy College and Career High School","63","Oakland","LEA School","Middle_High School","City: Small","Oakland Region","5","07","Mathematics","Male","< 10","< 10","< 10","< 10","< 10","< 10","< 10","< 10"
"23 - 24 School Year","63","Oakland Schools","63150","Troy School District","08286","Troy College and Career High School","63","Oakland","LEA School","Middle_High School","City: Small","Oakland Region","5","07","Mathematics","Female","< 10","< 10","< 10","< 10","< 10","< 10","< 10","< 10"
"23 - 24 School Year","63","Oakland Schools","63150","Troy School District","08286","Troy College and Career High School","63","Oakland","LEA School","Middle_High School","City: Small","Oakland Region","5","07","Mathematics","English Learners","< 10","< 10","< 10","< 10","< 10","< 10","< 10","< 10"
"23 - 24 School Year","63","Oakland Schools","63150","Troy School District","08286","Troy College and Career High School","63","Oakland","LEA School","Middle_High School","City: Small","Oakland Region","5","07","Mathematics","Not English Learners","< 10","< 10","< 10","< 10","< 10","< 10","< 10","< 10"
"23 - 24 School Year","63","Oakland Schools","63150","Troy School District","08286","Troy College and Career High School","63","Oakland","LEA School","Middle_High School","City: Small","Oakland Region","5","07","Mathematics","Not Migrant","< 10","< 10","< 10","< 10","< 10","< 10","< 10","< 10"
"23 - 24 School Year","63","Oakland Schools","63150","Troy School District","08286","Troy College and Career High School","63","Oakland","LEA School","Middle_High School","City: Small","Oakland Region","5","08","English Language Arts","All Students","< 10","< 10","< 10","< 10","< 10","< 10","< 10","< 10"
"23 - 24 School Year","63","Oakland Schools","63150","Troy School District","08286","Troy College and Career High School","63","Oakland","LEA School","Middle_High School","City: Small","Oakland Region","5","08","English Language Arts","Not Economically Disadvantaged","< 10","< 10","< 10","< 10","< 10","< 10","< 10","< 10"
"23 - 24 School Year","63","Oakland Schools","63150","Troy School District","08286","Troy College and Career High School","63","Oakland","LEA School","Middle_High School","City: Small","Oakland Region","5","08","English Language Arts","White, not of Hispanic origin","< 10","< 10","< 10","< 10","< 10","< 10","< 10","< 10"
"23 - 24 School Year","63","Oakland Schools","63150","Troy School District","08286","Troy College and Career High School","63","Oakland","LEA School","Middle_High School","City: Small","Oakland Region","5","08","English Language Arts","Male","< 10","< 10","< 10","< 10","< 10","< 10","< 10","< 10"
"23 - 24 School Year","63","Oakland Schools","63150","Troy School District","08286","Troy College and Career High School","63","Oakland","LEA School","Middle_High School","City: Small","Oakland Region","5","08","English Language Arts","Not English Learners","< 10","< 10","< 10","< 10","< 10","< 10","< 10","< 10"
"23 - 24 School Year","63","Oakland Schools","63150","Troy School District","08286","Troy College and Career High School","63","Oakland","LEA School","Middle_High School","City: Small","Oakland Region","5","08","English Language Arts","Not Migrant","< 10","< 10","< 10","< 10","< 10","< 10","< 10","< 10"
"23 - 24 School Year","63","Oakland Schools","63150","Troy School District","08286","Troy College and Career High School","63","Oakland","LEA School","Middle_High School","City: Small","Oakland Region","5","08","Mathematics","All Students","< 10","< 10","< 10","< 10","< 10","< 10","< 10","< 10"
"23 - 24 School Year","63","Oakland Schools","63150","Troy School District","08286","Troy College and Career High School","63","Oakland","LEA School","Middle_High School","City: Small","Oakland Region","5","08","Mathematics","Not Economically Disadvantaged","< 10","< 10","< 10","< 10","< 10","< 10","< 10","< 10"
"23 - 24 School Year","63","Oakland Schools","63150","Troy School District","08286","Troy College and Career High School","63","Oakland","LEA School","Middle_High School","City: Small","Oakland Region","5","08","Mathematics","White, not of Hispanic origin","< 10","< 10","< 10","< 10","< 10","< 10","< 10","< 10"
"23 - 24 School Year","63","Oakland Schools","63150","Troy School District","08286","Troy College and Career High School","63","Oakland","LEA School","Middle_High School","City: Small","Oakland Region","5","08","Mathematics","Male","< 10","< 10","< 10","< 10","< 10","< 10","< 10","< 10"
"23 - 24 School Year","63","Oakland Schools","63150","Troy School District","08286","Troy College and Career High School","63","Oakland","LEA School","Middle_High School","City: Small","Oakland Region","5","08","Mathematics","Not English Learners","< 10","< 10","< 10","< 10","< 10","< 10","< 10","< 10"
"23 - 24 School Year","63","Oakland Schools","63150","Troy School District","08286","Troy College and Career High School","63","Oakland","LEA School","Middle_High School","City: Small","Oakland Region","5","08","Mathematics","Not Migrant","< 10","< 10","< 10","< 10","< 10","< 10","< 10","< 10"
"23 - 24 School Year","63","Oakland Schools","63150","Troy School District","08286","Troy College and Career High School","63","Oakland","LEA School","Middle_High School","City: Small","Oakland Region","5","11","English Language Arts","All Students","11","12","13","30.60","33.30","36.10","36","46.40"
"23 - 24 School Year","63","Oakland Schools","63150","Troy School District","08286","Troy College and Career High School","63","Oakland","LEA School","Middle_High School","City: Small","Oakland Region","5","11","English Language Arts","Economically Disadvantaged","< 10","< 10","< 10","< 10","< 10","< 10","< 10","< 10"
"23 - 24 School Year","63","Oakland Schools","63150","Troy School District","08286","Troy College and Career High School","63","Oakland","LEA School","Middle_High School","City: Small","Oakland Region","5","11","English Language Arts","Not Economically Disadvantaged","< 10","< 10","10","33.30","29.60","37.00","27","46.70"
"23 - 24 School Year","63","Oakland Schools","63150","Troy School District","08286","Troy College and Career High School","63","Oakland","LEA School","Middle_High School","City: Small","Oakland Region","5","11","English Language Arts","Black, not of Hispanic origin","< 10","< 10","< 10","< 10","< 10","< 10","< 10","< 10"
"23 - 24 School Year","63","Oakland Schools","63150","Troy School District","08286","Troy College and Career High School","63","Oakland","LEA School","Middle_High School","City: Small","Oakland Region","5","11","English Language Arts","Hispanic","< 10","< 10","< 10","< 10","< 10","< 10","< 10","< 10"
"23 - 24 School Year","63","Oakland Schools","63150","Troy School District","08286","Troy College and Career High School","63","Oakland","LEA School","Middle_High School","City: Small","Oakland Region","5","11","English Language Arts","White, not of Hispanic origin","< 10","< 10","< 10","30.00","30.00","40.00","20","45.70"
"23 - 24 School Year","63","Oakland Schools","63150","Troy School District","08286","Troy College and Career High School","63","Oakland","LEA School","Middle_High School","City: Small","Oakland Region","5","11","English Language Arts","Two or More Races","< 10","< 10","< 10","< 10","< 10","< 10","< 10","< 10"
"23 - 24 School Year","63","Oakland Schools","63150","Troy School District","08286","Troy College and Career High School","63","Oakland","LEA School","Middle_High School","City: Small","Oakland Region","5","11","English Language Arts","Asian","< 10","< 10","< 10","< 10","< 10","< 10","< 10","< 10"
"23 - 24 School Year","63","Oakland Schools","63150","Troy School District","08286","Troy College and Career High School","63","Oakland","LEA School","Middle_High School","City: Small","Oakland Region","5","11","English Language Arts","Male","< 10","< 10","< 10","36.80","31.60","31.60","19","51.30"
"23 - 24 School Year","63","Oakland Schools","63150","Troy School District","08286","Troy College and Career High School","63","Oakland","LEA School","Middle_High School","City: Small","Oakland Region","5","11","English Language Arts","Female","< 10","< 10","< 10","23.50","35.30","41.20","17","40.80"
"23 - 24 School Year","63","Oakland Schools","63150","Troy School District","08286","Troy College and Career High School","63","Oakland","LEA School","Middle_High School","City: Small","Oakland Region","5","11","English Language Arts","English Learners","< 10","< 10","< 10","< 10","< 10","< 10","< 10","< 10"
"23 - 24 School Year","63","Oakland Schools","63150","Troy School District","08286","Troy College and Career High School","63","Oakland","LEA School","Middle_High School","City: Small","Oakland Region","5","11","English Language Arts","Not English Learners","10","12","12","29.40","35.30","35.30","34","46.70"
"23 - 24 School Year","63","Oakland Schools","63150","Troy School District","08286","Troy College and Career High School","63","Oakland","LEA School","Middle_High School","City: Small","Oakland Region","5","11","English Language Arts","Not Migrant","11","12","13","30.60","33.30","36.10","36","46.40"
"23 - 24 School Year","63","Oakland Schools","63150","Troy School District","08286","Troy College and Career High School","63","Oakland","LEA School","Middle_High School","City: Small","Oakland Region","5","11","Mathematics","All Students","< 10","16","14","16.70","44.40","38.90","36","43.00"
"23 - 24 School Year","63","Oakland Schools","63150","Troy School District","08286","Troy College and Career High School","63","Oakland","LEA School","Middle_High School","City: Small","Oakland Region","5","11","Mathematics","Economically Disadvantaged","< 10","< 10","< 10","< 10","< 10","< 10","< 10","< 10"
"23 - 24 School Year","63","Oakland Schools","63150","Troy School District","08286","Troy College and Career High School","63","Oakland","LEA School","Middle_High School","City: Small","Oakland Region","5","11","Mathematics","Not Economically Disadvantaged","< 10","14","11","7.40","51.90","40.70","27","39.90"
"23 - 24 School Year","63","Oakland Schools","63150","Troy School District","08286","Troy College and Career High School","63","Oakland","LEA School","Middle_High School","City: Small","Oakland Region","5","11","Mathematics","Black, not of Hispanic origin","< 10","< 10","< 10","< 10","< 10","< 10","< 10","< 10"
"23 - 24 School Year","63","Oakland Schools","63150","Troy School District","08286","Troy College and Career High School","63","Oakland","LEA School","Middle_High School","City: Small","Oakland Region","5","11","Mathematics","Hispanic","< 10","< 10","< 10","< 10","< 10","< 10","< 10","< 10"
"23 - 24 School Year","63","Oakland Schools","63150","Troy School District","08286","Troy College and Career High School","63","Oakland","LEA School","Middle_High School","City: Small","Oakland Region","5","11","Mathematics","White, not of Hispanic origin","< 10","11","< 10","20.00","55.00","25.00","20","50.30"
"23 - 24 School Year","63","Oakland Schools","63150","Troy School District","08286","Troy College and Career High School","63","Oakland","LEA School","Middle_High School","City: Small","Oakland Region","5","11","Mathematics","Two or More Races","< 10","< 10","< 10","< 10","< 10","< 10","< 10","< 10"
"23 - 24 School Year","63","Oakland Schools","63150","Troy School District","08286","Troy College and Career High School","63","Oakland","LEA School","Middle_High School","City: Small","Oakland Region","5","11","Mathematics","Asian","< 10","< 10","< 10","< 10","< 10","< 10","< 10","< 10"
"23 - 24 School Year","63","Oakland Schools","63150","Troy School District","08286","Troy College and Career High School","63","Oakland","LEA School","Middle_High School","City: Small","Oakland Region","5","11","Mathematics","Male","< 10","12","< 10","5.30","63.20","31.60","19","41.50"
"23 - 24 School Year","63","Oakland Schools","63150","Troy School District","08286","Troy College and Career High School","63","Oakland","LEA School","Middle_High School","City: Small","Oakland Region","5","11","Mathematics","Female","< 10","< 10","< 10","29.40","23.50","47.10","17","44.70"
"23 - 24 School Year","63","Oakland Schools","63150","Troy School District","08286","Troy College and Career High School","63","Oakland","LEA School","Middle_High School","City: Small","Oakland Region","5","11","Mathematics","English Learners","< 10","< 10","< 10","< 10","< 10","< 10","< 10","< 10"
"23 - 24 School Year","63","Oakland Schools","63150","Troy School District","08286","Troy College and Career High School","63","Oakland","LEA School","Middle_High School","City: Small","Oakland Region","5","11","Mathematics","Not English Learners","< 10","15","13","17.60","44.10","38.20","34","44.10"
"23 - 24 School Year","63","Oakland Schools","63150","Troy School District","08286","Troy College and Career High School","63","Oakland","LEA School","Middle_High School","City: Small","Oakland Region","5","11","Mathematics","Not Migrant","< 10","16","14","16.70","44.40","38.90","36","43.00"
"23 - 24 School Year","63","Oakland Schools","63150","Troy School District","08286","Troy College and Career High School","63","Oakland","LEA School","Middle_High School","City: Small","Oakland Region","5","07","English Language Arts","Students with Disabilities","< 10","< 10","< 10","< 10","< 10","< 10","< 10","< 10"
"23 - 24 School Year","63","Oakland Schools","63150","Troy School District","08286","Troy College and Career High School","63","Oakland","LEA School","Middle_High School","City: Small","Oakland Region","5","07","Mathematics","Students with Disabilities","< 10","< 10","< 10","< 10","< 10","< 10","< 10","< 10"
"23 - 24 School Year","63","Oakland Schools","63150","Troy School District","08286","Troy College and Career High School","63","Oakland","LEA School","Middle_High School","City: Small","Oakland Region","5","11","English Language Arts","Students with Disabilities","< 10","< 10","< 10","< 10","< 10","< 10","< 10","< 10"
"23 - 24 School Year","63","Oakland Schools","63150","Troy School District","08286","Troy College and Career High School","63","Oakland","LEA School","Middle_High School","City: Small","Oakland Region","5","11","Mathematics","Students with Disabilities","< 10","< 10","< 10","< 10","< 10","< 10","< 10","< 10"
