SchoolYear,IsdCode,IsdName,DistrictCode,DistrictName,BuildingCode,BuildingName,CountyCode,CountyName,EntityType,SchoolLevel,Locale,MISTEM_NAME,MISTEM_CODE,Grade,Subject,TestingGroup,NumberAboveAverageGrowth,NumberAverageGrowth,NumberBelowAverageGrowth,PercentAboveAverage,PercentAverageGrowth,PercentBelowAverage,TotalIncluded,MeanSGP
"18 - 19 School Year","63","Oakland Schools","63150","Troy School District","00000","All Buildings","63","Oakland","LEA District","Elem thru High School","City: Small","Oakland Region","5","All Grades","Social Studies","Students without Disabilities","492","625","478","30.80","39.20","30.00","1595","50.70"
"18 - 19 School Year","63","Oakland Schools","63150","Troy School District","00000","All Buildings","63","Oakland","LEA District","Elem thru High School","City: Small","Oakland Region","5","08","Social Studies","Students without Disabilities","247","361","225","29.70","43.30","27.00","833","51.90"
"18 - 19 School Year","63","Oakland Schools","63150","Troy School District","00000","All Buildings","63","Oakland","LEA District","Elem thru High School","City: Small","Oakland Region","5","11","Social Studies","Students without Disabilities","245","264","253","32.20","34.60","33.20","762","49.30"
"18 - 19 School Year","63","Oakland Schools","63150","Troy School District","00000","All Buildings","63","Oakland","LEA District","Elem thru High School","City: Small","Oakland Region","5","All Grades","Social Studies","Not Migrant","520","670","533","30.20","38.90","30.90","1723","50.00"
"18 - 19 School Year","63","Oakland Schools","63150","Troy School District","00000","All Buildings","63","Oakland","LEA District","Elem thru High School","City: Small","Oakland Region","5","All Grades","Social Studies","Not English Learners","499","632","505","30.50","38.60","30.90","1636","50.10"
"18 - 19 School Year","63","Oakland Schools","63150","Troy School District","00000","All Buildings","63","Oakland","LEA District","Elem thru High School","City: Small","Oakland Region","5","All Grades","Social Studies","English Learners","21","38","28","24.10","43.70","32.20","87","48.80"
"18 - 19 School Year","63","Oakland Schools","63150","Troy School District","00000","All Buildings","63","Oakland","LEA District","Elem thru High School","City: Small","Oakland Region","5","All Grades","Social Studies","Female","229","347","296","26.30","39.80","33.90","872","47.30"
"18 - 19 School Year","63","Oakland Schools","63150","Troy School District","00000","All Buildings","63","Oakland","LEA District","Elem thru High School","City: Small","Oakland Region","5","All Grades","Social Studies","Male","291","323","237","34.20","38.00","27.80","851","52.80"
"18 - 19 School Year","63","Oakland Schools","63150","Troy School District","00000","All Buildings","63","Oakland","LEA District","Elem thru High School","City: Small","Oakland Region","5","All Grades","Social Studies","Asian","190","228","151","33.40","40.10","26.50","569","53.60"
"18 - 19 School Year","63","Oakland Schools","63150","Troy School District","00000","All Buildings","63","Oakland","LEA District","Elem thru High School","City: Small","Oakland Region","5","All Grades","Social Studies","Two or More Races","17","24","18","28.80","40.70","30.50","59","48.70"
"18 - 19 School Year","63","Oakland Schools","63150","Troy School District","00000","All Buildings","63","Oakland","LEA District","Elem thru High School","City: Small","Oakland Region","5","All Grades","Social Studies","White, not of Hispanic origin","266","375","325","27.50","38.80","33.60","966","47.80"
"18 - 19 School Year","63","Oakland Schools","63150","Troy School District","00000","All Buildings","63","Oakland","LEA District","Elem thru High School","City: Small","Oakland Region","5","All Grades","Social Studies","Hispanic","20","11","11","47.60","26.20","26.20","42","57.00"
"18 - 19 School Year","63","Oakland Schools","63150","Troy School District","00000","All Buildings","63","Oakland","LEA District","Elem thru High School","City: Small","Oakland Region","5","All Grades","Social Studies","Black, not of Hispanic origin","25","31","28","29.80","36.90","33.30","84","48.30"
"18 - 19 School Year","63","Oakland Schools","63150","Troy School District","00000","All Buildings","63","Oakland","LEA District","Elem thru High School","City: Small","Oakland Region","5","All Grades","Social Studies","American Indian or Alaska Native","< 10","< 10","< 10","< 10","< 10","< 10","< 10","< 10"
"18 - 19 School Year","63","Oakland Schools","63150","Troy School District","00000","All Buildings","63","Oakland","LEA District","Elem thru High School","City: Small","Oakland Region","5","All Grades","Social Studies","Not Economically Disadvantaged","448","564","434","31.00","39.00","30.00","1446","50.60"
"18 - 19 School Year","63","Oakland Schools","63150","Troy School District","00000","All Buildings","63","Oakland","LEA District","Elem thru High School","City: Small","Oakland Region","5","All Grades","Social Studies","Economically Disadvantaged","72","106","99","26.00","38.30","35.70","277","46.90"
"18 - 19 School Year","63","Oakland Schools","63150","Troy School District","00000","All Buildings","63","Oakland","LEA District","Elem thru High School","City: Small","Oakland Region","5","All Grades","Social Studies","All Students","520","670","533","30.20","38.90","30.90","1723","50.00"
"18 - 19 School Year","63","Oakland Schools","63150","Troy School District","00000","All Buildings","63","Oakland","LEA District","Elem thru High School","City: Small","Oakland Region","5","08","Social Studies","Not Migrant","262","386","262","28.80","42.40","28.80","910","50.90"
"18 - 19 School Year","63","Oakland Schools","63150","Troy School District","00000","All Buildings","63","Oakland","LEA District","Elem thru High School","City: Small","Oakland Region","5","08","Social Studies","Not English Learners","245","360","245","28.80","42.40","28.80","850","50.80"
"18 - 19 School Year","63","Oakland Schools","63150","Troy School District","00000","All Buildings","63","Oakland","LEA District","Elem thru High School","City: Small","Oakland Region","5","08","Social Studies","English Learners","17","26","17","28.30","43.30","28.30","60","52.50"
"18 - 19 School Year","63","Oakland Schools","63150","Troy School District","00000","All Buildings","63","Oakland","LEA District","Elem thru High School","City: Small","Oakland Region","5","08","Social Studies","Female","122","193","152","26.10","41.30","32.50","467","48.70"
"18 - 19 School Year","63","Oakland Schools","63150","Troy School District","00000","All Buildings","63","Oakland","LEA District","Elem thru High School","City: Small","Oakland Region","5","08","Social Studies","Male","140","193","110","31.60","43.60","24.80","443","53.30"
"18 - 19 School Year","63","Oakland Schools","63150","Troy School District","00000","All Buildings","63","Oakland","LEA District","Elem thru High School","City: Small","Oakland Region","5","08","Social Studies","Asian","103","146","69","32.40","45.90","21.70","318","55.80"
"18 - 19 School Year","63","Oakland Schools","63150","Troy School District","00000","All Buildings","63","Oakland","LEA District","Elem thru High School","City: Small","Oakland Region","5","08","Social Studies","Two or More Races","12","10","13","34.30","28.60","37.10","35","50.00"
"18 - 19 School Year","63","Oakland Schools","63150","Troy School District","00000","All Buildings","63","Oakland","LEA District","Elem thru High School","City: Small","Oakland Region","5","08","Social Studies","White, not of Hispanic origin","122","204","157","25.30","42.20","32.50","483","47.80"
"18 - 19 School Year","63","Oakland Schools","63150","Troy School District","00000","All Buildings","63","Oakland","LEA District","Elem thru High School","City: Small","Oakland Region","5","08","Social Studies","Hispanic","13","< 10","< 10","54.20","25.00","20.80","24","62.40"
"18 - 19 School Year","63","Oakland Schools","63150","Troy School District","00000","All Buildings","63","Oakland","LEA District","Elem thru High School","City: Small","Oakland Region","5","08","Social Studies","Black, not of Hispanic origin","10","20","18","20.80","41.70","37.50","48","43.40"
"18 - 19 School Year","63","Oakland Schools","63150","Troy School District","00000","All Buildings","63","Oakland","LEA District","Elem thru High School","City: Small","Oakland Region","5","08","Social Studies","American Indian or Alaska Native","< 10","< 10","< 10","< 10","< 10","< 10","< 10","< 10"
"18 - 19 School Year","63","Oakland Schools","63150","Troy School District","00000","All Buildings","63","Oakland","LEA District","Elem thru High School","City: Small","Oakland Region","5","08","Social Studies","Not Economically Disadvantaged","234","327","210","30.40","42.40","27.20","771","52.20"
"18 - 19 School Year","63","Oakland Schools","63150","Troy School District","00000","All Buildings","63","Oakland","LEA District","Elem thru High School","City: Small","Oakland Region","5","08","Social Studies","Economically Disadvantaged","28","59","52","20.10","42.40","37.40","139","44.10"
"18 - 19 School Year","63","Oakland Schools","63150","Troy School District","00000","All Buildings","63","Oakland","LEA District","Elem thru High School","City: Small","Oakland Region","5","08","Social Studies","All Students","262","386","262","28.80","42.40","28.80","910","50.90"
"18 - 19 School Year","63","Oakland Schools","63150","Troy School District","00000","All Buildings","63","Oakland","LEA District","Elem thru High School","City: Small","Oakland Region","5","11","Social Studies","Not Migrant","258","284","271","31.70","34.90","33.30","813","49.00"
"18 - 19 School Year","63","Oakland Schools","63150","Troy School District","00000","All Buildings","63","Oakland","LEA District","Elem thru High School","City: Small","Oakland Region","5","11","Social Studies","Not English Learners","254","272","260","32.30","34.60","33.10","786","49.30"
"18 - 19 School Year","63","Oakland Schools","63150","Troy School District","00000","All Buildings","63","Oakland","LEA District","Elem thru High School","City: Small","Oakland Region","5","11","Social Studies","English Learners","< 10","12","11","14.80","44.40","40.70","27","40.70"
"18 - 19 School Year","63","Oakland Schools","63150","Troy School District","00000","All Buildings","63","Oakland","LEA District","Elem thru High School","City: Small","Oakland Region","5","11","Social Studies","Female","107","154","144","26.40","38.00","35.60","405","45.80"
"18 - 19 School Year","63","Oakland Schools","63150","Troy School District","00000","All Buildings","63","Oakland","LEA District","Elem thru High School","City: Small","Oakland Region","5","All Grades","Science","All Students","< 10","< 10","< 10","< 10","< 10","< 10","< 10","< 10"
"18 - 19 School Year","63","Oakland Schools","63150","Troy School District","00000","All Buildings","63","Oakland","LEA District","Elem thru High School","City: Small","Oakland Region","5","All Grades","Science","Economically Disadvantaged","< 10","< 10","< 10","< 10","< 10","< 10","< 10","< 10"
"18 - 19 School Year","63","Oakland Schools","63150","Troy School District","00000","All Buildings","63","Oakland","LEA District","Elem thru High School","City: Small","Oakland Region","5","All Grades","Science","Not Economically Disadvantaged","< 10","< 10","< 10","< 10","< 10","< 10","< 10","< 10"
"18 - 19 School Year","63","Oakland Schools","63150","Troy School District","00000","All Buildings","63","Oakland","LEA District","Elem thru High School","City: Small","Oakland Region","5","All Grades","Science","Black, not of Hispanic origin","< 10","< 10","< 10","< 10","< 10","< 10","< 10","< 10"
"18 - 19 School Year","63","Oakland Schools","63150","Troy School District","00000","All Buildings","63","Oakland","LEA District","Elem thru High School","City: Small","Oakland Region","5","All Grades","Science","White, not of Hispanic origin","< 10","< 10","< 10","< 10","< 10","< 10","< 10","< 10"
"18 - 19 School Year","63","Oakland Schools","63150","Troy School District","00000","All Buildings","63","Oakland","LEA District","Elem thru High School","City: Small","Oakland Region","5","All Grades","Science","Asian","< 10","< 10","< 10","< 10","< 10","< 10","< 10","< 10"
"18 - 19 School Year","63","Oakland Schools","63150","Troy School District","00000","All Buildings","63","Oakland","LEA District","Elem thru High School","City: Small","Oakland Region","5","All Grades","Science","Male","< 10","< 10","< 10","< 10","< 10","< 10","< 10","< 10"
"18 - 19 School Year","63","Oakland Schools","63150","Troy School District","00000","All Buildings","63","Oakland","LEA District","Elem thru High School","City: Small","Oakland Region","5","All Grades","Science","Female","< 10","< 10","< 10","< 10","< 10","< 10","< 10","< 10"
"18 - 19 School Year","63","Oakland Schools","63150","Troy School District","00000","All Buildings","63","Oakland","LEA District","Elem thru High School","City: Small","Oakland Region","5","All Grades","Science","English Learners","< 10","< 10","< 10","< 10","< 10","< 10","< 10","< 10"
"18 - 19 School Year","63","Oakland Schools","63150","Troy School District","00000","All Buildings","63","Oakland","LEA District","Elem thru High School","City: Small","Oakland Region","5","All Grades","Science","Not English Learners","< 10","< 10","< 10","< 10","< 10","< 10","< 10","< 10"
"18 - 19 School Year","63","Oakland Schools","63150","Troy School District","00000","All Buildings","63","Oakland","LEA District","Elem thru High School","City: Small","Oakland Region","5","All Grades","Science","Not Migrant","< 10","< 10","< 10","< 10","< 10","< 10","< 10","< 10"
"18 - 19 School Year","63","Oakland Schools","63150","Troy School District","00000","All Buildings","63","Oakland","LEA District","Elem thru High School","City: Small","Oakland Region","5","11","Science","All Students","< 10","< 10","< 10","< 10","< 10","< 10","< 10","< 10"
"18 - 19 School Year","63","Oakland Schools","63150","Troy School District","00000","All Buildings","63","Oakland","LEA District","Elem thru High School","City: Small","Oakland Region","5","11","Science","Economically Disadvantaged","< 10","< 10","< 10","< 10","< 10","< 10","< 10","< 10"
"18 - 19 School Year","63","Oakland Schools","63150","Troy School District","00000","All Buildings","63","Oakland","LEA District","Elem thru High School","City: Small","Oakland Region","5","11","Science","Not Economically Disadvantaged","< 10","< 10","< 10","< 10","< 10","< 10","< 10","< 10"
"18 - 19 School Year","63","Oakland Schools","63150","Troy School District","00000","All Buildings","63","Oakland","LEA District","Elem thru High School","City: Small","Oakland Region","5","11","Science","Black, not of Hispanic origin","< 10","< 10","< 10","< 10","< 10","< 10","< 10","< 10"
"18 - 19 School Year","63","Oakland Schools","63150","Troy School District","00000","All Buildings","63","Oakland","LEA District","Elem thru High School","City: Small","Oakland Region","5","11","Science","White, not of Hispanic origin","< 10","< 10","< 10","< 10","< 10","< 10","< 10","< 10"
"18 - 19 School Year","63","Oakland Schools","63150","Troy School District","00000","All Buildings","63","Oakland","LEA District","Elem thru High School","City: Small","Oakland Region","5","11","Science","Asian","< 10","< 10","< 10","< 10","< 10","< 10","< 10","< 10"
"18 - 19 School Year","63","Oakland Schools","63150","Troy School District","00000","All Buildings","63","Oakland","LEA District","Elem thru High School","City: Small","Oakland Region","5","11","Science","Male","< 10","< 10","< 10","< 10","< 10","< 10","< 10","< 10"
"18 - 19 School Year","63","Oakland Schools","63150","Troy School District","00000","All Buildings","63","Oakland","LEA District","Elem thru High School","City: Small","Oakland Region","5","11","Science","Female","< 10","< 10","< 10","< 10","< 10","< 10","< 10","< 10"
"18 - 19 School Year","63","Oakland Schools","63150","Troy School District","00000","All Buildings","63","Oakland","LEA District","Elem thru High School","City: Small","Oakland Region","5","11","Science","English Learners","< 10","< 10","< 10","< 10","< 10","< 10","< 10","< 10"
"18 - 19 School Year","63","Oakland Schools","63150","Troy School District","00000","All Buildings","63","Oakland","LEA District","Elem thru High School","City: Small","Oakland Region","5","11","Science","Not English Learners","< 10","< 10","< 10","< 10","< 10","< 10","< 10","< 10"
"18 - 19 School Year","63","Oakland Schools","63150","Troy School District","00000","All Buildings","63","Oakland","LEA District","Elem thru High School","City: Small","Oakland Region","5","11","Science","Not Migrant","< 10","< 10","< 10","< 10","< 10","< 10","< 10","< 10"
"18 - 19 School Year","63","Oakland Schools","63150","Troy School District","00000","All Buildings","63","Oakland","LEA District","Elem thru High School","City: Small","Oakland Region","5","11","Social Studies","All Students","258","284","271","31.70","34.90","33.30","813","49.00"
"18 - 19 School Year","63","Oakland Schools","63150","Troy School District","00000","All Buildings","63","Oakland","LEA District","Elem thru High School","City: Small","Oakland Region","5","11","Social Studies","Economically Disadvantaged","44","47","47","31.90","34.10","34.10","138","49.70"
"18 - 19 School Year","63","Oakland Schools","63150","Troy School District","00000","All Buildings","63","Oakland","LEA District","Elem thru High School","City: Small","Oakland Region","5","11","Social Studies","Not Economically Disadvantaged","214","237","224","31.70","35.10","33.20","675","48.90"
"18 - 19 School Year","63","Oakland Schools","63150","Troy School District","00000","All Buildings","63","Oakland","LEA District","Elem thru High School","City: Small","Oakland Region","5","11","Social Studies","American Indian or Alaska Native","< 10","< 10","< 10","< 10","< 10","< 10","< 10","< 10"
"18 - 19 School Year","63","Oakland Schools","63150","Troy School District","00000","All Buildings","63","Oakland","LEA District","Elem thru High School","City: Small","Oakland Region","5","11","Social Studies","Black, not of Hispanic origin","15","11","10","41.70","30.60","27.80","36","54.80"
"18 - 19 School Year","63","Oakland Schools","63150","Troy School District","00000","All Buildings","63","Oakland","LEA District","Elem thru High School","City: Small","Oakland Region","5","11","Social Studies","Hispanic","< 10","< 10","< 10","38.90","27.80","33.30","18","49.90"
"18 - 19 School Year","63","Oakland Schools","63150","Troy School District","00000","All Buildings","63","Oakland","LEA District","Elem thru High School","City: Small","Oakland Region","5","11","Social Studies","White, not of Hispanic origin","144","171","168","29.80","35.40","34.80","483","47.80"
"18 - 19 School Year","63","Oakland Schools","63150","Troy School District","00000","All Buildings","63","Oakland","LEA District","Elem thru High School","City: Small","Oakland Region","5","11","Social Studies","Two or More Races","< 10","14","< 10","20.80","58.30","20.80","24","46.80"
"18 - 19 School Year","63","Oakland Schools","63150","Troy School District","00000","All Buildings","63","Oakland","LEA District","Elem thru High School","City: Small","Oakland Region","5","11","Social Studies","Asian","87","82","82","34.70","32.70","32.70","251","50.80"
"18 - 19 School Year","63","Oakland Schools","63150","Troy School District","00000","All Buildings","63","Oakland","LEA District","Elem thru High School","City: Small","Oakland Region","5","11","Social Studies","Male","151","130","127","37.00","31.90","31.10","408","52.20"
"18 - 19 School Year","63","Oakland Schools","63150","Troy School District","00000","All Buildings","63","Oakland","LEA District","Elem thru High School","City: Small","Oakland Region","5","All Grades","Science","Students with Disabilities","< 10","< 10","< 10","< 10","< 10","< 10","< 10","< 10"
"18 - 19 School Year","63","Oakland Schools","63150","Troy School District","00000","All Buildings","63","Oakland","LEA District","Elem thru High School","City: Small","Oakland Region","5","11","Science","Students with Disabilities","< 10","< 10","< 10","< 10","< 10","< 10","< 10","< 10"
"18 - 19 School Year","63","Oakland Schools","63150","Troy School District","00000","All Buildings","63","Oakland","LEA District","Elem thru High School","City: Small","Oakland Region","5","11","Social Studies","Students with Disabilities","13","20","18","25.50","39.20","35.30","51","44.30"
"18 - 19 School Year","63","Oakland Schools","63150","Troy School District","00000","All Buildings","63","Oakland","LEA District","Elem thru High School","City: Small","Oakland Region","5","08","Social Studies","Students with Disabilities","15","25","37","19.50","32.50","48.10","77","39.80"
"18 - 19 School Year","63","Oakland Schools","63150","Troy School District","00000","All Buildings","63","Oakland","LEA District","Elem thru High School","City: Small","Oakland Region","5","All Grades","Social Studies","Students with Disabilities","28","45","55","21.90","35.20","43.00","128","41.60"
"18 - 19 School Year","63","Oakland Schools","63150","Troy School District","00000","All Buildings","63","Oakland","LEA District","Elem thru High School","City: Small","Oakland Region","5","All Grades","Mathematics","Students without Disabilities","2116","1927","990","42.00","38.30","19.70","5033","59.80"
"18 - 19 School Year","63","Oakland Schools","63150","Troy School District","00000","All Buildings","63","Oakland","LEA District","Elem thru High School","City: Small","Oakland Region","5","06","Mathematics","Students without Disabilities","463","324","108","51.70","36.20","12.10","895","67.10"
"18 - 19 School Year","63","Oakland Schools","63150","Troy School District","00000","All Buildings","63","Oakland","LEA District","Elem thru High School","City: Small","Oakland Region","5","05","Mathematics","Students without Disabilities","374","300","147","45.60","36.50","17.90","821","61.80"
"18 - 19 School Year","63","Oakland Schools","63150","Troy School District","00000","All Buildings","63","Oakland","LEA District","Elem thru High School","City: Small","Oakland Region","5","06","Mathematics","Not Economically Disadvantaged","426","295","89","52.60","36.40","11.00","810","67.90"
"18 - 19 School Year","63","Oakland Schools","63150","Troy School District","00000","All Buildings","63","Oakland","LEA District","Elem thru High School","City: Small","Oakland Region","5","06","Mathematics","Black, not of Hispanic origin","14","14","< 10","37.80","37.80","24.30","37","56.40"
"18 - 19 School Year","63","Oakland Schools","63150","Troy School District","00000","All Buildings","63","Oakland","LEA District","Elem thru High School","City: Small","Oakland Region","5","06","Mathematics","Hispanic","12","< 10","< 10","46.20","26.90","26.90","26","60.40"
"18 - 19 School Year","63","Oakland Schools","63150","Troy School District","00000","All Buildings","63","Oakland","LEA District","Elem thru High School","City: Small","Oakland Region","5","06","Mathematics","White, not of Hispanic origin","218","219","78","42.30","42.50","15.10","515","60.90"
"18 - 19 School Year","63","Oakland Schools","63150","Troy School District","00000","All Buildings","63","Oakland","LEA District","Elem thru High School","City: Small","Oakland Region","5","06","Mathematics","Two or More Races","13","15","< 10","40.60","46.90","12.50","32","64.60"
"18 - 19 School Year","63","Oakland Schools","63150","Troy School District","00000","All Buildings","63","Oakland","LEA District","Elem thru High School","City: Small","Oakland Region","5","06","Mathematics","Asian","227","108","29","62.40","29.70","8.00","364","74.30"
"18 - 19 School Year","63","Oakland Schools","63150","Troy School District","00000","All Buildings","63","Oakland","LEA District","Elem thru High School","City: Small","Oakland Region","5","06","Mathematics","Male","249","183","82","48.40","35.60","16.00","514","64.40"
"18 - 19 School Year","63","Oakland Schools","63150","Troy School District","00000","All Buildings","63","Oakland","LEA District","Elem thru High School","City: Small","Oakland Region","5","06","Mathematics","Female","235","180","45","51.10","39.10","9.80","460","67.40"
"18 - 19 School Year","63","Oakland Schools","63150","Troy School District","00000","All Buildings","63","Oakland","LEA District","Elem thru High School","City: Small","Oakland Region","5","06","Mathematics","English Learners","41","30","18","46.10","33.70","20.20","89","62.40"
"18 - 19 School Year","63","Oakland Schools","63150","Troy School District","00000","All Buildings","63","Oakland","LEA District","Elem thru High School","City: Small","Oakland Region","5","06","Mathematics","Not English Learners","443","333","109","50.10","37.60","12.30","885","66.20"
"18 - 19 School Year","63","Oakland Schools","63150","Troy School District","00000","All Buildings","63","Oakland","LEA District","Elem thru High School","City: Small","Oakland Region","5","06","Mathematics","Not Migrant","484","363","127","49.70","37.30","13.00","974","65.80"
"18 - 19 School Year","63","Oakland Schools","63150","Troy School District","00000","All Buildings","63","Oakland","LEA District","Elem thru High School","City: Small","Oakland Region","5","04","Mathematics","Female","164","143","98","40.50","35.30","24.20","405","57.20"
"18 - 19 School Year","63","Oakland Schools","63150","Troy School District","00000","All Buildings","63","Oakland","LEA District","Elem thru High School","City: Small","Oakland Region","5","04","Mathematics","English Learners","68","72","40","37.80","40.00","22.20","180","56.70"
"18 - 19 School Year","63","Oakland Schools","63150","Troy School District","00000","All Buildings","63","Oakland","LEA District","Elem thru High School","City: Small","Oakland Region","5","04","Mathematics","Not English Learners","266","258","123","41.10","39.90","19.00","647","60.00"
"18 - 19 School Year","63","Oakland Schools","63150","Troy School District","00000","All Buildings","63","Oakland","LEA District","Elem thru High School","City: Small","Oakland Region","5","All Grades","Mathematics","Not Migrant","2271","2116","1115","41.30","38.50","20.30","5502","59.20"
"18 - 19 School Year","63","Oakland Schools","63150","Troy School District","00000","All Buildings","63","Oakland","LEA District","Elem thru High School","City: Small","Oakland Region","5","All Grades","Mathematics","Not English Learners","1991","1895","989","40.80","38.90","20.30","4875","59.00"
"18 - 19 School Year","63","Oakland Schools","63150","Troy School District","00000","All Buildings","63","Oakland","LEA District","Elem thru High School","City: Small","Oakland Region","5","All Grades","Mathematics","English Learners","280","221","126","44.70","35.20","20.10","627","61.00"
"18 - 19 School Year","63","Oakland Schools","63150","Troy School District","00000","All Buildings","63","Oakland","LEA District","Elem thru High School","City: Small","Oakland Region","5","All Grades","Mathematics","Female","1088","1040","565","40.40","38.60","21.00","2693","58.60"
"18 - 19 School Year","63","Oakland Schools","63150","Troy School District","00000","All Buildings","63","Oakland","LEA District","Elem thru High School","City: Small","Oakland Region","5","All Grades","Mathematics","Male","1183","1076","550","42.10","38.30","19.60","2809","59.90"
"18 - 19 School Year","63","Oakland Schools","63150","Troy School District","00000","All Buildings","63","Oakland","LEA District","Elem thru High School","City: Small","Oakland Region","5","All Grades","Mathematics","Asian","1006","710","270","50.70","35.80","13.60","1986","66.30"
"18 - 19 School Year","63","Oakland Schools","63150","Troy School District","00000","All Buildings","63","Oakland","LEA District","Elem thru High School","City: Small","Oakland Region","5","All Grades","Mathematics","Two or More Races","65","74","34","37.60","42.80","19.70","173","58.40"
"18 - 19 School Year","63","Oakland Schools","63150","Troy School District","00000","All Buildings","63","Oakland","LEA District","Elem thru High School","City: Small","Oakland Region","5","All Grades","Mathematics","White, not of Hispanic origin","1068","1177","694","36.30","40.00","23.60","2939","55.50"
"18 - 19 School Year","63","Oakland Schools","63150","Troy School District","00000","All Buildings","63","Oakland","LEA District","Elem thru High School","City: Small","Oakland Region","5","All Grades","Mathematics","Hispanic","57","55","43","36.80","35.50","27.70","155","55.20"
"18 - 19 School Year","63","Oakland Schools","63150","Troy School District","00000","All Buildings","63","Oakland","LEA District","Elem thru High School","City: Small","Oakland Region","5","All Grades","Mathematics","Black, not of Hispanic origin","73","96","69","30.70","40.30","29.00","238","51.20"
"18 - 19 School Year","63","Oakland Schools","63150","Troy School District","00000","All Buildings","63","Oakland","LEA District","Elem thru High School","City: Small","Oakland Region","5","All Grades","Mathematics","American Indian or Alaska Native","< 10","< 10","< 10","< 10","< 10","< 10","< 10","< 10"
"18 - 19 School Year","63","Oakland Schools","63150","Troy School District","00000","All Buildings","63","Oakland","LEA District","Elem thru High School","City: Small","Oakland Region","5","All Grades","Mathematics","Native Hawaiian or Other Pacific Islander","< 10","< 10","< 10","< 10","< 10","< 10","< 10","< 10"
"18 - 19 School Year","63","Oakland Schools","63150","Troy School District","00000","All Buildings","63","Oakland","LEA District","Elem thru High School","City: Small","Oakland Region","5","All Grades","Mathematics","Not Economically Disadvantaged","1947","1779","892","42.20","38.50","19.30","4618","60.00"
"18 - 19 School Year","63","Oakland Schools","63150","Troy School District","00000","All Buildings","63","Oakland","LEA District","Elem thru High School","City: Small","Oakland Region","5","All Grades","Mathematics","Economically Disadvantaged","324","337","223","36.70","38.10","25.20","884","55.20"
"18 - 19 School Year","63","Oakland Schools","63150","Troy School District","00000","All Buildings","63","Oakland","LEA District","Elem thru High School","City: Small","Oakland Region","5","04","Mathematics","Not Migrant","334","330","163","40.40","39.90","19.70","827","59.20"
"18 - 19 School Year","63","Oakland Schools","63150","Troy School District","00000","All Buildings","63","Oakland","LEA District","Elem thru High School","City: Small","Oakland Region","5","All Grades","Mathematics","All Students","2271","2116","1115","41.30","38.50","20.30","5502","59.20"
"18 - 19 School Year","63","Oakland Schools","63150","Troy School District","00000","All Buildings","63","Oakland","LEA District","Elem thru High School","City: Small","Oakland Region","5","11","Mathematics","Male","203","128","83","49.00","30.90","20.00","414","62.20"
"18 - 19 School Year","63","Oakland Schools","63150","Troy School District","00000","All Buildings","63","Oakland","LEA District","Elem thru High School","City: Small","Oakland Region","5","11","Mathematics","Asian","149","74","29","59.10","29.40","11.50","252","70.40"
"18 - 19 School Year","63","Oakland Schools","63150","Troy School District","00000","All Buildings","63","Oakland","LEA District","Elem thru High School","City: Small","Oakland Region","5","11","Mathematics","Two or More Races","< 10","13","< 10","33.30","54.20","12.50","24","62.90"
"18 - 19 School Year","63","Oakland Schools","63150","Troy School District","00000","All Buildings","63","Oakland","LEA District","Elem thru High School","City: Small","Oakland Region","5","11","Mathematics","White, not of Hispanic origin","187","182","117","38.50","37.40","24.10","486","55.80"
"18 - 19 School Year","63","Oakland Schools","63150","Troy School District","00000","All Buildings","63","Oakland","LEA District","Elem thru High School","City: Small","Oakland Region","5","11","Mathematics","Hispanic","< 10","< 10","< 10","26.30","26.30","47.40","19","43.20"
"18 - 19 School Year","63","Oakland Schools","63150","Troy School District","00000","All Buildings","63","Oakland","LEA District","Elem thru High School","City: Small","Oakland Region","5","11","Mathematics","Black, not of Hispanic origin","13","15","< 10","35.10","40.50","24.30","37","54.80"
"18 - 19 School Year","63","Oakland Schools","63150","Troy School District","00000","All Buildings","63","Oakland","LEA District","Elem thru High School","City: Small","Oakland Region","5","11","Mathematics","American Indian or Alaska Native","< 10","< 10","< 10","< 10","< 10","< 10","< 10","< 10"
"18 - 19 School Year","63","Oakland Schools","63150","Troy School District","00000","All Buildings","63","Oakland","LEA District","Elem thru High School","City: Small","Oakland Region","5","11","Mathematics","Not Economically Disadvantaged","298","248","133","43.90","36.50","19.60","679","60.30"
"18 - 19 School Year","63","Oakland Schools","63150","Troy School District","00000","All Buildings","63","Oakland","LEA District","Elem thru High School","City: Small","Oakland Region","5","11","Mathematics","Economically Disadvantaged","64","41","35","45.70","29.30","25.00","140","59.00"
"18 - 19 School Year","63","Oakland Schools","63150","Troy School District","00000","All Buildings","63","Oakland","LEA District","Elem thru High School","City: Small","Oakland Region","5","11","Mathematics","All Students","362","289","168","44.20","35.30","20.50","819","60.10"
"18 - 19 School Year","63","Oakland Schools","63150","Troy School District","00000","All Buildings","63","Oakland","LEA District","Elem thru High School","City: Small","Oakland Region","5","07","Mathematics","Not Migrant","377","365","237","38.50","37.30","24.20","979","56.20"
"18 - 19 School Year","63","Oakland Schools","63150","Troy School District","00000","All Buildings","63","Oakland","LEA District","Elem thru High School","City: Small","Oakland Region","5","07","Mathematics","Not English Learners","326","335","216","37.20","38.20","24.60","877","55.40"
"18 - 19 School Year","63","Oakland Schools","63150","Troy School District","00000","All Buildings","63","Oakland","LEA District","Elem thru High School","City: Small","Oakland Region","5","07","Mathematics","English Learners","51","30","21","50.00","29.40","20.60","102","63.40"
"18 - 19 School Year","63","Oakland Schools","63150","Troy School District","00000","All Buildings","63","Oakland","LEA District","Elem thru High School","City: Small","Oakland Region","5","07","Mathematics","Female","199","172","115","40.90","35.40","23.70","486","57.10"
"18 - 19 School Year","63","Oakland Schools","63150","Troy School District","00000","All Buildings","63","Oakland","LEA District","Elem thru High School","City: Small","Oakland Region","5","07","Mathematics","Male","178","193","122","36.10","39.10","24.70","493","55.30"
"18 - 19 School Year","63","Oakland Schools","63150","Troy School District","00000","All Buildings","63","Oakland","LEA District","Elem thru High School","City: Small","Oakland Region","5","07","Mathematics","Asian","160","116","48","49.40","35.80","14.80","324","64.50"
"18 - 19 School Year","63","Oakland Schools","63150","Troy School District","00000","All Buildings","63","Oakland","LEA District","Elem thru High School","City: Small","Oakland Region","5","07","Mathematics","Two or More Races","10","14","10","29.40","41.20","29.40","34","51.80"
"18 - 19 School Year","63","Oakland Schools","63150","Troy School District","00000","All Buildings","63","Oakland","LEA District","Elem thru High School","City: Small","Oakland Region","5","04","Mathematics","Male","170","187","65","40.30","44.30","15.40","422","61.20"
"18 - 19 School Year","63","Oakland Schools","63150","Troy School District","00000","All Buildings","63","Oakland","LEA District","Elem thru High School","City: Small","Oakland Region","5","04","Mathematics","Asian","143","138","39","44.70","43.10","12.20","320","64.30"
"18 - 19 School Year","63","Oakland Schools","63150","Troy School District","00000","All Buildings","63","Oakland","LEA District","Elem thru High School","City: Small","Oakland Region","5","04","Mathematics","Two or More Races","14","< 10","< 10","58.30","29.20","12.50","24","64.30"
"18 - 19 School Year","63","Oakland Schools","63150","Troy School District","00000","All Buildings","63","Oakland","LEA District","Elem thru High School","City: Small","Oakland Region","5","04","Mathematics","White, not of Hispanic origin","163","171","98","37.70","39.60","22.70","432","57.00"
"18 - 19 School Year","63","Oakland Schools","63150","Troy School District","00000","All Buildings","63","Oakland","LEA District","Elem thru High School","City: Small","Oakland Region","5","04","Mathematics","Hispanic","< 10","< 10","< 10","29.40","17.60","52.90","17","41.40"
"18 - 19 School Year","63","Oakland Schools","63150","Troy School District","00000","All Buildings","63","Oakland","LEA District","Elem thru High School","City: Small","Oakland Region","5","04","Mathematics","Black, not of Hispanic origin","< 10","11","12","28.10","34.40","37.50","32","48.20"
"18 - 19 School Year","63","Oakland Schools","63150","Troy School District","00000","All Buildings","63","Oakland","LEA District","Elem thru High School","City: Small","Oakland Region","5","04","Mathematics","Native Hawaiian or Other Pacific Islander","< 10","< 10","< 10","< 10","< 10","< 10","< 10","< 10"
"18 - 19 School Year","63","Oakland Schools","63150","Troy School District","00000","All Buildings","63","Oakland","LEA District","Elem thru High School","City: Small","Oakland Region","5","04","Mathematics","Not Economically Disadvantaged","283","275","134","40.90","39.70","19.40","692","59.70"
"18 - 19 School Year","63","Oakland Schools","63150","Troy School District","00000","All Buildings","63","Oakland","LEA District","Elem thru High School","City: Small","Oakland Region","5","04","Mathematics","Economically Disadvantaged","51","55","29","37.80","40.70","21.50","135","56.90"
"18 - 19 School Year","63","Oakland Schools","63150","Troy School District","00000","All Buildings","63","Oakland","LEA District","Elem thru High School","City: Small","Oakland Region","5","04","Mathematics","All Students","334","330","163","40.40","39.90","19.70","827","59.20"
"18 - 19 School Year","63","Oakland Schools","63150","Troy School District","00000","All Buildings","63","Oakland","LEA District","Elem thru High School","City: Small","Oakland Region","5","04","English Language Arts","Not Migrant","366","311","130","45.40","38.50","16.10","807","62.40"
"18 - 19 School Year","63","Oakland Schools","63150","Troy School District","00000","All Buildings","63","Oakland","LEA District","Elem thru High School","City: Small","Oakland Region","5","04","English Language Arts","Not English Learners","305","235","105","47.30","36.40","16.30","645","63.00"
"18 - 19 School Year","63","Oakland Schools","63150","Troy School District","00000","All Buildings","63","Oakland","LEA District","Elem thru High School","City: Small","Oakland Region","5","04","English Language Arts","English Learners","61","76","25","37.70","46.90","15.40","162","59.70"
"18 - 19 School Year","63","Oakland Schools","63150","Troy School District","00000","All Buildings","63","Oakland","LEA District","Elem thru High School","City: Small","Oakland Region","5","04","English Language Arts","Female","175","155","63","44.50","39.40","16.00","393","62.30"
"18 - 19 School Year","63","Oakland Schools","63150","Troy School District","00000","All Buildings","63","Oakland","LEA District","Elem thru High School","City: Small","Oakland Region","5","04","English Language Arts","Male","191","156","67","46.10","37.70","16.20","414","62.50"
"18 - 19 School Year","63","Oakland Schools","63150","Troy School District","00000","All Buildings","63","Oakland","LEA District","Elem thru High School","City: Small","Oakland Region","5","04","English Language Arts","Asian","146","117","39","48.30","38.70","12.90","302","65.60"
"18 - 19 School Year","63","Oakland Schools","63150","Troy School District","00000","All Buildings","63","Oakland","LEA District","Elem thru High School","City: Small","Oakland Region","5","04","English Language Arts","Two or More Races","10","10","< 10","41.70","41.70","16.70","24","60.10"
"18 - 19 School Year","63","Oakland Schools","63150","Troy School District","00000","All Buildings","63","Oakland","LEA District","Elem thru High School","City: Small","Oakland Region","5","04","English Language Arts","White, not of Hispanic origin","199","161","71","46.20","37.40","16.50","431","62.10"
"18 - 19 School Year","63","Oakland Schools","63150","Troy School District","00000","All Buildings","63","Oakland","LEA District","Elem thru High School","City: Small","Oakland Region","5","04","English Language Arts","Hispanic","< 10","< 10","< 10","18.80","50.00","31.30","16","46.40"
"18 - 19 School Year","63","Oakland Schools","63150","Troy School District","00000","All Buildings","63","Oakland","LEA District","Elem thru High School","City: Small","Oakland Region","5","04","English Language Arts","Black, not of Hispanic origin","< 10","15","10","21.90","46.90","31.30","32","47.10"
"18 - 19 School Year","63","Oakland Schools","63150","Troy School District","00000","All Buildings","63","Oakland","LEA District","Elem thru High School","City: Small","Oakland Region","5","04","English Language Arts","Native Hawaiian or Other Pacific Islander","< 10","< 10","< 10","< 10","< 10","< 10","< 10","< 10"
"18 - 19 School Year","63","Oakland Schools","63150","Troy School District","00000","All Buildings","63","Oakland","LEA District","Elem thru High School","City: Small","Oakland Region","5","04","English Language Arts","Not Economically Disadvantaged","316","251","108","46.80","37.20","16.00","675","62.90"
"18 - 19 School Year","63","Oakland Schools","63150","Troy School District","00000","All Buildings","63","Oakland","LEA District","Elem thru High School","City: Small","Oakland Region","5","04","English Language Arts","Economically Disadvantaged","50","60","22","37.90","45.50","16.70","132","59.50"
"18 - 19 School Year","63","Oakland Schools","63150","Troy School District","00000","All Buildings","63","Oakland","LEA District","Elem thru High School","City: Small","Oakland Region","5","04","English Language Arts","All Students","366","311","130","45.40","38.50","16.10","807","62.40"
"18 - 19 School Year","63","Oakland Schools","63150","Troy School District","00000","All Buildings","63","Oakland","LEA District","Elem thru High School","City: Small","Oakland Region","5","11","English Language Arts","Not Migrant","350","314","154","42.80","38.40","18.80","818","60.20"
"18 - 19 School Year","63","Oakland Schools","63150","Troy School District","00000","All Buildings","63","Oakland","LEA District","Elem thru High School","City: Small","Oakland Region","5","06","Mathematics","Economically Disadvantaged","58","68","38","35.40","41.50","23.20","164","55.60"
"18 - 19 School Year","63","Oakland Schools","63150","Troy School District","00000","All Buildings","63","Oakland","LEA District","Elem thru High School","City: Small","Oakland Region","5","06","Mathematics","All Students","484","363","127","49.70","37.30","13.00","974","65.80"
"18 - 19 School Year","63","Oakland Schools","63150","Troy School District","00000","All Buildings","63","Oakland","LEA District","Elem thru High School","City: Small","Oakland Region","5","05","Mathematics","Not Migrant","410","344","173","44.20","37.10","18.70","927","61.00"
"18 - 19 School Year","63","Oakland Schools","63150","Troy School District","00000","All Buildings","63","Oakland","LEA District","Elem thru High School","City: Small","Oakland Region","5","05","Mathematics","Not English Learners","343","286","150","44.00","36.70","19.30","779","60.70"
"18 - 19 School Year","63","Oakland Schools","63150","Troy School District","00000","All Buildings","63","Oakland","LEA District","Elem thru High School","City: Small","Oakland Region","5","05","Mathematics","English Learners","67","58","23","45.30","39.20","15.50","148","62.80"
"18 - 19 School Year","63","Oakland Schools","63150","Troy School District","00000","All Buildings","63","Oakland","LEA District","Elem thru High School","City: Small","Oakland Region","5","05","Mathematics","Female","191","162","89","43.20","36.70","20.10","442","60.10"
"18 - 19 School Year","63","Oakland Schools","63150","Troy School District","00000","All Buildings","63","Oakland","LEA District","Elem thru High School","City: Small","Oakland Region","5","05","Mathematics","Male","219","182","84","45.20","37.50","17.30","485","61.80"
"18 - 19 School Year","63","Oakland Schools","63150","Troy School District","00000","All Buildings","63","Oakland","LEA District","Elem thru High School","City: Small","Oakland Region","5","05","Mathematics","Asian","202","122","43","55.00","33.20","11.70","367","68.40"
"18 - 19 School Year","63","Oakland Schools","63150","Troy School District","00000","All Buildings","63","Oakland","LEA District","Elem thru High School","City: Small","Oakland Region","5","05","Mathematics","Two or More Races","13","< 10","< 10","52.00","32.00","16.00","25","64.30"
"18 - 19 School Year","63","Oakland Schools","63150","Troy School District","00000","All Buildings","63","Oakland","LEA District","Elem thru High School","City: Small","Oakland Region","5","05","Mathematics","White, not of Hispanic origin","169","182","105","37.10","39.90","23.00","456","56.20"
"18 - 19 School Year","63","Oakland Schools","63150","Troy School District","00000","All Buildings","63","Oakland","LEA District","Elem thru High School","City: Small","Oakland Region","5","05","Mathematics","Hispanic","14","10","< 10","46.70","33.30","20.00","30","61.20"
"18 - 19 School Year","63","Oakland Schools","63150","Troy School District","00000","All Buildings","63","Oakland","LEA District","Elem thru High School","City: Small","Oakland Region","5","05","Mathematics","Black, not of Hispanic origin","10","21","14","22.20","46.70","31.10","45","46.60"
"18 - 19 School Year","63","Oakland Schools","63150","Troy School District","00000","All Buildings","63","Oakland","LEA District","Elem thru High School","City: Small","Oakland Region","5","05","Mathematics","American Indian or Alaska Native","< 10","< 10","< 10","< 10","< 10","< 10","< 10","< 10"
"18 - 19 School Year","63","Oakland Schools","63150","Troy School District","00000","All Buildings","63","Oakland","LEA District","Elem thru High School","City: Small","Oakland Region","5","05","Mathematics","Native Hawaiian or Other Pacific Islander","< 10","< 10","< 10","< 10","< 10","< 10","< 10","< 10"
"18 - 19 School Year","63","Oakland Schools","63150","Troy School District","00000","All Buildings","63","Oakland","LEA District","Elem thru High School","City: Small","Oakland Region","5","05","Mathematics","Not Economically Disadvantaged","364","284","132","46.70","36.40","16.90","780","62.50"
"18 - 19 School Year","63","Oakland Schools","63150","Troy School District","00000","All Buildings","63","Oakland","LEA District","Elem thru High School","City: Small","Oakland Region","5","05","Mathematics","Economically Disadvantaged","46","60","41","31.30","40.80","27.90","147","53.00"
"18 - 19 School Year","63","Oakland Schools","63150","Troy School District","00000","All Buildings","63","Oakland","LEA District","Elem thru High School","City: Small","Oakland Region","5","05","Mathematics","All Students","410","344","173","44.20","37.10","18.70","927","61.00"
"18 - 19 School Year","63","Oakland Schools","63150","Troy School District","00000","All Buildings","63","Oakland","LEA District","Elem thru High School","City: Small","Oakland Region","5","07","Mathematics","White, not of Hispanic origin","181","206","157","33.30","37.90","28.90","544","51.90"
"18 - 19 School Year","63","Oakland Schools","63150","Troy School District","00000","All Buildings","63","Oakland","LEA District","Elem thru High School","City: Small","Oakland Region","5","07","Mathematics","Hispanic","12","15","< 10","35.30","44.10","20.60","34","58.50"
"18 - 19 School Year","63","Oakland Schools","63150","Troy School District","00000","All Buildings","63","Oakland","LEA District","Elem thru High School","City: Small","Oakland Region","5","07","Mathematics","Black, not of Hispanic origin","14","13","14","34.10","31.70","34.10","41","50.30"
"18 - 19 School Year","63","Oakland Schools","63150","Troy School District","00000","All Buildings","63","Oakland","LEA District","Elem thru High School","City: Small","Oakland Region","5","07","Mathematics","American Indian or Alaska Native","< 10","< 10","< 10","< 10","< 10","< 10","< 10","< 10"
"18 - 19 School Year","63","Oakland Schools","63150","Troy School District","00000","All Buildings","63","Oakland","LEA District","Elem thru High School","City: Small","Oakland Region","5","07","Mathematics","Native Hawaiian or Other Pacific Islander","< 10","< 10","< 10","< 10","< 10","< 10","< 10","< 10"
"18 - 19 School Year","63","Oakland Schools","63150","Troy School District","00000","All Buildings","63","Oakland","LEA District","Elem thru High School","City: Small","Oakland Region","5","07","Mathematics","Not Economically Disadvantaged","326","312","191","39.30","37.60","23.00","829","57.00"
"18 - 19 School Year","63","Oakland Schools","63150","Troy School District","00000","All Buildings","63","Oakland","LEA District","Elem thru High School","City: Small","Oakland Region","5","07","Mathematics","Economically Disadvantaged","51","53","46","34.00","35.30","30.70","150","51.70"
"18 - 19 School Year","63","Oakland Schools","63150","Troy School District","00000","All Buildings","63","Oakland","LEA District","Elem thru High School","City: Small","Oakland Region","5","07","Mathematics","All Students","377","365","237","38.50","37.30","24.20","979","56.20"
"18 - 19 School Year","63","Oakland Schools","63150","Troy School District","00000","All Buildings","63","Oakland","LEA District","Elem thru High School","City: Small","Oakland Region","5","08","Mathematics","Not Migrant","304","425","247","31.10","43.50","25.30","976","53.30"
"18 - 19 School Year","63","Oakland Schools","63150","Troy School District","00000","All Buildings","63","Oakland","LEA District","Elem thru High School","City: Small","Oakland Region","5","08","Mathematics","Not English Learners","264","400","231","29.50","44.70","25.80","895","52.40"
"18 - 19 School Year","63","Oakland Schools","63150","Troy School District","00000","All Buildings","63","Oakland","LEA District","Elem thru High School","City: Small","Oakland Region","5","08","Mathematics","English Learners","40","25","16","49.40","30.90","19.80","81","63.40"
"18 - 19 School Year","63","Oakland Schools","63150","Troy School District","00000","All Buildings","63","Oakland","LEA District","Elem thru High School","City: Small","Oakland Region","5","08","Mathematics","Female","140","222","133","28.30","44.80","26.90","495","52.00"
"18 - 19 School Year","63","Oakland Schools","63150","Troy School District","00000","All Buildings","63","Oakland","LEA District","Elem thru High School","City: Small","Oakland Region","5","08","Mathematics","Male","164","203","114","34.10","42.20","23.70","481","54.60"
"18 - 19 School Year","63","Oakland Schools","63150","Troy School District","00000","All Buildings","63","Oakland","LEA District","Elem thru High School","City: Small","Oakland Region","5","08","Mathematics","Asian","125","152","82","34.80","42.30","22.80","359","56.40"
"18 - 19 School Year","63","Oakland Schools","63150","Troy School District","00000","All Buildings","63","Oakland","LEA District","Elem thru High School","City: Small","Oakland Region","5","08","Mathematics","Two or More Races","< 10","17","10","20.60","50.00","29.40","34","47.60"
"18 - 19 School Year","63","Oakland Schools","63150","Troy School District","00000","All Buildings","63","Oakland","LEA District","Elem thru High School","City: Small","Oakland Region","5","08","Mathematics","White, not of Hispanic origin","150","217","139","29.60","42.90","27.50","506","51.50"
"18 - 19 School Year","63","Oakland Schools","63150","Troy School District","00000","All Buildings","63","Oakland","LEA District","Elem thru High School","City: Small","Oakland Region","5","08","Mathematics","Hispanic","< 10","15","< 10","31.00","51.70","17.20","29","56.10"
"18 - 19 School Year","63","Oakland Schools","63150","Troy School District","00000","All Buildings","63","Oakland","LEA District","Elem thru High School","City: Small","Oakland Region","5","08","Mathematics","Black, not of Hispanic origin","13","22","11","28.30","47.80","23.90","46","51.20"
"18 - 19 School Year","63","Oakland Schools","63150","Troy School District","00000","All Buildings","63","Oakland","LEA District","Elem thru High School","City: Small","Oakland Region","5","08","Mathematics","American Indian or Alaska Native","< 10","< 10","< 10","< 10","< 10","< 10","< 10","< 10"
"18 - 19 School Year","63","Oakland Schools","63150","Troy School District","00000","All Buildings","63","Oakland","LEA District","Elem thru High School","City: Small","Oakland Region","5","08","Mathematics","Not Economically Disadvantaged","250","365","213","30.20","44.10","25.70","828","52.90"
"18 - 19 School Year","63","Oakland Schools","63150","Troy School District","00000","All Buildings","63","Oakland","LEA District","Elem thru High School","City: Small","Oakland Region","5","08","Mathematics","Economically Disadvantaged","54","60","34","36.50","40.50","23.00","148","55.40"
"18 - 19 School Year","63","Oakland Schools","63150","Troy School District","00000","All Buildings","63","Oakland","LEA District","Elem thru High School","City: Small","Oakland Region","5","08","Mathematics","All Students","304","425","247","31.10","43.50","25.30","976","53.30"
"18 - 19 School Year","63","Oakland Schools","63150","Troy School District","00000","All Buildings","63","Oakland","LEA District","Elem thru High School","City: Small","Oakland Region","5","11","Mathematics","Not Migrant","362","289","168","44.20","35.30","20.50","819","60.10"
"18 - 19 School Year","63","Oakland Schools","63150","Troy School District","00000","All Buildings","63","Oakland","LEA District","Elem thru High School","City: Small","Oakland Region","5","11","Mathematics","Not English Learners","349","283","160","44.10","35.70","20.20","792","60.20"
"18 - 19 School Year","63","Oakland Schools","63150","Troy School District","00000","All Buildings","63","Oakland","LEA District","Elem thru High School","City: Small","Oakland Region","5","11","Mathematics","English Learners","13","< 10","< 10","48.10","22.20","29.60","27","58.30"
"18 - 19 School Year","63","Oakland Schools","63150","Troy School District","00000","All Buildings","63","Oakland","LEA District","Elem thru High School","City: Small","Oakland Region","5","11","Mathematics","Female","159","161","85","39.30","39.80","21.00","405","58.00"
"18 - 19 School Year","63","Oakland Schools","63150","Troy School District","00000","All Buildings","63","Oakland","LEA District","Elem thru High School","City: Small","Oakland Region","5","07","English Language Arts","Not English Learners","280","352","245","31.90","40.10","27.90","877","52.20"
"18 - 19 School Year","63","Oakland Schools","63150","Troy School District","00000","All Buildings","63","Oakland","LEA District","Elem thru High School","City: Small","Oakland Region","5","07","English Language Arts","English Learners","40","39","15","42.60","41.50","16.00","94","59.10"
"18 - 19 School Year","63","Oakland Schools","63150","Troy School District","00000","All Buildings","63","Oakland","LEA District","Elem thru High School","City: Small","Oakland Region","5","07","English Language Arts","Female","159","206","117","33.00","42.70","24.30","482","53.50"
"18 - 19 School Year","63","Oakland Schools","63150","Troy School District","00000","All Buildings","63","Oakland","LEA District","Elem thru High School","City: Small","Oakland Region","5","07","English Language Arts","Male","161","185","143","32.90","37.80","29.20","489","52.10"
"18 - 19 School Year","63","Oakland Schools","63150","Troy School District","00000","All Buildings","63","Oakland","LEA District","Elem thru High School","City: Small","Oakland Region","5","07","English Language Arts","Asian","128","136","54","40.30","42.80","17.00","318","59.90"
"18 - 19 School Year","63","Oakland Schools","63150","Troy School District","00000","All Buildings","63","Oakland","LEA District","Elem thru High School","City: Small","Oakland Region","5","07","English Language Arts","Two or More Races","10","15","< 10","29.40","44.10","26.50","34","50.90"
"18 - 19 School Year","63","Oakland Schools","63150","Troy School District","00000","All Buildings","63","Oakland","LEA District","Elem thru High School","City: Small","Oakland Region","5","07","English Language Arts","White, not of Hispanic origin","158","206","180","29.00","37.90","33.10","544","48.70"
"18 - 19 School Year","63","Oakland Schools","63150","Troy School District","00000","All Buildings","63","Oakland","LEA District","Elem thru High School","City: Small","Oakland Region","5","07","English Language Arts","Hispanic","< 10","18","< 10","28.10","56.30","15.60","32","54.70"
"18 - 19 School Year","63","Oakland Schools","63150","Troy School District","00000","All Buildings","63","Oakland","LEA District","Elem thru High School","City: Small","Oakland Region","5","07","English Language Arts","Black, not of Hispanic origin","15","14","12","36.60","34.10","29.30","41","52.80"
"18 - 19 School Year","63","Oakland Schools","63150","Troy School District","00000","All Buildings","63","Oakland","LEA District","Elem thru High School","City: Small","Oakland Region","5","07","English Language Arts","American Indian or Alaska Native","< 10","< 10","< 10","< 10","< 10","< 10","< 10","< 10"
"18 - 19 School Year","63","Oakland Schools","63150","Troy School District","00000","All Buildings","63","Oakland","LEA District","Elem thru High School","City: Small","Oakland Region","5","07","English Language Arts","Native Hawaiian or Other Pacific Islander","< 10","< 10","< 10","< 10","< 10","< 10","< 10","< 10"
"18 - 19 School Year","63","Oakland Schools","63150","Troy School District","00000","All Buildings","63","Oakland","LEA District","Elem thru High School","City: Small","Oakland Region","5","07","English Language Arts","Not Economically Disadvantaged","274","335","213","33.30","40.80","25.90","822","53.40"
"18 - 19 School Year","63","Oakland Schools","63150","Troy School District","00000","All Buildings","63","Oakland","LEA District","Elem thru High School","City: Small","Oakland Region","5","07","English Language Arts","Economically Disadvantaged","46","56","47","30.90","37.60","31.50","149","49.60"
"18 - 19 School Year","63","Oakland Schools","63150","Troy School District","00000","All Buildings","63","Oakland","LEA District","Elem thru High School","City: Small","Oakland Region","5","07","English Language Arts","All Students","320","391","260","33.00","40.30","26.80","971","52.80"
"18 - 19 School Year","63","Oakland Schools","63150","Troy School District","00000","All Buildings","63","Oakland","LEA District","Elem thru High School","City: Small","Oakland Region","5","06","English Language Arts","Not Migrant","333","392","240","34.50","40.60","24.90","965","54.60"
"18 - 19 School Year","63","Oakland Schools","63150","Troy School District","00000","All Buildings","63","Oakland","LEA District","Elem thru High School","City: Small","Oakland Region","5","06","English Language Arts","Not English Learners","302","355","227","34.20","40.20","25.70","884","54.20"
"18 - 19 School Year","63","Oakland Schools","63150","Troy School District","00000","All Buildings","63","Oakland","LEA District","Elem thru High School","City: Small","Oakland Region","5","06","English Language Arts","English Learners","31","37","13","38.30","45.70","16.00","81","59.20"
"18 - 19 School Year","63","Oakland Schools","63150","Troy School District","00000","All Buildings","63","Oakland","LEA District","Elem thru High School","City: Small","Oakland Region","5","06","English Language Arts","Female","166","192","101","36.20","41.80","22.00","459","56.40"
"18 - 19 School Year","63","Oakland Schools","63150","Troy School District","00000","All Buildings","63","Oakland","LEA District","Elem thru High School","City: Small","Oakland Region","5","06","English Language Arts","Male","167","200","139","33.00","39.50","27.50","506","53.00"
"18 - 19 School Year","63","Oakland Schools","63150","Troy School District","00000","All Buildings","63","Oakland","LEA District","Elem thru High School","City: Small","Oakland Region","5","06","English Language Arts","Asian","130","147","81","36.30","41.10","22.60","358","56.60"
"18 - 19 School Year","63","Oakland Schools","63150","Troy School District","00000","All Buildings","63","Oakland","LEA District","Elem thru High School","City: Small","Oakland Region","5","06","English Language Arts","Two or More Races","10","16","< 10","31.30","50.00","18.80","32","55.30"
"18 - 19 School Year","63","Oakland Schools","63150","Troy School District","00000","All Buildings","63","Oakland","LEA District","Elem thru High School","City: Small","Oakland Region","5","06","English Language Arts","White, not of Hispanic origin","171","208","136","33.20","40.40","26.40","515","53.10"
"18 - 19 School Year","63","Oakland Schools","63150","Troy School District","00000","All Buildings","63","Oakland","LEA District","Elem thru High School","City: Small","Oakland Region","5","06","English Language Arts","Hispanic","12","< 10","< 10","52.20","26.10","21.70","23","65.30"
"18 - 19 School Year","63","Oakland Schools","63150","Troy School District","00000","All Buildings","63","Oakland","LEA District","Elem thru High School","City: Small","Oakland Region","5","06","English Language Arts","Black, not of Hispanic origin","10","15","12","27.00","40.50","32.40","37","48.60"
"18 - 19 School Year","63","Oakland Schools","63150","Troy School District","00000","All Buildings","63","Oakland","LEA District","Elem thru High School","City: Small","Oakland Region","5","06","English Language Arts","Not Economically Disadvantaged","279","327","196","34.80","40.80","24.40","802","54.80"
"18 - 19 School Year","63","Oakland Schools","63150","Troy School District","00000","All Buildings","63","Oakland","LEA District","Elem thru High School","City: Small","Oakland Region","5","06","English Language Arts","Economically Disadvantaged","54","65","44","33.10","39.90","27.00","163","53.90"
"18 - 19 School Year","63","Oakland Schools","63150","Troy School District","00000","All Buildings","63","Oakland","LEA District","Elem thru High School","City: Small","Oakland Region","5","06","English Language Arts","All Students","333","392","240","34.50","40.60","24.90","965","54.60"
"18 - 19 School Year","63","Oakland Schools","63150","Troy School District","00000","All Buildings","63","Oakland","LEA District","Elem thru High School","City: Small","Oakland Region","5","All Grades","English Language Arts","Not Migrant","2093","2142","1206","38.50","39.40","22.20","5441","57.00"
"18 - 19 School Year","63","Oakland Schools","63150","Troy School District","00000","All Buildings","63","Oakland","LEA District","Elem thru High School","City: Small","Oakland Region","5","All Grades","English Language Arts","Not English Learners","1863","1911","1097","38.20","39.20","22.50","4871","56.90"
"18 - 19 School Year","63","Oakland Schools","63150","Troy School District","00000","All Buildings","63","Oakland","LEA District","Elem thru High School","City: Small","Oakland Region","5","All Grades","English Language Arts","English Learners","230","231","109","40.40","40.50","19.10","570","58.20"
"18 - 19 School Year","63","Oakland Schools","63150","Troy School District","00000","All Buildings","63","Oakland","LEA District","Elem thru High School","City: Small","Oakland Region","5","All Grades","English Language Arts","Female","978","1094","590","36.70","41.10","22.20","2662","56.50"
"18 - 19 School Year","63","Oakland Schools","63150","Troy School District","00000","All Buildings","63","Oakland","LEA District","Elem thru High School","City: Small","Oakland Region","5","All Grades","English Language Arts","Male","1115","1048","616","40.10","37.70","22.20","2779","57.60"
"18 - 19 School Year","63","Oakland Schools","63150","Troy School District","00000","All Buildings","63","Oakland","LEA District","Elem thru High School","City: Small","Oakland Region","5","All Grades","English Language Arts","Asian","890","741","306","45.90","38.30","15.80","1937","62.90"
"18 - 19 School Year","63","Oakland Schools","63150","Troy School District","00000","All Buildings","63","Oakland","LEA District","Elem thru High School","City: Small","Oakland Region","5","All Grades","English Language Arts","Two or More Races","59","72","42","34.10","41.60","24.30","173","54.10"
"18 - 19 School Year","63","Oakland Schools","63150","Troy School District","00000","All Buildings","63","Oakland","LEA District","Elem thru High School","City: Small","Oakland Region","5","All Grades","English Language Arts","White, not of Hispanic origin","1023","1162","752","34.80","39.60","25.60","2937","54.00"
"18 - 19 School Year","63","Oakland Schools","63150","Troy School District","00000","All Buildings","63","Oakland","LEA District","Elem thru High School","City: Small","Oakland Region","5","All Grades","English Language Arts","Hispanic","47","64","34","32.40","44.10","23.40","145","54.60"
"18 - 19 School Year","63","Oakland Schools","63150","Troy School District","00000","All Buildings","63","Oakland","LEA District","Elem thru High School","City: Small","Oakland Region","5","All Grades","English Language Arts","Black, not of Hispanic origin","71","99","68","29.80","41.60","28.60","238","51.00"
"18 - 19 School Year","63","Oakland Schools","63150","Troy School District","00000","All Buildings","63","Oakland","LEA District","Elem thru High School","City: Small","Oakland Region","5","All Grades","English Language Arts","American Indian or Alaska Native","< 10","< 10","< 10","< 10","< 10","< 10","< 10","< 10"
"18 - 19 School Year","63","Oakland Schools","63150","Troy School District","00000","All Buildings","63","Oakland","LEA District","Elem thru High School","City: Small","Oakland Region","5","All Grades","English Language Arts","Native Hawaiian or Other Pacific Islander","< 10","< 10","< 10","< 10","< 10","< 10","< 10","< 10"
"18 - 19 School Year","63","Oakland Schools","63150","Troy School District","00000","All Buildings","63","Oakland","LEA District","Elem thru High School","City: Small","Oakland Region","5","All Grades","English Language Arts","Not Economically Disadvantaged","1782","1788","995","39.00","39.20","21.80","4565","57.50"
"18 - 19 School Year","63","Oakland Schools","63150","Troy School District","00000","All Buildings","63","Oakland","LEA District","Elem thru High School","City: Small","Oakland Region","5","All Grades","English Language Arts","Economically Disadvantaged","311","354","211","35.50","40.40","24.10","876","54.80"
"18 - 19 School Year","63","Oakland Schools","63150","Troy School District","00000","All Buildings","63","Oakland","LEA District","Elem thru High School","City: Small","Oakland Region","5","All Grades","English Language Arts","All Students","2093","2142","1206","38.50","39.40","22.20","5441","57.00"
"18 - 19 School Year","63","Oakland Schools","63150","Troy School District","00000","All Buildings","63","Oakland","LEA District","Elem thru High School","City: Small","Oakland Region","5","11","English Language Arts","Not English Learners","340","303","149","42.90","38.30","18.80","792","60.40"
"18 - 19 School Year","63","Oakland Schools","63150","Troy School District","00000","All Buildings","63","Oakland","LEA District","Elem thru High School","City: Small","Oakland Region","5","11","English Language Arts","English Learners","10","11","< 10","38.50","42.30","19.20","26","55.30"
"18 - 19 School Year","63","Oakland Schools","63150","Troy School District","00000","All Buildings","63","Oakland","LEA District","Elem thru High School","City: Small","Oakland Region","5","11","English Language Arts","Female","151","164","89","37.40","40.60","22.00","404","57.40"
"18 - 19 School Year","63","Oakland Schools","63150","Troy School District","00000","All Buildings","63","Oakland","LEA District","Elem thru High School","City: Small","Oakland Region","5","11","English Language Arts","Male","199","150","65","48.10","36.20","15.70","414","63.00"
"18 - 19 School Year","63","Oakland Schools","63150","Troy School District","00000","All Buildings","63","Oakland","LEA District","Elem thru High School","City: Small","Oakland Region","5","11","English Language Arts","Asian","163","69","18","65.20","27.60","7.20","250","74.30"
"18 - 19 School Year","63","Oakland Schools","63150","Troy School District","00000","All Buildings","63","Oakland","LEA District","Elem thru High School","City: Small","Oakland Region","5","11","English Language Arts","Two or More Races","< 10","< 10","< 10","37.50","37.50","25.00","24","54.70"
"18 - 19 School Year","63","Oakland Schools","63150","Troy School District","00000","All Buildings","63","Oakland","LEA District","Elem thru High School","City: Small","Oakland Region","5","11","English Language Arts","White, not of Hispanic origin","162","211","114","33.30","43.30","23.40","487","54.40"
"18 - 19 School Year","63","Oakland Schools","63150","Troy School District","00000","All Buildings","63","Oakland","LEA District","Elem thru High School","City: Small","Oakland Region","5","11","English Language Arts","Hispanic","< 10","< 10","< 10","26.30","31.60","42.10","19","47.90"
"18 - 19 School Year","63","Oakland Schools","63150","Troy School District","00000","All Buildings","63","Oakland","LEA District","Elem thru High School","City: Small","Oakland Region","5","11","English Language Arts","Black, not of Hispanic origin","11","19","< 10","29.70","51.40","18.90","37","53.90"
"18 - 19 School Year","63","Oakland Schools","63150","Troy School District","00000","All Buildings","63","Oakland","LEA District","Elem thru High School","City: Small","Oakland Region","5","11","English Language Arts","American Indian or Alaska Native","< 10","< 10","< 10","< 10","< 10","< 10","< 10","< 10"
"18 - 19 School Year","63","Oakland Schools","63150","Troy School District","00000","All Buildings","63","Oakland","LEA District","Elem thru High School","City: Small","Oakland Region","5","11","English Language Arts","Not Economically Disadvantaged","301","250","128","44.30","36.80","18.90","679","61.40"
"18 - 19 School Year","63","Oakland Schools","63150","Troy School District","00000","All Buildings","63","Oakland","LEA District","Elem thru High School","City: Small","Oakland Region","5","11","English Language Arts","Economically Disadvantaged","49","64","26","35.30","46.00","18.70","139","54.80"
"18 - 19 School Year","63","Oakland Schools","63150","Troy School District","00000","All Buildings","63","Oakland","LEA District","Elem thru High School","City: Small","Oakland Region","5","11","English Language Arts","All Students","350","314","154","42.80","38.40","18.80","818","60.20"
"18 - 19 School Year","63","Oakland Schools","63150","Troy School District","00000","All Buildings","63","Oakland","LEA District","Elem thru High School","City: Small","Oakland Region","5","08","English Language Arts","Not Migrant","352","393","224","36.30","40.60","23.10","969","55.80"
"18 - 19 School Year","63","Oakland Schools","63150","Troy School District","00000","All Buildings","63","Oakland","LEA District","Elem thru High School","City: Small","Oakland Region","5","08","English Language Arts","Not English Learners","325","365","205","36.30","40.80","22.90","895","55.90"
"18 - 19 School Year","63","Oakland Schools","63150","Troy School District","00000","All Buildings","63","Oakland","LEA District","Elem thru High School","City: Small","Oakland Region","5","08","English Language Arts","English Learners","27","28","19","36.50","37.80","25.70","74","54.20"
"18 - 19 School Year","63","Oakland Schools","63150","Troy School District","00000","All Buildings","63","Oakland","LEA District","Elem thru High School","City: Small","Oakland Region","5","08","English Language Arts","Female","147","219","126","29.90","44.50","25.60","492","52.40"
"18 - 19 School Year","63","Oakland Schools","63150","Troy School District","00000","All Buildings","63","Oakland","LEA District","Elem thru High School","City: Small","Oakland Region","5","08","English Language Arts","Male","205","174","98","43.00","36.50","20.50","477","59.30"
"18 - 19 School Year","63","Oakland Schools","63150","Troy School District","00000","All Buildings","63","Oakland","LEA District","Elem thru High School","City: Small","Oakland Region","5","08","English Language Arts","Asian","156","139","59","44.10","39.30","16.70","354","61.70"
"18 - 19 School Year","63","Oakland Schools","63150","Troy School District","00000","All Buildings","63","Oakland","LEA District","Elem thru High School","City: Small","Oakland Region","5","08","English Language Arts","Two or More Races","11","12","11","32.40","35.30","32.40","34","50.40"
"18 - 19 School Year","63","Oakland Schools","63150","Troy School District","00000","All Buildings","63","Oakland","LEA District","Elem thru High School","City: Small","Oakland Region","5","08","English Language Arts","White, not of Hispanic origin","163","205","137","32.30","40.60","27.10","505","52.30"
"18 - 19 School Year","63","Oakland Schools","63150","Troy School District","00000","All Buildings","63","Oakland","LEA District","Elem thru High School","City: Small","Oakland Region","5","08","English Language Arts","Hispanic","< 10","16","< 10","28.60","57.10","14.30","28","54.60"
"18 - 19 School Year","63","Oakland Schools","63150","Troy School District","00000","All Buildings","63","Oakland","LEA District","Elem thru High School","City: Small","Oakland Region","5","08","English Language Arts","Black, not of Hispanic origin","13","21","12","28.30","45.70","26.10","46","53.40"
"18 - 19 School Year","63","Oakland Schools","63150","Troy School District","00000","All Buildings","63","Oakland","LEA District","Elem thru High School","City: Small","Oakland Region","5","08","English Language Arts","American Indian or Alaska Native","< 10","< 10","< 10","< 10","< 10","< 10","< 10","< 10"
"18 - 19 School Year","63","Oakland Schools","63150","Troy School District","00000","All Buildings","63","Oakland","LEA District","Elem thru High School","City: Small","Oakland Region","5","08","English Language Arts","Not Economically Disadvantaged","306","333","182","37.30","40.60","22.20","821","56.30"
"18 - 19 School Year","63","Oakland Schools","63150","Troy School District","00000","All Buildings","63","Oakland","LEA District","Elem thru High School","City: Small","Oakland Region","5","08","English Language Arts","Economically Disadvantaged","46","60","42","31.10","40.50","28.40","148","52.80"
"18 - 19 School Year","63","Oakland Schools","63150","Troy School District","00000","All Buildings","63","Oakland","LEA District","Elem thru High School","City: Small","Oakland Region","5","08","English Language Arts","All Students","352","393","224","36.30","40.60","23.10","969","55.80"
"18 - 19 School Year","63","Oakland Schools","63150","Troy School District","00000","All Buildings","63","Oakland","LEA District","Elem thru High School","City: Small","Oakland Region","5","05","English Language Arts","Not Migrant","372","341","198","40.80","37.40","21.70","911","57.80"
"18 - 19 School Year","63","Oakland Schools","63150","Troy School District","00000","All Buildings","63","Oakland","LEA District","Elem thru High School","City: Small","Oakland Region","5","05","English Language Arts","Not English Learners","311","301","166","40.00","38.70","21.30","778","57.80"
"18 - 19 School Year","63","Oakland Schools","63150","Troy School District","00000","All Buildings","63","Oakland","LEA District","Elem thru High School","City: Small","Oakland Region","5","05","English Language Arts","English Learners","61","40","32","45.90","30.10","24.10","133","57.90"
"18 - 19 School Year","63","Oakland Schools","63150","Troy School District","00000","All Buildings","63","Oakland","LEA District","Elem thru High School","City: Small","Oakland Region","5","05","English Language Arts","Female","180","158","94","41.70","36.60","21.80","432","58.20"
"18 - 19 School Year","63","Oakland Schools","63150","Troy School District","00000","All Buildings","63","Oakland","LEA District","Elem thru High School","City: Small","Oakland Region","5","05","English Language Arts","Male","192","183","104","40.10","38.20","21.70","479","57.50"
"18 - 19 School Year","63","Oakland Schools","63150","Troy School District","00000","All Buildings","63","Oakland","LEA District","Elem thru High School","City: Small","Oakland Region","5","05","English Language Arts","Asian","167","133","55","47.00","37.50","15.50","355","62.80"
"18 - 19 School Year","63","Oakland Schools","63150","Troy School District","00000","All Buildings","63","Oakland","LEA District","Elem thru High School","City: Small","Oakland Region","5","05","English Language Arts","Two or More Races","< 10","10","< 10","36.00","40.00","24.00","25","55.30"
"18 - 19 School Year","63","Oakland Schools","63150","Troy School District","00000","All Buildings","63","Oakland","LEA District","Elem thru High School","City: Small","Oakland Region","5","05","English Language Arts","White, not of Hispanic origin","170","171","114","37.40","37.60","25.10","455","55.20"
"18 - 19 School Year","63","Oakland Schools","63150","Troy School District","00000","All Buildings","63","Oakland","LEA District","Elem thru High School","City: Small","Oakland Region","5","05","English Language Arts","Hispanic","10","10","< 10","37.00","37.00","25.90","27","55.00"
"18 - 19 School Year","63","Oakland Schools","63150","Troy School District","00000","All Buildings","63","Oakland","LEA District","Elem thru High School","City: Small","Oakland Region","5","05","English Language Arts","Black, not of Hispanic origin","15","15","15","33.30","33.30","33.30","45","49.50"
"18 - 19 School Year","63","Oakland Schools","63150","Troy School District","00000","All Buildings","63","Oakland","LEA District","Elem thru High School","City: Small","Oakland Region","5","05","English Language Arts","American Indian or Alaska Native","< 10","< 10","< 10","< 10","< 10","< 10","< 10","< 10"
"18 - 19 School Year","63","Oakland Schools","63150","Troy School District","00000","All Buildings","63","Oakland","LEA District","Elem thru High School","City: Small","Oakland Region","5","05","English Language Arts","Native Hawaiian or Other Pacific Islander","< 10","< 10","< 10","< 10","< 10","< 10","< 10","< 10"
"18 - 19 School Year","63","Oakland Schools","63150","Troy School District","00000","All Buildings","63","Oakland","LEA District","Elem thru High School","City: Small","Oakland Region","5","05","English Language Arts","Not Economically Disadvantaged","306","292","168","39.90","38.10","21.90","766","57.60"
"18 - 19 School Year","63","Oakland Schools","63150","Troy School District","00000","All Buildings","63","Oakland","LEA District","Elem thru High School","City: Small","Oakland Region","5","05","English Language Arts","Economically Disadvantaged","66","49","30","45.50","33.80","20.70","145","59.10"
"18 - 19 School Year","63","Oakland Schools","63150","Troy School District","00000","All Buildings","63","Oakland","LEA District","Elem thru High School","City: Small","Oakland Region","5","05","English Language Arts","All Students","372","341","198","40.80","37.40","21.70","911","57.80"
"18 - 19 School Year","63","Oakland Schools","63150","Troy School District","00000","All Buildings","63","Oakland","LEA District","Elem thru High School","City: Small","Oakland Region","5","07","English Language Arts","Not Migrant","320","391","260","33.00","40.30","26.80","971","52.80"
"18 - 19 School Year","63","Oakland Schools","63150","Troy School District","00000","All Buildings","63","Oakland","LEA District","Elem thru High School","City: Small","Oakland Region","5","All Grades","English Language Arts","Students with Disabilities","152","185","132","32.40","39.40","28.10","469","52.00"
"18 - 19 School Year","63","Oakland Schools","63150","Troy School District","00000","All Buildings","63","Oakland","LEA District","Elem thru High School","City: Small","Oakland Region","5","06","English Language Arts","Students with Disabilities","25","35","19","31.60","44.30","24.10","79","53.80"
"18 - 19 School Year","63","Oakland Schools","63150","Troy School District","00000","All Buildings","63","Oakland","LEA District","Elem thru High School","City: Small","Oakland Region","5","05","English Language Arts","Students with Disabilities","39","42","25","36.80","39.60","23.60","106","54.50"
"18 - 19 School Year","63","Oakland Schools","63150","Troy School District","00000","All Buildings","63","Oakland","LEA District","Elem thru High School","City: Small","Oakland Region","5","07","English Language Arts","Students with Disabilities","30","26","28","35.70","31.00","33.30","84","50.60"
"18 - 19 School Year","63","Oakland Schools","63150","Troy School District","00000","All Buildings","63","Oakland","LEA District","Elem thru High School","City: Small","Oakland Region","5","08","English Language Arts","Students with Disabilities","22","28","30","27.50","35.00","37.50","80","47.00"
"18 - 19 School Year","63","Oakland Schools","63150","Troy School District","00000","All Buildings","63","Oakland","LEA District","Elem thru High School","City: Small","Oakland Region","5","11","English Language Arts","Students with Disabilities","15","21","15","29.40","41.20","29.40","51","50.80"
"18 - 19 School Year","63","Oakland Schools","63150","Troy School District","00000","All Buildings","63","Oakland","LEA District","Elem thru High School","City: Small","Oakland Region","5","04","English Language Arts","Students with Disabilities","21","33","15","30.40","47.80","21.70","69","54.10"
"18 - 19 School Year","63","Oakland Schools","63150","Troy School District","00000","All Buildings","63","Oakland","LEA District","Elem thru High School","City: Small","Oakland Region","5","07","Mathematics","Students with Disabilities","31","26","26","37.30","31.30","31.30","83","51.80"
"18 - 19 School Year","63","Oakland Schools","63150","Troy School District","00000","All Buildings","63","Oakland","LEA District","Elem thru High School","City: Small","Oakland Region","5","11","Mathematics","Students with Disabilities","19","13","19","37.30","25.50","37.30","51","49.70"
"18 - 19 School Year","63","Oakland Schools","63150","Troy School District","00000","All Buildings","63","Oakland","LEA District","Elem thru High School","City: Small","Oakland Region","5","08","Mathematics","Students with Disabilities","27","31","22","33.80","38.80","27.50","80","53.70"
"18 - 19 School Year","63","Oakland Schools","63150","Troy School District","00000","All Buildings","63","Oakland","LEA District","Elem thru High School","City: Small","Oakland Region","5","05","Mathematics","Students with Disabilities","36","44","26","34.00","41.50","24.50","106","55.00"
"18 - 19 School Year","63","Oakland Schools","63150","Troy School District","00000","All Buildings","63","Oakland","LEA District","Elem thru High School","City: Small","Oakland Region","5","06","Mathematics","Students with Disabilities","21","39","19","26.60","49.40","24.10","79","51.90"
"18 - 19 School Year","63","Oakland Schools","63150","Troy School District","00000","All Buildings","63","Oakland","LEA District","Elem thru High School","City: Small","Oakland Region","5","04","Mathematics","Students with Disabilities","21","36","13","30.00","51.40","18.60","70","53.60"
"18 - 19 School Year","63","Oakland Schools","63150","Troy School District","00000","All Buildings","63","Oakland","LEA District","Elem thru High School","City: Small","Oakland Region","5","All Grades","Mathematics","Students with Disabilities","155","189","125","33.00","40.30","26.70","469","52.90"
"18 - 19 School Year","63","Oakland Schools","63150","Troy School District","00000","All Buildings","63","Oakland","LEA District","Elem thru High School","City: Small","Oakland Region","5","07","Mathematics","Students without Disabilities","346","339","211","38.60","37.80","23.50","896","56.60"
"18 - 19 School Year","63","Oakland Schools","63150","Troy School District","00000","All Buildings","63","Oakland","LEA District","Elem thru High School","City: Small","Oakland Region","5","08","Mathematics","Students without Disabilities","277","394","225","30.90","44.00","25.10","896","53.30"
"18 - 19 School Year","63","Oakland Schools","63150","Troy School District","00000","All Buildings","63","Oakland","LEA District","Elem thru High School","City: Small","Oakland Region","5","11","Mathematics","Students without Disabilities","343","276","149","44.70","35.90","19.40","768","60.80"
"18 - 19 School Year","63","Oakland Schools","63150","Troy School District","00000","All Buildings","63","Oakland","LEA District","Elem thru High School","City: Small","Oakland Region","5","04","Mathematics","Students without Disabilities","313","294","150","41.30","38.80","19.80","757","59.80"
"18 - 19 School Year","63","Oakland Schools","63150","Troy School District","00000","All Buildings","63","Oakland","LEA District","Elem thru High School","City: Small","Oakland Region","5","04","English Language Arts","Students without Disabilities","345","278","115","46.70","37.70","15.60","738","63.10"
"18 - 19 School Year","63","Oakland Schools","63150","Troy School District","00000","All Buildings","63","Oakland","LEA District","Elem thru High School","City: Small","Oakland Region","5","11","English Language Arts","Students without Disabilities","335","293","139","43.70","38.20","18.10","767","60.90"
"18 - 19 School Year","63","Oakland Schools","63150","Troy School District","00000","All Buildings","63","Oakland","LEA District","Elem thru High School","City: Small","Oakland Region","5","08","English Language Arts","Students without Disabilities","330","365","194","37.10","41.10","21.80","889","56.60"
"18 - 19 School Year","63","Oakland Schools","63150","Troy School District","00000","All Buildings","63","Oakland","LEA District","Elem thru High School","City: Small","Oakland Region","5","05","English Language Arts","Students without Disabilities","333","299","173","41.40","37.10","21.50","805","58.20"
"18 - 19 School Year","63","Oakland Schools","63150","Troy School District","00000","All Buildings","63","Oakland","LEA District","Elem thru High School","City: Small","Oakland Region","5","07","English Language Arts","Students without Disabilities","290","365","232","32.70","41.10","26.20","887","53.00"
"18 - 19 School Year","63","Oakland Schools","63150","Troy School District","00000","All Buildings","63","Oakland","LEA District","Elem thru High School","City: Small","Oakland Region","5","06","English Language Arts","Students without Disabilities","308","357","221","34.80","40.30","24.90","886","54.70"
"18 - 19 School Year","63","Oakland Schools","63150","Troy School District","00000","All Buildings","63","Oakland","LEA District","Elem thru High School","City: Small","Oakland Region","5","All Grades","English Language Arts","Students without Disabilities","1941","1957","1074","39.00","39.40","21.60","4972","57.50"
"18 - 19 School Year","63","Oakland Schools","63150","Troy School District","00174","Baker Middle School","63","Oakland","LEA School","Middle School","City: Small","Oakland Region","5","08","Mathematics","Students without Disabilities","75","98","49","33.80","44.10","22.10","222","54.90"
"18 - 19 School Year","63","Oakland Schools","63150","Troy School District","00174","Baker Middle School","63","Oakland","LEA School","Middle School","City: Small","Oakland Region","5","08","English Language Arts","Hispanic","< 10","< 10","< 10","< 10","< 10","< 10","< 10","< 10"
"18 - 19 School Year","63","Oakland Schools","63150","Troy School District","00174","Baker Middle School","63","Oakland","LEA School","Middle School","City: Small","Oakland Region","5","08","English Language Arts","Black, not of Hispanic origin","< 10","10","< 10","23.80","47.60","28.60","21","49.70"
"18 - 19 School Year","63","Oakland Schools","63150","Troy School District","00174","Baker Middle School","63","Oakland","LEA School","Middle School","City: Small","Oakland Region","5","08","English Language Arts","Not Economically Disadvantaged","59","71","46","33.50","40.30","26.10","176","53.80"
"18 - 19 School Year","63","Oakland Schools","63150","Troy School District","00174","Baker Middle School","63","Oakland","LEA School","Middle School","City: Small","Oakland Region","5","08","English Language Arts","Economically Disadvantaged","14","31","22","20.90","46.30","32.80","67","46.10"
"18 - 19 School Year","63","Oakland Schools","63150","Troy School District","00174","Baker Middle School","63","Oakland","LEA School","Middle School","City: Small","Oakland Region","5","08","English Language Arts","All Students","73","102","68","30.00","42.00","28.00","243","51.60"
"18 - 19 School Year","63","Oakland Schools","63150","Troy School District","00174","Baker Middle School","63","Oakland","LEA School","Middle School","City: Small","Oakland Region","5","08","English Language Arts","White, not of Hispanic origin","34","52","41","26.80","40.90","32.30","127","48.70"
"18 - 19 School Year","63","Oakland Schools","63150","Troy School District","00174","Baker Middle School","63","Oakland","LEA School","Middle School","City: Small","Oakland Region","5","08","English Language Arts","Two or More Races","< 10","< 10","< 10","10.00","50.00","40.00","10","40.60"
"18 - 19 School Year","63","Oakland Schools","63150","Troy School District","00174","Baker Middle School","63","Oakland","LEA School","Middle School","City: Small","Oakland Region","5","08","English Language Arts","Asian","33","30","15","42.30","38.50","19.20","78","59.40"
"18 - 19 School Year","63","Oakland Schools","63150","Troy School District","00174","Baker Middle School","63","Oakland","LEA School","Middle School","City: Small","Oakland Region","5","08","English Language Arts","Male","45","36","34","39.10","31.30","29.60","115","54.30"
"18 - 19 School Year","63","Oakland Schools","63150","Troy School District","00174","Baker Middle School","63","Oakland","LEA School","Middle School","City: Small","Oakland Region","5","06","Mathematics","Students without Disabilities","107","75","26","51.40","36.10","12.50","208","67.30"
"18 - 19 School Year","63","Oakland Schools","63150","Troy School District","00174","Baker Middle School","63","Oakland","LEA School","Middle School","City: Small","Oakland Region","5","07","Mathematics","Students without Disabilities","71","82","61","33.20","38.30","28.50","214","51.40"
"18 - 19 School Year","63","Oakland Schools","63150","Troy School District","00174","Baker Middle School","63","Oakland","LEA School","Middle School","City: Small","Oakland Region","5","08","English Language Arts","Students without Disabilities","70","96","54","31.80","43.60","24.50","220","53.60"
"18 - 19 School Year","63","Oakland Schools","63150","Troy School District","00174","Baker Middle School","63","Oakland","LEA School","Middle School","City: Small","Oakland Region","5","07","English Language Arts","Students without Disabilities","63","87","63","29.60","40.80","29.60","213","50.60"
"18 - 19 School Year","63","Oakland Schools","63150","Troy School District","00174","Baker Middle School","63","Oakland","LEA School","Middle School","City: Small","Oakland Region","5","06","English Language Arts","Students without Disabilities","83","76","46","40.50","37.10","22.40","205","59.10"
"18 - 19 School Year","63","Oakland Schools","63150","Troy School District","00174","Baker Middle School","63","Oakland","LEA School","Middle School","City: Small","Oakland Region","5","All Grades","English Language Arts","Students without Disabilities","216","259","163","33.90","40.60","25.50","638","54.40"
"18 - 19 School Year","63","Oakland Schools","63150","Troy School District","00174","Baker Middle School","63","Oakland","LEA School","Middle School","City: Small","Oakland Region","5","08","English Language Arts","Female","28","66","34","21.90","51.60","26.60","128","49.30"
"18 - 19 School Year","63","Oakland Schools","63150","Troy School District","00174","Baker Middle School","63","Oakland","LEA School","Middle School","City: Small","Oakland Region","5","08","English Language Arts","English Learners","< 10","10","< 10","23.80","47.60","28.60","21","51.60"
"18 - 19 School Year","63","Oakland Schools","63150","Troy School District","00174","Baker Middle School","63","Oakland","LEA School","Middle School","City: Small","Oakland Region","5","08","English Language Arts","Not English Learners","68","92","62","30.60","41.40","27.90","222","51.60"
"18 - 19 School Year","63","Oakland Schools","63150","Troy School District","00174","Baker Middle School","63","Oakland","LEA School","Middle School","City: Small","Oakland Region","5","08","English Language Arts","Not Migrant","73","102","68","30.00","42.00","28.00","243","51.60"
"18 - 19 School Year","63","Oakland Schools","63150","Troy School District","00174","Baker Middle School","63","Oakland","LEA School","Middle School","City: Small","Oakland Region","5","All Grades","Mathematics","Students without Disabilities","253","255","136","39.30","39.60","21.10","644","57.70"
"18 - 19 School Year","63","Oakland Schools","63150","Troy School District","00174","Baker Middle School","63","Oakland","LEA School","Middle School","City: Small","Oakland Region","5","All Grades","Social Studies","Students without Disabilities","38","96","74","18.30","46.20","35.60","208","44.00"
"18 - 19 School Year","63","Oakland Schools","63150","Troy School District","00174","Baker Middle School","63","Oakland","LEA School","Middle School","City: Small","Oakland Region","5","08","Mathematics","Students with Disabilities","< 10","11","< 10","30.40","47.80","21.70","23","55.30"
"18 - 19 School Year","63","Oakland Schools","63150","Troy School District","00174","Baker Middle School","63","Oakland","LEA School","Middle School","City: Small","Oakland Region","5","All Grades","Social Studies","Not Migrant","39","106","85","17.00","46.10","37.00","230","43.10"
"18 - 19 School Year","63","Oakland Schools","63150","Troy School District","00174","Baker Middle School","63","Oakland","LEA School","Middle School","City: Small","Oakland Region","5","All Grades","Social Studies","Not English Learners","37","94","81","17.50","44.30","38.20","212","42.40"
"18 - 19 School Year","63","Oakland Schools","63150","Troy School District","00174","Baker Middle School","63","Oakland","LEA School","Middle School","City: Small","Oakland Region","5","All Grades","Social Studies","English Learners","< 10","12","< 10","11.10","66.70","22.20","18","51.40"
"18 - 19 School Year","63","Oakland Schools","63150","Troy School District","00174","Baker Middle School","63","Oakland","LEA School","Middle School","City: Small","Oakland Region","5","All Grades","Social Studies","Female","21","59","45","16.80","47.20","36.00","125","43.70"
"18 - 19 School Year","63","Oakland Schools","63150","Troy School District","00174","Baker Middle School","63","Oakland","LEA School","Middle School","City: Small","Oakland Region","5","All Grades","Social Studies","Male","18","47","40","17.10","44.80","38.10","105","42.40"
"18 - 19 School Year","63","Oakland Schools","63150","Troy School District","00174","Baker Middle School","63","Oakland","LEA School","Middle School","City: Small","Oakland Region","5","All Grades","Social Studies","Asian","17","38","17","23.60","52.80","23.60","72","50.10"
"18 - 19 School Year","63","Oakland Schools","63150","Troy School District","00174","Baker Middle School","63","Oakland","LEA School","Middle School","City: Small","Oakland Region","5","All Grades","Social Studies","Two or More Races","< 10","< 10","< 10","< 5","50.00","50.00","10","36.00"
"18 - 19 School Year","63","Oakland Schools","63150","Troy School District","00174","Baker Middle School","63","Oakland","LEA School","Middle School","City: Small","Oakland Region","5","All Grades","Social Studies","White, not of Hispanic origin","19","50","52","15.70","41.30","43.00","121","40.50"
"18 - 19 School Year","63","Oakland Schools","63150","Troy School District","00174","Baker Middle School","63","Oakland","LEA School","Middle School","City: Small","Oakland Region","5","All Grades","Social Studies","Hispanic","< 10","< 10","< 10","< 10","< 10","< 10","< 10","< 10"
"18 - 19 School Year","63","Oakland Schools","63150","Troy School District","00174","Baker Middle School","63","Oakland","LEA School","Middle School","City: Small","Oakland Region","5","All Grades","Social Studies","Black, not of Hispanic origin","< 10","10","< 10","9.50","47.60","42.90","21","37.40"
"18 - 19 School Year","63","Oakland Schools","63150","Troy School District","00174","Baker Middle School","63","Oakland","LEA School","Middle School","City: Small","Oakland Region","5","All Grades","Social Studies","Not Economically Disadvantaged","35","75","61","20.50","43.90","35.70","171","44.80"
"18 - 19 School Year","63","Oakland Schools","63150","Troy School District","00174","Baker Middle School","63","Oakland","LEA School","Middle School","City: Small","Oakland Region","5","All Grades","Social Studies","Economically Disadvantaged","< 10","31","24","6.80","52.50","40.70","59","38.10"
"18 - 19 School Year","63","Oakland Schools","63150","Troy School District","00174","Baker Middle School","63","Oakland","LEA School","Middle School","City: Small","Oakland Region","5","All Grades","Social Studies","All Students","39","106","85","17.00","46.10","37.00","230","43.10"
"18 - 19 School Year","63","Oakland Schools","63150","Troy School District","00174","Baker Middle School","63","Oakland","LEA School","Middle School","City: Small","Oakland Region","5","08","Social Studies","All Students","39","106","85","17.00","46.10","37.00","230","43.10"
"18 - 19 School Year","63","Oakland Schools","63150","Troy School District","00174","Baker Middle School","63","Oakland","LEA School","Middle School","City: Small","Oakland Region","5","08","Social Studies","Economically Disadvantaged","< 10","31","24","6.80","52.50","40.70","59","38.10"
"18 - 19 School Year","63","Oakland Schools","63150","Troy School District","00174","Baker Middle School","63","Oakland","LEA School","Middle School","City: Small","Oakland Region","5","08","Social Studies","Not Economically Disadvantaged","35","75","61","20.50","43.90","35.70","171","44.80"
"18 - 19 School Year","63","Oakland Schools","63150","Troy School District","00174","Baker Middle School","63","Oakland","LEA School","Middle School","City: Small","Oakland Region","5","08","Social Studies","Black, not of Hispanic origin","< 10","10","< 10","9.50","47.60","42.90","21","37.40"
"18 - 19 School Year","63","Oakland Schools","63150","Troy School District","00174","Baker Middle School","63","Oakland","LEA School","Middle School","City: Small","Oakland Region","5","08","Social Studies","Hispanic","< 10","< 10","< 10","< 10","< 10","< 10","< 10","< 10"
"18 - 19 School Year","63","Oakland Schools","63150","Troy School District","00174","Baker Middle School","63","Oakland","LEA School","Middle School","City: Small","Oakland Region","5","08","Social Studies","White, not of Hispanic origin","19","50","52","15.70","41.30","43.00","121","40.50"
"18 - 19 School Year","63","Oakland Schools","63150","Troy School District","00174","Baker Middle School","63","Oakland","LEA School","Middle School","City: Small","Oakland Region","5","08","Social Studies","Two or More Races","< 10","< 10","< 10","< 5","50.00","50.00","10","36.00"
"18 - 19 School Year","63","Oakland Schools","63150","Troy School District","00174","Baker Middle School","63","Oakland","LEA School","Middle School","City: Small","Oakland Region","5","08","Social Studies","Asian","17","38","17","23.60","52.80","23.60","72","50.10"
"18 - 19 School Year","63","Oakland Schools","63150","Troy School District","00174","Baker Middle School","63","Oakland","LEA School","Middle School","City: Small","Oakland Region","5","08","Social Studies","Male","18","47","40","17.10","44.80","38.10","105","42.40"
"18 - 19 School Year","63","Oakland Schools","63150","Troy School District","00174","Baker Middle School","63","Oakland","LEA School","Middle School","City: Small","Oakland Region","5","08","Social Studies","Female","21","59","45","16.80","47.20","36.00","125","43.70"
"18 - 19 School Year","63","Oakland Schools","63150","Troy School District","00174","Baker Middle School","63","Oakland","LEA School","Middle School","City: Small","Oakland Region","5","08","Social Studies","English Learners","< 10","12","< 10","11.10","66.70","22.20","18","51.40"
"18 - 19 School Year","63","Oakland Schools","63150","Troy School District","00174","Baker Middle School","63","Oakland","LEA School","Middle School","City: Small","Oakland Region","5","08","Social Studies","Not English Learners","37","94","81","17.50","44.30","38.20","212","42.40"
"18 - 19 School Year","63","Oakland Schools","63150","Troy School District","00174","Baker Middle School","63","Oakland","LEA School","Middle School","City: Small","Oakland Region","5","08","Social Studies","Not Migrant","39","106","85","17.00","46.10","37.00","230","43.10"
"18 - 19 School Year","63","Oakland Schools","63150","Troy School District","00174","Baker Middle School","63","Oakland","LEA School","Middle School","City: Small","Oakland Region","5","08","Social Studies","Students with Disabilities","< 10","10","11","< 5","45.50","50.00","22","34.50"
"18 - 19 School Year","63","Oakland Schools","63150","Troy School District","00174","Baker Middle School","63","Oakland","LEA School","Middle School","City: Small","Oakland Region","5","08","Social Studies","Students without Disabilities","38","96","74","18.30","46.20","35.60","208","44.00"
"18 - 19 School Year","63","Oakland Schools","63150","Troy School District","00174","Baker Middle School","63","Oakland","LEA School","Middle School","City: Small","Oakland Region","5","All Grades","Mathematics","Students with Disabilities","16","23","17","28.60","41.10","30.40","56","50.50"
"18 - 19 School Year","63","Oakland Schools","63150","Troy School District","00174","Baker Middle School","63","Oakland","LEA School","Middle School","City: Small","Oakland Region","5","06","Mathematics","Students with Disabilities","< 10","12","< 10","18.20","54.50","27.30","22","48.30"
"18 - 19 School Year","63","Oakland Schools","63150","Troy School District","00174","Baker Middle School","63","Oakland","LEA School","Middle School","City: Small","Oakland Region","5","07","Mathematics","Students with Disabilities","< 10","< 10","< 10","45.50","< 5","54.50","11","44.60"
"18 - 19 School Year","63","Oakland Schools","63150","Troy School District","00174","Baker Middle School","63","Oakland","LEA School","Middle School","City: Small","Oakland Region","5","All Grades","English Language Arts","Students with Disabilities","15","22","19","26.80","39.30","33.90","56","48.00"
"18 - 19 School Year","63","Oakland Schools","63150","Troy School District","00174","Baker Middle School","63","Oakland","LEA School","Middle School","City: Small","Oakland Region","5","06","English Language Arts","Students with Disabilities","< 10","10","< 10","40.90","45.50","13.60","22","62.50"
"18 - 19 School Year","63","Oakland Schools","63150","Troy School District","00174","Baker Middle School","63","Oakland","LEA School","Middle School","City: Small","Oakland Region","5","07","English Language Arts","Students with Disabilities","< 10","< 10","< 10","27.30","54.50","18.20","11","50.80"
"18 - 19 School Year","63","Oakland Schools","63150","Troy School District","00174","Baker Middle School","63","Oakland","LEA School","Middle School","City: Small","Oakland Region","5","08","Mathematics","All Students","82","109","54","33.50","44.50","22.00","245","55.00"
"18 - 19 School Year","63","Oakland Schools","63150","Troy School District","00174","Baker Middle School","63","Oakland","LEA School","Middle School","City: Small","Oakland Region","5","08","Mathematics","Economically Disadvantaged","24","29","14","35.80","43.30","20.90","67","55.60"
"18 - 19 School Year","63","Oakland Schools","63150","Troy School District","00174","Baker Middle School","63","Oakland","LEA School","Middle School","City: Small","Oakland Region","5","08","Mathematics","Not Economically Disadvantaged","58","80","40","32.60","44.90","22.50","178","54.70"
"18 - 19 School Year","63","Oakland Schools","63150","Troy School District","00174","Baker Middle School","63","Oakland","LEA School","Middle School","City: Small","Oakland Region","5","08","Mathematics","Black, not of Hispanic origin","< 10","< 10","< 10","23.80","42.90","33.30","21","46.20"
"18 - 19 School Year","63","Oakland Schools","63150","Troy School District","00174","Baker Middle School","63","Oakland","LEA School","Middle School","City: Small","Oakland Region","5","08","Mathematics","Hispanic","< 10","< 10","< 10","< 10","< 10","< 10","< 10","< 10"
"18 - 19 School Year","63","Oakland Schools","63150","Troy School District","00174","Baker Middle School","63","Oakland","LEA School","Middle School","City: Small","Oakland Region","5","08","Mathematics","White, not of Hispanic origin","45","56","27","35.20","43.80","21.10","128","55.90"
"18 - 19 School Year","63","Oakland Schools","63150","Troy School District","00174","Baker Middle School","63","Oakland","LEA School","Middle School","City: Small","Oakland Region","5","08","Mathematics","Two or More Races","< 10","< 10","< 10","30.00","50.00","20.00","10","54.10"
"18 - 19 School Year","63","Oakland Schools","63150","Troy School District","00174","Baker Middle School","63","Oakland","LEA School","Middle School","City: Small","Oakland Region","5","08","Mathematics","Asian","28","35","16","35.40","44.30","20.30","79","56.40"
"18 - 19 School Year","63","Oakland Schools","63150","Troy School District","00174","Baker Middle School","63","Oakland","LEA School","Middle School","City: Small","Oakland Region","5","08","Mathematics","Male","43","48","25","37.10","41.40","21.60","116","56.10"
"18 - 19 School Year","63","Oakland Schools","63150","Troy School District","00174","Baker Middle School","63","Oakland","LEA School","Middle School","City: Small","Oakland Region","5","08","Mathematics","Female","39","61","29","30.20","47.30","22.50","129","53.90"
"18 - 19 School Year","63","Oakland Schools","63150","Troy School District","00174","Baker Middle School","63","Oakland","LEA School","Middle School","City: Small","Oakland Region","5","08","Mathematics","English Learners","10","10","< 10","43.50","43.50","13.00","23","62.30"
"18 - 19 School Year","63","Oakland Schools","63150","Troy School District","00174","Baker Middle School","63","Oakland","LEA School","Middle School","City: Small","Oakland Region","5","08","Mathematics","Not English Learners","72","99","51","32.40","44.60","23.00","222","54.20"
"18 - 19 School Year","63","Oakland Schools","63150","Troy School District","00174","Baker Middle School","63","Oakland","LEA School","Middle School","City: Small","Oakland Region","5","08","Mathematics","Not Migrant","82","109","54","33.50","44.50","22.00","245","55.00"
"18 - 19 School Year","63","Oakland Schools","63150","Troy School District","00174","Baker Middle School","63","Oakland","LEA School","Middle School","City: Small","Oakland Region","5","06","English Language Arts","Not Migrant","92","86","49","40.50","37.90","21.60","227","59.40"
"18 - 19 School Year","63","Oakland Schools","63150","Troy School District","00174","Baker Middle School","63","Oakland","LEA School","Middle School","City: Small","Oakland Region","5","06","English Language Arts","Not English Learners","79","71","47","40.10","36.00","23.90","197","58.60"
"18 - 19 School Year","63","Oakland Schools","63150","Troy School District","00174","Baker Middle School","63","Oakland","LEA School","Middle School","City: Small","Oakland Region","5","06","English Language Arts","English Learners","13","15","< 10","43.30","50.00","6.70","30","64.80"
"18 - 19 School Year","63","Oakland Schools","63150","Troy School District","00174","Baker Middle School","63","Oakland","LEA School","Middle School","City: Small","Oakland Region","5","06","English Language Arts","Female","43","48","18","39.40","44.00","16.50","109","60.70"
"18 - 19 School Year","63","Oakland Schools","63150","Troy School District","00174","Baker Middle School","63","Oakland","LEA School","Middle School","City: Small","Oakland Region","5","06","English Language Arts","Male","49","38","31","41.50","32.20","26.30","118","58.30"
"18 - 19 School Year","63","Oakland Schools","63150","Troy School District","00174","Baker Middle School","63","Oakland","LEA School","Middle School","City: Small","Oakland Region","5","06","English Language Arts","Asian","30","29","17","39.50","38.20","22.40","76","59.90"
"18 - 19 School Year","63","Oakland Schools","63150","Troy School District","00174","Baker Middle School","63","Oakland","LEA School","Middle School","City: Small","Oakland Region","5","06","English Language Arts","Two or More Races","< 10","< 10","< 10","27.30","54.50","18.20","11","57.40"
"18 - 19 School Year","63","Oakland Schools","63150","Troy School District","00174","Baker Middle School","63","Oakland","LEA School","Middle School","City: Small","Oakland Region","5","06","English Language Arts","White, not of Hispanic origin","54","43","24","44.60","35.50","19.80","121","60.90"
"18 - 19 School Year","63","Oakland Schools","63150","Troy School District","00174","Baker Middle School","63","Oakland","LEA School","Middle School","City: Small","Oakland Region","5","06","English Language Arts","Hispanic","< 10","< 10","< 10","< 10","< 10","< 10","< 10","< 10"
"18 - 19 School Year","63","Oakland Schools","63150","Troy School District","00174","Baker Middle School","63","Oakland","LEA School","Middle School","City: Small","Oakland Region","5","06","English Language Arts","Black, not of Hispanic origin","< 10","< 10","< 10","15.40","46.20","38.50","13","43.20"
"18 - 19 School Year","63","Oakland Schools","63150","Troy School District","00174","Baker Middle School","63","Oakland","LEA School","Middle School","City: Small","Oakland Region","5","06","English Language Arts","Not Economically Disadvantaged","68","64","34","41.00","38.60","20.50","166","60.30"
"18 - 19 School Year","63","Oakland Schools","63150","Troy School District","00174","Baker Middle School","63","Oakland","LEA School","Middle School","City: Small","Oakland Region","5","06","English Language Arts","Economically Disadvantaged","24","22","15","39.30","36.10","24.60","61","57.10"
"18 - 19 School Year","63","Oakland Schools","63150","Troy School District","00174","Baker Middle School","63","Oakland","LEA School","Middle School","City: Small","Oakland Region","5","06","English Language Arts","All Students","92","86","49","40.50","37.90","21.60","227","59.40"
"18 - 19 School Year","63","Oakland Schools","63150","Troy School District","00174","Baker Middle School","63","Oakland","LEA School","Middle School","City: Small","Oakland Region","5","All Grades","English Language Arts","Not Migrant","231","281","182","33.30","40.50","26.20","694","53.90"
"18 - 19 School Year","63","Oakland Schools","63150","Troy School District","00174","Baker Middle School","63","Oakland","LEA School","Middle School","City: Small","Oakland Region","5","All Grades","English Language Arts","All Students","231","281","182","33.30","40.50","26.20","694","53.90"
"18 - 19 School Year","63","Oakland Schools","63150","Troy School District","00174","Baker Middle School","63","Oakland","LEA School","Middle School","City: Small","Oakland Region","5","All Grades","English Language Arts","Economically Disadvantaged","54","73","54","29.80","40.30","29.80","181","50.50"
"18 - 19 School Year","63","Oakland Schools","63150","Troy School District","00174","Baker Middle School","63","Oakland","LEA School","Middle School","City: Small","Oakland Region","5","All Grades","English Language Arts","Not Economically Disadvantaged","177","208","128","34.50","40.50","25.00","513","55.00"
"18 - 19 School Year","63","Oakland Schools","63150","Troy School District","00174","Baker Middle School","63","Oakland","LEA School","Middle School","City: Small","Oakland Region","5","All Grades","English Language Arts","Black, not of Hispanic origin","< 10","20","12","22.00","48.80","29.30","41","49.30"
"18 - 19 School Year","63","Oakland Schools","63150","Troy School District","00174","Baker Middle School","63","Oakland","LEA School","Middle School","City: Small","Oakland Region","5","All Grades","English Language Arts","Hispanic","< 10","12","< 10","21.70","52.20","26.10","23","47.50"
"18 - 19 School Year","63","Oakland Schools","63150","Troy School District","00174","Baker Middle School","63","Oakland","LEA School","Middle School","City: Small","Oakland Region","5","All Grades","English Language Arts","White, not of Hispanic origin","120","146","107","32.20","39.10","28.70","373","51.80"
"18 - 19 School Year","63","Oakland Schools","63150","Troy School District","00174","Baker Middle School","63","Oakland","LEA School","Middle School","City: Small","Oakland Region","5","All Grades","English Language Arts","Two or More Races","< 10","15","12","15.60","46.90","37.50","32","45.60"
"18 - 19 School Year","63","Oakland Schools","63150","Troy School District","00174","Baker Middle School","63","Oakland","LEA School","Middle School","City: Small","Oakland Region","5","All Grades","English Language Arts","Asian","92","88","45","40.90","39.10","20.00","225","59.90"
"18 - 19 School Year","63","Oakland Schools","63150","Troy School District","00174","Baker Middle School","63","Oakland","LEA School","Middle School","City: Small","Oakland Region","5","All Grades","English Language Arts","Male","131","124","100","36.90","34.90","28.20","355","54.70"
"18 - 19 School Year","63","Oakland Schools","63150","Troy School District","00174","Baker Middle School","63","Oakland","LEA School","Middle School","City: Small","Oakland Region","5","All Grades","English Language Arts","Female","100","157","82","29.50","46.30","24.20","339","53.00"
"18 - 19 School Year","63","Oakland Schools","63150","Troy School District","00174","Baker Middle School","63","Oakland","LEA School","Middle School","City: Small","Oakland Region","5","All Grades","English Language Arts","English Learners","30","36","13","38.00","45.60","16.50","79","59.20"
"18 - 19 School Year","63","Oakland Schools","63150","Troy School District","00174","Baker Middle School","63","Oakland","LEA School","Middle School","City: Small","Oakland Region","5","All Grades","English Language Arts","Not English Learners","201","245","169","32.70","39.80","27.50","615","53.20"
"18 - 19 School Year","63","Oakland Schools","63150","Troy School District","00174","Baker Middle School","63","Oakland","LEA School","Middle School","City: Small","Oakland Region","5","07","English Language Arts","All Students","66","93","65","29.50","41.50","29.00","224","50.60"
"18 - 19 School Year","63","Oakland Schools","63150","Troy School District","00174","Baker Middle School","63","Oakland","LEA School","Middle School","City: Small","Oakland Region","5","07","English Language Arts","Economically Disadvantaged","16","20","17","30.20","37.70","32.10","53","48.50"
"18 - 19 School Year","63","Oakland Schools","63150","Troy School District","00174","Baker Middle School","63","Oakland","LEA School","Middle School","City: Small","Oakland Region","5","07","English Language Arts","Not Economically Disadvantaged","50","73","48","29.20","42.70","28.10","171","51.30"
"18 - 19 School Year","63","Oakland Schools","63150","Troy School District","00174","Baker Middle School","63","Oakland","LEA School","Middle School","City: Small","Oakland Region","5","07","English Language Arts","Black, not of Hispanic origin","< 10","< 10","< 10","< 10","< 10","< 10","< 10","< 10"
"18 - 19 School Year","63","Oakland Schools","63150","Troy School District","00174","Baker Middle School","63","Oakland","LEA School","Middle School","City: Small","Oakland Region","5","07","English Language Arts","Hispanic","< 10","< 10","< 10","20.00","50.00","30.00","10","43.90"
"18 - 19 School Year","63","Oakland Schools","63150","Troy School District","00174","Baker Middle School","63","Oakland","LEA School","Middle School","City: Small","Oakland Region","5","07","English Language Arts","White, not of Hispanic origin","32","51","42","25.60","40.80","33.60","125","46.10"
"18 - 19 School Year","63","Oakland Schools","63150","Troy School District","00174","Baker Middle School","63","Oakland","LEA School","Middle School","City: Small","Oakland Region","5","07","English Language Arts","Two or More Races","< 10","< 10","< 10","9.10","36.40","54.50","11","38.30"
"18 - 19 School Year","63","Oakland Schools","63150","Troy School District","00174","Baker Middle School","63","Oakland","LEA School","Middle School","City: Small","Oakland Region","5","07","English Language Arts","Asian","29","29","13","40.80","40.80","18.30","71","60.50"
"18 - 19 School Year","63","Oakland Schools","63150","Troy School District","00174","Baker Middle School","63","Oakland","LEA School","Middle School","City: Small","Oakland Region","5","07","English Language Arts","Male","37","50","35","30.30","41.00","28.70","122","51.60"
"18 - 19 School Year","63","Oakland Schools","63150","Troy School District","00174","Baker Middle School","63","Oakland","LEA School","Middle School","City: Small","Oakland Region","5","07","English Language Arts","Female","29","43","30","28.40","42.20","29.40","102","49.50"
"18 - 19 School Year","63","Oakland Schools","63150","Troy School District","00174","Baker Middle School","63","Oakland","LEA School","Middle School","City: Small","Oakland Region","5","07","English Language Arts","English Learners","12","11","< 10","42.90","39.30","17.90","28","58.90"
"18 - 19 School Year","63","Oakland Schools","63150","Troy School District","00174","Baker Middle School","63","Oakland","LEA School","Middle School","City: Small","Oakland Region","5","07","English Language Arts","Not English Learners","54","82","60","27.60","41.80","30.60","196","49.40"
"18 - 19 School Year","63","Oakland Schools","63150","Troy School District","00174","Baker Middle School","63","Oakland","LEA School","Middle School","City: Small","Oakland Region","5","07","English Language Arts","Not Migrant","66","93","65","29.50","41.50","29.00","224","50.60"
"18 - 19 School Year","63","Oakland Schools","63150","Troy School District","00174","Baker Middle School","63","Oakland","LEA School","Middle School","City: Small","Oakland Region","5","All Grades","Mathematics","Female","127","142","72","37.20","41.60","21.10","341","57.20"
"18 - 19 School Year","63","Oakland Schools","63150","Troy School District","00174","Baker Middle School","63","Oakland","LEA School","Middle School","City: Small","Oakland Region","5","All Grades","Mathematics","Male","142","136","81","39.60","37.90","22.60","359","57.10"
"18 - 19 School Year","63","Oakland Schools","63150","Troy School District","00174","Baker Middle School","63","Oakland","LEA School","Middle School","City: Small","Oakland Region","5","All Grades","Mathematics","Asian","107","81","41","46.70","35.40","17.90","229","62.30"
"18 - 19 School Year","63","Oakland Schools","63150","Troy School District","00174","Baker Middle School","63","Oakland","LEA School","Middle School","City: Small","Oakland Region","5","All Grades","Mathematics","Two or More Races","11","15","< 10","34.40","46.90","18.80","32","58.90"
"18 - 19 School Year","63","Oakland Schools","63150","Troy School District","00174","Baker Middle School","63","Oakland","LEA School","Middle School","City: Small","Oakland Region","5","All Grades","Mathematics","White, not of Hispanic origin","127","156","91","34.00","41.70","24.30","374","54.20"
"18 - 19 School Year","63","Oakland Schools","63150","Troy School District","00174","Baker Middle School","63","Oakland","LEA School","Middle School","City: Small","Oakland Region","5","All Grades","Mathematics","Hispanic","11","10","< 10","45.80","41.70","12.50","24","63.50"
"18 - 19 School Year","63","Oakland Schools","63150","Troy School District","00174","Baker Middle School","63","Oakland","LEA School","Middle School","City: Small","Oakland Region","5","All Grades","Mathematics","Black, not of Hispanic origin","13","16","12","31.70","39.00","29.30","41","50.10"
"18 - 19 School Year","63","Oakland Schools","63150","Troy School District","00174","Baker Middle School","63","Oakland","LEA School","Middle School","City: Small","Oakland Region","5","All Grades","Mathematics","Not Economically Disadvantaged","207","207","104","40.00","40.00","20.10","518","58.50"
"18 - 19 School Year","63","Oakland Schools","63150","Troy School District","00174","Baker Middle School","63","Oakland","LEA School","Middle School","City: Small","Oakland Region","5","All Grades","Mathematics","Economically Disadvantaged","62","71","49","34.10","39.00","26.90","182","53.20"
"18 - 19 School Year","63","Oakland Schools","63150","Troy School District","00174","Baker Middle School","63","Oakland","LEA School","Middle School","City: Small","Oakland Region","5","All Grades","Mathematics","All Students","269","278","153","38.40","39.70","21.90","700","57.20"
"18 - 19 School Year","63","Oakland Schools","63150","Troy School District","00174","Baker Middle School","63","Oakland","LEA School","Middle School","City: Small","Oakland Region","5","All Grades","Mathematics","Not Migrant","269","278","153","38.40","39.70","21.90","700","57.20"
"18 - 19 School Year","63","Oakland Schools","63150","Troy School District","00174","Baker Middle School","63","Oakland","LEA School","Middle School","City: Small","Oakland Region","5","06","Mathematics","Not Migrant","111","87","32","48.30","37.80","13.90","230","65.40"
"18 - 19 School Year","63","Oakland Schools","63150","Troy School District","00174","Baker Middle School","63","Oakland","LEA School","Middle School","City: Small","Oakland Region","5","06","Mathematics","Not English Learners","95","74","29","48.00","37.40","14.60","198","64.70"
"18 - 19 School Year","63","Oakland Schools","63150","Troy School District","00174","Baker Middle School","63","Oakland","LEA School","Middle School","City: Small","Oakland Region","5","06","Mathematics","English Learners","16","13","< 10","50.00","40.60","9.40","32","69.80"
"18 - 19 School Year","63","Oakland Schools","63150","Troy School District","00174","Baker Middle School","63","Oakland","LEA School","Middle School","City: Small","Oakland Region","5","06","Mathematics","Female","50","46","13","45.90","42.20","11.90","109","65.80"
"18 - 19 School Year","63","Oakland Schools","63150","Troy School District","00174","Baker Middle School","63","Oakland","LEA School","Middle School","City: Small","Oakland Region","5","06","Mathematics","Male","61","41","19","50.40","33.90","15.70","121","65.10"
"18 - 19 School Year","63","Oakland Schools","63150","Troy School District","00174","Baker Middle School","63","Oakland","LEA School","Middle School","City: Small","Oakland Region","5","06","Mathematics","Asian","46","23","< 10","59.00","29.50","11.50","78","72.00"
"18 - 19 School Year","63","Oakland Schools","63150","Troy School District","00174","Baker Middle School","63","Oakland","LEA School","Middle School","City: Small","Oakland Region","5","06","Mathematics","Two or More Races","< 10","< 10","< 10","36.40","54.50","9.10","11","67.00"
"18 - 19 School Year","63","Oakland Schools","63150","Troy School District","00174","Baker Middle School","63","Oakland","LEA School","Middle School","City: Small","Oakland Region","5","06","Mathematics","White, not of Hispanic origin","51","52","18","42.10","43.00","14.90","121","61.70"
"18 - 19 School Year","63","Oakland Schools","63150","Troy School District","00174","Baker Middle School","63","Oakland","LEA School","Middle School","City: Small","Oakland Region","5","06","Mathematics","Hispanic","< 10","< 10","< 10","< 10","< 10","< 10","< 10","< 10"
"18 - 19 School Year","63","Oakland Schools","63150","Troy School District","00174","Baker Middle School","63","Oakland","LEA School","Middle School","City: Small","Oakland Region","5","06","Mathematics","Black, not of Hispanic origin","< 10","< 10","< 10","30.80","38.50","30.80","13","49.50"
"18 - 19 School Year","63","Oakland Schools","63150","Troy School District","00174","Baker Middle School","63","Oakland","LEA School","Middle School","City: Small","Oakland Region","5","06","Mathematics","Not Economically Disadvantaged","88","63","17","52.40","37.50","10.10","168","68.60"
"18 - 19 School Year","63","Oakland Schools","63150","Troy School District","00174","Baker Middle School","63","Oakland","LEA School","Middle School","City: Small","Oakland Region","5","06","Mathematics","Economically Disadvantaged","23","24","15","37.10","38.70","24.20","62","57.00"
"18 - 19 School Year","63","Oakland Schools","63150","Troy School District","00174","Baker Middle School","63","Oakland","LEA School","Middle School","City: Small","Oakland Region","5","06","Mathematics","All Students","111","87","32","48.30","37.80","13.90","230","65.40"
"18 - 19 School Year","63","Oakland Schools","63150","Troy School District","00174","Baker Middle School","63","Oakland","LEA School","Middle School","City: Small","Oakland Region","5","07","Mathematics","Not Migrant","76","82","67","33.80","36.40","29.80","225","51.10"
"18 - 19 School Year","63","Oakland Schools","63150","Troy School District","00174","Baker Middle School","63","Oakland","LEA School","Middle School","City: Small","Oakland Region","5","07","Mathematics","Not English Learners","64","77","55","32.70","39.30","28.10","196","50.90"
"18 - 19 School Year","63","Oakland Schools","63150","Troy School District","00174","Baker Middle School","63","Oakland","LEA School","Middle School","City: Small","Oakland Region","5","07","Mathematics","English Learners","12","< 10","12","41.40","17.20","41.40","29","51.90"
"18 - 19 School Year","63","Oakland Schools","63150","Troy School District","00174","Baker Middle School","63","Oakland","LEA School","Middle School","City: Small","Oakland Region","5","07","Mathematics","Female","38","35","30","36.90","34.00","29.10","103","52.10"
"18 - 19 School Year","63","Oakland Schools","63150","Troy School District","00174","Baker Middle School","63","Oakland","LEA School","Middle School","City: Small","Oakland Region","5","07","Mathematics","Male","38","47","37","31.10","38.50","30.30","122","50.20"
"18 - 19 School Year","63","Oakland Schools","63150","Troy School District","00174","Baker Middle School","63","Oakland","LEA School","Middle School","City: Small","Oakland Region","5","07","Mathematics","Asian","33","23","16","45.80","31.90","22.20","72","58.40"
"18 - 19 School Year","63","Oakland Schools","63150","Troy School District","00174","Baker Middle School","63","Oakland","LEA School","Middle School","City: Small","Oakland Region","5","07","Mathematics","Two or More Races","< 10","< 10","< 10","36.40","36.40","27.30","11","55.30"
"18 - 19 School Year","63","Oakland Schools","63150","Troy School District","00174","Baker Middle School","63","Oakland","LEA School","Middle School","City: Small","Oakland Region","5","07","Mathematics","White, not of Hispanic origin","31","48","46","24.80","38.40","36.80","125","45.20"
"18 - 19 School Year","63","Oakland Schools","63150","Troy School District","00174","Baker Middle School","63","Oakland","LEA School","Middle School","City: Small","Oakland Region","5","07","Mathematics","Hispanic","< 10","< 10","< 10","40.00","50.00","10.00","10","58.80"
"18 - 19 School Year","63","Oakland Schools","63150","Troy School District","00174","Baker Middle School","63","Oakland","LEA School","Middle School","City: Small","Oakland Region","5","07","Mathematics","Black, not of Hispanic origin","< 10","< 10","< 10","< 10","< 10","< 10","< 10","< 10"
"18 - 19 School Year","63","Oakland Schools","63150","Troy School District","00174","Baker Middle School","63","Oakland","LEA School","Middle School","City: Small","Oakland Region","5","07","Mathematics","Not Economically Disadvantaged","61","64","47","35.50","37.20","27.30","172","52.70"
"18 - 19 School Year","63","Oakland Schools","63150","Troy School District","00174","Baker Middle School","63","Oakland","LEA School","Middle School","City: Small","Oakland Region","5","07","Mathematics","Economically Disadvantaged","15","18","20","28.30","34.00","37.70","53","45.80"
"18 - 19 School Year","63","Oakland Schools","63150","Troy School District","00174","Baker Middle School","63","Oakland","LEA School","Middle School","City: Small","Oakland Region","5","07","Mathematics","All Students","76","82","67","33.80","36.40","29.80","225","51.10"
"18 - 19 School Year","63","Oakland Schools","63150","Troy School District","00174","Baker Middle School","63","Oakland","LEA School","Middle School","City: Small","Oakland Region","5","All Grades","Mathematics","English Learners","38","28","18","45.20","33.30","21.40","84","61.60"
"18 - 19 School Year","63","Oakland Schools","63150","Troy School District","00174","Baker Middle School","63","Oakland","LEA School","Middle School","City: Small","Oakland Region","5","All Grades","Mathematics","Not English Learners","231","250","135","37.50","40.60","21.90","616","56.50"
"18 - 19 School Year","63","Oakland Schools","63150","Troy School District","00174","Baker Middle School","63","Oakland","LEA School","Middle School","City: Small","Oakland Region","5","All Grades","Social Studies","Students with Disabilities","< 10","10","11","< 5","45.50","50.00","22","34.50"
"18 - 19 School Year","63","Oakland Schools","63150","Troy School District","00174","Baker Middle School","63","Oakland","LEA School","Middle School","City: Small","Oakland Region","5","08","English Language Arts","Students with Disabilities","< 10","< 10","14","13.00","26.10","60.90","23","32.90"
"18 - 19 School Year","63","Oakland Schools","63150","Troy School District","02161","Leonard Elementary School","63","Oakland","LEA School","Elementary","City: Small","Oakland Region","5","All Grades","English Language Arts","Students without Disabilities","36","47","38","29.80","38.80","31.40","121","49.90"
"18 - 19 School Year","63","Oakland Schools","63150","Troy School District","02161","Leonard Elementary School","63","Oakland","LEA School","Elementary","City: Small","Oakland Region","5","04","English Language Arts","Students without Disabilities","23","21","11","41.80","38.20","20.00","55","58.20"
"18 - 19 School Year","63","Oakland Schools","63150","Troy School District","02161","Leonard Elementary School","63","Oakland","LEA School","Elementary","City: Small","Oakland Region","5","05","English Language Arts","Students without Disabilities","13","26","27","19.70","39.40","40.90","66","43.00"
"18 - 19 School Year","63","Oakland Schools","63150","Troy School District","02161","Leonard Elementary School","63","Oakland","LEA School","Elementary","City: Small","Oakland Region","5","04","Mathematics","Students without Disabilities","32","19","< 10","58.20","34.50","7.30","55","70.20"
"18 - 19 School Year","63","Oakland Schools","63150","Troy School District","02161","Leonard Elementary School","63","Oakland","LEA School","Elementary","City: Small","Oakland Region","5","All Grades","Mathematics","Students without Disabilities","49","47","25","40.50","38.80","20.70","121","57.00"
"18 - 19 School Year","63","Oakland Schools","63150","Troy School District","02161","Leonard Elementary School","63","Oakland","LEA School","Elementary","City: Small","Oakland Region","5","05","Mathematics","Students without Disabilities","17","28","21","25.80","42.40","31.80","66","46.00"
"18 - 19 School Year","63","Oakland Schools","63150","Troy School District","02161","Leonard Elementary School","63","Oakland","LEA School","Elementary","City: Small","Oakland Region","5","All Grades","English Language Arts","All Students","41","49","41","31.30","37.40","31.30","131","50.50"
"18 - 19 School Year","63","Oakland Schools","63150","Troy School District","02161","Leonard Elementary School","63","Oakland","LEA School","Elementary","City: Small","Oakland Region","5","All Grades","English Language Arts","Economically Disadvantaged","< 10","< 10","< 10","25.00","41.70","33.30","12","43.30"
"18 - 19 School Year","63","Oakland Schools","63150","Troy School District","02161","Leonard Elementary School","63","Oakland","LEA School","Elementary","City: Small","Oakland Region","5","All Grades","English Language Arts","Not Economically Disadvantaged","38","44","37","31.90","37.00","31.10","119","51.20"
"18 - 19 School Year","63","Oakland Schools","63150","Troy School District","02161","Leonard Elementary School","63","Oakland","LEA School","Elementary","City: Small","Oakland Region","5","All Grades","English Language Arts","Black, not of Hispanic origin","< 10","< 10","< 10","< 10","< 10","< 10","< 10","< 10"
"18 - 19 School Year","63","Oakland Schools","63150","Troy School District","02161","Leonard Elementary School","63","Oakland","LEA School","Elementary","City: Small","Oakland Region","5","All Grades","English Language Arts","Hispanic","< 10","< 10","< 10","< 10","< 10","< 10","< 10","< 10"
"18 - 19 School Year","63","Oakland Schools","63150","Troy School District","02161","Leonard Elementary School","63","Oakland","LEA School","Elementary","City: Small","Oakland Region","5","All Grades","English Language Arts","White, not of Hispanic origin","22","19","23","34.40","29.70","35.90","64","49.30"
"18 - 19 School Year","63","Oakland Schools","63150","Troy School District","02161","Leonard Elementary School","63","Oakland","LEA School","Elementary","City: Small","Oakland Region","5","All Grades","English Language Arts","Two or More Races","< 10","< 10","< 10","< 10","< 10","< 10","< 10","< 10"
"18 - 19 School Year","63","Oakland Schools","63150","Troy School District","02161","Leonard Elementary School","63","Oakland","LEA School","Elementary","City: Small","Oakland Region","5","All Grades","English Language Arts","Asian","15","22","14","29.40","43.10","27.50","51","51.60"
"18 - 19 School Year","63","Oakland Schools","63150","Troy School District","02161","Leonard Elementary School","63","Oakland","LEA School","Elementary","City: Small","Oakland Region","5","All Grades","English Language Arts","Male","21","19","23","33.30","30.20","36.50","63","49.30"
"18 - 19 School Year","63","Oakland Schools","63150","Troy School District","02161","Leonard Elementary School","63","Oakland","LEA School","Elementary","City: Small","Oakland Region","5","All Grades","English Language Arts","Female","20","30","18","29.40","44.10","26.50","68","51.60"
"18 - 19 School Year","63","Oakland Schools","63150","Troy School District","02161","Leonard Elementary School","63","Oakland","LEA School","Elementary","City: Small","Oakland Region","5","All Grades","English Language Arts","English Learners","< 10","< 10","< 10","50.00","41.70","8.30","12","69.10"
"18 - 19 School Year","63","Oakland Schools","63150","Troy School District","02161","Leonard Elementary School","63","Oakland","LEA School","Elementary","City: Small","Oakland Region","5","All Grades","English Language Arts","Not English Learners","35","44","40","29.40","37.00","33.60","119","48.60"
"18 - 19 School Year","63","Oakland Schools","63150","Troy School District","02161","Leonard Elementary School","63","Oakland","LEA School","Elementary","City: Small","Oakland Region","5","All Grades","English Language Arts","Not Migrant","41","49","41","31.30","37.40","31.30","131","50.50"
"18 - 19 School Year","63","Oakland Schools","63150","Troy School District","02161","Leonard Elementary School","63","Oakland","LEA School","Elementary","City: Small","Oakland Region","5","04","English Language Arts","All Students","24","21","11","42.90","37.50","19.60","56","58.90"
"18 - 19 School Year","63","Oakland Schools","63150","Troy School District","02161","Leonard Elementary School","63","Oakland","LEA School","Elementary","City: Small","Oakland Region","5","04","English Language Arts","Economically Disadvantaged","< 10","< 10","< 10","< 10","< 10","< 10","< 10","< 10"
"18 - 19 School Year","63","Oakland Schools","63150","Troy School District","02161","Leonard Elementary School","63","Oakland","LEA School","Elementary","City: Small","Oakland Region","5","04","English Language Arts","Not Economically Disadvantaged","23","18","< 10","46.00","36.00","18.00","50","60.70"
"18 - 19 School Year","63","Oakland Schools","63150","Troy School District","02161","Leonard Elementary School","63","Oakland","LEA School","Elementary","City: Small","Oakland Region","5","04","English Language Arts","Black, not of Hispanic origin","< 10","< 10","< 10","< 10","< 10","< 10","< 10","< 10"
"18 - 19 School Year","63","Oakland Schools","63150","Troy School District","02161","Leonard Elementary School","63","Oakland","LEA School","Elementary","City: Small","Oakland Region","5","04","English Language Arts","Hispanic","< 10","< 10","< 10","< 10","< 10","< 10","< 10","< 10"
"18 - 19 School Year","63","Oakland Schools","63150","Troy School District","02161","Leonard Elementary School","63","Oakland","LEA School","Elementary","City: Small","Oakland Region","5","04","English Language Arts","White, not of Hispanic origin","15","< 10","< 10","53.60","32.10","14.30","28","63.10"
"18 - 19 School Year","63","Oakland Schools","63150","Troy School District","02161","Leonard Elementary School","63","Oakland","LEA School","Elementary","City: Small","Oakland Region","5","04","English Language Arts","Two or More Races","< 10","< 10","< 10","< 10","< 10","< 10","< 10","< 10"
"18 - 19 School Year","63","Oakland Schools","63150","Troy School District","02161","Leonard Elementary School","63","Oakland","LEA School","Elementary","City: Small","Oakland Region","5","04","English Language Arts","Asian","< 10","< 10","< 10","34.80","39.10","26.10","23","55.00"
"18 - 19 School Year","63","Oakland Schools","63150","Troy School District","02161","Leonard Elementary School","63","Oakland","LEA School","Elementary","City: Small","Oakland Region","5","04","English Language Arts","Male","12","< 10","< 10","52.20","26.10","21.70","23","60.00"
"18 - 19 School Year","63","Oakland Schools","63150","Troy School District","02161","Leonard Elementary School","63","Oakland","LEA School","Elementary","City: Small","Oakland Region","5","04","English Language Arts","Female","12","15","< 10","36.40","45.50","18.20","33","58.20"
"18 - 19 School Year","63","Oakland Schools","63150","Troy School District","02161","Leonard Elementary School","63","Oakland","LEA School","Elementary","City: Small","Oakland Region","5","04","English Language Arts","English Learners","< 10","< 10","< 10","< 10","< 10","< 10","< 10","< 10"
"18 - 19 School Year","63","Oakland Schools","63150","Troy School District","02161","Leonard Elementary School","63","Oakland","LEA School","Elementary","City: Small","Oakland Region","5","04","English Language Arts","Not English Learners","22","18","11","43.10","35.30","21.60","51","57.80"
"18 - 19 School Year","63","Oakland Schools","63150","Troy School District","02161","Leonard Elementary School","63","Oakland","LEA School","Elementary","City: Small","Oakland Region","5","04","English Language Arts","Not Migrant","24","21","11","42.90","37.50","19.60","56","58.90"
"18 - 19 School Year","63","Oakland Schools","63150","Troy School District","02161","Leonard Elementary School","63","Oakland","LEA School","Elementary","City: Small","Oakland Region","5","05","English Language Arts","All Students","17","28","30","22.70","37.30","40.00","75","44.20"
"18 - 19 School Year","63","Oakland Schools","63150","Troy School District","02161","Leonard Elementary School","63","Oakland","LEA School","Elementary","City: Small","Oakland Region","5","05","English Language Arts","Economically Disadvantaged","< 10","< 10","< 10","< 10","< 10","< 10","< 10","< 10"
"18 - 19 School Year","63","Oakland Schools","63150","Troy School District","02161","Leonard Elementary School","63","Oakland","LEA School","Elementary","City: Small","Oakland Region","5","05","English Language Arts","Not Economically Disadvantaged","15","26","28","21.70","37.70","40.60","69","44.40"
"18 - 19 School Year","63","Oakland Schools","63150","Troy School District","02161","Leonard Elementary School","63","Oakland","LEA School","Elementary","City: Small","Oakland Region","5","05","English Language Arts","Black, not of Hispanic origin","< 10","< 10","< 10","< 10","< 10","< 10","< 10","< 10"
"18 - 19 School Year","63","Oakland Schools","63150","Troy School District","02161","Leonard Elementary School","63","Oakland","LEA School","Elementary","City: Small","Oakland Region","5","05","English Language Arts","Not Migrant","17","28","30","22.70","37.30","40.00","75","44.20"
"18 - 19 School Year","63","Oakland Schools","63150","Troy School District","02161","Leonard Elementary School","63","Oakland","LEA School","Elementary","City: Small","Oakland Region","5","05","English Language Arts","Not English Learners","13","26","29","19.10","38.20","42.60","68","41.70"
"18 - 19 School Year","63","Oakland Schools","63150","Troy School District","02161","Leonard Elementary School","63","Oakland","LEA School","Elementary","City: Small","Oakland Region","5","05","English Language Arts","English Learners","< 10","< 10","< 10","< 10","< 10","< 10","< 10","< 10"
"18 - 19 School Year","63","Oakland Schools","63150","Troy School District","02161","Leonard Elementary School","63","Oakland","LEA School","Elementary","City: Small","Oakland Region","5","05","English Language Arts","Female","< 10","15","12","22.90","42.90","34.30","35","45.50"
"18 - 19 School Year","63","Oakland Schools","63150","Troy School District","02161","Leonard Elementary School","63","Oakland","LEA School","Elementary","City: Small","Oakland Region","5","05","English Language Arts","Male","< 10","13","18","22.50","32.50","45.00","40","43.10"
"18 - 19 School Year","63","Oakland Schools","63150","Troy School District","02161","Leonard Elementary School","63","Oakland","LEA School","Elementary","City: Small","Oakland Region","5","05","English Language Arts","Asian","< 10","13","< 10","25.00","46.40","28.60","28","48.80"
"18 - 19 School Year","63","Oakland Schools","63150","Troy School District","02161","Leonard Elementary School","63","Oakland","LEA School","Elementary","City: Small","Oakland Region","5","05","English Language Arts","Two or More Races","< 10","< 10","< 10","< 10","< 10","< 10","< 10","< 10"
"18 - 19 School Year","63","Oakland Schools","63150","Troy School District","02161","Leonard Elementary School","63","Oakland","LEA School","Elementary","City: Small","Oakland Region","5","05","English Language Arts","White, not of Hispanic origin","< 10","10","19","19.40","27.80","52.80","36","38.50"
"18 - 19 School Year","63","Oakland Schools","63150","Troy School District","02161","Leonard Elementary School","63","Oakland","LEA School","Elementary","City: Small","Oakland Region","5","05","English Language Arts","Hispanic","< 10","< 10","< 10","< 10","< 10","< 10","< 10","< 10"
"18 - 19 School Year","63","Oakland Schools","63150","Troy School District","02161","Leonard Elementary School","63","Oakland","LEA School","Elementary","City: Small","Oakland Region","5","05","Mathematics","Students with Disabilities","< 10","< 10","< 10","< 10","< 10","< 10","< 10","< 10"
"18 - 19 School Year","63","Oakland Schools","63150","Troy School District","02161","Leonard Elementary School","63","Oakland","LEA School","Elementary","City: Small","Oakland Region","5","All Grades","Mathematics","Students with Disabilities","< 10","< 10","< 10","20.00","50.00","30.00","10","50.20"
"18 - 19 School Year","63","Oakland Schools","63150","Troy School District","02161","Leonard Elementary School","63","Oakland","LEA School","Elementary","City: Small","Oakland Region","5","04","Mathematics","Students with Disabilities","< 10","< 10","< 10","< 10","< 10","< 10","< 10","< 10"
"18 - 19 School Year","63","Oakland Schools","63150","Troy School District","02161","Leonard Elementary School","63","Oakland","LEA School","Elementary","City: Small","Oakland Region","5","05","Mathematics","All Students","18","33","24","24.00","44.00","32.00","75","45.90"
"18 - 19 School Year","63","Oakland Schools","63150","Troy School District","02161","Leonard Elementary School","63","Oakland","LEA School","Elementary","City: Small","Oakland Region","5","05","Mathematics","Economically Disadvantaged","< 10","< 10","< 10","< 10","< 10","< 10","< 10","< 10"
"18 - 19 School Year","63","Oakland Schools","63150","Troy School District","02161","Leonard Elementary School","63","Oakland","LEA School","Elementary","City: Small","Oakland Region","5","05","Mathematics","Not Economically Disadvantaged","18","31","20","26.10","44.90","29.00","69","47.80"
"18 - 19 School Year","63","Oakland Schools","63150","Troy School District","02161","Leonard Elementary School","63","Oakland","LEA School","Elementary","City: Small","Oakland Region","5","05","Mathematics","Black, not of Hispanic origin","< 10","< 10","< 10","< 10","< 10","< 10","< 10","< 10"
"18 - 19 School Year","63","Oakland Schools","63150","Troy School District","02161","Leonard Elementary School","63","Oakland","LEA School","Elementary","City: Small","Oakland Region","5","05","Mathematics","Hispanic","< 10","< 10","< 10","< 10","< 10","< 10","< 10","< 10"
"18 - 19 School Year","63","Oakland Schools","63150","Troy School District","02161","Leonard Elementary School","63","Oakland","LEA School","Elementary","City: Small","Oakland Region","5","05","Mathematics","White, not of Hispanic origin","< 10","14","17","13.90","38.90","47.20","36","36.20"
"18 - 19 School Year","63","Oakland Schools","63150","Troy School District","02161","Leonard Elementary School","63","Oakland","LEA School","Elementary","City: Small","Oakland Region","5","05","Mathematics","Two or More Races","< 10","< 10","< 10","< 10","< 10","< 10","< 10","< 10"
"18 - 19 School Year","63","Oakland Schools","63150","Troy School District","02161","Leonard Elementary School","63","Oakland","LEA School","Elementary","City: Small","Oakland Region","5","05","Mathematics","Asian","10","15","< 10","35.70","53.60","10.70","28","58.40"
"18 - 19 School Year","63","Oakland Schools","63150","Troy School District","02161","Leonard Elementary School","63","Oakland","LEA School","Elementary","City: Small","Oakland Region","5","05","Mathematics","Male","10","20","10","25.00","50.00","25.00","40","50.00"
"18 - 19 School Year","63","Oakland Schools","63150","Troy School District","02161","Leonard Elementary School","63","Oakland","LEA School","Elementary","City: Small","Oakland Region","5","05","Mathematics","Female","< 10","13","14","22.90","37.10","40.00","35","41.20"
"18 - 19 School Year","63","Oakland Schools","63150","Troy School District","02161","Leonard Elementary School","63","Oakland","LEA School","Elementary","City: Small","Oakland Region","5","05","Mathematics","English Learners","< 10","< 10","< 10","< 10","< 10","< 10","< 10","< 10"
"18 - 19 School Year","63","Oakland Schools","63150","Troy School District","02161","Leonard Elementary School","63","Oakland","LEA School","Elementary","City: Small","Oakland Region","5","05","Mathematics","Not English Learners","16","28","24","23.50","41.20","35.30","68","44.90"
"18 - 19 School Year","63","Oakland Schools","63150","Troy School District","02161","Leonard Elementary School","63","Oakland","LEA School","Elementary","City: Small","Oakland Region","5","05","Mathematics","Not Migrant","18","33","24","24.00","44.00","32.00","75","45.90"
"18 - 19 School Year","63","Oakland Schools","63150","Troy School District","02161","Leonard Elementary School","63","Oakland","LEA School","Elementary","City: Small","Oakland Region","5","All Grades","Mathematics","Two or More Races","< 10","< 10","< 10","< 10","< 10","< 10","< 10","< 10"
"18 - 19 School Year","63","Oakland Schools","63150","Troy School District","02161","Leonard Elementary School","63","Oakland","LEA School","Elementary","City: Small","Oakland Region","5","All Grades","Mathematics","Asian","24","23","< 10","47.10","45.10","7.80","51","64.80"
"18 - 19 School Year","63","Oakland Schools","63150","Troy School District","02161","Leonard Elementary School","63","Oakland","LEA School","Elementary","City: Small","Oakland Region","5","All Grades","Mathematics","Male","26","27","10","41.30","42.90","15.90","63","59.60"
"18 - 19 School Year","63","Oakland Schools","63150","Troy School District","02161","Leonard Elementary School","63","Oakland","LEA School","Elementary","City: Small","Oakland Region","5","All Grades","Mathematics","Not Migrant","51","52","28","38.90","39.70","21.40","131","56.50"
"18 - 19 School Year","63","Oakland Schools","63150","Troy School District","02161","Leonard Elementary School","63","Oakland","LEA School","Elementary","City: Small","Oakland Region","5","All Grades","Mathematics","Not English Learners","45","46","28","37.80","38.70","23.50","119","55.40"
"18 - 19 School Year","63","Oakland Schools","63150","Troy School District","02161","Leonard Elementary School","63","Oakland","LEA School","Elementary","City: Small","Oakland Region","5","All Grades","Mathematics","English Learners","< 10","< 10","< 10","50.00","50.00","< 5","12","67.20"
"18 - 19 School Year","63","Oakland Schools","63150","Troy School District","02161","Leonard Elementary School","63","Oakland","LEA School","Elementary","City: Small","Oakland Region","5","All Grades","Mathematics","Female","25","25","18","36.80","36.80","26.50","68","53.70"
"18 - 19 School Year","63","Oakland Schools","63150","Troy School District","02161","Leonard Elementary School","63","Oakland","LEA School","Elementary","City: Small","Oakland Region","5","04","English Language Arts","Students with Disabilities","< 10","< 10","< 10","< 10","< 10","< 10","< 10","< 10"
"18 - 19 School Year","63","Oakland Schools","63150","Troy School District","02161","Leonard Elementary School","63","Oakland","LEA School","Elementary","City: Small","Oakland Region","5","All Grades","English Language Arts","Students with Disabilities","< 10","< 10","< 10","50.00","20.00","30.00","10","57.70"
"18 - 19 School Year","63","Oakland Schools","63150","Troy School District","02161","Leonard Elementary School","63","Oakland","LEA School","Elementary","City: Small","Oakland Region","5","05","English Language Arts","Students with Disabilities","< 10","< 10","< 10","< 10","< 10","< 10","< 10","< 10"
"18 - 19 School Year","63","Oakland Schools","63150","Troy School District","02161","Leonard Elementary School","63","Oakland","LEA School","Elementary","City: Small","Oakland Region","5","All Grades","Mathematics","White, not of Hispanic origin","19","25","20","29.70","39.10","31.30","64","49.70"
"18 - 19 School Year","63","Oakland Schools","63150","Troy School District","02161","Leonard Elementary School","63","Oakland","LEA School","Elementary","City: Small","Oakland Region","5","All Grades","Mathematics","Hispanic","< 10","< 10","< 10","< 10","< 10","< 10","< 10","< 10"
"18 - 19 School Year","63","Oakland Schools","63150","Troy School District","02161","Leonard Elementary School","63","Oakland","LEA School","Elementary","City: Small","Oakland Region","5","All Grades","Mathematics","Black, not of Hispanic origin","< 10","< 10","< 10","< 10","< 10","< 10","< 10","< 10"
"18 - 19 School Year","63","Oakland Schools","63150","Troy School District","02161","Leonard Elementary School","63","Oakland","LEA School","Elementary","City: Small","Oakland Region","5","All Grades","Mathematics","Not Economically Disadvantaged","47","48","24","39.50","40.30","20.20","119","57.30"
"18 - 19 School Year","63","Oakland Schools","63150","Troy School District","02161","Leonard Elementary School","63","Oakland","LEA School","Elementary","City: Small","Oakland Region","5","All Grades","Mathematics","Economically Disadvantaged","< 10","< 10","< 10","33.30","33.30","33.30","12","48.80"
"18 - 19 School Year","63","Oakland Schools","63150","Troy School District","02161","Leonard Elementary School","63","Oakland","LEA School","Elementary","City: Small","Oakland Region","5","All Grades","Mathematics","All Students","51","52","28","38.90","39.70","21.40","131","56.50"
"18 - 19 School Year","63","Oakland Schools","63150","Troy School District","02161","Leonard Elementary School","63","Oakland","LEA School","Elementary","City: Small","Oakland Region","5","04","Mathematics","Not Migrant","33","19","< 10","58.90","33.90","7.10","56","70.70"
"18 - 19 School Year","63","Oakland Schools","63150","Troy School District","02161","Leonard Elementary School","63","Oakland","LEA School","Elementary","City: Small","Oakland Region","5","04","Mathematics","Not English Learners","29","18","< 10","56.90","35.30","7.80","51","69.50"
"18 - 19 School Year","63","Oakland Schools","63150","Troy School District","02161","Leonard Elementary School","63","Oakland","LEA School","Elementary","City: Small","Oakland Region","5","04","Mathematics","English Learners","< 10","< 10","< 10","< 10","< 10","< 10","< 10","< 10"
"18 - 19 School Year","63","Oakland Schools","63150","Troy School District","02161","Leonard Elementary School","63","Oakland","LEA School","Elementary","City: Small","Oakland Region","5","04","Mathematics","Female","17","12","< 10","51.50","36.40","12.10","33","66.80"
"18 - 19 School Year","63","Oakland Schools","63150","Troy School District","02161","Leonard Elementary School","63","Oakland","LEA School","Elementary","City: Small","Oakland Region","5","04","Mathematics","Male","16","< 10","< 10","69.60","30.40","< 5","23","76.20"
"18 - 19 School Year","63","Oakland Schools","63150","Troy School District","02161","Leonard Elementary School","63","Oakland","LEA School","Elementary","City: Small","Oakland Region","5","04","Mathematics","Asian","14","< 10","< 10","60.90","34.80","< 5","23","72.60"
"18 - 19 School Year","63","Oakland Schools","63150","Troy School District","02161","Leonard Elementary School","63","Oakland","LEA School","Elementary","City: Small","Oakland Region","5","04","Mathematics","Two or More Races","< 10","< 10","< 10","< 10","< 10","< 10","< 10","< 10"
"18 - 19 School Year","63","Oakland Schools","63150","Troy School District","02161","Leonard Elementary School","63","Oakland","LEA School","Elementary","City: Small","Oakland Region","5","04","Mathematics","White, not of Hispanic origin","14","11","< 10","50.00","39.30","10.70","28","67.10"
"18 - 19 School Year","63","Oakland Schools","63150","Troy School District","02161","Leonard Elementary School","63","Oakland","LEA School","Elementary","City: Small","Oakland Region","5","04","Mathematics","Hispanic","< 10","< 10","< 10","< 10","< 10","< 10","< 10","< 10"
"18 - 19 School Year","63","Oakland Schools","63150","Troy School District","02161","Leonard Elementary School","63","Oakland","LEA School","Elementary","City: Small","Oakland Region","5","04","Mathematics","Black, not of Hispanic origin","< 10","< 10","< 10","< 10","< 10","< 10","< 10","< 10"
"18 - 19 School Year","63","Oakland Schools","63150","Troy School District","02161","Leonard Elementary School","63","Oakland","LEA School","Elementary","City: Small","Oakland Region","5","04","Mathematics","Not Economically Disadvantaged","29","17","< 10","58.00","34.00","8.00","50","70.40"
"18 - 19 School Year","63","Oakland Schools","63150","Troy School District","02161","Leonard Elementary School","63","Oakland","LEA School","Elementary","City: Small","Oakland Region","5","04","Mathematics","Economically Disadvantaged","< 10","< 10","< 10","< 10","< 10","< 10","< 10","< 10"
"18 - 19 School Year","63","Oakland Schools","63150","Troy School District","02161","Leonard Elementary School","63","Oakland","LEA School","Elementary","City: Small","Oakland Region","5","04","Mathematics","All Students","33","19","< 10","58.90","33.90","7.10","56","70.70"
"18 - 19 School Year","63","Oakland Schools","63150","Troy School District","02618","Morse Elementary School","63","Oakland","LEA School","Elementary","City: Small","Oakland Region","5","All Grades","English Language Arts","Students without Disabilities","51","48","22","42.10","39.70","18.20","121","58.60"
"18 - 19 School Year","63","Oakland Schools","63150","Troy School District","02618","Morse Elementary School","63","Oakland","LEA School","Elementary","City: Small","Oakland Region","5","04","English Language Arts","Students without Disabilities","22","24","< 10","40.70","44.40","14.80","54","59.90"
"18 - 19 School Year","63","Oakland Schools","63150","Troy School District","02618","Morse Elementary School","63","Oakland","LEA School","Elementary","City: Small","Oakland Region","5","05","English Language Arts","Students without Disabilities","29","24","14","43.30","35.80","20.90","67","57.60"
"18 - 19 School Year","63","Oakland Schools","63150","Troy School District","02618","Morse Elementary School","63","Oakland","LEA School","Elementary","City: Small","Oakland Region","5","05","Mathematics","Students without Disabilities","35","23","10","51.50","33.80","14.70","68","66.10"
"18 - 19 School Year","63","Oakland Schools","63150","Troy School District","02618","Morse Elementary School","63","Oakland","LEA School","Elementary","City: Small","Oakland Region","5","04","Mathematics","Students without Disabilities","15","25","18","25.90","43.10","31.00","58","50.20"
"18 - 19 School Year","63","Oakland Schools","63150","Troy School District","02618","Morse Elementary School","63","Oakland","LEA School","Elementary","City: Small","Oakland Region","5","All Grades","Mathematics","Students without Disabilities","50","48","28","39.70","38.10","22.20","126","58.80"
"18 - 19 School Year","63","Oakland Schools","63150","Troy School District","02618","Morse Elementary School","63","Oakland","LEA School","Elementary","City: Small","Oakland Region","5","All Grades","English Language Arts","Hispanic","< 10","< 10","< 10","< 10","< 10","< 10","< 10","< 10"
"18 - 19 School Year","63","Oakland Schools","63150","Troy School District","02618","Morse Elementary School","63","Oakland","LEA School","Elementary","City: Small","Oakland Region","5","All Grades","English Language Arts","Black, not of Hispanic origin","< 10","< 10","< 10","30.80","38.50","30.80","13","46.00"
"18 - 19 School Year","63","Oakland Schools","63150","Troy School District","02618","Morse Elementary School","63","Oakland","LEA School","Elementary","City: Small","Oakland Region","5","All Grades","English Language Arts","Native Hawaiian or Other Pacific Islander","< 10","< 10","< 10","< 10","< 10","< 10","< 10","< 10"
"18 - 19 School Year","63","Oakland Schools","63150","Troy School District","02618","Morse Elementary School","63","Oakland","LEA School","Elementary","City: Small","Oakland Region","5","All Grades","English Language Arts","Not Economically Disadvantaged","37","33","19","41.60","37.10","21.30","89","57.10"
"18 - 19 School Year","63","Oakland Schools","63150","Troy School District","02618","Morse Elementary School","63","Oakland","LEA School","Elementary","City: Small","Oakland Region","5","All Grades","English Language Arts","Economically Disadvantaged","19","20","11","38.00","40.00","22.00","50","54.90"
"18 - 19 School Year","63","Oakland Schools","63150","Troy School District","02618","Morse Elementary School","63","Oakland","LEA School","Elementary","City: Small","Oakland Region","5","All Grades","English Language Arts","All Students","56","53","30","40.30","38.10","21.60","139","56.30"
"18 - 19 School Year","63","Oakland Schools","63150","Troy School District","02618","Morse Elementary School","63","Oakland","LEA School","Elementary","City: Small","Oakland Region","5","All Grades","English Language Arts","White, not of Hispanic origin","20","28","15","31.70","44.40","23.80","63","52.40"
"18 - 19 School Year","63","Oakland Schools","63150","Troy School District","02618","Morse Elementary School","63","Oakland","LEA School","Elementary","City: Small","Oakland Region","5","All Grades","English Language Arts","Two or More Races","< 10","< 10","< 10","< 10","< 10","< 10","< 10","< 10"
"18 - 19 School Year","63","Oakland Schools","63150","Troy School District","02618","Morse Elementary School","63","Oakland","LEA School","Elementary","City: Small","Oakland Region","5","All Grades","English Language Arts","Asian","27","17","< 10","54.00","34.00","12.00","50","66.40"
"18 - 19 School Year","63","Oakland Schools","63150","Troy School District","02618","Morse Elementary School","63","Oakland","LEA School","Elementary","City: Small","Oakland Region","5","All Grades","English Language Arts","Male","26","25","14","40.00","38.50","21.50","65","56.90"
"18 - 19 School Year","63","Oakland Schools","63150","Troy School District","02618","Morse Elementary School","63","Oakland","LEA School","Elementary","City: Small","Oakland Region","5","All Grades","English Language Arts","Female","30","28","16","40.50","37.80","21.60","74","55.70"
"18 - 19 School Year","63","Oakland Schools","63150","Troy School District","02618","Morse Elementary School","63","Oakland","LEA School","Elementary","City: Small","Oakland Region","5","All Grades","English Language Arts","English Learners","22","14","10","47.80","30.40","21.70","46","58.30"
"18 - 19 School Year","63","Oakland Schools","63150","Troy School District","02618","Morse Elementary School","63","Oakland","LEA School","Elementary","City: Small","Oakland Region","5","All Grades","English Language Arts","Not English Learners","34","39","20","36.60","41.90","21.50","93","55.30"
"18 - 19 School Year","63","Oakland Schools","63150","Troy School District","02618","Morse Elementary School","63","Oakland","LEA School","Elementary","City: Small","Oakland Region","5","All Grades","English Language Arts","Not Migrant","56","53","30","40.30","38.10","21.60","139","56.30"
"18 - 19 School Year","63","Oakland Schools","63150","Troy School District","02618","Morse Elementary School","63","Oakland","LEA School","Elementary","City: Small","Oakland Region","5","04","English Language Arts","All Students","24","29","12","36.90","44.60","18.50","65","56.60"
"18 - 19 School Year","63","Oakland Schools","63150","Troy School District","02618","Morse Elementary School","63","Oakland","LEA School","Elementary","City: Small","Oakland Region","5","04","English Language Arts","Economically Disadvantaged","< 10","10","< 10","35.00","50.00","15.00","20","56.50"
"18 - 19 School Year","63","Oakland Schools","63150","Troy School District","02618","Morse Elementary School","63","Oakland","LEA School","Elementary","City: Small","Oakland Region","5","04","English Language Arts","Not Economically Disadvantaged","17","19","< 10","37.80","42.20","20.00","45","56.70"
"18 - 19 School Year","63","Oakland Schools","63150","Troy School District","02618","Morse Elementary School","63","Oakland","LEA School","Elementary","City: Small","Oakland Region","5","04","English Language Arts","Native Hawaiian or Other Pacific Islander","< 10","< 10","< 10","< 10","< 10","< 10","< 10","< 10"
"18 - 19 School Year","63","Oakland Schools","63150","Troy School District","02618","Morse Elementary School","63","Oakland","LEA School","Elementary","City: Small","Oakland Region","5","04","English Language Arts","Black, not of Hispanic origin","< 10","< 10","< 10","< 10","< 10","< 10","< 10","< 10"
"18 - 19 School Year","63","Oakland Schools","63150","Troy School District","02618","Morse Elementary School","63","Oakland","LEA School","Elementary","City: Small","Oakland Region","5","04","English Language Arts","Hispanic","< 10","< 10","< 10","< 10","< 10","< 10","< 10","< 10"
"18 - 19 School Year","63","Oakland Schools","63150","Troy School District","02618","Morse Elementary School","63","Oakland","LEA School","Elementary","City: Small","Oakland Region","5","04","English Language Arts","White, not of Hispanic origin","< 10","16","< 10","23.30","53.30","23.30","30","49.30"
"18 - 19 School Year","63","Oakland Schools","63150","Troy School District","02618","Morse Elementary School","63","Oakland","LEA School","Elementary","City: Small","Oakland Region","5","04","English Language Arts","Two or More Races","< 10","< 10","< 10","< 10","< 10","< 10","< 10","< 10"
"18 - 19 School Year","63","Oakland Schools","63150","Troy School District","02618","Morse Elementary School","63","Oakland","LEA School","Elementary","City: Small","Oakland Region","5","04","English Language Arts","Asian","16","< 10","< 10","59.30","33.30","7.40","27","70.40"
"18 - 19 School Year","63","Oakland Schools","63150","Troy School District","02618","Morse Elementary School","63","Oakland","LEA School","Elementary","City: Small","Oakland Region","5","04","English Language Arts","Male","11","16","< 10","33.30","48.50","18.20","33","55.20"
"18 - 19 School Year","63","Oakland Schools","63150","Troy School District","02618","Morse Elementary School","63","Oakland","LEA School","Elementary","City: Small","Oakland Region","5","04","English Language Arts","Female","13","13","< 10","40.60","40.60","18.80","32","58.10"
"18 - 19 School Year","63","Oakland Schools","63150","Troy School District","02618","Morse Elementary School","63","Oakland","LEA School","Elementary","City: Small","Oakland Region","5","04","English Language Arts","English Learners","10","10","< 10","43.50","43.50","13.00","23","59.40"
"18 - 19 School Year","63","Oakland Schools","63150","Troy School District","02618","Morse Elementary School","63","Oakland","LEA School","Elementary","City: Small","Oakland Region","5","04","English Language Arts","Not English Learners","14","19","< 10","33.30","45.20","21.40","42","55.10"
"18 - 19 School Year","63","Oakland Schools","63150","Troy School District","02618","Morse Elementary School","63","Oakland","LEA School","Elementary","City: Small","Oakland Region","5","04","English Language Arts","Not Migrant","24","29","12","36.90","44.60","18.50","65","56.60"
"18 - 19 School Year","63","Oakland Schools","63150","Troy School District","02618","Morse Elementary School","63","Oakland","LEA School","Elementary","City: Small","Oakland Region","5","05","English Language Arts","All Students","32","24","18","43.20","32.40","24.30","74","56.00"
"18 - 19 School Year","63","Oakland Schools","63150","Troy School District","02618","Morse Elementary School","63","Oakland","LEA School","Elementary","City: Small","Oakland Region","5","05","English Language Arts","Economically Disadvantaged","12","10","< 10","40.00","33.30","26.70","30","53.80"
"18 - 19 School Year","63","Oakland Schools","63150","Troy School District","02618","Morse Elementary School","63","Oakland","LEA School","Elementary","City: Small","Oakland Region","5","05","English Language Arts","Not Economically Disadvantaged","20","14","10","45.50","31.80","22.70","44","57.50"
"18 - 19 School Year","63","Oakland Schools","63150","Troy School District","02618","Morse Elementary School","63","Oakland","LEA School","Elementary","City: Small","Oakland Region","5","05","English Language Arts","Black, not of Hispanic origin","< 10","< 10","< 10","40.00","30.00","30.00","10","49.40"
"18 - 19 School Year","63","Oakland Schools","63150","Troy School District","02618","Morse Elementary School","63","Oakland","LEA School","Elementary","City: Small","Oakland Region","5","05","English Language Arts","Hispanic","< 10","< 10","< 10","< 10","< 10","< 10","< 10","< 10"
"18 - 19 School Year","63","Oakland Schools","63150","Troy School District","02618","Morse Elementary School","63","Oakland","LEA School","Elementary","City: Small","Oakland Region","5","05","English Language Arts","White, not of Hispanic origin","13","12","< 10","39.40","36.40","24.20","33","55.20"
"18 - 19 School Year","63","Oakland Schools","63150","Troy School District","02618","Morse Elementary School","63","Oakland","LEA School","Elementary","City: Small","Oakland Region","5","05","English Language Arts","Two or More Races","< 10","< 10","< 10","< 10","< 10","< 10","< 10","< 10"
"18 - 19 School Year","63","Oakland Schools","63150","Troy School District","02618","Morse Elementary School","63","Oakland","LEA School","Elementary","City: Small","Oakland Region","5","05","English Language Arts","Asian","11","< 10","< 10","47.80","34.80","17.40","23","61.70"
"18 - 19 School Year","63","Oakland Schools","63150","Troy School District","02618","Morse Elementary School","63","Oakland","LEA School","Elementary","City: Small","Oakland Region","5","05","English Language Arts","Male","15","< 10","< 10","46.90","28.10","25.00","32","58.70"
"18 - 19 School Year","63","Oakland Schools","63150","Troy School District","02618","Morse Elementary School","63","Oakland","LEA School","Elementary","City: Small","Oakland Region","5","05","English Language Arts","Female","17","15","10","40.50","35.70","23.80","42","53.90"
"18 - 19 School Year","63","Oakland Schools","63150","Troy School District","02618","Morse Elementary School","63","Oakland","LEA School","Elementary","City: Small","Oakland Region","5","05","English Language Arts","English Learners","12","< 10","< 10","52.20","17.40","30.40","23","57.10"
"18 - 19 School Year","63","Oakland Schools","63150","Troy School District","02618","Morse Elementary School","63","Oakland","LEA School","Elementary","City: Small","Oakland Region","5","05","English Language Arts","Not English Learners","20","20","11","39.20","39.20","21.60","51","55.50"
"18 - 19 School Year","63","Oakland Schools","63150","Troy School District","02618","Morse Elementary School","63","Oakland","LEA School","Elementary","City: Small","Oakland Region","5","05","English Language Arts","Not Migrant","32","24","18","43.20","32.40","24.30","74","56.00"
"18 - 19 School Year","63","Oakland Schools","63150","Troy School District","02618","Morse Elementary School","63","Oakland","LEA School","Elementary","City: Small","Oakland Region","5","All Grades","Mathematics","Students with Disabilities","< 10","< 10","< 10","27.80","50.00","22.20","18","56.40"
"18 - 19 School Year","63","Oakland Schools","63150","Troy School District","02618","Morse Elementary School","63","Oakland","LEA School","Elementary","City: Small","Oakland Region","5","04","Mathematics","Students with Disabilities","< 10","< 10","< 10","27.30","54.50","18.20","11","53.70"
"18 - 19 School Year","63","Oakland Schools","63150","Troy School District","02618","Morse Elementary School","63","Oakland","LEA School","Elementary","City: Small","Oakland Region","5","05","Mathematics","Students with Disabilities","< 10","< 10","< 10","< 10","< 10","< 10","< 10","< 10"
"18 - 19 School Year","63","Oakland Schools","63150","Troy School District","02618","Morse Elementary School","63","Oakland","LEA School","Elementary","City: Small","Oakland Region","5","All Grades","Mathematics","Not Migrant","55","57","32","38.20","39.60","22.20","144","58.50"
"18 - 19 School Year","63","Oakland Schools","63150","Troy School District","02618","Morse Elementary School","63","Oakland","LEA School","Elementary","City: Small","Oakland Region","5","All Grades","Mathematics","Not English Learners","36","37","21","38.30","39.40","22.30","94","58.60"
"18 - 19 School Year","63","Oakland Schools","63150","Troy School District","02618","Morse Elementary School","63","Oakland","LEA School","Elementary","City: Small","Oakland Region","5","All Grades","Mathematics","English Learners","19","20","11","38.00","40.00","22.00","50","58.40"
"18 - 19 School Year","63","Oakland Schools","63150","Troy School District","02618","Morse Elementary School","63","Oakland","LEA School","Elementary","City: Small","Oakland Region","5","All Grades","Mathematics","Female","28","26","23","36.40","33.80","29.90","77","55.90"
"18 - 19 School Year","63","Oakland Schools","63150","Troy School District","02618","Morse Elementary School","63","Oakland","LEA School","Elementary","City: Small","Oakland Region","5","All Grades","Mathematics","Male","27","31","< 10","40.30","46.30","13.40","67","61.40"
"18 - 19 School Year","63","Oakland Schools","63150","Troy School District","02618","Morse Elementary School","63","Oakland","LEA School","Elementary","City: Small","Oakland Region","5","All Grades","Mathematics","Asian","23","19","12","42.60","35.20","22.20","54","60.50"
"18 - 19 School Year","63","Oakland Schools","63150","Troy School District","02618","Morse Elementary School","63","Oakland","LEA School","Elementary","City: Small","Oakland Region","5","All Grades","Mathematics","Two or More Races","< 10","< 10","< 10","< 10","< 10","< 10","< 10","< 10"
"18 - 19 School Year","63","Oakland Schools","63150","Troy School District","02618","Morse Elementary School","63","Oakland","LEA School","Elementary","City: Small","Oakland Region","5","05","Mathematics","All Students","37","26","12","49.30","34.70","16.00","75","65.60"
"18 - 19 School Year","63","Oakland Schools","63150","Troy School District","02618","Morse Elementary School","63","Oakland","LEA School","Elementary","City: Small","Oakland Region","5","05","Mathematics","Economically Disadvantaged","10","14","< 10","33.30","46.70","20.00","30","57.10"
"18 - 19 School Year","63","Oakland Schools","63150","Troy School District","02618","Morse Elementary School","63","Oakland","LEA School","Elementary","City: Small","Oakland Region","5","05","Mathematics","Not Economically Disadvantaged","27","12","< 10","60.00","26.70","13.30","45","71.30"
"18 - 19 School Year","63","Oakland Schools","63150","Troy School District","02618","Morse Elementary School","63","Oakland","LEA School","Elementary","City: Small","Oakland Region","5","05","Mathematics","Black, not of Hispanic origin","< 10","< 10","< 10","10.00","50.00","40.00","10","42.50"
"18 - 19 School Year","63","Oakland Schools","63150","Troy School District","02618","Morse Elementary School","63","Oakland","LEA School","Elementary","City: Small","Oakland Region","5","05","Mathematics","Hispanic","< 10","< 10","< 10","< 10","< 10","< 10","< 10","< 10"
"18 - 19 School Year","63","Oakland Schools","63150","Troy School District","02618","Morse Elementary School","63","Oakland","LEA School","Elementary","City: Small","Oakland Region","5","05","Mathematics","White, not of Hispanic origin","16","16","< 10","48.50","48.50","< 5","33","70.10"
"18 - 19 School Year","63","Oakland Schools","63150","Troy School District","02618","Morse Elementary School","63","Oakland","LEA School","Elementary","City: Small","Oakland Region","5","05","Mathematics","Two or More Races","< 10","< 10","< 10","< 10","< 10","< 10","< 10","< 10"
"18 - 19 School Year","63","Oakland Schools","63150","Troy School District","02618","Morse Elementary School","63","Oakland","LEA School","Elementary","City: Small","Oakland Region","5","05","Mathematics","Asian","14","< 10","< 10","60.90","13.00","26.10","23","66.10"
"18 - 19 School Year","63","Oakland Schools","63150","Troy School District","02618","Morse Elementary School","63","Oakland","LEA School","Elementary","City: Small","Oakland Region","5","05","Mathematics","Male","19","10","< 10","57.60","30.30","12.10","33","68.80"
"18 - 19 School Year","63","Oakland Schools","63150","Troy School District","02618","Morse Elementary School","63","Oakland","LEA School","Elementary","City: Small","Oakland Region","5","05","Mathematics","Female","18","16","< 10","42.90","38.10","19.00","42","63.20"
"18 - 19 School Year","63","Oakland Schools","63150","Troy School District","02618","Morse Elementary School","63","Oakland","LEA School","Elementary","City: Small","Oakland Region","5","05","Mathematics","English Learners","13","< 10","< 10","54.20","33.30","12.50","24","67.30"
"18 - 19 School Year","63","Oakland Schools","63150","Troy School District","02618","Morse Elementary School","63","Oakland","LEA School","Elementary","City: Small","Oakland Region","5","05","Mathematics","Not English Learners","24","18","< 10","47.10","35.30","17.60","51","64.80"
"18 - 19 School Year","63","Oakland Schools","63150","Troy School District","02618","Morse Elementary School","63","Oakland","LEA School","Elementary","City: Small","Oakland Region","5","05","Mathematics","Not Migrant","37","26","12","49.30","34.70","16.00","75","65.60"
"18 - 19 School Year","63","Oakland Schools","63150","Troy School District","02618","Morse Elementary School","63","Oakland","LEA School","Elementary","City: Small","Oakland Region","5","04","Mathematics","All Students","18","31","20","26.10","44.90","29.00","69","50.70"
"18 - 19 School Year","63","Oakland Schools","63150","Troy School District","02618","Morse Elementary School","63","Oakland","LEA School","Elementary","City: Small","Oakland Region","5","04","Mathematics","Economically Disadvantaged","< 10","< 10","< 10","36.40","31.80","31.80","22","53.60"
"18 - 19 School Year","63","Oakland Schools","63150","Troy School District","02618","Morse Elementary School","63","Oakland","LEA School","Elementary","City: Small","Oakland Region","5","04","Mathematics","Not Economically Disadvantaged","10","24","13","21.30","51.10","27.70","47","49.40"
"18 - 19 School Year","63","Oakland Schools","63150","Troy School District","02618","Morse Elementary School","63","Oakland","LEA School","Elementary","City: Small","Oakland Region","5","04","Mathematics","Native Hawaiian or Other Pacific Islander","< 10","< 10","< 10","< 10","< 10","< 10","< 10","< 10"
"18 - 19 School Year","63","Oakland Schools","63150","Troy School District","02618","Morse Elementary School","63","Oakland","LEA School","Elementary","City: Small","Oakland Region","5","04","Mathematics","Black, not of Hispanic origin","< 10","< 10","< 10","< 10","< 10","< 10","< 10","< 10"
"18 - 19 School Year","63","Oakland Schools","63150","Troy School District","02618","Morse Elementary School","63","Oakland","LEA School","Elementary","City: Small","Oakland Region","5","04","Mathematics","Hispanic","< 10","< 10","< 10","< 10","< 10","< 10","< 10","< 10"
"18 - 19 School Year","63","Oakland Schools","63150","Troy School District","02618","Morse Elementary School","63","Oakland","LEA School","Elementary","City: Small","Oakland Region","5","04","Mathematics","White, not of Hispanic origin","< 10","14","< 10","23.30","46.70","30.00","30","49.00"
"18 - 19 School Year","63","Oakland Schools","63150","Troy School District","02618","Morse Elementary School","63","Oakland","LEA School","Elementary","City: Small","Oakland Region","5","04","Mathematics","Two or More Races","< 10","< 10","< 10","< 10","< 10","< 10","< 10","< 10"
"18 - 19 School Year","63","Oakland Schools","63150","Troy School District","02618","Morse Elementary School","63","Oakland","LEA School","Elementary","City: Small","Oakland Region","5","04","Mathematics","Asian","< 10","16","< 10","29.00","51.60","19.40","31","56.40"
"18 - 19 School Year","63","Oakland Schools","63150","Troy School District","02618","Morse Elementary School","63","Oakland","LEA School","Elementary","City: Small","Oakland Region","5","04","Mathematics","Male","< 10","21","< 10","23.50","61.80","14.70","34","54.30"
"18 - 19 School Year","63","Oakland Schools","63150","Troy School District","02618","Morse Elementary School","63","Oakland","LEA School","Elementary","City: Small","Oakland Region","5","04","Mathematics","Female","10","10","15","28.60","28.60","42.90","35","47.30"
"18 - 19 School Year","63","Oakland Schools","63150","Troy School District","02618","Morse Elementary School","63","Oakland","LEA School","Elementary","City: Small","Oakland Region","5","04","Mathematics","English Learners","< 10","12","< 10","23.10","46.20","30.80","26","50.10"
"18 - 19 School Year","63","Oakland Schools","63150","Troy School District","02618","Morse Elementary School","63","Oakland","LEA School","Elementary","City: Small","Oakland Region","5","04","Mathematics","Not English Learners","12","19","12","27.90","44.20","27.90","43","51.10"
"18 - 19 School Year","63","Oakland Schools","63150","Troy School District","02618","Morse Elementary School","63","Oakland","LEA School","Elementary","City: Small","Oakland Region","5","04","Mathematics","Not Migrant","18","31","20","26.10","44.90","29.00","69","50.70"
"18 - 19 School Year","63","Oakland Schools","63150","Troy School District","02618","Morse Elementary School","63","Oakland","LEA School","Elementary","City: Small","Oakland Region","5","All Grades","Mathematics","All Students","55","57","32","38.20","39.60","22.20","144","58.50"
"18 - 19 School Year","63","Oakland Schools","63150","Troy School District","02618","Morse Elementary School","63","Oakland","LEA School","Elementary","City: Small","Oakland Region","5","All Grades","Mathematics","Economically Disadvantaged","18","21","13","34.60","40.40","25.00","52","55.60"
"18 - 19 School Year","63","Oakland Schools","63150","Troy School District","02618","Morse Elementary School","63","Oakland","LEA School","Elementary","City: Small","Oakland Region","5","All Grades","Mathematics","Not Economically Disadvantaged","37","36","19","40.20","39.10","20.70","92","60.10"
"18 - 19 School Year","63","Oakland Schools","63150","Troy School District","02618","Morse Elementary School","63","Oakland","LEA School","Elementary","City: Small","Oakland Region","5","All Grades","Mathematics","Native Hawaiian or Other Pacific Islander","< 10","< 10","< 10","< 10","< 10","< 10","< 10","< 10"
"18 - 19 School Year","63","Oakland Schools","63150","Troy School District","02618","Morse Elementary School","63","Oakland","LEA School","Elementary","City: Small","Oakland Region","5","All Grades","Mathematics","Black, not of Hispanic origin","< 10","< 10","< 10","15.40","38.50","46.20","13","42.50"
"18 - 19 School Year","63","Oakland Schools","63150","Troy School District","02618","Morse Elementary School","63","Oakland","LEA School","Elementary","City: Small","Oakland Region","5","All Grades","Mathematics","Hispanic","< 10","< 10","< 10","40.00","30.00","30.00","10","54.30"
"18 - 19 School Year","63","Oakland Schools","63150","Troy School District","02618","Morse Elementary School","63","Oakland","LEA School","Elementary","City: Small","Oakland Region","5","All Grades","Mathematics","White, not of Hispanic origin","23","30","10","36.50","47.60","15.90","63","60.10"
"18 - 19 School Year","63","Oakland Schools","63150","Troy School District","02618","Morse Elementary School","63","Oakland","LEA School","Elementary","City: Small","Oakland Region","5","05","English Language Arts","Students with Disabilities","< 10","< 10","< 10","< 10","< 10","< 10","< 10","< 10"
"18 - 19 School Year","63","Oakland Schools","63150","Troy School District","02618","Morse Elementary School","63","Oakland","LEA School","Elementary","City: Small","Oakland Region","5","04","English Language Arts","Students with Disabilities","< 10","< 10","< 10","18.20","45.50","36.40","11","40.50"
"18 - 19 School Year","63","Oakland Schools","63150","Troy School District","02618","Morse Elementary School","63","Oakland","LEA School","Elementary","City: Small","Oakland Region","5","All Grades","English Language Arts","Students with Disabilities","< 10","< 10","< 10","27.80","27.80","44.40","18","40.60"
"18 - 19 School Year","63","Oakland Schools","63150","Troy School District","03715","Hamilton Elementary School","63","Oakland","LEA School","Elementary","City: Small","Oakland Region","5","All Grades","English Language Arts","Students without Disabilities","95","47","20","58.60","29.00","12.30","162","68.50"
"18 - 19 School Year","63","Oakland Schools","63150","Troy School District","03715","Hamilton Elementary School","63","Oakland","LEA School","Elementary","City: Small","Oakland Region","5","All Grades","Mathematics","Students without Disabilities","99","45","21","60.00","27.30","12.70","165","68.70"
"18 - 19 School Year","63","Oakland Schools","63150","Troy School District","03715","Hamilton Elementary School","63","Oakland","LEA School","Elementary","City: Small","Oakland Region","5","04","English Language Arts","Students without Disabilities","50","22","< 10","64.90","28.60","6.50","77","73.50"
"18 - 19 School Year","63","Oakland Schools","63150","Troy School District","03715","Hamilton Elementary School","63","Oakland","LEA School","Elementary","City: Small","Oakland Region","5","All Grades","English Language Arts","All Students","100","51","22","57.80","29.50","12.70","173","68.00"
"18 - 19 School Year","63","Oakland Schools","63150","Troy School District","03715","Hamilton Elementary School","63","Oakland","LEA School","Elementary","City: Small","Oakland Region","5","All Grades","English Language Arts","Economically Disadvantaged","< 10","< 10","< 10","52.90","29.40","17.60","17","64.40"
"18 - 19 School Year","63","Oakland Schools","63150","Troy School District","03715","Hamilton Elementary School","63","Oakland","LEA School","Elementary","City: Small","Oakland Region","5","All Grades","English Language Arts","Not Economically Disadvantaged","91","46","19","58.30","29.50","12.20","156","68.40"
"18 - 19 School Year","63","Oakland Schools","63150","Troy School District","03715","Hamilton Elementary School","63","Oakland","LEA School","Elementary","City: Small","Oakland Region","5","05","English Language Arts","Students without Disabilities","45","25","15","52.90","29.40","17.60","85","63.90"
"18 - 19 School Year","63","Oakland Schools","63150","Troy School District","03715","Hamilton Elementary School","63","Oakland","LEA School","Elementary","City: Small","Oakland Region","5","05","Mathematics","Students without Disabilities","48","24","14","55.80","27.90","16.30","86","66.40"
"18 - 19 School Year","63","Oakland Schools","63150","Troy School District","03715","Hamilton Elementary School","63","Oakland","LEA School","Elementary","City: Small","Oakland Region","5","04","Mathematics","Students without Disabilities","51","21","< 10","64.60","26.60","8.90","79","71.20"
"18 - 19 School Year","63","Oakland Schools","63150","Troy School District","03715","Hamilton Elementary School","63","Oakland","LEA School","Elementary","City: Small","Oakland Region","5","04","Mathematics","Students with Disabilities","< 10","< 10","< 10","< 10","< 10","< 10","< 10","< 10"
"18 - 19 School Year","63","Oakland Schools","63150","Troy School District","03715","Hamilton Elementary School","63","Oakland","LEA School","Elementary","City: Small","Oakland Region","5","05","Mathematics","Students with Disabilities","< 10","< 10","< 10","< 10","< 10","< 10","< 10","< 10"
"18 - 19 School Year","63","Oakland Schools","63150","Troy School District","03715","Hamilton Elementary School","63","Oakland","LEA School","Elementary","City: Small","Oakland Region","5","All Grades","Mathematics","Students with Disabilities","< 10","< 10","< 10","18.20","54.50","27.30","11","47.50"
"18 - 19 School Year","63","Oakland Schools","63150","Troy School District","03715","Hamilton Elementary School","63","Oakland","LEA School","Elementary","City: Small","Oakland Region","5","04","English Language Arts","Students with Disabilities","< 10","< 10","< 10","< 10","< 10","< 10","< 10","< 10"
"18 - 19 School Year","63","Oakland Schools","63150","Troy School District","03715","Hamilton Elementary School","63","Oakland","LEA School","Elementary","City: Small","Oakland Region","5","05","English Language Arts","Students with Disabilities","< 10","< 10","< 10","< 10","< 10","< 10","< 10","< 10"
"18 - 19 School Year","63","Oakland Schools","63150","Troy School District","03715","Hamilton Elementary School","63","Oakland","LEA School","Elementary","City: Small","Oakland Region","5","All Grades","English Language Arts","Students with Disabilities","< 10","< 10","< 10","45.50","36.40","18.20","11","60.70"
"18 - 19 School Year","63","Oakland Schools","63150","Troy School District","03715","Hamilton Elementary School","63","Oakland","LEA School","Elementary","City: Small","Oakland Region","5","05","English Language Arts","Not Migrant","47","28","17","51.10","30.40","18.50","92","62.60"
"18 - 19 School Year","63","Oakland Schools","63150","Troy School District","03715","Hamilton Elementary School","63","Oakland","LEA School","Elementary","City: Small","Oakland Region","5","05","English Language Arts","Not English Learners","43","25","16","51.20","29.80","19.00","84","62.40"
"18 - 19 School Year","63","Oakland Schools","63150","Troy School District","03715","Hamilton Elementary School","63","Oakland","LEA School","Elementary","City: Small","Oakland Region","5","05","English Language Arts","English Learners","< 10","< 10","< 10","< 10","< 10","< 10","< 10","< 10"
"18 - 19 School Year","63","Oakland Schools","63150","Troy School District","03715","Hamilton Elementary School","63","Oakland","LEA School","Elementary","City: Small","Oakland Region","5","05","English Language Arts","Female","22","10","< 10","59.50","27.00","13.50","37","70.20"
"18 - 19 School Year","63","Oakland Schools","63150","Troy School District","03715","Hamilton Elementary School","63","Oakland","LEA School","Elementary","City: Small","Oakland Region","5","05","English Language Arts","Male","25","18","12","45.50","32.70","21.80","55","57.50"
"18 - 19 School Year","63","Oakland Schools","63150","Troy School District","03715","Hamilton Elementary School","63","Oakland","LEA School","Elementary","City: Small","Oakland Region","5","05","English Language Arts","Asian","23","16","< 10","51.10","35.60","13.30","45","65.40"
"18 - 19 School Year","63","Oakland Schools","63150","Troy School District","03715","Hamilton Elementary School","63","Oakland","LEA School","Elementary","City: Small","Oakland Region","5","05","English Language Arts","Two or More Races","< 10","< 10","< 10","< 10","< 10","< 10","< 10","< 10"
"18 - 19 School Year","63","Oakland Schools","63150","Troy School District","03715","Hamilton Elementary School","63","Oakland","LEA School","Elementary","City: Small","Oakland Region","5","05","English Language Arts","White, not of Hispanic origin","17","< 10","< 10","48.60","25.70","25.70","35","57.90"
"18 - 19 School Year","63","Oakland Schools","63150","Troy School District","03715","Hamilton Elementary School","63","Oakland","LEA School","Elementary","City: Small","Oakland Region","5","05","English Language Arts","Hispanic","< 10","< 10","< 10","< 10","< 10","< 10","< 10","< 10"
"18 - 19 School Year","63","Oakland Schools","63150","Troy School District","03715","Hamilton Elementary School","63","Oakland","LEA School","Elementary","City: Small","Oakland Region","5","05","English Language Arts","Black, not of Hispanic origin","< 10","< 10","< 10","< 10","< 10","< 10","< 10","< 10"
"18 - 19 School Year","63","Oakland Schools","63150","Troy School District","03715","Hamilton Elementary School","63","Oakland","LEA School","Elementary","City: Small","Oakland Region","5","05","English Language Arts","Not Economically Disadvantaged","44","25","14","53.00","30.10","16.90","83","63.90"
"18 - 19 School Year","63","Oakland Schools","63150","Troy School District","03715","Hamilton Elementary School","63","Oakland","LEA School","Elementary","City: Small","Oakland Region","5","05","English Language Arts","Economically Disadvantaged","< 10","< 10","< 10","< 10","< 10","< 10","< 10","< 10"
"18 - 19 School Year","63","Oakland Schools","63150","Troy School District","03715","Hamilton Elementary School","63","Oakland","LEA School","Elementary","City: Small","Oakland Region","5","05","English Language Arts","All Students","47","28","17","51.10","30.40","18.50","92","62.60"
"18 - 19 School Year","63","Oakland Schools","63150","Troy School District","03715","Hamilton Elementary School","63","Oakland","LEA School","Elementary","City: Small","Oakland Region","5","04","English Language Arts","Not Migrant","53","23","< 10","65.40","28.40","6.20","81","74.10"
"18 - 19 School Year","63","Oakland Schools","63150","Troy School District","03715","Hamilton Elementary School","63","Oakland","LEA School","Elementary","City: Small","Oakland Region","5","04","English Language Arts","Not English Learners","45","19","< 10","66.20","27.90","5.90","68","74.80"
"18 - 19 School Year","63","Oakland Schools","63150","Troy School District","03715","Hamilton Elementary School","63","Oakland","LEA School","Elementary","City: Small","Oakland Region","5","04","English Language Arts","English Learners","< 10","< 10","< 10","61.50","30.80","7.70","13","70.30"
"18 - 19 School Year","63","Oakland Schools","63150","Troy School District","03715","Hamilton Elementary School","63","Oakland","LEA School","Elementary","City: Small","Oakland Region","5","04","English Language Arts","Female","34","10","< 10","72.30","21.30","6.40","47","76.50"
"18 - 19 School Year","63","Oakland Schools","63150","Troy School District","03715","Hamilton Elementary School","63","Oakland","LEA School","Elementary","City: Small","Oakland Region","5","04","English Language Arts","Male","19","13","< 10","55.90","38.20","5.90","34","70.80"
"18 - 19 School Year","63","Oakland Schools","63150","Troy School District","03715","Hamilton Elementary School","63","Oakland","LEA School","Elementary","City: Small","Oakland Region","5","04","English Language Arts","Asian","22","< 10","< 10","71.00","29.00","< 5","31","78.50"
"18 - 19 School Year","63","Oakland Schools","63150","Troy School District","03715","Hamilton Elementary School","63","Oakland","LEA School","Elementary","City: Small","Oakland Region","5","All Grades","English Language Arts","Not Migrant","100","51","22","57.80","29.50","12.70","173","68.00"
"18 - 19 School Year","63","Oakland Schools","63150","Troy School District","03715","Hamilton Elementary School","63","Oakland","LEA School","Elementary","City: Small","Oakland Region","5","All Grades","English Language Arts","Not English Learners","88","44","20","57.90","28.90","13.20","152","68.00"
"18 - 19 School Year","63","Oakland Schools","63150","Troy School District","03715","Hamilton Elementary School","63","Oakland","LEA School","Elementary","City: Small","Oakland Region","5","All Grades","English Language Arts","English Learners","12","< 10","< 10","57.10","33.30","9.50","21","68.30"
"18 - 19 School Year","63","Oakland Schools","63150","Troy School District","03715","Hamilton Elementary School","63","Oakland","LEA School","Elementary","City: Small","Oakland Region","5","All Grades","English Language Arts","Female","56","20","< 10","66.70","23.80","9.50","84","73.70"
"18 - 19 School Year","63","Oakland Schools","63150","Troy School District","03715","Hamilton Elementary School","63","Oakland","LEA School","Elementary","City: Small","Oakland Region","5","All Grades","English Language Arts","Male","44","31","14","49.40","34.80","15.70","89","62.60"
"18 - 19 School Year","63","Oakland Schools","63150","Troy School District","03715","Hamilton Elementary School","63","Oakland","LEA School","Elementary","City: Small","Oakland Region","5","All Grades","English Language Arts","Asian","45","25","< 10","59.20","32.90","7.90","76","70.70"
"18 - 19 School Year","63","Oakland Schools","63150","Troy School District","03715","Hamilton Elementary School","63","Oakland","LEA School","Elementary","City: Small","Oakland Region","5","All Grades","English Language Arts","Two or More Races","< 10","< 10","< 10","< 10","< 10","< 10","< 10","< 10"
"18 - 19 School Year","63","Oakland Schools","63150","Troy School District","03715","Hamilton Elementary School","63","Oakland","LEA School","Elementary","City: Small","Oakland Region","5","All Grades","English Language Arts","White, not of Hispanic origin","43","18","12","58.90","24.70","16.40","73","66.80"
"18 - 19 School Year","63","Oakland Schools","63150","Troy School District","03715","Hamilton Elementary School","63","Oakland","LEA School","Elementary","City: Small","Oakland Region","5","All Grades","English Language Arts","Hispanic","< 10","< 10","< 10","< 10","< 10","< 10","< 10","< 10"
"18 - 19 School Year","63","Oakland Schools","63150","Troy School District","03715","Hamilton Elementary School","63","Oakland","LEA School","Elementary","City: Small","Oakland Region","5","All Grades","English Language Arts","Black, not of Hispanic origin","< 10","< 10","< 10","< 10","< 10","< 10","< 10","< 10"
"18 - 19 School Year","63","Oakland Schools","63150","Troy School District","03715","Hamilton Elementary School","63","Oakland","LEA School","Elementary","City: Small","Oakland Region","5","All Grades","Mathematics","Not English Learners","85","44","23","55.90","28.90","15.10","152","66.40"
"18 - 19 School Year","63","Oakland Schools","63150","Troy School District","03715","Hamilton Elementary School","63","Oakland","LEA School","Elementary","City: Small","Oakland Region","5","All Grades","Mathematics","English Learners","16","< 10","< 10","66.70","29.20","< 5","24","73.30"
"18 - 19 School Year","63","Oakland Schools","63150","Troy School District","03715","Hamilton Elementary School","63","Oakland","LEA School","Elementary","City: Small","Oakland Region","5","All Grades","Mathematics","Female","56","22","< 10","65.10","25.60","9.30","86","72.40"
"18 - 19 School Year","63","Oakland Schools","63150","Troy School District","03715","Hamilton Elementary School","63","Oakland","LEA School","Elementary","City: Small","Oakland Region","5","All Grades","Mathematics","Male","45","29","16","50.00","32.20","17.80","90","62.50"
"18 - 19 School Year","63","Oakland Schools","63150","Troy School District","03715","Hamilton Elementary School","63","Oakland","LEA School","Elementary","City: Small","Oakland Region","5","All Grades","Mathematics","Asian","51","22","< 10","64.60","27.80","7.60","79","72.50"
"18 - 19 School Year","63","Oakland Schools","63150","Troy School District","03715","Hamilton Elementary School","63","Oakland","LEA School","Elementary","City: Small","Oakland Region","5","All Grades","Mathematics","Two or More Races","< 10","< 10","< 10","< 10","< 10","< 10","< 10","< 10"
"18 - 19 School Year","63","Oakland Schools","63150","Troy School District","03715","Hamilton Elementary School","63","Oakland","LEA School","Elementary","City: Small","Oakland Region","5","All Grades","Mathematics","White, not of Hispanic origin","36","24","13","49.30","32.90","17.80","73","63.40"
"18 - 19 School Year","63","Oakland Schools","63150","Troy School District","03715","Hamilton Elementary School","63","Oakland","LEA School","Elementary","City: Small","Oakland Region","5","All Grades","Mathematics","Hispanic","< 10","< 10","< 10","< 10","< 10","< 10","< 10","< 10"
"18 - 19 School Year","63","Oakland Schools","63150","Troy School District","03715","Hamilton Elementary School","63","Oakland","LEA School","Elementary","City: Small","Oakland Region","5","All Grades","Mathematics","Black, not of Hispanic origin","< 10","< 10","< 10","< 10","< 10","< 10","< 10","< 10"
"18 - 19 School Year","63","Oakland Schools","63150","Troy School District","03715","Hamilton Elementary School","63","Oakland","LEA School","Elementary","City: Small","Oakland Region","5","All Grades","Mathematics","Not Economically Disadvantaged","96","44","19","60.40","27.70","11.90","159","69.20"
"18 - 19 School Year","63","Oakland Schools","63150","Troy School District","03715","Hamilton Elementary School","63","Oakland","LEA School","Elementary","City: Small","Oakland Region","5","All Grades","Mathematics","Economically Disadvantaged","< 10","< 10","< 10","29.40","41.20","29.40","17","49.50"
"18 - 19 School Year","63","Oakland Schools","63150","Troy School District","03715","Hamilton Elementary School","63","Oakland","LEA School","Elementary","City: Small","Oakland Region","5","All Grades","Mathematics","All Students","101","51","24","57.40","29.00","13.60","176","67.30"
"18 - 19 School Year","63","Oakland Schools","63150","Troy School District","03715","Hamilton Elementary School","63","Oakland","LEA School","Elementary","City: Small","Oakland Region","5","04","English Language Arts","All Students","53","23","< 10","65.40","28.40","6.20","81","74.10"
"18 - 19 School Year","63","Oakland Schools","63150","Troy School District","03715","Hamilton Elementary School","63","Oakland","LEA School","Elementary","City: Small","Oakland Region","5","04","English Language Arts","Economically Disadvantaged","< 10","< 10","< 10","< 10","< 10","< 10","< 10","< 10"
"18 - 19 School Year","63","Oakland Schools","63150","Troy School District","03715","Hamilton Elementary School","63","Oakland","LEA School","Elementary","City: Small","Oakland Region","5","04","English Language Arts","Not Economically Disadvantaged","47","21","< 10","64.40","28.80","6.80","73","73.50"
"18 - 19 School Year","63","Oakland Schools","63150","Troy School District","03715","Hamilton Elementary School","63","Oakland","LEA School","Elementary","City: Small","Oakland Region","5","04","English Language Arts","Black, not of Hispanic origin","< 10","< 10","< 10","< 10","< 10","< 10","< 10","< 10"
"18 - 19 School Year","63","Oakland Schools","63150","Troy School District","03715","Hamilton Elementary School","63","Oakland","LEA School","Elementary","City: Small","Oakland Region","5","04","English Language Arts","Hispanic","< 10","< 10","< 10","< 10","< 10","< 10","< 10","< 10"
"18 - 19 School Year","63","Oakland Schools","63150","Troy School District","03715","Hamilton Elementary School","63","Oakland","LEA School","Elementary","City: Small","Oakland Region","5","04","English Language Arts","White, not of Hispanic origin","26","< 10","< 10","68.40","23.70","7.90","38","74.90"
"18 - 19 School Year","63","Oakland Schools","63150","Troy School District","03715","Hamilton Elementary School","63","Oakland","LEA School","Elementary","City: Small","Oakland Region","5","04","English Language Arts","Two or More Races","< 10","< 10","< 10","< 10","< 10","< 10","< 10","< 10"
"18 - 19 School Year","63","Oakland Schools","63150","Troy School District","03715","Hamilton Elementary School","63","Oakland","LEA School","Elementary","City: Small","Oakland Region","5","All Grades","Mathematics","Not Migrant","101","51","24","57.40","29.00","13.60","176","67.30"
"18 - 19 School Year","63","Oakland Schools","63150","Troy School District","03715","Hamilton Elementary School","63","Oakland","LEA School","Elementary","City: Small","Oakland Region","5","05","Mathematics","Not English Learners","41","26","17","48.80","31.00","20.20","84","62.20"
"18 - 19 School Year","63","Oakland Schools","63150","Troy School District","03715","Hamilton Elementary School","63","Oakland","LEA School","Elementary","City: Small","Oakland Region","5","05","Mathematics","English Learners","< 10","< 10","< 10","< 10","< 10","< 10","< 10","< 10"
"18 - 19 School Year","63","Oakland Schools","63150","Troy School District","03715","Hamilton Elementary School","63","Oakland","LEA School","Elementary","City: Small","Oakland Region","5","05","Mathematics","Female","22","12","< 10","59.50","32.40","8.10","37","71.10"
"18 - 19 School Year","63","Oakland Schools","63150","Troy School District","03715","Hamilton Elementary School","63","Oakland","LEA School","Elementary","City: Small","Oakland Region","5","05","Mathematics","Male","26","16","14","46.40","28.60","25.00","56","59.60"
"18 - 19 School Year","63","Oakland Schools","63150","Troy School District","03715","Hamilton Elementary School","63","Oakland","LEA School","Elementary","City: Small","Oakland Region","5","05","Mathematics","Asian","29","13","< 10","63.00","28.30","8.70","46","71.80"
"18 - 19 School Year","63","Oakland Schools","63150","Troy School District","03715","Hamilton Elementary School","63","Oakland","LEA School","Elementary","City: Small","Oakland Region","5","05","Mathematics","Two or More Races","< 10","< 10","< 10","< 10","< 10","< 10","< 10","< 10"
"18 - 19 School Year","63","Oakland Schools","63150","Troy School District","03715","Hamilton Elementary School","63","Oakland","LEA School","Elementary","City: Small","Oakland Region","5","05","Mathematics","White, not of Hispanic origin","12","13","10","34.30","37.10","28.60","35","54.90"
"18 - 19 School Year","63","Oakland Schools","63150","Troy School District","03715","Hamilton Elementary School","63","Oakland","LEA School","Elementary","City: Small","Oakland Region","5","05","Mathematics","Hispanic","< 10","< 10","< 10","< 10","< 10","< 10","< 10","< 10"
"18 - 19 School Year","63","Oakland Schools","63150","Troy School District","03715","Hamilton Elementary School","63","Oakland","LEA School","Elementary","City: Small","Oakland Region","5","05","Mathematics","Black, not of Hispanic origin","< 10","< 10","< 10","< 10","< 10","< 10","< 10","< 10"
"18 - 19 School Year","63","Oakland Schools","63150","Troy School District","03715","Hamilton Elementary School","63","Oakland","LEA School","Elementary","City: Small","Oakland Region","5","05","Mathematics","Not Economically Disadvantaged","48","24","12","57.10","28.60","14.30","84","67.80"
"18 - 19 School Year","63","Oakland Schools","63150","Troy School District","03715","Hamilton Elementary School","63","Oakland","LEA School","Elementary","City: Small","Oakland Region","5","05","Mathematics","Economically Disadvantaged","< 10","< 10","< 10","< 10","< 10","< 10","< 10","< 10"
"18 - 19 School Year","63","Oakland Schools","63150","Troy School District","03715","Hamilton Elementary School","63","Oakland","LEA School","Elementary","City: Small","Oakland Region","5","05","Mathematics","All Students","48","28","17","51.60","30.10","18.30","93","64.20"
"18 - 19 School Year","63","Oakland Schools","63150","Troy School District","03715","Hamilton Elementary School","63","Oakland","LEA School","Elementary","City: Small","Oakland Region","5","05","Mathematics","Not Migrant","48","28","17","51.60","30.10","18.30","93","64.20"
"18 - 19 School Year","63","Oakland Schools","63150","Troy School District","03715","Hamilton Elementary School","63","Oakland","LEA School","Elementary","City: Small","Oakland Region","5","04","Mathematics","All Students","53","23","< 10","63.90","27.70","8.40","83","70.90"
"18 - 19 School Year","63","Oakland Schools","63150","Troy School District","03715","Hamilton Elementary School","63","Oakland","LEA School","Elementary","City: Small","Oakland Region","5","04","Mathematics","Economically Disadvantaged","< 10","< 10","< 10","< 10","< 10","< 10","< 10","< 10"
"18 - 19 School Year","63","Oakland Schools","63150","Troy School District","03715","Hamilton Elementary School","63","Oakland","LEA School","Elementary","City: Small","Oakland Region","5","04","Mathematics","Not Economically Disadvantaged","48","20","< 10","64.00","26.70","9.30","75","70.80"
"18 - 19 School Year","63","Oakland Schools","63150","Troy School District","03715","Hamilton Elementary School","63","Oakland","LEA School","Elementary","City: Small","Oakland Region","5","04","Mathematics","Black, not of Hispanic origin","< 10","< 10","< 10","< 10","< 10","< 10","< 10","< 10"
"18 - 19 School Year","63","Oakland Schools","63150","Troy School District","03715","Hamilton Elementary School","63","Oakland","LEA School","Elementary","City: Small","Oakland Region","5","04","Mathematics","Hispanic","< 10","< 10","< 10","< 10","< 10","< 10","< 10","< 10"
"18 - 19 School Year","63","Oakland Schools","63150","Troy School District","03715","Hamilton Elementary School","63","Oakland","LEA School","Elementary","City: Small","Oakland Region","5","04","Mathematics","White, not of Hispanic origin","24","11","< 10","63.20","28.90","7.90","38","71.20"
"18 - 19 School Year","63","Oakland Schools","63150","Troy School District","03715","Hamilton Elementary School","63","Oakland","LEA School","Elementary","City: Small","Oakland Region","5","04","Mathematics","Two or More Races","< 10","< 10","< 10","< 10","< 10","< 10","< 10","< 10"
"18 - 19 School Year","63","Oakland Schools","63150","Troy School District","03715","Hamilton Elementary School","63","Oakland","LEA School","Elementary","City: Small","Oakland Region","5","04","Mathematics","Asian","22","< 10","< 10","66.70","27.30","6.10","33","73.50"
"18 - 19 School Year","63","Oakland Schools","63150","Troy School District","03715","Hamilton Elementary School","63","Oakland","LEA School","Elementary","City: Small","Oakland Region","5","04","Mathematics","Male","19","13","< 10","55.90","38.20","5.90","34","67.10"
"18 - 19 School Year","63","Oakland Schools","63150","Troy School District","03715","Hamilton Elementary School","63","Oakland","LEA School","Elementary","City: Small","Oakland Region","5","04","Mathematics","Female","34","10","< 10","69.40","20.40","10.20","49","73.50"
"18 - 19 School Year","63","Oakland Schools","63150","Troy School District","03715","Hamilton Elementary School","63","Oakland","LEA School","Elementary","City: Small","Oakland Region","5","04","Mathematics","English Learners","< 10","< 10","< 10","60.00","33.30","6.70","15","67.60"
"18 - 19 School Year","63","Oakland Schools","63150","Troy School District","03715","Hamilton Elementary School","63","Oakland","LEA School","Elementary","City: Small","Oakland Region","5","04","Mathematics","Not English Learners","44","18","< 10","64.70","26.50","8.80","68","71.60"
"18 - 19 School Year","63","Oakland Schools","63150","Troy School District","03715","Hamilton Elementary School","63","Oakland","LEA School","Elementary","City: Small","Oakland Region","5","04","Mathematics","Not Migrant","53","23","< 10","63.90","27.70","8.40","83","70.90"
"18 - 19 School Year","63","Oakland Schools","63150","Troy School District","04226","Troy High School","63","Oakland","LEA School","High School","City: Small","Oakland Region","5","11","English Language Arts","Students without Disabilities","208","149","58","50.10","35.90","14.00","415","65.20"
"18 - 19 School Year","63","Oakland Schools","63150","Troy School District","04226","Troy High School","63","Oakland","LEA School","High School","City: Small","Oakland Region","5","All Grades","English Language Arts","Students without Disabilities","208","149","58","50.10","35.90","14.00","415","65.20"
"18 - 19 School Year","63","Oakland Schools","63150","Troy School District","04226","Troy High School","63","Oakland","LEA School","High School","City: Small","Oakland Region","5","11","Mathematics","Students without Disabilities","195","158","64","46.80","37.90","15.30","417","63.30"
"18 - 19 School Year","63","Oakland Schools","63150","Troy School District","04226","Troy High School","63","Oakland","LEA School","High School","City: Small","Oakland Region","5","All Grades","Mathematics","Students without Disabilities","195","158","64","46.80","37.90","15.30","417","63.30"
"18 - 19 School Year","63","Oakland Schools","63150","Troy School District","04226","Troy High School","63","Oakland","LEA School","High School","City: Small","Oakland Region","5","All Grades","Social Studies","Students without Disabilities","123","152","140","29.60","36.60","33.70","415","47.90"
"18 - 19 School Year","63","Oakland Schools","63150","Troy School District","04226","Troy High School","63","Oakland","LEA School","High School","City: Small","Oakland Region","5","11","Social Studies","Students without Disabilities","123","152","140","29.60","36.60","33.70","415","47.90"
"18 - 19 School Year","63","Oakland Schools","63150","Troy School District","04226","Troy High School","63","Oakland","LEA School","High School","City: Small","Oakland Region","5","All Grades","Social Studies","Not Migrant","127","161","149","29.10","36.80","34.10","437","47.50"
"18 - 19 School Year","63","Oakland Schools","63150","Troy School District","04226","Troy High School","63","Oakland","LEA School","High School","City: Small","Oakland Region","5","All Grades","Social Studies","Not English Learners","127","158","145","29.50","36.70","33.70","430","47.80"
"18 - 19 School Year","63","Oakland Schools","63150","Troy School District","04226","Troy High School","63","Oakland","LEA School","High School","City: Small","Oakland Region","5","All Grades","Social Studies","English Learners","< 10","< 10","< 10","< 10","< 10","< 10","< 10","< 10"
"18 - 19 School Year","63","Oakland Schools","63150","Troy School District","04226","Troy High School","63","Oakland","LEA School","High School","City: Small","Oakland Region","5","All Grades","Social Studies","Female","52","91","77","23.60","41.40","35.00","220","44.40"
"18 - 19 School Year","63","Oakland Schools","63150","Troy School District","04226","Troy High School","63","Oakland","LEA School","High School","City: Small","Oakland Region","5","All Grades","Social Studies","Male","75","70","72","34.60","32.30","33.20","217","50.60"
"18 - 19 School Year","63","Oakland Schools","63150","Troy School District","04226","Troy High School","63","Oakland","LEA School","High School","City: Small","Oakland Region","5","All Grades","Social Studies","Asian","59","64","48","34.50","37.40","28.10","171","51.60"
"18 - 19 School Year","63","Oakland Schools","63150","Troy School District","04226","Troy High School","63","Oakland","LEA School","High School","City: Small","Oakland Region","5","All Grades","Social Studies","Two or More Races","< 10","< 10","< 10","14.30","50.00","35.70","14","39.50"
"18 - 19 School Year","63","Oakland Schools","63150","Troy School District","04226","Troy High School","63","Oakland","LEA School","High School","City: Small","Oakland Region","5","All Grades","Social Studies","White, not of Hispanic origin","54","84","89","23.80","37.00","39.20","227","43.80"
"18 - 19 School Year","63","Oakland Schools","63150","Troy School District","04226","Troy High School","63","Oakland","LEA School","High School","City: Small","Oakland Region","5","All Grades","Social Studies","Hispanic","< 10","< 10","< 10","< 10","< 10","< 10","< 10","< 10"
"18 - 19 School Year","63","Oakland Schools","63150","Troy School District","04226","Troy High School","63","Oakland","LEA School","High School","City: Small","Oakland Region","5","All Grades","Social Studies","Black, not of Hispanic origin","< 10","< 10","< 10","56.30","18.80","25.00","16","62.30"
"18 - 19 School Year","63","Oakland Schools","63150","Troy School District","04226","Troy High School","63","Oakland","LEA School","High School","City: Small","Oakland Region","5","All Grades","Social Studies","Not Economically Disadvantaged","103","141","130","27.50","37.70","34.80","374","46.80"
"18 - 19 School Year","63","Oakland Schools","63150","Troy School District","04226","Troy High School","63","Oakland","LEA School","High School","City: Small","Oakland Region","5","All Grades","Social Studies","Economically Disadvantaged","24","20","19","38.10","31.70","30.20","63","51.60"
"18 - 19 School Year","63","Oakland Schools","63150","Troy School District","04226","Troy High School","63","Oakland","LEA School","High School","City: Small","Oakland Region","5","All Grades","Social Studies","All Students","127","161","149","29.10","36.80","34.10","437","47.50"
"18 - 19 School Year","63","Oakland Schools","63150","Troy School District","04226","Troy High School","63","Oakland","LEA School","High School","City: Small","Oakland Region","5","11","Social Studies","Not Migrant","127","161","149","29.10","36.80","34.10","437","47.50"
"18 - 19 School Year","63","Oakland Schools","63150","Troy School District","04226","Troy High School","63","Oakland","LEA School","High School","City: Small","Oakland Region","5","11","Social Studies","Not English Learners","127","158","145","29.50","36.70","33.70","430","47.80"
"18 - 19 School Year","63","Oakland Schools","63150","Troy School District","04226","Troy High School","63","Oakland","LEA School","High School","City: Small","Oakland Region","5","11","Social Studies","English Learners","< 10","< 10","< 10","< 10","< 10","< 10","< 10","< 10"
"18 - 19 School Year","63","Oakland Schools","63150","Troy School District","04226","Troy High School","63","Oakland","LEA School","High School","City: Small","Oakland Region","5","11","Social Studies","Female","52","91","77","23.60","41.40","35.00","220","44.40"
"18 - 19 School Year","63","Oakland Schools","63150","Troy School District","04226","Troy High School","63","Oakland","LEA School","High School","City: Small","Oakland Region","5","11","Social Studies","Male","75","70","72","34.60","32.30","33.20","217","50.60"
"18 - 19 School Year","63","Oakland Schools","63150","Troy School District","04226","Troy High School","63","Oakland","LEA School","High School","City: Small","Oakland Region","5","11","Social Studies","Asian","59","64","48","34.50","37.40","28.10","171","51.60"
"18 - 19 School Year","63","Oakland Schools","63150","Troy School District","04226","Troy High School","63","Oakland","LEA School","High School","City: Small","Oakland Region","5","11","Social Studies","All Students","127","161","149","29.10","36.80","34.10","437","47.50"
"18 - 19 School Year","63","Oakland Schools","63150","Troy School District","04226","Troy High School","63","Oakland","LEA School","High School","City: Small","Oakland Region","5","11","Social Studies","Economically Disadvantaged","24","20","19","38.10","31.70","30.20","63","51.60"
"18 - 19 School Year","63","Oakland Schools","63150","Troy School District","04226","Troy High School","63","Oakland","LEA School","High School","City: Small","Oakland Region","5","11","Social Studies","Not Economically Disadvantaged","103","141","130","27.50","37.70","34.80","374","46.80"
"18 - 19 School Year","63","Oakland Schools","63150","Troy School District","04226","Troy High School","63","Oakland","LEA School","High School","City: Small","Oakland Region","5","11","Social Studies","Black, not of Hispanic origin","< 10","< 10","< 10","56.30","18.80","25.00","16","62.30"
"18 - 19 School Year","63","Oakland Schools","63150","Troy School District","04226","Troy High School","63","Oakland","LEA School","High School","City: Small","Oakland Region","5","11","Social Studies","Two or More Races","< 10","< 10","< 10","14.30","50.00","35.70","14","39.50"
"18 - 19 School Year","63","Oakland Schools","63150","Troy School District","04226","Troy High School","63","Oakland","LEA School","High School","City: Small","Oakland Region","5","11","Social Studies","White, not of Hispanic origin","54","84","89","23.80","37.00","39.20","227","43.80"
"18 - 19 School Year","63","Oakland Schools","63150","Troy School District","04226","Troy High School","63","Oakland","LEA School","High School","City: Small","Oakland Region","5","11","Social Studies","Hispanic","< 10","< 10","< 10","< 10","< 10","< 10","< 10","< 10"
"18 - 19 School Year","63","Oakland Schools","63150","Troy School District","04226","Troy High School","63","Oakland","LEA School","High School","City: Small","Oakland Region","5","All Grades","Mathematics","Students with Disabilities","12","< 10","< 10","54.50","27.30","18.20","22","62.30"
"18 - 19 School Year","63","Oakland Schools","63150","Troy School District","04226","Troy High School","63","Oakland","LEA School","High School","City: Small","Oakland Region","5","11","Mathematics","Students with Disabilities","12","< 10","< 10","54.50","27.30","18.20","22","62.30"
"18 - 19 School Year","63","Oakland Schools","63150","Troy School District","04226","Troy High School","63","Oakland","LEA School","High School","City: Small","Oakland Region","5","All Grades","English Language Arts","Students with Disabilities","11","< 10","< 10","50.00","31.80","18.20","22","61.30"
"18 - 19 School Year","63","Oakland Schools","63150","Troy School District","04226","Troy High School","63","Oakland","LEA School","High School","City: Small","Oakland Region","5","11","English Language Arts","Students with Disabilities","11","< 10","< 10","50.00","31.80","18.20","22","61.30"
"18 - 19 School Year","63","Oakland Schools","63150","Troy School District","04226","Troy High School","63","Oakland","LEA School","High School","City: Small","Oakland Region","5","11","English Language Arts","Not Migrant","219","156","62","50.10","35.70","14.20","437","65.00"
"18 - 19 School Year","63","Oakland Schools","63150","Troy School District","04226","Troy High School","63","Oakland","LEA School","High School","City: Small","Oakland Region","5","11","English Language Arts","Not English Learners","217","154","60","50.30","35.70","13.90","431","65.20"
"18 - 19 School Year","63","Oakland Schools","63150","Troy School District","04226","Troy High School","63","Oakland","LEA School","High School","City: Small","Oakland Region","5","11","English Language Arts","English Learners","< 10","< 10","< 10","< 10","< 10","< 10","< 10","< 10"
"18 - 19 School Year","63","Oakland Schools","63150","Troy School District","04226","Troy High School","63","Oakland","LEA School","High School","City: Small","Oakland Region","5","11","English Language Arts","Female","98","91","32","44.30","41.20","14.50","221","62.60"
"18 - 19 School Year","63","Oakland Schools","63150","Troy School District","04226","Troy High School","63","Oakland","LEA School","High School","City: Small","Oakland Region","5","11","English Language Arts","Male","121","65","30","56.00","30.10","13.90","216","67.50"
"18 - 19 School Year","63","Oakland Schools","63150","Troy School District","04226","Troy High School","63","Oakland","LEA School","High School","City: Small","Oakland Region","5","11","English Language Arts","Asian","119","46","< 10","69.60","26.90","< 5","171","78.00"
"18 - 19 School Year","63","Oakland Schools","63150","Troy School District","04226","Troy High School","63","Oakland","LEA School","High School","City: Small","Oakland Region","5","11","English Language Arts","Two or More Races","< 10","< 10","< 10","35.70","42.90","21.40","14","56.40"
"18 - 19 School Year","63","Oakland Schools","63150","Troy School District","04226","Troy High School","63","Oakland","LEA School","High School","City: Small","Oakland Region","5","11","English Language Arts","White, not of Hispanic origin","88","94","45","38.80","41.40","19.80","227","57.60"
"18 - 19 School Year","63","Oakland Schools","63150","Troy School District","04226","Troy High School","63","Oakland","LEA School","High School","City: Small","Oakland Region","5","11","English Language Arts","Hispanic","< 10","< 10","< 10","< 10","< 10","< 10","< 10","< 10"
"18 - 19 School Year","63","Oakland Schools","63150","Troy School District","04226","Troy High School","63","Oakland","LEA School","High School","City: Small","Oakland Region","5","11","English Language Arts","Black, not of Hispanic origin","< 10","< 10","< 10","25.00","56.30","18.80","16","50.10"
"18 - 19 School Year","63","Oakland Schools","63150","Troy School District","04226","Troy High School","63","Oakland","LEA School","High School","City: Small","Oakland Region","5","11","English Language Arts","Not Economically Disadvantaged","195","128","51","52.10","34.20","13.60","374","66.80"
"18 - 19 School Year","63","Oakland Schools","63150","Troy School District","04226","Troy High School","63","Oakland","LEA School","High School","City: Small","Oakland Region","5","11","English Language Arts","Economically Disadvantaged","24","28","11","38.10","44.40","17.50","63","54.80"
"18 - 19 School Year","63","Oakland Schools","63150","Troy School District","04226","Troy High School","63","Oakland","LEA School","High School","City: Small","Oakland Region","5","11","English Language Arts","All Students","219","156","62","50.10","35.70","14.20","437","65.00"
"18 - 19 School Year","63","Oakland Schools","63150","Troy School District","04226","Troy High School","63","Oakland","LEA School","High School","City: Small","Oakland Region","5","All Grades","English Language Arts","Not Migrant","219","156","62","50.10","35.70","14.20","437","65.00"
"18 - 19 School Year","63","Oakland Schools","63150","Troy School District","04226","Troy High School","63","Oakland","LEA School","High School","City: Small","Oakland Region","5","All Grades","English Language Arts","Not English Learners","217","154","60","50.30","35.70","13.90","431","65.20"
"18 - 19 School Year","63","Oakland Schools","63150","Troy School District","04226","Troy High School","63","Oakland","LEA School","High School","City: Small","Oakland Region","5","All Grades","English Language Arts","English Learners","< 10","< 10","< 10","< 10","< 10","< 10","< 10","< 10"
"18 - 19 School Year","63","Oakland Schools","63150","Troy School District","04226","Troy High School","63","Oakland","LEA School","High School","City: Small","Oakland Region","5","All Grades","English Language Arts","Female","98","91","32","44.30","41.20","14.50","221","62.60"
"18 - 19 School Year","63","Oakland Schools","63150","Troy School District","04226","Troy High School","63","Oakland","LEA School","High School","City: Small","Oakland Region","5","All Grades","English Language Arts","Male","121","65","30","56.00","30.10","13.90","216","67.50"
"18 - 19 School Year","63","Oakland Schools","63150","Troy School District","04226","Troy High School","63","Oakland","LEA School","High School","City: Small","Oakland Region","5","All Grades","English Language Arts","Asian","119","46","< 10","69.60","26.90","< 5","171","78.00"
"18 - 19 School Year","63","Oakland Schools","63150","Troy School District","04226","Troy High School","63","Oakland","LEA School","High School","City: Small","Oakland Region","5","All Grades","English Language Arts","Two or More Races","< 10","< 10","< 10","35.70","42.90","21.40","14","56.40"
"18 - 19 School Year","63","Oakland Schools","63150","Troy School District","04226","Troy High School","63","Oakland","LEA School","High School","City: Small","Oakland Region","5","All Grades","English Language Arts","White, not of Hispanic origin","88","94","45","38.80","41.40","19.80","227","57.60"
"18 - 19 School Year","63","Oakland Schools","63150","Troy School District","04226","Troy High School","63","Oakland","LEA School","High School","City: Small","Oakland Region","5","All Grades","English Language Arts","Hispanic","< 10","< 10","< 10","< 10","< 10","< 10","< 10","< 10"
"18 - 19 School Year","63","Oakland Schools","63150","Troy School District","04226","Troy High School","63","Oakland","LEA School","High School","City: Small","Oakland Region","5","All Grades","English Language Arts","Black, not of Hispanic origin","< 10","< 10","< 10","25.00","56.30","18.80","16","50.10"
"18 - 19 School Year","63","Oakland Schools","63150","Troy School District","04226","Troy High School","63","Oakland","LEA School","High School","City: Small","Oakland Region","5","All Grades","English Language Arts","Not Economically Disadvantaged","195","128","51","52.10","34.20","13.60","374","66.80"
"18 - 19 School Year","63","Oakland Schools","63150","Troy School District","04226","Troy High School","63","Oakland","LEA School","High School","City: Small","Oakland Region","5","All Grades","English Language Arts","Economically Disadvantaged","24","28","11","38.10","44.40","17.50","63","54.80"
"18 - 19 School Year","63","Oakland Schools","63150","Troy School District","04226","Troy High School","63","Oakland","LEA School","High School","City: Small","Oakland Region","5","All Grades","English Language Arts","All Students","219","156","62","50.10","35.70","14.20","437","65.00"
"18 - 19 School Year","63","Oakland Schools","63150","Troy School District","04226","Troy High School","63","Oakland","LEA School","High School","City: Small","Oakland Region","5","All Grades","Mathematics","Not Migrant","207","164","68","47.20","37.40","15.50","439","63.20"
"18 - 19 School Year","63","Oakland Schools","63150","Troy School District","04226","Troy High School","63","Oakland","LEA School","High School","City: Small","Oakland Region","5","All Grades","Mathematics","Not English Learners","204","162","66","47.20","37.50","15.30","432","63.40"
"18 - 19 School Year","63","Oakland Schools","63150","Troy School District","04226","Troy High School","63","Oakland","LEA School","High School","City: Small","Oakland Region","5","All Grades","Mathematics","English Learners","< 10","< 10","< 10","< 10","< 10","< 10","< 10","< 10"
"18 - 19 School Year","63","Oakland Schools","63150","Troy School District","04226","Troy High School","63","Oakland","LEA School","High School","City: Small","Oakland Region","5","All Grades","Mathematics","Female","90","101","31","40.50","45.50","14.00","222","61.50"
"18 - 19 School Year","63","Oakland Schools","63150","Troy School District","04226","Troy High School","63","Oakland","LEA School","High School","City: Small","Oakland Region","5","All Grades","Mathematics","Male","117","63","37","53.90","29.00","17.10","217","65.00"
"18 - 19 School Year","63","Oakland Schools","63150","Troy School District","04226","Troy High School","63","Oakland","LEA School","High School","City: Small","Oakland Region","5","All Grades","Mathematics","Asian","101","54","17","58.70","31.40","9.90","172","70.70"
"18 - 19 School Year","63","Oakland Schools","63150","Troy School District","04226","Troy High School","63","Oakland","LEA School","High School","City: Small","Oakland Region","5","All Grades","Mathematics","Two or More Races","< 10","< 10","< 10","35.70","57.10","7.10","14","63.40"
"18 - 19 School Year","63","Oakland Schools","63150","Troy School District","04226","Troy High School","63","Oakland","LEA School","High School","City: Small","Oakland Region","5","All Grades","Mathematics","White, not of Hispanic origin","92","95","41","40.40","41.70","18.00","228","58.80"
"18 - 19 School Year","63","Oakland Schools","63150","Troy School District","04226","Troy High School","63","Oakland","LEA School","High School","City: Small","Oakland Region","5","All Grades","Mathematics","Hispanic","< 10","< 10","< 10","< 10","< 10","< 10","< 10","< 10"
"18 - 19 School Year","63","Oakland Schools","63150","Troy School District","04226","Troy High School","63","Oakland","LEA School","High School","City: Small","Oakland Region","5","All Grades","Mathematics","Black, not of Hispanic origin","< 10","< 10","< 10","37.50","31.30","31.30","16","53.00"
"18 - 19 School Year","63","Oakland Schools","63150","Troy School District","04226","Troy High School","63","Oakland","LEA School","High School","City: Small","Oakland Region","5","All Grades","Mathematics","Not Economically Disadvantaged","180","140","55","48.00","37.30","14.70","375","63.70"
"18 - 19 School Year","63","Oakland Schools","63150","Troy School District","04226","Troy High School","63","Oakland","LEA School","High School","City: Small","Oakland Region","5","All Grades","Mathematics","Economically Disadvantaged","27","24","13","42.20","37.50","20.30","64","60.50"
"18 - 19 School Year","63","Oakland Schools","63150","Troy School District","04226","Troy High School","63","Oakland","LEA School","High School","City: Small","Oakland Region","5","All Grades","Mathematics","All Students","207","164","68","47.20","37.40","15.50","439","63.20"
"18 - 19 School Year","63","Oakland Schools","63150","Troy School District","04226","Troy High School","63","Oakland","LEA School","High School","City: Small","Oakland Region","5","11","Mathematics","Not Migrant","207","164","68","47.20","37.40","15.50","439","63.20"
"18 - 19 School Year","63","Oakland Schools","63150","Troy School District","04226","Troy High School","63","Oakland","LEA School","High School","City: Small","Oakland Region","5","11","Mathematics","Not English Learners","204","162","66","47.20","37.50","15.30","432","63.40"
"18 - 19 School Year","63","Oakland Schools","63150","Troy School District","04226","Troy High School","63","Oakland","LEA School","High School","City: Small","Oakland Region","5","11","Mathematics","English Learners","< 10","< 10","< 10","< 10","< 10","< 10","< 10","< 10"
"18 - 19 School Year","63","Oakland Schools","63150","Troy School District","04226","Troy High School","63","Oakland","LEA School","High School","City: Small","Oakland Region","5","11","Mathematics","Female","90","101","31","40.50","45.50","14.00","222","61.50"
"18 - 19 School Year","63","Oakland Schools","63150","Troy School District","04226","Troy High School","63","Oakland","LEA School","High School","City: Small","Oakland Region","5","11","Mathematics","Male","117","63","37","53.90","29.00","17.10","217","65.00"
"18 - 19 School Year","63","Oakland Schools","63150","Troy School District","04226","Troy High School","63","Oakland","LEA School","High School","City: Small","Oakland Region","5","11","Mathematics","Asian","101","54","17","58.70","31.40","9.90","172","70.70"
"18 - 19 School Year","63","Oakland Schools","63150","Troy School District","04226","Troy High School","63","Oakland","LEA School","High School","City: Small","Oakland Region","5","11","Mathematics","Two or More Races","< 10","< 10","< 10","35.70","57.10","7.10","14","63.40"
"18 - 19 School Year","63","Oakland Schools","63150","Troy School District","04226","Troy High School","63","Oakland","LEA School","High School","City: Small","Oakland Region","5","11","Mathematics","White, not of Hispanic origin","92","95","41","40.40","41.70","18.00","228","58.80"
"18 - 19 School Year","63","Oakland Schools","63150","Troy School District","04226","Troy High School","63","Oakland","LEA School","High School","City: Small","Oakland Region","5","11","Mathematics","Hispanic","< 10","< 10","< 10","< 10","< 10","< 10","< 10","< 10"
"18 - 19 School Year","63","Oakland Schools","63150","Troy School District","04226","Troy High School","63","Oakland","LEA School","High School","City: Small","Oakland Region","5","11","Mathematics","Black, not of Hispanic origin","< 10","< 10","< 10","37.50","31.30","31.30","16","53.00"
"18 - 19 School Year","63","Oakland Schools","63150","Troy School District","04226","Troy High School","63","Oakland","LEA School","High School","City: Small","Oakland Region","5","11","Mathematics","Not Economically Disadvantaged","180","140","55","48.00","37.30","14.70","375","63.70"
"18 - 19 School Year","63","Oakland Schools","63150","Troy School District","04226","Troy High School","63","Oakland","LEA School","High School","City: Small","Oakland Region","5","11","Mathematics","Economically Disadvantaged","27","24","13","42.20","37.50","20.30","64","60.50"
"18 - 19 School Year","63","Oakland Schools","63150","Troy School District","04226","Troy High School","63","Oakland","LEA School","High School","City: Small","Oakland Region","5","11","Mathematics","All Students","207","164","68","47.20","37.40","15.50","439","63.20"
"18 - 19 School Year","63","Oakland Schools","63150","Troy School District","04226","Troy High School","63","Oakland","LEA School","High School","City: Small","Oakland Region","5","All Grades","Social Studies","Students with Disabilities","< 10","< 10","< 10","18.20","40.90","40.90","22","39.60"
"18 - 19 School Year","63","Oakland Schools","63150","Troy School District","04226","Troy High School","63","Oakland","LEA School","High School","City: Small","Oakland Region","5","11","Social Studies","Students with Disabilities","< 10","< 10","< 10","18.20","40.90","40.90","22","39.60"
"18 - 19 School Year","63","Oakland Schools","63150","Troy School District","04227","Troy Union Elementary School","63","Oakland","LEA School","Elementary","City: Small","Oakland Region","5","All Grades","Mathematics","Students without Disabilities","46","48","47","32.60","34.00","33.30","141","51.90"
"18 - 19 School Year","63","Oakland Schools","63150","Troy School District","04227","Troy Union Elementary School","63","Oakland","LEA School","Elementary","City: Small","Oakland Region","5","04","Mathematics","Students without Disabilities","29","25","22","38.20","32.90","28.90","76","56.70"
"18 - 19 School Year","63","Oakland Schools","63150","Troy School District","04227","Troy Union Elementary School","63","Oakland","LEA School","Elementary","City: Small","Oakland Region","5","05","Mathematics","Students without Disabilities","17","23","25","26.20","35.40","38.50","65","46.30"
"18 - 19 School Year","63","Oakland Schools","63150","Troy School District","04227","Troy Union Elementary School","63","Oakland","LEA School","Elementary","City: Small","Oakland Region","5","05","English Language Arts","Students without Disabilities","43","14","< 10","67.20","21.90","10.90","64","72.90"
"18 - 19 School Year","63","Oakland Schools","63150","Troy School District","04227","Troy Union Elementary School","63","Oakland","LEA School","Elementary","City: Small","Oakland Region","5","04","English Language Arts","Students without Disabilities","35","29","12","46.10","38.20","15.80","76","61.00"
"18 - 19 School Year","63","Oakland Schools","63150","Troy School District","04227","Troy Union Elementary School","63","Oakland","LEA School","Elementary","City: Small","Oakland Region","5","All Grades","English Language Arts","Students without Disabilities","78","43","19","55.70","30.70","13.60","140","66.40"
"18 - 19 School Year","63","Oakland Schools","63150","Troy School District","04227","Troy Union Elementary School","63","Oakland","LEA School","Elementary","City: Small","Oakland Region","5","All Grades","Mathematics","Students with Disabilities","< 10","16","< 10","9.10","72.70","18.20","22","48.40"
"18 - 19 School Year","63","Oakland Schools","63150","Troy School District","04227","Troy Union Elementary School","63","Oakland","LEA School","Elementary","City: Small","Oakland Region","5","04","Mathematics","Students with Disabilities","< 10","< 10","< 10","10.00","80.00","10.00","10","50.60"
"18 - 19 School Year","63","Oakland Schools","63150","Troy School District","04227","Troy Union Elementary School","63","Oakland","LEA School","Elementary","City: Small","Oakland Region","5","05","Mathematics","Students with Disabilities","< 10","< 10","< 10","8.30","66.70","25.00","12","46.50"
"18 - 19 School Year","63","Oakland Schools","63150","Troy School District","04227","Troy Union Elementary School","63","Oakland","LEA School","Elementary","City: Small","Oakland Region","5","05","English Language Arts","Students with Disabilities","< 10","< 10","< 10","75.00","8.30","16.70","12","75.60"
"18 - 19 School Year","63","Oakland Schools","63150","Troy School District","04227","Troy Union Elementary School","63","Oakland","LEA School","Elementary","City: Small","Oakland Region","5","04","English Language Arts","Students with Disabilities","< 10","< 10","< 10","30.00","60.00","10.00","10","60.60"
"18 - 19 School Year","63","Oakland Schools","63150","Troy School District","04227","Troy Union Elementary School","63","Oakland","LEA School","Elementary","City: Small","Oakland Region","5","All Grades","English Language Arts","Students with Disabilities","12","< 10","< 10","54.50","31.80","13.60","22","68.80"
"18 - 19 School Year","63","Oakland Schools","63150","Troy School District","04227","Troy Union Elementary School","63","Oakland","LEA School","Elementary","City: Small","Oakland Region","5","05","English Language Arts","Not Migrant","52","15","< 10","68.40","19.70","11.80","76","73.30"
"18 - 19 School Year","63","Oakland Schools","63150","Troy School District","04227","Troy Union Elementary School","63","Oakland","LEA School","Elementary","City: Small","Oakland Region","5","05","English Language Arts","Not English Learners","41","14","< 10","66.10","22.60","11.30","62","72.90"
"18 - 19 School Year","63","Oakland Schools","63150","Troy School District","04227","Troy Union Elementary School","63","Oakland","LEA School","Elementary","City: Small","Oakland Region","5","05","English Language Arts","English Learners","11","< 10","< 10","78.60","7.10","14.30","14","75.00"
"18 - 19 School Year","63","Oakland Schools","63150","Troy School District","04227","Troy Union Elementary School","63","Oakland","LEA School","Elementary","City: Small","Oakland Region","5","05","English Language Arts","Female","23","10","< 10","63.90","27.80","8.30","36","72.50"
"18 - 19 School Year","63","Oakland Schools","63150","Troy School District","04227","Troy Union Elementary School","63","Oakland","LEA School","Elementary","City: Small","Oakland Region","5","05","English Language Arts","Male","29","< 10","< 10","72.50","12.50","15.00","40","74.00"
"18 - 19 School Year","63","Oakland Schools","63150","Troy School District","04227","Troy Union Elementary School","63","Oakland","LEA School","Elementary","City: Small","Oakland Region","5","05","English Language Arts","Asian","10","< 10","< 10","55.60","38.90","5.60","18","70.40"
"18 - 19 School Year","63","Oakland Schools","63150","Troy School District","04227","Troy Union Elementary School","63","Oakland","LEA School","Elementary","City: Small","Oakland Region","5","05","English Language Arts","Two or More Races","< 10","< 10","< 10","< 10","< 10","< 10","< 10","< 10"
"18 - 19 School Year","63","Oakland Schools","63150","Troy School District","04227","Troy Union Elementary School","63","Oakland","LEA School","Elementary","City: Small","Oakland Region","5","05","English Language Arts","White, not of Hispanic origin","36","< 10","< 10","75.00","14.60","10.40","48","76.10"
"18 - 19 School Year","63","Oakland Schools","63150","Troy School District","04227","Troy Union Elementary School","63","Oakland","LEA School","Elementary","City: Small","Oakland Region","5","05","English Language Arts","Hispanic","< 10","< 10","< 10","< 10","< 10","< 10","< 10","< 10"
"18 - 19 School Year","63","Oakland Schools","63150","Troy School District","04227","Troy Union Elementary School","63","Oakland","LEA School","Elementary","City: Small","Oakland Region","5","05","English Language Arts","Black, not of Hispanic origin","< 10","< 10","< 10","< 10","< 10","< 10","< 10","< 10"
"18 - 19 School Year","63","Oakland Schools","63150","Troy School District","04227","Troy Union Elementary School","63","Oakland","LEA School","Elementary","City: Small","Oakland Region","5","05","English Language Arts","Not Economically Disadvantaged","40","12","< 10","70.20","21.10","8.80","57","74.80"
"18 - 19 School Year","63","Oakland Schools","63150","Troy School District","04227","Troy Union Elementary School","63","Oakland","LEA School","Elementary","City: Small","Oakland Region","5","05","English Language Arts","Economically Disadvantaged","12","< 10","< 10","63.20","15.80","21.10","19","68.90"
"18 - 19 School Year","63","Oakland Schools","63150","Troy School District","04227","Troy Union Elementary School","63","Oakland","LEA School","Elementary","City: Small","Oakland Region","5","05","English Language Arts","All Students","52","15","< 10","68.40","19.70","11.80","76","73.30"
"18 - 19 School Year","63","Oakland Schools","63150","Troy School District","04227","Troy Union Elementary School","63","Oakland","LEA School","Elementary","City: Small","Oakland Region","5","04","English Language Arts","Not Migrant","38","35","13","44.20","40.70","15.10","86","61.00"
"18 - 19 School Year","63","Oakland Schools","63150","Troy School District","04227","Troy Union Elementary School","63","Oakland","LEA School","Elementary","City: Small","Oakland Region","5","All Grades","English Language Arts","All Students","90","50","22","55.60","30.90","13.60","162","66.80"
"18 - 19 School Year","63","Oakland Schools","63150","Troy School District","04227","Troy Union Elementary School","63","Oakland","LEA School","Elementary","City: Small","Oakland Region","5","All Grades","English Language Arts","Economically Disadvantaged","19","16","< 10","44.20","37.20","18.60","43","62.70"
"18 - 19 School Year","63","Oakland Schools","63150","Troy School District","04227","Troy Union Elementary School","63","Oakland","LEA School","Elementary","City: Small","Oakland Region","5","All Grades","English Language Arts","Not Economically Disadvantaged","71","34","14","59.70","28.60","11.80","119","68.20"
"18 - 19 School Year","63","Oakland Schools","63150","Troy School District","04227","Troy Union Elementary School","63","Oakland","LEA School","Elementary","City: Small","Oakland Region","5","All Grades","English Language Arts","Black, not of Hispanic origin","< 10","< 10","< 10","< 10","< 10","< 10","< 10","< 10"
"18 - 19 School Year","63","Oakland Schools","63150","Troy School District","04227","Troy Union Elementary School","63","Oakland","LEA School","Elementary","City: Small","Oakland Region","5","All Grades","English Language Arts","Hispanic","< 10","< 10","< 10","< 10","< 10","< 10","< 10","< 10"
"18 - 19 School Year","63","Oakland Schools","63150","Troy School District","04227","Troy Union Elementary School","63","Oakland","LEA School","Elementary","City: Small","Oakland Region","5","All Grades","English Language Arts","White, not of Hispanic origin","65","31","15","58.60","27.90","13.50","111","67.40"
"18 - 19 School Year","63","Oakland Schools","63150","Troy School District","04227","Troy Union Elementary School","63","Oakland","LEA School","Elementary","City: Small","Oakland Region","5","All Grades","English Language Arts","Two or More Races","< 10","< 10","< 10","< 10","< 10","< 10","< 10","< 10"
"18 - 19 School Year","63","Oakland Schools","63150","Troy School District","04227","Troy Union Elementary School","63","Oakland","LEA School","Elementary","City: Small","Oakland Region","5","All Grades","English Language Arts","Asian","18","16","< 10","51.40","45.70","< 5","35","69.60"
"18 - 19 School Year","63","Oakland Schools","63150","Troy School District","04227","Troy Union Elementary School","63","Oakland","LEA School","Elementary","City: Small","Oakland Region","5","All Grades","English Language Arts","Male","54","22","< 10","64.30","26.20","9.50","84","72.00"
"18 - 19 School Year","63","Oakland Schools","63150","Troy School District","04227","Troy Union Elementary School","63","Oakland","LEA School","Elementary","City: Small","Oakland Region","5","All Grades","English Language Arts","Female","36","28","14","46.20","35.90","17.90","78","61.10"
"18 - 19 School Year","63","Oakland Schools","63150","Troy School District","04227","Troy Union Elementary School","63","Oakland","LEA School","Elementary","City: Small","Oakland Region","5","All Grades","English Language Arts","English Learners","18","13","< 10","51.40","37.10","11.40","35","66.00"
"18 - 19 School Year","63","Oakland Schools","63150","Troy School District","04227","Troy Union Elementary School","63","Oakland","LEA School","Elementary","City: Small","Oakland Region","5","All Grades","English Language Arts","Not English Learners","72","37","18","56.70","29.10","14.20","127","67.00"
"18 - 19 School Year","63","Oakland Schools","63150","Troy School District","04227","Troy Union Elementary School","63","Oakland","LEA School","Elementary","City: Small","Oakland Region","5","All Grades","English Language Arts","Not Migrant","90","50","22","55.60","30.90","13.60","162","66.80"
"18 - 19 School Year","63","Oakland Schools","63150","Troy School District","04227","Troy Union Elementary School","63","Oakland","LEA School","Elementary","City: Small","Oakland Region","5","04","English Language Arts","All Students","38","35","13","44.20","40.70","15.10","86","61.00"
"18 - 19 School Year","63","Oakland Schools","63150","Troy School District","04227","Troy Union Elementary School","63","Oakland","LEA School","Elementary","City: Small","Oakland Region","5","04","English Language Arts","Economically Disadvantaged","< 10","13","< 10","29.20","54.20","16.70","24","57.80"
"18 - 19 School Year","63","Oakland Schools","63150","Troy School District","04227","Troy Union Elementary School","63","Oakland","LEA School","Elementary","City: Small","Oakland Region","5","04","English Language Arts","Not Economically Disadvantaged","31","22","< 10","50.00","35.50","14.50","62","62.20"
"18 - 19 School Year","63","Oakland Schools","63150","Troy School District","04227","Troy Union Elementary School","63","Oakland","LEA School","Elementary","City: Small","Oakland Region","5","04","English Language Arts","Black, not of Hispanic origin","< 10","< 10","< 10","< 10","< 10","< 10","< 10","< 10"
"18 - 19 School Year","63","Oakland Schools","63150","Troy School District","04227","Troy Union Elementary School","63","Oakland","LEA School","Elementary","City: Small","Oakland Region","5","04","English Language Arts","White, not of Hispanic origin","29","24","10","46.00","38.10","15.90","63","60.70"
"18 - 19 School Year","63","Oakland Schools","63150","Troy School District","04227","Troy Union Elementary School","63","Oakland","LEA School","Elementary","City: Small","Oakland Region","5","04","English Language Arts","Two or More Races","< 10","< 10","< 10","< 10","< 10","< 10","< 10","< 10"
"18 - 19 School Year","63","Oakland Schools","63150","Troy School District","04227","Troy Union Elementary School","63","Oakland","LEA School","Elementary","City: Small","Oakland Region","5","04","English Language Arts","Asian","< 10","< 10","< 10","47.10","52.90","< 5","17","68.80"
"18 - 19 School Year","63","Oakland Schools","63150","Troy School District","04227","Troy Union Elementary School","63","Oakland","LEA School","Elementary","City: Small","Oakland Region","5","04","English Language Arts","Male","25","17","< 10","56.80","38.60","< 5","44","70.10"
"18 - 19 School Year","63","Oakland Schools","63150","Troy School District","04227","Troy Union Elementary School","63","Oakland","LEA School","Elementary","City: Small","Oakland Region","5","04","English Language Arts","Female","13","18","11","31.00","42.90","26.20","42","51.40"
"18 - 19 School Year","63","Oakland Schools","63150","Troy School District","04227","Troy Union Elementary School","63","Oakland","LEA School","Elementary","City: Small","Oakland Region","5","04","English Language Arts","English Learners","< 10","12","< 10","33.30","57.10","9.50","21","60.00"
"18 - 19 School Year","63","Oakland Schools","63150","Troy School District","04227","Troy Union Elementary School","63","Oakland","LEA School","Elementary","City: Small","Oakland Region","5","04","English Language Arts","Not English Learners","31","23","11","47.70","35.40","16.90","65","61.30"
"18 - 19 School Year","63","Oakland Schools","63150","Troy School District","04227","Troy Union Elementary School","63","Oakland","LEA School","Elementary","City: Small","Oakland Region","5","All Grades","Mathematics","Not Migrant","48","64","51","29.40","39.30","31.30","163","51.40"
"18 - 19 School Year","63","Oakland Schools","63150","Troy School District","04227","Troy Union Elementary School","63","Oakland","LEA School","Elementary","City: Small","Oakland Region","5","All Grades","Mathematics","Not English Learners","36","49","42","28.30","38.60","33.10","127","50.10"
"18 - 19 School Year","63","Oakland Schools","63150","Troy School District","04227","Troy Union Elementary School","63","Oakland","LEA School","Elementary","City: Small","Oakland Region","5","All Grades","Mathematics","English Learners","12","15","< 10","33.30","41.70","25.00","36","55.90"
"18 - 19 School Year","63","Oakland Schools","63150","Troy School District","04227","Troy Union Elementary School","63","Oakland","LEA School","Elementary","City: Small","Oakland Region","5","All Grades","Mathematics","Female","18","27","34","22.80","34.20","43.00","79","43.50"
"18 - 19 School Year","63","Oakland Schools","63150","Troy School District","04227","Troy Union Elementary School","63","Oakland","LEA School","Elementary","City: Small","Oakland Region","5","All Grades","Mathematics","Male","30","37","17","35.70","44.00","20.20","84","58.90"
"18 - 19 School Year","63","Oakland Schools","63150","Troy School District","04227","Troy Union Elementary School","63","Oakland","LEA School","Elementary","City: Small","Oakland Region","5","All Grades","Mathematics","Asian","14","14","< 10","40.00","40.00","20.00","35","60.50"
"18 - 19 School Year","63","Oakland Schools","63150","Troy School District","04227","Troy Union Elementary School","63","Oakland","LEA School","Elementary","City: Small","Oakland Region","5","All Grades","Mathematics","Two or More Races","< 10","< 10","< 10","< 10","< 10","< 10","< 10","< 10"
"18 - 19 School Year","63","Oakland Schools","63150","Troy School District","04227","Troy Union Elementary School","63","Oakland","LEA School","Elementary","City: Small","Oakland Region","5","All Grades","Mathematics","White, not of Hispanic origin","31","41","40","27.70","36.60","35.70","112","49.10"
"18 - 19 School Year","63","Oakland Schools","63150","Troy School District","04227","Troy Union Elementary School","63","Oakland","LEA School","Elementary","City: Small","Oakland Region","5","All Grades","Mathematics","Hispanic","< 10","< 10","< 10","< 10","< 10","< 10","< 10","< 10"
"18 - 19 School Year","63","Oakland Schools","63150","Troy School District","04227","Troy Union Elementary School","63","Oakland","LEA School","Elementary","City: Small","Oakland Region","5","All Grades","Mathematics","Black, not of Hispanic origin","< 10","< 10","< 10","< 10","< 10","< 10","< 10","< 10"
"18 - 19 School Year","63","Oakland Schools","63150","Troy School District","04227","Troy Union Elementary School","63","Oakland","LEA School","Elementary","City: Small","Oakland Region","5","All Grades","Mathematics","Not Economically Disadvantaged","41","42","37","34.20","35.00","30.80","120","53.20"
"18 - 19 School Year","63","Oakland Schools","63150","Troy School District","04227","Troy Union Elementary School","63","Oakland","LEA School","Elementary","City: Small","Oakland Region","5","All Grades","Mathematics","Economically Disadvantaged","< 10","22","14","16.30","51.20","32.60","43","46.30"
"18 - 19 School Year","63","Oakland Schools","63150","Troy School District","04227","Troy Union Elementary School","63","Oakland","LEA School","Elementary","City: Small","Oakland Region","5","All Grades","Mathematics","All Students","48","64","51","29.40","39.30","31.30","163","51.40"
"18 - 19 School Year","63","Oakland Schools","63150","Troy School District","04227","Troy Union Elementary School","63","Oakland","LEA School","Elementary","City: Small","Oakland Region","5","04","Mathematics","Not Migrant","30","33","23","34.90","38.40","26.70","86","56.00"
"18 - 19 School Year","63","Oakland Schools","63150","Troy School District","04227","Troy Union Elementary School","63","Oakland","LEA School","Elementary","City: Small","Oakland Region","5","04","Mathematics","Not English Learners","23","24","18","35.40","36.90","27.70","65","55.80"
"18 - 19 School Year","63","Oakland Schools","63150","Troy School District","04227","Troy Union Elementary School","63","Oakland","LEA School","Elementary","City: Small","Oakland Region","5","04","Mathematics","English Learners","< 10","< 10","< 10","33.30","42.90","23.80","21","56.60"
"18 - 19 School Year","63","Oakland Schools","63150","Troy School District","04227","Troy Union Elementary School","63","Oakland","LEA School","Elementary","City: Small","Oakland Region","5","04","Mathematics","Female","11","15","16","26.20","35.70","38.10","42","48.70"
"18 - 19 School Year","63","Oakland Schools","63150","Troy School District","04227","Troy Union Elementary School","63","Oakland","LEA School","Elementary","City: Small","Oakland Region","5","04","Mathematics","Male","19","18","< 10","43.20","40.90","15.90","44","62.90"
"18 - 19 School Year","63","Oakland Schools","63150","Troy School District","04227","Troy Union Elementary School","63","Oakland","LEA School","Elementary","City: Small","Oakland Region","5","04","Mathematics","Asian","< 10","< 10","< 10","35.30","47.10","17.60","17","61.30"
"18 - 19 School Year","63","Oakland Schools","63150","Troy School District","04227","Troy Union Elementary School","63","Oakland","LEA School","Elementary","City: Small","Oakland Region","5","04","Mathematics","Two or More Races","< 10","< 10","< 10","< 10","< 10","< 10","< 10","< 10"
"18 - 19 School Year","63","Oakland Schools","63150","Troy School District","04227","Troy Union Elementary School","63","Oakland","LEA School","Elementary","City: Small","Oakland Region","5","04","Mathematics","White, not of Hispanic origin","23","22","18","36.50","34.90","28.60","63","55.70"
"18 - 19 School Year","63","Oakland Schools","63150","Troy School District","04227","Troy Union Elementary School","63","Oakland","LEA School","Elementary","City: Small","Oakland Region","5","04","Mathematics","Black, not of Hispanic origin","< 10","< 10","< 10","< 10","< 10","< 10","< 10","< 10"
"18 - 19 School Year","63","Oakland Schools","63150","Troy School District","04227","Troy Union Elementary School","63","Oakland","LEA School","Elementary","City: Small","Oakland Region","5","04","Mathematics","Not Economically Disadvantaged","25","22","15","40.30","35.50","24.20","62","59.10"
"18 - 19 School Year","63","Oakland Schools","63150","Troy School District","04227","Troy Union Elementary School","63","Oakland","LEA School","Elementary","City: Small","Oakland Region","5","04","Mathematics","Economically Disadvantaged","< 10","11","< 10","20.80","45.80","33.30","24","47.90"
"18 - 19 School Year","63","Oakland Schools","63150","Troy School District","04227","Troy Union Elementary School","63","Oakland","LEA School","Elementary","City: Small","Oakland Region","5","04","Mathematics","All Students","30","33","23","34.90","38.40","26.70","86","56.00"
"18 - 19 School Year","63","Oakland Schools","63150","Troy School District","04227","Troy Union Elementary School","63","Oakland","LEA School","Elementary","City: Small","Oakland Region","5","05","Mathematics","Not Migrant","18","31","28","23.40","40.30","36.40","77","46.30"
"18 - 19 School Year","63","Oakland Schools","63150","Troy School District","04227","Troy Union Elementary School","63","Oakland","LEA School","Elementary","City: Small","Oakland Region","5","05","Mathematics","Not English Learners","13","25","24","21.00","40.30","38.70","62","44.30"
"18 - 19 School Year","63","Oakland Schools","63150","Troy School District","04227","Troy Union Elementary School","63","Oakland","LEA School","Elementary","City: Small","Oakland Region","5","05","Mathematics","English Learners","< 10","< 10","< 10","33.30","40.00","26.70","15","54.90"
"18 - 19 School Year","63","Oakland Schools","63150","Troy School District","04227","Troy Union Elementary School","63","Oakland","LEA School","Elementary","City: Small","Oakland Region","5","05","Mathematics","Female","< 10","12","18","18.90","32.40","48.60","37","37.60"
"18 - 19 School Year","63","Oakland Schools","63150","Troy School District","04227","Troy Union Elementary School","63","Oakland","LEA School","Elementary","City: Small","Oakland Region","5","05","Mathematics","Male","11","19","10","27.50","47.50","25.00","40","54.40"
"18 - 19 School Year","63","Oakland Schools","63150","Troy School District","04227","Troy Union Elementary School","63","Oakland","LEA School","Elementary","City: Small","Oakland Region","5","05","Mathematics","Asian","< 10","< 10","< 10","44.40","33.30","22.20","18","59.70"
"18 - 19 School Year","63","Oakland Schools","63150","Troy School District","04227","Troy Union Elementary School","63","Oakland","LEA School","Elementary","City: Small","Oakland Region","5","05","Mathematics","Two or More Races","< 10","< 10","< 10","< 10","< 10","< 10","< 10","< 10"
"18 - 19 School Year","63","Oakland Schools","63150","Troy School District","04227","Troy Union Elementary School","63","Oakland","LEA School","Elementary","City: Small","Oakland Region","5","05","Mathematics","White, not of Hispanic origin","< 10","19","22","16.30","38.80","44.90","49","40.70"
"18 - 19 School Year","63","Oakland Schools","63150","Troy School District","04227","Troy Union Elementary School","63","Oakland","LEA School","Elementary","City: Small","Oakland Region","5","05","Mathematics","Hispanic","< 10","< 10","< 10","< 10","< 10","< 10","< 10","< 10"
"18 - 19 School Year","63","Oakland Schools","63150","Troy School District","04227","Troy Union Elementary School","63","Oakland","LEA School","Elementary","City: Small","Oakland Region","5","05","Mathematics","Black, not of Hispanic origin","< 10","< 10","< 10","< 10","< 10","< 10","< 10","< 10"
"18 - 19 School Year","63","Oakland Schools","63150","Troy School District","04227","Troy Union Elementary School","63","Oakland","LEA School","Elementary","City: Small","Oakland Region","5","05","Mathematics","Not Economically Disadvantaged","16","20","22","27.60","34.50","37.90","58","47.00"
"18 - 19 School Year","63","Oakland Schools","63150","Troy School District","04227","Troy Union Elementary School","63","Oakland","LEA School","Elementary","City: Small","Oakland Region","5","05","Mathematics","Economically Disadvantaged","< 10","11","< 10","10.50","57.90","31.60","19","44.40"
"18 - 19 School Year","63","Oakland Schools","63150","Troy School District","04227","Troy Union Elementary School","63","Oakland","LEA School","Elementary","City: Small","Oakland Region","5","05","Mathematics","All Students","18","31","28","23.40","40.30","36.40","77","46.30"
"18 - 19 School Year","63","Oakland Schools","63150","Troy School District","05163","Hill Elementary School","63","Oakland","LEA School","Elementary","City: Small","Oakland Region","5","05","English Language Arts","Students without Disabilities","14","21","< 10","34.10","51.20","14.60","41","57.40"
"18 - 19 School Year","63","Oakland Schools","63150","Troy School District","05163","Hill Elementary School","63","Oakland","LEA School","Elementary","City: Small","Oakland Region","5","All Grades","English Language Arts","Students without Disabilities","28","40","15","33.70","48.20","18.10","83","56.30"
"18 - 19 School Year","63","Oakland Schools","63150","Troy School District","05163","Hill Elementary School","63","Oakland","LEA School","Elementary","City: Small","Oakland Region","5","04","English Language Arts","Students without Disabilities","14","19","< 10","33.30","45.20","21.40","42","55.30"
"18 - 19 School Year","63","Oakland Schools","63150","Troy School District","05163","Hill Elementary School","63","Oakland","LEA School","Elementary","City: Small","Oakland Region","5","04","Mathematics","Students without Disabilities","20","11","11","47.60","26.20","26.20","42","58.20"
"18 - 19 School Year","63","Oakland Schools","63150","Troy School District","05163","Hill Elementary School","63","Oakland","LEA School","Elementary","City: Small","Oakland Region","5","All Grades","Mathematics","Students without Disabilities","40","24","19","48.20","28.90","22.90","83","59.70"
"18 - 19 School Year","63","Oakland Schools","63150","Troy School District","05163","Hill Elementary School","63","Oakland","LEA School","Elementary","City: Small","Oakland Region","5","05","Mathematics","Students without Disabilities","20","13","< 10","48.80","31.70","19.50","41","61.20"
"18 - 19 School Year","63","Oakland Schools","63150","Troy School District","05163","Hill Elementary School","63","Oakland","LEA School","Elementary","City: Small","Oakland Region","5","04","Mathematics","Students with Disabilities","< 10","< 10","< 10","< 10","< 10","< 10","< 10","< 10"
"18 - 19 School Year","63","Oakland Schools","63150","Troy School District","05163","Hill Elementary School","63","Oakland","LEA School","Elementary","City: Small","Oakland Region","5","05","Mathematics","Students with Disabilities","< 10","< 10","< 10","< 10","< 10","< 10","< 10","< 10"
"18 - 19 School Year","63","Oakland Schools","63150","Troy School District","05163","Hill Elementary School","63","Oakland","LEA School","Elementary","City: Small","Oakland Region","5","All Grades","Mathematics","Students with Disabilities","< 10","< 10","< 10","40.00","20.00","40.00","15","51.20"
"18 - 19 School Year","63","Oakland Schools","63150","Troy School District","05163","Hill Elementary School","63","Oakland","LEA School","Elementary","City: Small","Oakland Region","5","05","English Language Arts","Students with Disabilities","< 10","< 10","< 10","< 10","< 10","< 10","< 10","< 10"
"18 - 19 School Year","63","Oakland Schools","63150","Troy School District","05163","Hill Elementary School","63","Oakland","LEA School","Elementary","City: Small","Oakland Region","5","04","English Language Arts","Students with Disabilities","< 10","< 10","< 10","< 10","< 10","< 10","< 10","< 10"
"18 - 19 School Year","63","Oakland Schools","63150","Troy School District","05163","Hill Elementary School","63","Oakland","LEA School","Elementary","City: Small","Oakland Region","5","All Grades","English Language Arts","Students with Disabilities","< 10","10","< 10","26.70","66.70","6.70","15","57.40"
"18 - 19 School Year","63","Oakland Schools","63150","Troy School District","05163","Hill Elementary School","63","Oakland","LEA School","Elementary","City: Small","Oakland Region","5","05","English Language Arts","Not Migrant","17","25","< 10","35.40","52.10","12.50","48","58.30"
"18 - 19 School Year","63","Oakland Schools","63150","Troy School District","05163","Hill Elementary School","63","Oakland","LEA School","Elementary","City: Small","Oakland Region","5","05","English Language Arts","Not English Learners","15","24","< 10","33.30","53.30","13.30","45","57.10"
"18 - 19 School Year","63","Oakland Schools","63150","Troy School District","05163","Hill Elementary School","63","Oakland","LEA School","Elementary","City: Small","Oakland Region","5","05","English Language Arts","English Learners","< 10","< 10","< 10","< 10","< 10","< 10","< 10","< 10"
"18 - 19 School Year","63","Oakland Schools","63150","Troy School District","05163","Hill Elementary School","63","Oakland","LEA School","Elementary","City: Small","Oakland Region","5","05","English Language Arts","Female","< 10","< 10","< 10","33.30","44.40","22.20","18","54.00"
"18 - 19 School Year","63","Oakland Schools","63150","Troy School District","05163","Hill Elementary School","63","Oakland","LEA School","Elementary","City: Small","Oakland Region","5","05","English Language Arts","Male","11","17","< 10","36.70","56.70","6.70","30","60.90"
"18 - 19 School Year","63","Oakland Schools","63150","Troy School District","05163","Hill Elementary School","63","Oakland","LEA School","Elementary","City: Small","Oakland Region","5","05","English Language Arts","Asian","< 10","< 10","< 10","41.70","50.00","8.30","12","65.40"
"18 - 19 School Year","63","Oakland Schools","63150","Troy School District","05163","Hill Elementary School","63","Oakland","LEA School","Elementary","City: Small","Oakland Region","5","05","English Language Arts","Two or More Races","< 10","< 10","< 10","< 10","< 10","< 10","< 10","< 10"
"18 - 19 School Year","63","Oakland Schools","63150","Troy School District","05163","Hill Elementary School","63","Oakland","LEA School","Elementary","City: Small","Oakland Region","5","05","English Language Arts","White, not of Hispanic origin","11","16","< 10","35.50","51.60","12.90","31","57.40"
"18 - 19 School Year","63","Oakland Schools","63150","Troy School District","05163","Hill Elementary School","63","Oakland","LEA School","Elementary","City: Small","Oakland Region","5","05","English Language Arts","Hispanic","< 10","< 10","< 10","< 10","< 10","< 10","< 10","< 10"
"18 - 19 School Year","63","Oakland Schools","63150","Troy School District","05163","Hill Elementary School","63","Oakland","LEA School","Elementary","City: Small","Oakland Region","5","05","English Language Arts","Black, not of Hispanic origin","< 10","< 10","< 10","< 10","< 10","< 10","< 10","< 10"
"18 - 19 School Year","63","Oakland Schools","63150","Troy School District","05163","Hill Elementary School","63","Oakland","LEA School","Elementary","City: Small","Oakland Region","5","05","English Language Arts","Not Economically Disadvantaged","< 10","22","< 10","25.00","61.10","13.90","36","54.10"
"18 - 19 School Year","63","Oakland Schools","63150","Troy School District","05163","Hill Elementary School","63","Oakland","LEA School","Elementary","City: Small","Oakland Region","5","05","English Language Arts","Economically Disadvantaged","< 10","< 10","< 10","66.70","25.00","8.30","12","70.80"
"18 - 19 School Year","63","Oakland Schools","63150","Troy School District","05163","Hill Elementary School","63","Oakland","LEA School","Elementary","City: Small","Oakland Region","5","05","English Language Arts","All Students","17","25","< 10","35.40","52.10","12.50","48","58.30"
"18 - 19 School Year","63","Oakland Schools","63150","Troy School District","05163","Hill Elementary School","63","Oakland","LEA School","Elementary","City: Small","Oakland Region","5","All Grades","English Language Arts","All Students","32","50","16","32.70","51.00","16.30","98","56.50"
"18 - 19 School Year","63","Oakland Schools","63150","Troy School District","05163","Hill Elementary School","63","Oakland","LEA School","Elementary","City: Small","Oakland Region","5","All Grades","English Language Arts","Economically Disadvantaged","11","10","< 10","50.00","45.50","< 5","22","66.60"
"18 - 19 School Year","63","Oakland Schools","63150","Troy School District","05163","Hill Elementary School","63","Oakland","LEA School","Elementary","City: Small","Oakland Region","5","All Grades","English Language Arts","Not Economically Disadvantaged","21","40","15","27.60","52.60","19.70","76","53.60"
"18 - 19 School Year","63","Oakland Schools","63150","Troy School District","05163","Hill Elementary School","63","Oakland","LEA School","Elementary","City: Small","Oakland Region","5","All Grades","English Language Arts","Black, not of Hispanic origin","< 10","< 10","< 10","< 10","< 10","< 10","< 10","< 10"
"18 - 19 School Year","63","Oakland Schools","63150","Troy School District","05163","Hill Elementary School","63","Oakland","LEA School","Elementary","City: Small","Oakland Region","5","All Grades","English Language Arts","Hispanic","< 10","< 10","< 10","< 10","< 10","< 10","< 10","< 10"
"18 - 19 School Year","63","Oakland Schools","63150","Troy School District","05163","Hill Elementary School","63","Oakland","LEA School","Elementary","City: Small","Oakland Region","5","All Grades","English Language Arts","White, not of Hispanic origin","22","31","12","33.80","47.70","18.50","65","55.90"
"18 - 19 School Year","63","Oakland Schools","63150","Troy School District","05163","Hill Elementary School","63","Oakland","LEA School","Elementary","City: Small","Oakland Region","5","All Grades","English Language Arts","Two or More Races","< 10","< 10","< 10","< 10","< 10","< 10","< 10","< 10"
"18 - 19 School Year","63","Oakland Schools","63150","Troy School District","05163","Hill Elementary School","63","Oakland","LEA School","Elementary","City: Small","Oakland Region","5","All Grades","English Language Arts","Asian","< 10","12","< 10","34.80","52.20","13.00","23","61.70"
"18 - 19 School Year","63","Oakland Schools","63150","Troy School District","05163","Hill Elementary School","63","Oakland","LEA School","Elementary","City: Small","Oakland Region","5","All Grades","English Language Arts","Male","20","27","< 10","37.00","50.00","13.00","54","59.40"
"18 - 19 School Year","63","Oakland Schools","63150","Troy School District","05163","Hill Elementary School","63","Oakland","LEA School","Elementary","City: Small","Oakland Region","5","All Grades","English Language Arts","Female","12","23","< 10","27.30","52.30","20.50","44","52.90"
"18 - 19 School Year","63","Oakland Schools","63150","Troy School District","05163","Hill Elementary School","63","Oakland","LEA School","Elementary","City: Small","Oakland Region","5","All Grades","English Language Arts","English Learners","< 10","< 10","< 10","30.80","69.20","< 5","13","64.00"
"18 - 19 School Year","63","Oakland Schools","63150","Troy School District","05163","Hill Elementary School","63","Oakland","LEA School","Elementary","City: Small","Oakland Region","5","All Grades","English Language Arts","Not English Learners","28","41","16","32.90","48.20","18.80","85","55.40"
"18 - 19 School Year","63","Oakland Schools","63150","Troy School District","05163","Hill Elementary School","63","Oakland","LEA School","Elementary","City: Small","Oakland Region","5","All Grades","English Language Arts","Not Migrant","32","50","16","32.70","51.00","16.30","98","56.50"
"18 - 19 School Year","63","Oakland Schools","63150","Troy School District","05163","Hill Elementary School","63","Oakland","LEA School","Elementary","City: Small","Oakland Region","5","04","English Language Arts","All Students","15","25","10","30.00","50.00","20.00","50","54.80"
"18 - 19 School Year","63","Oakland Schools","63150","Troy School District","05163","Hill Elementary School","63","Oakland","LEA School","Elementary","City: Small","Oakland Region","5","04","English Language Arts","Economically Disadvantaged","< 10","< 10","< 10","30.00","70.00","< 5","10","61.50"
"18 - 19 School Year","63","Oakland Schools","63150","Troy School District","05163","Hill Elementary School","63","Oakland","LEA School","Elementary","City: Small","Oakland Region","5","04","English Language Arts","Not Economically Disadvantaged","12","18","10","30.00","45.00","25.00","40","53.10"
"18 - 19 School Year","63","Oakland Schools","63150","Troy School District","05163","Hill Elementary School","63","Oakland","LEA School","Elementary","City: Small","Oakland Region","5","04","English Language Arts","Black, not of Hispanic origin","< 10","< 10","< 10","< 10","< 10","< 10","< 10","< 10"
"18 - 19 School Year","63","Oakland Schools","63150","Troy School District","05163","Hill Elementary School","63","Oakland","LEA School","Elementary","City: Small","Oakland Region","5","04","English Language Arts","White, not of Hispanic origin","11","15","< 10","32.40","44.10","23.50","34","54.60"
"18 - 19 School Year","63","Oakland Schools","63150","Troy School District","05163","Hill Elementary School","63","Oakland","LEA School","Elementary","City: Small","Oakland Region","5","04","English Language Arts","Two or More Races","< 10","< 10","< 10","< 10","< 10","< 10","< 10","< 10"
"18 - 19 School Year","63","Oakland Schools","63150","Troy School District","05163","Hill Elementary School","63","Oakland","LEA School","Elementary","City: Small","Oakland Region","5","04","English Language Arts","Asian","< 10","< 10","< 10","27.30","54.50","18.20","11","57.50"
"18 - 19 School Year","63","Oakland Schools","63150","Troy School District","05163","Hill Elementary School","63","Oakland","LEA School","Elementary","City: Small","Oakland Region","5","04","English Language Arts","Male","< 10","10","< 10","37.50","41.70","20.80","24","57.60"
"18 - 19 School Year","63","Oakland Schools","63150","Troy School District","05163","Hill Elementary School","63","Oakland","LEA School","Elementary","City: Small","Oakland Region","5","04","English Language Arts","Female","< 10","15","< 10","23.10","57.70","19.20","26","52.20"
"18 - 19 School Year","63","Oakland Schools","63150","Troy School District","05163","Hill Elementary School","63","Oakland","LEA School","Elementary","City: Small","Oakland Region","5","04","English Language Arts","English Learners","< 10","< 10","< 10","20.00","80.00","< 5","10","60.50"
"18 - 19 School Year","63","Oakland Schools","63150","Troy School District","05163","Hill Elementary School","63","Oakland","LEA School","Elementary","City: Small","Oakland Region","5","04","English Language Arts","Not English Learners","13","17","10","32.50","42.50","25.00","40","53.40"
"18 - 19 School Year","63","Oakland Schools","63150","Troy School District","05163","Hill Elementary School","63","Oakland","LEA School","Elementary","City: Small","Oakland Region","5","04","English Language Arts","Not Migrant","15","25","10","30.00","50.00","20.00","50","54.80"
"18 - 19 School Year","63","Oakland Schools","63150","Troy School District","05163","Hill Elementary School","63","Oakland","LEA School","Elementary","City: Small","Oakland Region","5","04","Mathematics","All Students","21","14","15","42.00","28.00","30.00","50","54.90"
"18 - 19 School Year","63","Oakland Schools","63150","Troy School District","05163","Hill Elementary School","63","Oakland","LEA School","Elementary","City: Small","Oakland Region","5","04","Mathematics","Economically Disadvantaged","< 10","< 10","< 10","30.00","40.00","30.00","10","49.90"
"18 - 19 School Year","63","Oakland Schools","63150","Troy School District","05163","Hill Elementary School","63","Oakland","LEA School","Elementary","City: Small","Oakland Region","5","All Grades","Mathematics","All Students","46","27","25","46.90","27.60","25.50","98","58.40"
"18 - 19 School Year","63","Oakland Schools","63150","Troy School District","05163","Hill Elementary School","63","Oakland","LEA School","Elementary","City: Small","Oakland Region","5","All Grades","Mathematics","Economically Disadvantaged","11","< 10","< 10","50.00","27.30","22.70","22","60.70"
"18 - 19 School Year","63","Oakland Schools","63150","Troy School District","05163","Hill Elementary School","63","Oakland","LEA School","Elementary","City: Small","Oakland Region","5","All Grades","Mathematics","Not Economically Disadvantaged","35","21","20","46.10","27.60","26.30","76","57.70"
"18 - 19 School Year","63","Oakland Schools","63150","Troy School District","05163","Hill Elementary School","63","Oakland","LEA School","Elementary","City: Small","Oakland Region","5","All Grades","Mathematics","Black, not of Hispanic origin","< 10","< 10","< 10","< 10","< 10","< 10","< 10","< 10"
"18 - 19 School Year","63","Oakland Schools","63150","Troy School District","05163","Hill Elementary School","63","Oakland","LEA School","Elementary","City: Small","Oakland Region","5","All Grades","Mathematics","Hispanic","< 10","< 10","< 10","< 10","< 10","< 10","< 10","< 10"
"18 - 19 School Year","63","Oakland Schools","63150","Troy School District","05163","Hill Elementary School","63","Oakland","LEA School","Elementary","City: Small","Oakland Region","5","All Grades","Mathematics","White, not of Hispanic origin","32","15","18","49.20","23.10","27.70","65","59.10"
"18 - 19 School Year","63","Oakland Schools","63150","Troy School District","05163","Hill Elementary School","63","Oakland","LEA School","Elementary","City: Small","Oakland Region","5","All Grades","Mathematics","Two or More Races","< 10","< 10","< 10","< 10","< 10","< 10","< 10","< 10"
"18 - 19 School Year","63","Oakland Schools","63150","Troy School District","05163","Hill Elementary School","63","Oakland","LEA School","Elementary","City: Small","Oakland Region","5","All Grades","Mathematics","Asian","< 10","< 10","< 10","39.10","39.10","21.70","23","56.60"
"18 - 19 School Year","63","Oakland Schools","63150","Troy School District","05163","Hill Elementary School","63","Oakland","LEA School","Elementary","City: Small","Oakland Region","5","All Grades","Mathematics","Male","29","14","11","53.70","25.90","20.40","54","63.10"
"18 - 19 School Year","63","Oakland Schools","63150","Troy School District","05163","Hill Elementary School","63","Oakland","LEA School","Elementary","City: Small","Oakland Region","5","All Grades","Mathematics","Female","17","13","14","38.60","29.50","31.80","44","52.70"
"18 - 19 School Year","63","Oakland Schools","63150","Troy School District","05163","Hill Elementary School","63","Oakland","LEA School","Elementary","City: Small","Oakland Region","5","All Grades","Mathematics","English Learners","< 10","< 10","< 10","30.80","38.50","30.80","13","52.70"
"18 - 19 School Year","63","Oakland Schools","63150","Troy School District","05163","Hill Elementary School","63","Oakland","LEA School","Elementary","City: Small","Oakland Region","5","All Grades","Mathematics","Not English Learners","42","22","21","49.40","25.90","24.70","85","59.30"
"18 - 19 School Year","63","Oakland Schools","63150","Troy School District","05163","Hill Elementary School","63","Oakland","LEA School","Elementary","City: Small","Oakland Region","5","All Grades","Mathematics","Not Migrant","46","27","25","46.90","27.60","25.50","98","58.40"
"18 - 19 School Year","63","Oakland Schools","63150","Troy School District","05163","Hill Elementary School","63","Oakland","LEA School","Elementary","City: Small","Oakland Region","5","05","Mathematics","Male","16","< 10","< 10","53.30","23.30","23.30","30","62.00"
"18 - 19 School Year","63","Oakland Schools","63150","Troy School District","05163","Hill Elementary School","63","Oakland","LEA School","Elementary","City: Small","Oakland Region","5","05","Mathematics","Asian","< 10","< 10","< 10","41.70","41.70","16.70","12","59.30"
"18 - 19 School Year","63","Oakland Schools","63150","Troy School District","05163","Hill Elementary School","63","Oakland","LEA School","Elementary","City: Small","Oakland Region","5","05","Mathematics","Two or More Races","< 10","< 10","< 10","< 10","< 10","< 10","< 10","< 10"
"18 - 19 School Year","63","Oakland Schools","63150","Troy School District","05163","Hill Elementary School","63","Oakland","LEA School","Elementary","City: Small","Oakland Region","5","05","Mathematics","Female","< 10","< 10","< 10","50.00","33.30","16.70","18","62.20"
"18 - 19 School Year","63","Oakland Schools","63150","Troy School District","05163","Hill Elementary School","63","Oakland","LEA School","Elementary","City: Small","Oakland Region","5","05","Mathematics","English Learners","< 10","< 10","< 10","< 10","< 10","< 10","< 10","< 10"
"18 - 19 School Year","63","Oakland Schools","63150","Troy School District","05163","Hill Elementary School","63","Oakland","LEA School","Elementary","City: Small","Oakland Region","5","05","Mathematics","Not English Learners","24","12","< 10","53.30","26.70","20.00","45","62.80"
"18 - 19 School Year","63","Oakland Schools","63150","Troy School District","05163","Hill Elementary School","63","Oakland","LEA School","Elementary","City: Small","Oakland Region","5","05","Mathematics","Not Migrant","25","13","10","52.10","27.10","20.80","48","62.00"
"18 - 19 School Year","63","Oakland Schools","63150","Troy School District","05163","Hill Elementary School","63","Oakland","LEA School","Elementary","City: Small","Oakland Region","5","04","Mathematics","Not Migrant","21","14","15","42.00","28.00","30.00","50","54.90"
"18 - 19 School Year","63","Oakland Schools","63150","Troy School District","05163","Hill Elementary School","63","Oakland","LEA School","Elementary","City: Small","Oakland Region","5","04","Mathematics","Not English Learners","18","10","12","45.00","25.00","30.00","40","55.30"
"18 - 19 School Year","63","Oakland Schools","63150","Troy School District","05163","Hill Elementary School","63","Oakland","LEA School","Elementary","City: Small","Oakland Region","5","04","Mathematics","English Learners","< 10","< 10","< 10","30.00","40.00","30.00","10","53.40"
"18 - 19 School Year","63","Oakland Schools","63150","Troy School District","05163","Hill Elementary School","63","Oakland","LEA School","Elementary","City: Small","Oakland Region","5","04","Mathematics","Female","< 10","< 10","11","30.80","26.90","42.30","26","46.10"
"18 - 19 School Year","63","Oakland Schools","63150","Troy School District","05163","Hill Elementary School","63","Oakland","LEA School","Elementary","City: Small","Oakland Region","5","04","Mathematics","Male","13","< 10","< 10","54.20","29.20","16.70","24","64.40"
"18 - 19 School Year","63","Oakland Schools","63150","Troy School District","05163","Hill Elementary School","63","Oakland","LEA School","Elementary","City: Small","Oakland Region","5","04","Mathematics","Asian","< 10","< 10","< 10","36.40","36.40","27.30","11","53.70"
"18 - 19 School Year","63","Oakland Schools","63150","Troy School District","05163","Hill Elementary School","63","Oakland","LEA School","Elementary","City: Small","Oakland Region","5","04","Mathematics","Two or More Races","< 10","< 10","< 10","< 10","< 10","< 10","< 10","< 10"
"18 - 19 School Year","63","Oakland Schools","63150","Troy School District","05163","Hill Elementary School","63","Oakland","LEA School","Elementary","City: Small","Oakland Region","5","04","Mathematics","White, not of Hispanic origin","16","< 10","10","47.10","23.50","29.40","34","57.20"
"18 - 19 School Year","63","Oakland Schools","63150","Troy School District","05163","Hill Elementary School","63","Oakland","LEA School","Elementary","City: Small","Oakland Region","5","04","Mathematics","Black, not of Hispanic origin","< 10","< 10","< 10","< 10","< 10","< 10","< 10","< 10"
"18 - 19 School Year","63","Oakland Schools","63150","Troy School District","05163","Hill Elementary School","63","Oakland","LEA School","Elementary","City: Small","Oakland Region","5","04","Mathematics","Not Economically Disadvantaged","18","10","12","45.00","25.00","30.00","40","56.20"
"18 - 19 School Year","63","Oakland Schools","63150","Troy School District","05163","Hill Elementary School","63","Oakland","LEA School","Elementary","City: Small","Oakland Region","5","05","Mathematics","White, not of Hispanic origin","16","< 10","< 10","51.60","22.60","25.80","31","61.20"
"18 - 19 School Year","63","Oakland Schools","63150","Troy School District","05163","Hill Elementary School","63","Oakland","LEA School","Elementary","City: Small","Oakland Region","5","05","Mathematics","Hispanic","< 10","< 10","< 10","< 10","< 10","< 10","< 10","< 10"
"18 - 19 School Year","63","Oakland Schools","63150","Troy School District","05163","Hill Elementary School","63","Oakland","LEA School","Elementary","City: Small","Oakland Region","5","05","Mathematics","Black, not of Hispanic origin","< 10","< 10","< 10","< 10","< 10","< 10","< 10","< 10"
"18 - 19 School Year","63","Oakland Schools","63150","Troy School District","05163","Hill Elementary School","63","Oakland","LEA School","Elementary","City: Small","Oakland Region","5","05","Mathematics","Not Economically Disadvantaged","17","11","< 10","47.20","30.60","22.20","36","59.50"
"18 - 19 School Year","63","Oakland Schools","63150","Troy School District","05163","Hill Elementary School","63","Oakland","LEA School","Elementary","City: Small","Oakland Region","5","05","Mathematics","Economically Disadvantaged","< 10","< 10","< 10","66.70","16.70","16.70","12","69.80"
"18 - 19 School Year","63","Oakland Schools","63150","Troy School District","05163","Hill Elementary School","63","Oakland","LEA School","Elementary","City: Small","Oakland Region","5","05","Mathematics","All Students","25","13","10","52.10","27.10","20.80","48","62.00"
"18 - 19 School Year","63","Oakland Schools","63150","Troy School District","05413","Smith Middle School","63","Oakland","LEA School","Middle School","City: Small","Oakland Region","5","All Grades","English Language Arts","Students without Disabilities","219","236","130","37.40","40.30","22.20","585","55.90"
"18 - 19 School Year","63","Oakland Schools","63150","Troy School District","05413","Smith Middle School","63","Oakland","LEA School","Middle School","City: Small","Oakland Region","5","06","English Language Arts","Students without Disabilities","65","89","48","32.20","44.10","23.80","202","53.20"
"18 - 19 School Year","63","Oakland Schools","63150","Troy School District","05413","Smith Middle School","63","Oakland","LEA School","Middle School","City: Small","Oakland Region","5","07","English Language Arts","Students without Disabilities","70","77","47","36.10","39.70","24.20","194","54.30"
"18 - 19 School Year","63","Oakland Schools","63150","Troy School District","05413","Smith Middle School","63","Oakland","LEA School","Middle School","City: Small","Oakland Region","5","08","English Language Arts","Students without Disabilities","84","70","35","44.40","37.00","18.50","189","60.40"
"18 - 19 School Year","63","Oakland Schools","63150","Troy School District","05413","Smith Middle School","63","Oakland","LEA School","Middle School","City: Small","Oakland Region","5","08","Mathematics","Students without Disabilities","64","76","50","33.70","40.00","26.30","190","54.20"
"18 - 19 School Year","63","Oakland Schools","63150","Troy School District","05413","Smith Middle School","63","Oakland","LEA School","Middle School","City: Small","Oakland Region","5","All Grades","Mathematics","Students without Disabilities","234","236","117","39.90","40.20","19.90","587","59.10"
"18 - 19 School Year","63","Oakland Schools","63150","Troy School District","05413","Smith Middle School","63","Oakland","LEA School","Middle School","City: Small","Oakland Region","5","06","Mathematics","Students without Disabilities","89","82","31","44.10","40.60","15.30","202","62.30"
"18 - 19 School Year","63","Oakland Schools","63150","Troy School District","05413","Smith Middle School","63","Oakland","LEA School","Middle School","City: Small","Oakland Region","5","07","Mathematics","Students without Disabilities","81","78","36","41.50","40.00","18.50","195","60.60"
"18 - 19 School Year","63","Oakland Schools","63150","Troy School District","05413","Smith Middle School","63","Oakland","LEA School","Middle School","City: Small","Oakland Region","5","08","Social Studies","Not Economically Disadvantaged","40","81","59","22.20","45.00","32.80","180","46.70"
"18 - 19 School Year","63","Oakland Schools","63150","Troy School District","05413","Smith Middle School","63","Oakland","LEA School","Middle School","City: Small","Oakland Region","5","08","Social Studies","Economically Disadvantaged","< 10","< 10","< 10","31.80","31.80","36.40","22","46.40"
"18 - 19 School Year","63","Oakland Schools","63150","Troy School District","05413","Smith Middle School","63","Oakland","LEA School","Middle School","City: Small","Oakland Region","5","08","Social Studies","Students without Disabilities","40","83","60","21.90","45.40","32.80","183","46.70"
"18 - 19 School Year","63","Oakland Schools","63150","Troy School District","05413","Smith Middle School","63","Oakland","LEA School","Middle School","City: Small","Oakland Region","5","All Grades","Social Studies","Students without Disabilities","40","83","60","21.90","45.40","32.80","183","46.70"
"18 - 19 School Year","63","Oakland Schools","63150","Troy School District","05413","Smith Middle School","63","Oakland","LEA School","Middle School","City: Small","Oakland Region","5","08","Social Studies","All Students","47","88","67","23.30","43.60","33.20","202","46.70"
"18 - 19 School Year","63","Oakland Schools","63150","Troy School District","05413","Smith Middle School","63","Oakland","LEA School","Middle School","City: Small","Oakland Region","5","All Grades","Social Studies","Not Migrant","47","88","67","23.30","43.60","33.20","202","46.70"
"18 - 19 School Year","63","Oakland Schools","63150","Troy School District","05413","Smith Middle School","63","Oakland","LEA School","Middle School","City: Small","Oakland Region","5","All Grades","Social Studies","Not English Learners","42","86","63","22.00","45.00","33.00","191","46.40"
"18 - 19 School Year","63","Oakland Schools","63150","Troy School District","05413","Smith Middle School","63","Oakland","LEA School","Middle School","City: Small","Oakland Region","5","All Grades","Social Studies","English Learners","< 10","< 10","< 10","45.50","18.20","36.40","11","52.80"
"18 - 19 School Year","63","Oakland Schools","63150","Troy School District","05413","Smith Middle School","63","Oakland","LEA School","Middle School","City: Small","Oakland Region","5","All Grades","Social Studies","Female","20","40","36","20.80","41.70","37.50","96","44.00"
"18 - 19 School Year","63","Oakland Schools","63150","Troy School District","05413","Smith Middle School","63","Oakland","LEA School","Middle School","City: Small","Oakland Region","5","All Grades","Social Studies","Male","27","48","31","25.50","45.30","29.20","106","49.20"
"18 - 19 School Year","63","Oakland Schools","63150","Troy School District","05413","Smith Middle School","63","Oakland","LEA School","Middle School","City: Small","Oakland Region","5","All Grades","Social Studies","Asian","16","34","12","25.80","54.80","19.40","62","55.50"
"18 - 19 School Year","63","Oakland Schools","63150","Troy School District","05413","Smith Middle School","63","Oakland","LEA School","Middle School","City: Small","Oakland Region","5","All Grades","Social Studies","Two or More Races","< 10","< 10","< 10","50.00","10.00","40.00","10","55.70"
"18 - 19 School Year","63","Oakland Schools","63150","Troy School District","05413","Smith Middle School","63","Oakland","LEA School","Middle School","City: Small","Oakland Region","5","All Grades","Social Studies","White, not of Hispanic origin","20","48","44","17.90","42.90","39.30","112","40.80"
"18 - 19 School Year","63","Oakland Schools","63150","Troy School District","05413","Smith Middle School","63","Oakland","LEA School","Middle School","City: Small","Oakland Region","5","All Grades","Social Studies","Hispanic","< 10","< 10","< 10","< 10","< 10","< 10","< 10","< 10"
"18 - 19 School Year","63","Oakland Schools","63150","Troy School District","05413","Smith Middle School","63","Oakland","LEA School","Middle School","City: Small","Oakland Region","5","All Grades","Social Studies","Black, not of Hispanic origin","< 10","< 10","< 10","9.10","45.50","45.50","11","34.30"
"18 - 19 School Year","63","Oakland Schools","63150","Troy School District","05413","Smith Middle School","63","Oakland","LEA School","Middle School","City: Small","Oakland Region","5","All Grades","Social Studies","American Indian or Alaska Native","< 10","< 10","< 10","< 10","< 10","< 10","< 10","< 10"
"18 - 19 School Year","63","Oakland Schools","63150","Troy School District","05413","Smith Middle School","63","Oakland","LEA School","Middle School","City: Small","Oakland Region","5","All Grades","Social Studies","Not Economically Disadvantaged","40","81","59","22.20","45.00","32.80","180","46.70"
"18 - 19 School Year","63","Oakland Schools","63150","Troy School District","05413","Smith Middle School","63","Oakland","LEA School","Middle School","City: Small","Oakland Region","5","All Grades","Social Studies","All Students","47","88","67","23.30","43.60","33.20","202","46.70"
"18 - 19 School Year","63","Oakland Schools","63150","Troy School District","05413","Smith Middle School","63","Oakland","LEA School","Middle School","City: Small","Oakland Region","5","All Grades","Social Studies","Economically Disadvantaged","< 10","< 10","< 10","31.80","31.80","36.40","22","46.40"
"18 - 19 School Year","63","Oakland Schools","63150","Troy School District","05413","Smith Middle School","63","Oakland","LEA School","Middle School","City: Small","Oakland Region","5","08","Social Studies","Not Migrant","47","88","67","23.30","43.60","33.20","202","46.70"
"18 - 19 School Year","63","Oakland Schools","63150","Troy School District","05413","Smith Middle School","63","Oakland","LEA School","Middle School","City: Small","Oakland Region","5","08","Social Studies","Not English Learners","42","86","63","22.00","45.00","33.00","191","46.40"
"18 - 19 School Year","63","Oakland Schools","63150","Troy School District","05413","Smith Middle School","63","Oakland","LEA School","Middle School","City: Small","Oakland Region","5","08","Social Studies","English Learners","< 10","< 10","< 10","45.50","18.20","36.40","11","52.80"
"18 - 19 School Year","63","Oakland Schools","63150","Troy School District","05413","Smith Middle School","63","Oakland","LEA School","Middle School","City: Small","Oakland Region","5","08","Social Studies","Female","20","40","36","20.80","41.70","37.50","96","44.00"
"18 - 19 School Year","63","Oakland Schools","63150","Troy School District","05413","Smith Middle School","63","Oakland","LEA School","Middle School","City: Small","Oakland Region","5","08","Social Studies","Male","27","48","31","25.50","45.30","29.20","106","49.20"
"18 - 19 School Year","63","Oakland Schools","63150","Troy School District","05413","Smith Middle School","63","Oakland","LEA School","Middle School","City: Small","Oakland Region","5","08","Social Studies","Asian","16","34","12","25.80","54.80","19.40","62","55.50"
"18 - 19 School Year","63","Oakland Schools","63150","Troy School District","05413","Smith Middle School","63","Oakland","LEA School","Middle School","City: Small","Oakland Region","5","08","Social Studies","Two or More Races","< 10","< 10","< 10","50.00","10.00","40.00","10","55.70"
"18 - 19 School Year","63","Oakland Schools","63150","Troy School District","05413","Smith Middle School","63","Oakland","LEA School","Middle School","City: Small","Oakland Region","5","08","Social Studies","White, not of Hispanic origin","20","48","44","17.90","42.90","39.30","112","40.80"
"18 - 19 School Year","63","Oakland Schools","63150","Troy School District","05413","Smith Middle School","63","Oakland","LEA School","Middle School","City: Small","Oakland Region","5","08","Social Studies","Hispanic","< 10","< 10","< 10","< 10","< 10","< 10","< 10","< 10"
"18 - 19 School Year","63","Oakland Schools","63150","Troy School District","05413","Smith Middle School","63","Oakland","LEA School","Middle School","City: Small","Oakland Region","5","08","Social Studies","Black, not of Hispanic origin","< 10","< 10","< 10","9.10","45.50","45.50","11","34.30"
"18 - 19 School Year","63","Oakland Schools","63150","Troy School District","05413","Smith Middle School","63","Oakland","LEA School","Middle School","City: Small","Oakland Region","5","08","Social Studies","American Indian or Alaska Native","< 10","< 10","< 10","< 10","< 10","< 10","< 10","< 10"
"18 - 19 School Year","63","Oakland Schools","63150","Troy School District","05413","Smith Middle School","63","Oakland","LEA School","Middle School","City: Small","Oakland Region","5","All Grades","Mathematics","Students with Disabilities","20","26","17","31.70","41.30","27.00","63","51.80"
"18 - 19 School Year","63","Oakland Schools","63150","Troy School District","05413","Smith Middle School","63","Oakland","LEA School","Middle School","City: Small","Oakland Region","5","06","Mathematics","Students with Disabilities","< 10","< 10","< 10","27.80","44.40","27.80","18","47.50"
"18 - 19 School Year","63","Oakland Schools","63150","Troy School District","05413","Smith Middle School","63","Oakland","LEA School","Middle School","City: Small","Oakland Region","5","07","Mathematics","Students with Disabilities","< 10","11","< 10","34.60","42.30","23.10","26","56.00"
"18 - 19 School Year","63","Oakland Schools","63150","Troy School District","05413","Smith Middle School","63","Oakland","LEA School","Middle School","City: Small","Oakland Region","5","07","English Language Arts","Students with Disabilities","10","< 10","< 10","38.50","30.80","30.80","26","55.00"
"18 - 19 School Year","63","Oakland Schools","63150","Troy School District","05413","Smith Middle School","63","Oakland","LEA School","Middle School","City: Small","Oakland Region","5","06","English Language Arts","Students with Disabilities","< 10","< 10","< 10","22.20","50.00","27.80","18","48.00"
"18 - 19 School Year","63","Oakland Schools","63150","Troy School District","05413","Smith Middle School","63","Oakland","LEA School","Middle School","City: Small","Oakland Region","5","All Grades","English Language Arts","Students with Disabilities","20","25","18","31.70","39.70","28.60","63","52.10"
"18 - 19 School Year","63","Oakland Schools","63150","Troy School District","05413","Smith Middle School","63","Oakland","LEA School","Middle School","City: Small","Oakland Region","5","08","English Language Arts","Students with Disabilities","< 10","< 10","< 10","31.60","42.10","26.30","19","52.10"
"18 - 19 School Year","63","Oakland Schools","63150","Troy School District","05413","Smith Middle School","63","Oakland","LEA School","Middle School","City: Small","Oakland Region","5","08","Mathematics","Students with Disabilities","< 10","< 10","< 10","31.60","36.80","31.60","19","50.20"
"18 - 19 School Year","63","Oakland Schools","63150","Troy School District","05413","Smith Middle School","63","Oakland","LEA School","Middle School","City: Small","Oakland Region","5","08","English Language Arts","Male","52","37","21","47.30","33.60","19.10","110","61.20"
"18 - 19 School Year","63","Oakland Schools","63150","Troy School District","05413","Smith Middle School","63","Oakland","LEA School","Middle School","City: Small","Oakland Region","5","08","English Language Arts","Female","38","41","19","38.80","41.80","19.40","98","57.90"
"18 - 19 School Year","63","Oakland Schools","63150","Troy School District","05413","Smith Middle School","63","Oakland","LEA School","Middle School","City: Small","Oakland Region","5","08","English Language Arts","English Learners","< 10","< 10","< 10","42.90","28.60","28.60","14","52.10"
"18 - 19 School Year","63","Oakland Schools","63150","Troy School District","05413","Smith Middle School","63","Oakland","LEA School","Middle School","City: Small","Oakland Region","5","08","English Language Arts","Not English Learners","84","74","36","43.30","38.10","18.60","194","60.20"
"18 - 19 School Year","63","Oakland Schools","63150","Troy School District","05413","Smith Middle School","63","Oakland","LEA School","Middle School","City: Small","Oakland Region","5","08","English Language Arts","Not Migrant","90","78","40","43.30","37.50","19.20","208","59.70"
"18 - 19 School Year","63","Oakland Schools","63150","Troy School District","05413","Smith Middle School","63","Oakland","LEA School","Middle School","City: Small","Oakland Region","5","All Grades","English Language Arts","All Students","239","261","148","36.90","40.30","22.80","648","55.50"
"18 - 19 School Year","63","Oakland Schools","63150","Troy School District","05413","Smith Middle School","63","Oakland","LEA School","Middle School","City: Small","Oakland Region","5","All Grades","English Language Arts","Economically Disadvantaged","28","37","28","30.10","39.80","30.10","93","51.10"
"18 - 19 School Year","63","Oakland Schools","63150","Troy School District","05413","Smith Middle School","63","Oakland","LEA School","Middle School","City: Small","Oakland Region","5","All Grades","English Language Arts","Not Economically Disadvantaged","211","224","120","38.00","40.40","21.60","555","56.30"
"18 - 19 School Year","63","Oakland Schools","63150","Troy School District","05413","Smith Middle School","63","Oakland","LEA School","Middle School","City: Small","Oakland Region","5","All Grades","English Language Arts","American Indian or Alaska Native","< 10","< 10","< 10","< 10","< 10","< 10","< 10","< 10"
"18 - 19 School Year","63","Oakland Schools","63150","Troy School District","05413","Smith Middle School","63","Oakland","LEA School","Middle School","City: Small","Oakland Region","5","All Grades","English Language Arts","Black, not of Hispanic origin","< 10","17","< 10","25.00","60.70","14.30","28","55.90"
"18 - 19 School Year","63","Oakland Schools","63150","Troy School District","05413","Smith Middle School","63","Oakland","LEA School","Middle School","City: Small","Oakland Region","5","All Grades","English Language Arts","Hispanic","11","< 10","< 10","57.90","31.60","10.50","19","69.50"
"18 - 19 School Year","63","Oakland Schools","63150","Troy School District","05413","Smith Middle School","63","Oakland","LEA School","Middle School","City: Small","Oakland Region","5","All Grades","English Language Arts","White, not of Hispanic origin","123","146","106","32.80","38.90","28.30","375","52.00"
"18 - 19 School Year","63","Oakland Schools","63150","Troy School District","05413","Smith Middle School","63","Oakland","LEA School","Middle School","City: Small","Oakland Region","5","All Grades","English Language Arts","Two or More Races","10","11","< 10","41.70","45.80","12.50","24","61.30"
"18 - 19 School Year","63","Oakland Schools","63150","Troy School District","05413","Smith Middle School","63","Oakland","LEA School","Middle School","City: Small","Oakland Region","5","All Grades","English Language Arts","Asian","87","81","33","43.30","40.30","16.40","201","59.80"
"18 - 19 School Year","63","Oakland Schools","63150","Troy School District","05413","Smith Middle School","63","Oakland","LEA School","Middle School","City: Small","Oakland Region","5","All Grades","English Language Arts","Male","126","129","78","37.80","38.70","23.40","333","55.60"
"18 - 19 School Year","63","Oakland Schools","63150","Troy School District","05413","Smith Middle School","63","Oakland","LEA School","Middle School","City: Small","Oakland Region","5","All Grades","English Language Arts","Female","113","132","70","35.90","41.90","22.20","315","55.50"
"18 - 19 School Year","63","Oakland Schools","63150","Troy School District","05413","Smith Middle School","63","Oakland","LEA School","Middle School","City: Small","Oakland Region","5","All Grades","English Language Arts","English Learners","20","25","10","36.40","45.50","18.20","55","55.20"
"18 - 19 School Year","63","Oakland Schools","63150","Troy School District","05413","Smith Middle School","63","Oakland","LEA School","Middle School","City: Small","Oakland Region","5","All Grades","English Language Arts","Not English Learners","219","236","138","36.90","39.80","23.30","593","55.50"
"18 - 19 School Year","63","Oakland Schools","63150","Troy School District","05413","Smith Middle School","63","Oakland","LEA School","Middle School","City: Small","Oakland Region","5","All Grades","English Language Arts","Not Migrant","239","261","148","36.90","40.30","22.80","648","55.50"
"18 - 19 School Year","63","Oakland Schools","63150","Troy School District","05413","Smith Middle School","63","Oakland","LEA School","Middle School","City: Small","Oakland Region","5","06","English Language Arts","All Students","69","98","53","31.40","44.50","24.10","220","52.70"
"18 - 19 School Year","63","Oakland Schools","63150","Troy School District","05413","Smith Middle School","63","Oakland","LEA School","Middle School","City: Small","Oakland Region","5","06","English Language Arts","Economically Disadvantaged","< 10","15","< 10","25.00","46.90","28.10","32","49.20"
"18 - 19 School Year","63","Oakland Schools","63150","Troy School District","05413","Smith Middle School","63","Oakland","LEA School","Middle School","City: Small","Oakland Region","5","06","English Language Arts","Not Economically Disadvantaged","61","83","44","32.40","44.10","23.40","188","53.30"
"18 - 19 School Year","63","Oakland Schools","63150","Troy School District","05413","Smith Middle School","63","Oakland","LEA School","Middle School","City: Small","Oakland Region","5","06","English Language Arts","Black, not of Hispanic origin","< 10","< 10","< 10","< 10","< 10","< 10","< 10","< 10"
"18 - 19 School Year","63","Oakland Schools","63150","Troy School District","05413","Smith Middle School","63","Oakland","LEA School","Middle School","City: Small","Oakland Region","5","06","English Language Arts","Hispanic","< 10","< 10","< 10","< 10","< 10","< 10","< 10","< 10"
"18 - 19 School Year","63","Oakland Schools","63150","Troy School District","05413","Smith Middle School","63","Oakland","LEA School","Middle School","City: Small","Oakland Region","5","06","English Language Arts","White, not of Hispanic origin","37","57","33","29.10","44.90","26.00","127","51.80"
"18 - 19 School Year","63","Oakland Schools","63150","Troy School District","05413","Smith Middle School","63","Oakland","LEA School","Middle School","City: Small","Oakland Region","5","06","English Language Arts","Two or More Races","< 10","< 10","< 10","40.00","50.00","10.00","10","60.90"
"18 - 19 School Year","63","Oakland Schools","63150","Troy School District","05413","Smith Middle School","63","Oakland","LEA School","Middle School","City: Small","Oakland Region","5","06","English Language Arts","Asian","21","29","18","30.90","42.60","26.50","68","49.80"
"18 - 19 School Year","63","Oakland Schools","63150","Troy School District","05413","Smith Middle School","63","Oakland","LEA School","Middle School","City: Small","Oakland Region","5","08","English Language Arts","Asian","35","24","< 10","53.00","36.40","10.60","66","67.30"
"18 - 19 School Year","63","Oakland Schools","63150","Troy School District","05413","Smith Middle School","63","Oakland","LEA School","Middle School","City: Small","Oakland Region","5","08","English Language Arts","Two or More Races","< 10","< 10","< 10","50.00","30.00","20.00","10","59.10"
"18 - 19 School Year","63","Oakland Schools","63150","Troy School District","05413","Smith Middle School","63","Oakland","LEA School","Middle School","City: Small","Oakland Region","5","08","English Language Arts","White, not of Hispanic origin","44","42","28","38.60","36.80","24.60","114","55.50"
"18 - 19 School Year","63","Oakland Schools","63150","Troy School District","05413","Smith Middle School","63","Oakland","LEA School","Middle School","City: Small","Oakland Region","5","08","English Language Arts","Hispanic","< 10","< 10","< 10","< 10","< 10","< 10","< 10","< 10"
"18 - 19 School Year","63","Oakland Schools","63150","Troy School District","05413","Smith Middle School","63","Oakland","LEA School","Middle School","City: Small","Oakland Region","5","08","English Language Arts","Black, not of Hispanic origin","< 10","< 10","< 10","18.20","63.60","18.20","11","55.70"
"18 - 19 School Year","63","Oakland Schools","63150","Troy School District","05413","Smith Middle School","63","Oakland","LEA School","Middle School","City: Small","Oakland Region","5","08","English Language Arts","American Indian or Alaska Native","< 10","< 10","< 10","< 10","< 10","< 10","< 10","< 10"
"18 - 19 School Year","63","Oakland Schools","63150","Troy School District","05413","Smith Middle School","63","Oakland","LEA School","Middle School","City: Small","Oakland Region","5","08","English Language Arts","Not Economically Disadvantaged","81","69","35","43.80","37.30","18.90","185","59.50"
"18 - 19 School Year","63","Oakland Schools","63150","Troy School District","05413","Smith Middle School","63","Oakland","LEA School","Middle School","City: Small","Oakland Region","5","08","English Language Arts","Economically Disadvantaged","< 10","< 10","< 10","39.10","39.10","21.70","23","60.70"
"18 - 19 School Year","63","Oakland Schools","63150","Troy School District","05413","Smith Middle School","63","Oakland","LEA School","Middle School","City: Small","Oakland Region","5","08","English Language Arts","All Students","90","78","40","43.30","37.50","19.20","208","59.70"
"18 - 19 School Year","63","Oakland Schools","63150","Troy School District","05413","Smith Middle School","63","Oakland","LEA School","Middle School","City: Small","Oakland Region","5","07","English Language Arts","Not Migrant","80","85","55","36.40","38.60","25.00","220","54.40"
"18 - 19 School Year","63","Oakland Schools","63150","Troy School District","05413","Smith Middle School","63","Oakland","LEA School","Middle School","City: Small","Oakland Region","5","07","English Language Arts","Not English Learners","73","72","53","36.90","36.40","26.80","198","54.00"
"18 - 19 School Year","63","Oakland Schools","63150","Troy School District","05413","Smith Middle School","63","Oakland","LEA School","Middle School","City: Small","Oakland Region","5","07","English Language Arts","English Learners","< 10","13","< 10","31.80","59.10","9.10","22","57.80"
"18 - 19 School Year","63","Oakland Schools","63150","Troy School District","05413","Smith Middle School","63","Oakland","LEA School","Middle School","City: Small","Oakland Region","5","07","English Language Arts","Female","41","42","24","38.30","39.30","22.40","107","55.90"
"18 - 19 School Year","63","Oakland Schools","63150","Troy School District","05413","Smith Middle School","63","Oakland","LEA School","Middle School","City: Small","Oakland Region","5","07","English Language Arts","Male","39","43","31","34.50","38.10","27.40","113","52.90"
"18 - 19 School Year","63","Oakland Schools","63150","Troy School District","05413","Smith Middle School","63","Oakland","LEA School","Middle School","City: Small","Oakland Region","5","07","English Language Arts","Asian","31","28","< 10","46.30","41.80","11.90","67","62.60"
"18 - 19 School Year","63","Oakland Schools","63150","Troy School District","05413","Smith Middle School","63","Oakland","LEA School","Middle School","City: Small","Oakland Region","5","07","English Language Arts","Two or More Races","< 10","< 10","< 10","< 10","< 10","< 10","< 10","< 10"
"18 - 19 School Year","63","Oakland Schools","63150","Troy School District","05413","Smith Middle School","63","Oakland","LEA School","Middle School","City: Small","Oakland Region","5","07","English Language Arts","White, not of Hispanic origin","42","47","45","31.30","35.10","33.60","134","49.30"
"18 - 19 School Year","63","Oakland Schools","63150","Troy School District","05413","Smith Middle School","63","Oakland","LEA School","Middle School","City: Small","Oakland Region","5","07","English Language Arts","Hispanic","< 10","< 10","< 10","< 10","< 10","< 10","< 10","< 10"
"18 - 19 School Year","63","Oakland Schools","63150","Troy School District","05413","Smith Middle School","63","Oakland","LEA School","Middle School","City: Small","Oakland Region","5","07","English Language Arts","Black, not of Hispanic origin","< 10","< 10","< 10","< 10","< 10","< 10","< 10","< 10"
"18 - 19 School Year","63","Oakland Schools","63150","Troy School District","05413","Smith Middle School","63","Oakland","LEA School","Middle School","City: Small","Oakland Region","5","07","English Language Arts","Not Economically Disadvantaged","69","72","41","37.90","39.60","22.50","182","55.90"
"18 - 19 School Year","63","Oakland Schools","63150","Troy School District","05413","Smith Middle School","63","Oakland","LEA School","Middle School","City: Small","Oakland Region","5","07","English Language Arts","Economically Disadvantaged","11","13","14","28.90","34.20","36.80","38","47.00"
"18 - 19 School Year","63","Oakland Schools","63150","Troy School District","05413","Smith Middle School","63","Oakland","LEA School","Middle School","City: Small","Oakland Region","5","07","English Language Arts","All Students","80","85","55","36.40","38.60","25.00","220","54.40"
"18 - 19 School Year","63","Oakland Schools","63150","Troy School District","05413","Smith Middle School","63","Oakland","LEA School","Middle School","City: Small","Oakland Region","5","06","English Language Arts","Not Migrant","69","98","53","31.40","44.50","24.10","220","52.70"
"18 - 19 School Year","63","Oakland Schools","63150","Troy School District","05413","Smith Middle School","63","Oakland","LEA School","Middle School","City: Small","Oakland Region","5","06","English Language Arts","Not English Learners","62","90","49","30.80","44.80","24.40","201","52.60"
"18 - 19 School Year","63","Oakland Schools","63150","Troy School District","05413","Smith Middle School","63","Oakland","LEA School","Middle School","City: Small","Oakland Region","5","06","English Language Arts","English Learners","< 10","< 10","< 10","36.80","42.10","21.10","19","54.50"
"18 - 19 School Year","63","Oakland Schools","63150","Troy School District","05413","Smith Middle School","63","Oakland","LEA School","Middle School","City: Small","Oakland Region","5","06","English Language Arts","Female","34","49","27","30.90","44.50","24.50","110","52.80"
"18 - 19 School Year","63","Oakland Schools","63150","Troy School District","05413","Smith Middle School","63","Oakland","LEA School","Middle School","City: Small","Oakland Region","5","06","English Language Arts","Male","35","49","26","31.80","44.50","23.60","110","52.70"
"18 - 19 School Year","63","Oakland Schools","63150","Troy School District","05413","Smith Middle School","63","Oakland","LEA School","Middle School","City: Small","Oakland Region","5","08","Mathematics","All Students","70","83","56","33.50","39.70","26.80","209","53.80"
"18 - 19 School Year","63","Oakland Schools","63150","Troy School District","05413","Smith Middle School","63","Oakland","LEA School","Middle School","City: Small","Oakland Region","5","All Grades","Mathematics","Not Migrant","254","262","134","39.10","40.30","20.60","650","58.40"
"18 - 19 School Year","63","Oakland Schools","63150","Troy School District","05413","Smith Middle School","63","Oakland","LEA School","Middle School","City: Small","Oakland Region","5","All Grades","Mathematics","Not English Learners","230","239","124","38.80","40.30","20.90","593","58.00"
"18 - 19 School Year","63","Oakland Schools","63150","Troy School District","05413","Smith Middle School","63","Oakland","LEA School","Middle School","City: Small","Oakland Region","5","All Grades","Mathematics","English Learners","24","23","10","42.10","40.40","17.50","57","62.60"
"18 - 19 School Year","63","Oakland Schools","63150","Troy School District","05413","Smith Middle School","63","Oakland","LEA School","Middle School","City: Small","Oakland Region","5","All Grades","Mathematics","Female","119","137","59","37.80","43.50","18.70","315","58.00"
"18 - 19 School Year","63","Oakland Schools","63150","Troy School District","05413","Smith Middle School","63","Oakland","LEA School","Middle School","City: Small","Oakland Region","5","All Grades","Mathematics","Male","135","125","75","40.30","37.30","22.40","335","58.80"
"18 - 19 School Year","63","Oakland Schools","63150","Troy School District","05413","Smith Middle School","63","Oakland","LEA School","Middle School","City: Small","Oakland Region","5","All Grades","Mathematics","Asian","97","74","32","47.80","36.50","15.80","203","64.60"
"18 - 19 School Year","63","Oakland Schools","63150","Troy School District","05413","Smith Middle School","63","Oakland","LEA School","Middle School","City: Small","Oakland Region","5","All Grades","Mathematics","Two or More Races","< 10","11","< 10","33.30","45.80","20.80","24","54.00"
"18 - 19 School Year","63","Oakland Schools","63150","Troy School District","05413","Smith Middle School","63","Oakland","LEA School","Middle School","City: Small","Oakland Region","5","All Grades","Mathematics","White, not of Hispanic origin","134","157","84","35.70","41.90","22.40","375","55.90"
"18 - 19 School Year","63","Oakland Schools","63150","Troy School District","05413","Smith Middle School","63","Oakland","LEA School","Middle School","City: Small","Oakland Region","5","All Grades","Mathematics","Hispanic","< 10","< 10","< 10","26.30","36.80","36.80","19","49.70"
"18 - 19 School Year","63","Oakland Schools","63150","Troy School District","05413","Smith Middle School","63","Oakland","LEA School","Middle School","City: Small","Oakland Region","5","All Grades","Mathematics","Black, not of Hispanic origin","10","12","< 10","35.70","42.90","21.40","28","55.90"
"18 - 19 School Year","63","Oakland Schools","63150","Troy School District","05413","Smith Middle School","63","Oakland","LEA School","Middle School","City: Small","Oakland Region","5","All Grades","Mathematics","American Indian or Alaska Native","< 10","< 10","< 10","< 10","< 10","< 10","< 10","< 10"
"18 - 19 School Year","63","Oakland Schools","63150","Troy School District","05413","Smith Middle School","63","Oakland","LEA School","Middle School","City: Small","Oakland Region","5","All Grades","Mathematics","Not Economically Disadvantaged","220","224","113","39.50","40.20","20.30","557","58.70"
"18 - 19 School Year","63","Oakland Schools","63150","Troy School District","05413","Smith Middle School","63","Oakland","LEA School","Middle School","City: Small","Oakland Region","5","All Grades","Mathematics","Economically Disadvantaged","34","38","21","36.60","40.90","22.60","93","56.60"
"18 - 19 School Year","63","Oakland Schools","63150","Troy School District","05413","Smith Middle School","63","Oakland","LEA School","Middle School","City: Small","Oakland Region","5","All Grades","Mathematics","All Students","254","262","134","39.10","40.30","20.60","650","58.40"
"18 - 19 School Year","63","Oakland Schools","63150","Troy School District","05413","Smith Middle School","63","Oakland","LEA School","Middle School","City: Small","Oakland Region","5","08","Mathematics","Economically Disadvantaged","< 10","< 10","< 10","39.10","39.10","21.70","23","61.50"
"18 - 19 School Year","63","Oakland Schools","63150","Troy School District","05413","Smith Middle School","63","Oakland","LEA School","Middle School","City: Small","Oakland Region","5","08","Mathematics","Not Economically Disadvantaged","61","74","51","32.80","39.80","27.40","186","52.90"
"18 - 19 School Year","63","Oakland Schools","63150","Troy School District","05413","Smith Middle School","63","Oakland","LEA School","Middle School","City: Small","Oakland Region","5","08","Mathematics","American Indian or Alaska Native","< 10","< 10","< 10","< 10","< 10","< 10","< 10","< 10"
"18 - 19 School Year","63","Oakland Schools","63150","Troy School District","05413","Smith Middle School","63","Oakland","LEA School","Middle School","City: Small","Oakland Region","5","08","Mathematics","Black, not of Hispanic origin","< 10","< 10","< 10","36.40","54.50","9.10","11","58.50"
"18 - 19 School Year","63","Oakland Schools","63150","Troy School District","05413","Smith Middle School","63","Oakland","LEA School","Middle School","City: Small","Oakland Region","5","08","Mathematics","Hispanic","< 10","< 10","< 10","< 10","< 10","< 10","< 10","< 10"
"18 - 19 School Year","63","Oakland Schools","63150","Troy School District","05413","Smith Middle School","63","Oakland","LEA School","Middle School","City: Small","Oakland Region","5","08","Mathematics","White, not of Hispanic origin","37","42","35","32.50","36.80","30.70","114","52.00"
"18 - 19 School Year","63","Oakland Schools","63150","Troy School District","05413","Smith Middle School","63","Oakland","LEA School","Middle School","City: Small","Oakland Region","5","08","Mathematics","Two or More Races","< 10","< 10","< 10","30.00","30.00","40.00","10","46.90"
"18 - 19 School Year","63","Oakland Schools","63150","Troy School District","05413","Smith Middle School","63","Oakland","LEA School","Middle School","City: Small","Oakland Region","5","07","Mathematics","All Students","90","89","42","40.70","40.30","19.00","221","60.10"
"18 - 19 School Year","63","Oakland Schools","63150","Troy School District","05413","Smith Middle School","63","Oakland","LEA School","Middle School","City: Small","Oakland Region","5","07","Mathematics","Economically Disadvantaged","15","16","< 10","39.50","42.10","18.40","38","58.50"
"18 - 19 School Year","63","Oakland Schools","63150","Troy School District","05413","Smith Middle School","63","Oakland","LEA School","Middle School","City: Small","Oakland Region","5","07","Mathematics","Not Economically Disadvantaged","75","73","35","41.00","39.90","19.10","183","60.40"
"18 - 19 School Year","63","Oakland Schools","63150","Troy School District","05413","Smith Middle School","63","Oakland","LEA School","Middle School","City: Small","Oakland Region","5","07","Mathematics","Black, not of Hispanic origin","< 10","< 10","< 10","< 10","< 10","< 10","< 10","< 10"
"18 - 19 School Year","63","Oakland Schools","63150","Troy School District","05413","Smith Middle School","63","Oakland","LEA School","Middle School","City: Small","Oakland Region","5","07","Mathematics","Hispanic","< 10","< 10","< 10","< 10","< 10","< 10","< 10","< 10"
"18 - 19 School Year","63","Oakland Schools","63150","Troy School District","05413","Smith Middle School","63","Oakland","LEA School","Middle School","City: Small","Oakland Region","5","07","Mathematics","White, not of Hispanic origin","47","60","27","35.10","44.80","20.10","134","57.10"
"18 - 19 School Year","63","Oakland Schools","63150","Troy School District","05413","Smith Middle School","63","Oakland","LEA School","Middle School","City: Small","Oakland Region","5","07","Mathematics","Two or More Races","< 10","< 10","< 10","< 10","< 10","< 10","< 10","< 10"
"18 - 19 School Year","63","Oakland Schools","63150","Troy School District","05413","Smith Middle School","63","Oakland","LEA School","Middle School","City: Small","Oakland Region","5","07","Mathematics","Asian","38","22","< 10","55.90","32.40","11.80","68","68.80"
"18 - 19 School Year","63","Oakland Schools","63150","Troy School District","05413","Smith Middle School","63","Oakland","LEA School","Middle School","City: Small","Oakland Region","5","07","Mathematics","Male","53","42","19","46.50","36.80","16.70","114","64.30"
"18 - 19 School Year","63","Oakland Schools","63150","Troy School District","05413","Smith Middle School","63","Oakland","LEA School","Middle School","City: Small","Oakland Region","5","07","Mathematics","Female","37","47","23","34.60","43.90","21.50","107","55.60"
"18 - 19 School Year","63","Oakland Schools","63150","Troy School District","05413","Smith Middle School","63","Oakland","LEA School","Middle School","City: Small","Oakland Region","5","07","Mathematics","English Learners","< 10","11","< 10","39.10","47.80","13.00","23","64.90"
"18 - 19 School Year","63","Oakland Schools","63150","Troy School District","05413","Smith Middle School","63","Oakland","LEA School","Middle School","City: Small","Oakland Region","5","07","Mathematics","Not English Learners","81","78","39","40.90","39.40","19.70","198","59.50"
"18 - 19 School Year","63","Oakland Schools","63150","Troy School District","05413","Smith Middle School","63","Oakland","LEA School","Middle School","City: Small","Oakland Region","5","07","Mathematics","Not Migrant","90","89","42","40.70","40.30","19.00","221","60.10"
"18 - 19 School Year","63","Oakland Schools","63150","Troy School District","05413","Smith Middle School","63","Oakland","LEA School","Middle School","City: Small","Oakland Region","5","06","Mathematics","All Students","94","90","36","42.70","40.90","16.40","220","61.10"
"18 - 19 School Year","63","Oakland Schools","63150","Troy School District","05413","Smith Middle School","63","Oakland","LEA School","Middle School","City: Small","Oakland Region","5","06","Mathematics","Economically Disadvantaged","10","13","< 10","31.30","40.60","28.10","32","50.90"
"18 - 19 School Year","63","Oakland Schools","63150","Troy School District","05413","Smith Middle School","63","Oakland","LEA School","Middle School","City: Small","Oakland Region","5","06","Mathematics","Not Economically Disadvantaged","84","77","27","44.70","41.00","14.40","188","62.80"
"18 - 19 School Year","63","Oakland Schools","63150","Troy School District","05413","Smith Middle School","63","Oakland","LEA School","Middle School","City: Small","Oakland Region","5","06","Mathematics","Black, not of Hispanic origin","< 10","< 10","< 10","< 10","< 10","< 10","< 10","< 10"
"18 - 19 School Year","63","Oakland Schools","63150","Troy School District","05413","Smith Middle School","63","Oakland","LEA School","Middle School","City: Small","Oakland Region","5","06","Mathematics","Hispanic","< 10","< 10","< 10","< 10","< 10","< 10","< 10","< 10"
"18 - 19 School Year","63","Oakland Schools","63150","Troy School District","05413","Smith Middle School","63","Oakland","LEA School","Middle School","City: Small","Oakland Region","5","06","Mathematics","White, not of Hispanic origin","50","55","22","39.40","43.30","17.30","127","58.20"
"18 - 19 School Year","63","Oakland Schools","63150","Troy School District","05413","Smith Middle School","63","Oakland","LEA School","Middle School","City: Small","Oakland Region","5","06","Mathematics","Two or More Races","< 10","< 10","< 10","40.00","50.00","10.00","10","59.90"
"18 - 19 School Year","63","Oakland Schools","63150","Troy School District","05413","Smith Middle School","63","Oakland","LEA School","Middle School","City: Small","Oakland Region","5","06","Mathematics","Asian","35","24","< 10","51.50","35.30","13.20","68","67.80"
"18 - 19 School Year","63","Oakland Schools","63150","Troy School District","05413","Smith Middle School","63","Oakland","LEA School","Middle School","City: Small","Oakland Region","5","06","Mathematics","Male","43","41","26","39.10","37.30","23.60","110","57.50"
"18 - 19 School Year","63","Oakland Schools","63150","Troy School District","05413","Smith Middle School","63","Oakland","LEA School","Middle School","City: Small","Oakland Region","5","06","Mathematics","Female","51","49","10","46.40","44.50","9.10","110","64.60"
"18 - 19 School Year","63","Oakland Schools","63150","Troy School District","05413","Smith Middle School","63","Oakland","LEA School","Middle School","City: Small","Oakland Region","5","06","Mathematics","English Learners","< 10","< 10","< 10","36.80","36.80","26.30","19","55.60"
"18 - 19 School Year","63","Oakland Schools","63150","Troy School District","05413","Smith Middle School","63","Oakland","LEA School","Middle School","City: Small","Oakland Region","5","06","Mathematics","Not English Learners","87","83","31","43.30","41.30","15.40","201","61.60"
"18 - 19 School Year","63","Oakland Schools","63150","Troy School District","05413","Smith Middle School","63","Oakland","LEA School","Middle School","City: Small","Oakland Region","5","06","Mathematics","Not Migrant","94","90","36","42.70","40.90","16.40","220","61.10"
"18 - 19 School Year","63","Oakland Schools","63150","Troy School District","05413","Smith Middle School","63","Oakland","LEA School","Middle School","City: Small","Oakland Region","5","08","Mathematics","Asian","24","28","15","35.80","41.80","22.40","67","57.20"
"18 - 19 School Year","63","Oakland Schools","63150","Troy School District","05413","Smith Middle School","63","Oakland","LEA School","Middle School","City: Small","Oakland Region","5","08","Mathematics","Male","39","42","30","35.10","37.80","27.00","111","54.40"
"18 - 19 School Year","63","Oakland Schools","63150","Troy School District","05413","Smith Middle School","63","Oakland","LEA School","Middle School","City: Small","Oakland Region","5","08","Mathematics","Female","31","41","26","31.60","41.80","26.50","98","53.20"
"18 - 19 School Year","63","Oakland Schools","63150","Troy School District","05413","Smith Middle School","63","Oakland","LEA School","Middle School","City: Small","Oakland Region","5","08","Mathematics","English Learners","< 10","< 10","< 10","53.30","33.30","13.30","15","68.00"
"18 - 19 School Year","63","Oakland Schools","63150","Troy School District","05413","Smith Middle School","63","Oakland","LEA School","Middle School","City: Small","Oakland Region","5","08","Mathematics","Not English Learners","62","78","54","32.00","40.20","27.80","194","52.70"
"18 - 19 School Year","63","Oakland Schools","63150","Troy School District","05413","Smith Middle School","63","Oakland","LEA School","Middle School","City: Small","Oakland Region","5","08","Mathematics","Not Migrant","70","83","56","33.50","39.70","26.80","209","53.80"
"18 - 19 School Year","63","Oakland Schools","63150","Troy School District","05413","Smith Middle School","63","Oakland","LEA School","Middle School","City: Small","Oakland Region","5","08","Social Studies","Students with Disabilities","< 10","< 10","< 10","36.80","26.30","36.80","19","47.10"
"18 - 19 School Year","63","Oakland Schools","63150","Troy School District","05413","Smith Middle School","63","Oakland","LEA School","Middle School","City: Small","Oakland Region","5","All Grades","Social Studies","Students with Disabilities","< 10","< 10","< 10","36.80","26.30","36.80","19","47.10"
"18 - 19 School Year","63","Oakland Schools","63150","Troy School District","05537","Wattles Elementary School","63","Oakland","LEA School","Elementary","City: Small","Oakland Region","5","All Grades","Mathematics","Students without Disabilities","56","57","26","40.30","41.00","18.70","139","58.90"
"18 - 19 School Year","63","Oakland Schools","63150","Troy School District","05537","Wattles Elementary School","63","Oakland","LEA School","Elementary","City: Small","Oakland Region","5","All Grades","English Language Arts","Students without Disabilities","59","45","29","44.40","33.80","21.80","133","60.00"
"18 - 19 School Year","63","Oakland Schools","63150","Troy School District","05537","Wattles Elementary School","63","Oakland","LEA School","Elementary","City: Small","Oakland Region","5","04","English Language Arts","Students without Disabilities","28","24","13","43.10","36.90","20.00","65","60.80"
"18 - 19 School Year","63","Oakland Schools","63150","Troy School District","05537","Wattles Elementary School","63","Oakland","LEA School","Elementary","City: Small","Oakland Region","5","05","English Language Arts","Students without Disabilities","31","21","16","45.60","30.90","23.50","68","59.10"
"18 - 19 School Year","63","Oakland Schools","63150","Troy School District","05537","Wattles Elementary School","63","Oakland","LEA School","Elementary","City: Small","Oakland Region","5","04","Mathematics","Students without Disabilities","23","30","13","34.80","45.50","19.70","66","58.30"
"18 - 19 School Year","63","Oakland Schools","63150","Troy School District","05537","Wattles Elementary School","63","Oakland","LEA School","Elementary","City: Small","Oakland Region","5","05","Mathematics","Students without Disabilities","33","27","13","45.20","37.00","17.80","73","59.50"
"18 - 19 School Year","63","Oakland Schools","63150","Troy School District","05537","Wattles Elementary School","63","Oakland","LEA School","Elementary","City: Small","Oakland Region","5","04","English Language Arts","Students with Disabilities","< 10","< 10","< 10","< 10","< 10","< 10","< 10","< 10"
"18 - 19 School Year","63","Oakland Schools","63150","Troy School District","05537","Wattles Elementary School","63","Oakland","LEA School","Elementary","City: Small","Oakland Region","5","05","English Language Arts","Students with Disabilities","< 10","< 10","< 10","37.50","31.30","31.30","16","51.40"
"18 - 19 School Year","63","Oakland Schools","63150","Troy School District","05537","Wattles Elementary School","63","Oakland","LEA School","Elementary","City: Small","Oakland Region","5","All Grades","English Language Arts","Students with Disabilities","< 10","< 10","< 10","40.00","30.00","30.00","20","54.20"
"18 - 19 School Year","63","Oakland Schools","63150","Troy School District","05537","Wattles Elementary School","63","Oakland","LEA School","Elementary","City: Small","Oakland Region","5","05","Mathematics","Students with Disabilities","< 10","< 10","< 10","43.80","37.50","18.80","16","59.10"
"18 - 19 School Year","63","Oakland Schools","63150","Troy School District","05537","Wattles Elementary School","63","Oakland","LEA School","Elementary","City: Small","Oakland Region","5","04","Mathematics","Students with Disabilities","< 10","< 10","< 10","< 10","< 10","< 10","< 10","< 10"
"18 - 19 School Year","63","Oakland Schools","63150","Troy School District","05537","Wattles Elementary School","63","Oakland","LEA School","Elementary","City: Small","Oakland Region","5","All Grades","Mathematics","Students with Disabilities","< 10","< 10","< 10","40.00","40.00","20.00","20","58.50"
"18 - 19 School Year","63","Oakland Schools","63150","Troy School District","05537","Wattles Elementary School","63","Oakland","LEA School","Elementary","City: Small","Oakland Region","5","All Grades","English Language Arts","All Students","67","51","35","43.80","33.30","22.90","153","59.20"
"18 - 19 School Year","63","Oakland Schools","63150","Troy School District","05537","Wattles Elementary School","63","Oakland","LEA School","Elementary","City: Small","Oakland Region","5","All Grades","English Language Arts","Economically Disadvantaged","17","13","< 10","44.70","34.20","21.10","38","58.70"
"18 - 19 School Year","63","Oakland Schools","63150","Troy School District","05537","Wattles Elementary School","63","Oakland","LEA School","Elementary","City: Small","Oakland Region","5","All Grades","English Language Arts","Not Economically Disadvantaged","50","38","27","43.50","33.00","23.50","115","59.40"
"18 - 19 School Year","63","Oakland Schools","63150","Troy School District","05537","Wattles Elementary School","63","Oakland","LEA School","Elementary","City: Small","Oakland Region","5","All Grades","English Language Arts","Black, not of Hispanic origin","< 10","< 10","< 10","< 10","< 10","< 10","< 10","< 10"
"18 - 19 School Year","63","Oakland Schools","63150","Troy School District","05537","Wattles Elementary School","63","Oakland","LEA School","Elementary","City: Small","Oakland Region","5","All Grades","English Language Arts","Hispanic","< 10","< 10","< 10","< 10","< 10","< 10","< 10","< 10"
"18 - 19 School Year","63","Oakland Schools","63150","Troy School District","05537","Wattles Elementary School","63","Oakland","LEA School","Elementary","City: Small","Oakland Region","5","All Grades","English Language Arts","White, not of Hispanic origin","30","35","22","34.50","40.20","25.30","87","54.50"
"18 - 19 School Year","63","Oakland Schools","63150","Troy School District","05537","Wattles Elementary School","63","Oakland","LEA School","Elementary","City: Small","Oakland Region","5","All Grades","English Language Arts","Asian","34","15","< 10","58.60","25.90","15.50","58","68.40"
"18 - 19 School Year","63","Oakland Schools","63150","Troy School District","05537","Wattles Elementary School","63","Oakland","LEA School","Elementary","City: Small","Oakland Region","5","All Grades","English Language Arts","Male","36","24","19","45.60","30.40","24.10","79","58.60"
"18 - 19 School Year","63","Oakland Schools","63150","Troy School District","05537","Wattles Elementary School","63","Oakland","LEA School","Elementary","City: Small","Oakland Region","5","All Grades","English Language Arts","Female","31","27","16","41.90","36.50","21.60","74","59.90"
"18 - 19 School Year","63","Oakland Schools","63150","Troy School District","05537","Wattles Elementary School","63","Oakland","LEA School","Elementary","City: Small","Oakland Region","5","All Grades","English Language Arts","English Learners","18","17","11","39.10","37.00","23.90","46","57.70"
"18 - 19 School Year","63","Oakland Schools","63150","Troy School District","05537","Wattles Elementary School","63","Oakland","LEA School","Elementary","City: Small","Oakland Region","5","All Grades","English Language Arts","Not English Learners","49","34","24","45.80","31.80","22.40","107","59.90"
"18 - 19 School Year","63","Oakland Schools","63150","Troy School District","05537","Wattles Elementary School","63","Oakland","LEA School","Elementary","City: Small","Oakland Region","5","All Grades","English Language Arts","Not Migrant","67","51","35","43.80","33.30","22.90","153","59.20"
"18 - 19 School Year","63","Oakland Schools","63150","Troy School District","05537","Wattles Elementary School","63","Oakland","LEA School","Elementary","City: Small","Oakland Region","5","04","English Language Arts","All Students","30","25","14","43.50","36.20","20.30","69","61.10"
"18 - 19 School Year","63","Oakland Schools","63150","Troy School District","05537","Wattles Elementary School","63","Oakland","LEA School","Elementary","City: Small","Oakland Region","5","04","English Language Arts","Economically Disadvantaged","< 10","< 10","< 10","38.90","38.90","22.20","18","55.20"
"18 - 19 School Year","63","Oakland Schools","63150","Troy School District","05537","Wattles Elementary School","63","Oakland","LEA School","Elementary","City: Small","Oakland Region","5","04","English Language Arts","Not Economically Disadvantaged","23","18","10","45.10","35.30","19.60","51","63.20"
"18 - 19 School Year","63","Oakland Schools","63150","Troy School District","05537","Wattles Elementary School","63","Oakland","LEA School","Elementary","City: Small","Oakland Region","5","04","English Language Arts","Black, not of Hispanic origin","< 10","< 10","< 10","< 10","< 10","< 10","< 10","< 10"
"18 - 19 School Year","63","Oakland Schools","63150","Troy School District","05537","Wattles Elementary School","63","Oakland","LEA School","Elementary","City: Small","Oakland Region","5","04","English Language Arts","Hispanic","< 10","< 10","< 10","< 10","< 10","< 10","< 10","< 10"
"18 - 19 School Year","63","Oakland Schools","63150","Troy School District","05537","Wattles Elementary School","63","Oakland","LEA School","Elementary","City: Small","Oakland Region","5","04","English Language Arts","White, not of Hispanic origin","15","15","< 10","38.50","38.50","23.10","39","57.20"
"18 - 19 School Year","63","Oakland Schools","63150","Troy School District","05537","Wattles Elementary School","63","Oakland","LEA School","Elementary","City: Small","Oakland Region","5","04","English Language Arts","Asian","13","10","< 10","50.00","38.50","11.50","26","68.60"
"18 - 19 School Year","63","Oakland Schools","63150","Troy School District","05537","Wattles Elementary School","63","Oakland","LEA School","Elementary","City: Small","Oakland Region","5","04","English Language Arts","Male","17","13","< 10","43.60","33.30","23.10","39","58.50"
"18 - 19 School Year","63","Oakland Schools","63150","Troy School District","05537","Wattles Elementary School","63","Oakland","LEA School","Elementary","City: Small","Oakland Region","5","04","English Language Arts","Female","13","12","< 10","43.30","40.00","16.70","30","64.50"
"18 - 19 School Year","63","Oakland Schools","63150","Troy School District","05537","Wattles Elementary School","63","Oakland","LEA School","Elementary","City: Small","Oakland Region","5","04","English Language Arts","English Learners","< 10","10","< 10","33.30","47.60","19.00","21","58.60"
"18 - 19 School Year","63","Oakland Schools","63150","Troy School District","05537","Wattles Elementary School","63","Oakland","LEA School","Elementary","City: Small","Oakland Region","5","04","English Language Arts","Not English Learners","23","15","10","47.90","31.30","20.80","48","62.20"
"18 - 19 School Year","63","Oakland Schools","63150","Troy School District","05537","Wattles Elementary School","63","Oakland","LEA School","Elementary","City: Small","Oakland Region","5","04","English Language Arts","Not Migrant","30","25","14","43.50","36.20","20.30","69","61.10"
"18 - 19 School Year","63","Oakland Schools","63150","Troy School District","05537","Wattles Elementary School","63","Oakland","LEA School","Elementary","City: Small","Oakland Region","5","05","English Language Arts","All Students","37","26","21","44.00","31.00","25.00","84","57.70"
"18 - 19 School Year","63","Oakland Schools","63150","Troy School District","05537","Wattles Elementary School","63","Oakland","LEA School","Elementary","City: Small","Oakland Region","5","05","English Language Arts","Economically Disadvantaged","10","< 10","< 10","50.00","30.00","20.00","20","61.90"
"18 - 19 School Year","63","Oakland Schools","63150","Troy School District","05537","Wattles Elementary School","63","Oakland","LEA School","Elementary","City: Small","Oakland Region","5","05","English Language Arts","Not Economically Disadvantaged","27","20","17","42.20","31.30","26.60","64","56.40"
"18 - 19 School Year","63","Oakland Schools","63150","Troy School District","05537","Wattles Elementary School","63","Oakland","LEA School","Elementary","City: Small","Oakland Region","5","05","English Language Arts","Black, not of Hispanic origin","< 10","< 10","< 10","< 10","< 10","< 10","< 10","< 10"
"18 - 19 School Year","63","Oakland Schools","63150","Troy School District","05537","Wattles Elementary School","63","Oakland","LEA School","Elementary","City: Small","Oakland Region","5","05","English Language Arts","White, not of Hispanic origin","15","20","13","31.30","41.70","27.10","48","52.30"
"18 - 19 School Year","63","Oakland Schools","63150","Troy School District","05537","Wattles Elementary School","63","Oakland","LEA School","Elementary","City: Small","Oakland Region","5","05","English Language Arts","Asian","21","< 10","< 10","65.60","15.60","18.80","32","68.20"
"18 - 19 School Year","63","Oakland Schools","63150","Troy School District","05537","Wattles Elementary School","63","Oakland","LEA School","Elementary","City: Small","Oakland Region","5","05","English Language Arts","Male","19","11","10","47.50","27.50","25.00","40","58.60"
"18 - 19 School Year","63","Oakland Schools","63150","Troy School District","05537","Wattles Elementary School","63","Oakland","LEA School","Elementary","City: Small","Oakland Region","5","05","English Language Arts","Female","18","15","11","40.90","34.10","25.00","44","56.80"
"18 - 19 School Year","63","Oakland Schools","63150","Troy School District","05537","Wattles Elementary School","63","Oakland","LEA School","Elementary","City: Small","Oakland Region","5","05","English Language Arts","English Learners","11","< 10","< 10","44.00","28.00","28.00","25","57.00"
"18 - 19 School Year","63","Oakland Schools","63150","Troy School District","05537","Wattles Elementary School","63","Oakland","LEA School","Elementary","City: Small","Oakland Region","5","05","English Language Arts","Not English Learners","26","19","14","44.10","32.20","23.70","59","57.90"
"18 - 19 School Year","63","Oakland Schools","63150","Troy School District","05537","Wattles Elementary School","63","Oakland","LEA School","Elementary","City: Small","Oakland Region","5","05","English Language Arts","Not Migrant","37","26","21","44.00","31.00","25.00","84","57.70"
"18 - 19 School Year","63","Oakland Schools","63150","Troy School District","05537","Wattles Elementary School","63","Oakland","LEA School","Elementary","City: Small","Oakland Region","5","05","Mathematics","All Students","40","33","16","44.90","37.10","18.00","89","59.40"
"18 - 19 School Year","63","Oakland Schools","63150","Troy School District","05537","Wattles Elementary School","63","Oakland","LEA School","Elementary","City: Small","Oakland Region","5","05","Mathematics","Economically Disadvantaged","< 10","< 10","< 10","45.00","35.00","20.00","20","60.40"
"18 - 19 School Year","63","Oakland Schools","63150","Troy School District","05537","Wattles Elementary School","63","Oakland","LEA School","Elementary","City: Small","Oakland Region","5","05","Mathematics","Not Economically Disadvantaged","31","26","12","44.90","37.70","17.40","69","59.20"
"18 - 19 School Year","63","Oakland Schools","63150","Troy School District","05537","Wattles Elementary School","63","Oakland","LEA School","Elementary","City: Small","Oakland Region","5","05","Mathematics","Black, not of Hispanic origin","< 10","< 10","< 10","< 10","< 10","< 10","< 10","< 10"
"18 - 19 School Year","63","Oakland Schools","63150","Troy School District","05537","Wattles Elementary School","63","Oakland","LEA School","Elementary","City: Small","Oakland Region","5","05","Mathematics","White, not of Hispanic origin","20","19","< 10","41.70","39.60","18.80","48","57.40"
"18 - 19 School Year","63","Oakland Schools","63150","Troy School District","05537","Wattles Elementary School","63","Oakland","LEA School","Elementary","City: Small","Oakland Region","5","05","Mathematics","Asian","19","13","< 10","51.40","35.10","13.50","37","64.40"
"18 - 19 School Year","63","Oakland Schools","63150","Troy School District","05537","Wattles Elementary School","63","Oakland","LEA School","Elementary","City: Small","Oakland Region","5","05","Mathematics","Male","20","16","< 10","47.60","38.10","14.30","42","62.10"
"18 - 19 School Year","63","Oakland Schools","63150","Troy School District","05537","Wattles Elementary School","63","Oakland","LEA School","Elementary","City: Small","Oakland Region","5","05","Mathematics","Female","20","17","10","42.60","36.20","21.30","47","57.00"
"18 - 19 School Year","63","Oakland Schools","63150","Troy School District","05537","Wattles Elementary School","63","Oakland","LEA School","Elementary","City: Small","Oakland Region","5","05","Mathematics","English Learners","12","12","< 10","40.00","40.00","20.00","30","58.30"
"18 - 19 School Year","63","Oakland Schools","63150","Troy School District","05537","Wattles Elementary School","63","Oakland","LEA School","Elementary","City: Small","Oakland Region","5","05","Mathematics","Not English Learners","28","21","10","47.50","35.60","16.90","59","60.00"
"18 - 19 School Year","63","Oakland Schools","63150","Troy School District","05537","Wattles Elementary School","63","Oakland","LEA School","Elementary","City: Small","Oakland Region","5","05","Mathematics","Not Migrant","40","33","16","44.90","37.10","18.00","89","59.40"
"18 - 19 School Year","63","Oakland Schools","63150","Troy School District","05537","Wattles Elementary School","63","Oakland","LEA School","Elementary","City: Small","Oakland Region","5","04","Mathematics","All Students","24","32","14","34.30","45.70","20.00","70","58.10"
"18 - 19 School Year","63","Oakland Schools","63150","Troy School District","05537","Wattles Elementary School","63","Oakland","LEA School","Elementary","City: Small","Oakland Region","5","04","Mathematics","Economically Disadvantaged","< 10","12","< 10","16.70","66.70","16.70","18","50.60"
"18 - 19 School Year","63","Oakland Schools","63150","Troy School District","05537","Wattles Elementary School","63","Oakland","LEA School","Elementary","City: Small","Oakland Region","5","04","Mathematics","Not Economically Disadvantaged","21","20","11","40.40","38.50","21.20","52","60.70"
"18 - 19 School Year","63","Oakland Schools","63150","Troy School District","05537","Wattles Elementary School","63","Oakland","LEA School","Elementary","City: Small","Oakland Region","5","04","Mathematics","Black, not of Hispanic origin","< 10","< 10","< 10","< 10","< 10","< 10","< 10","< 10"
"18 - 19 School Year","63","Oakland Schools","63150","Troy School District","05537","Wattles Elementary School","63","Oakland","LEA School","Elementary","City: Small","Oakland Region","5","04","Mathematics","Hispanic","< 10","< 10","< 10","< 10","< 10","< 10","< 10","< 10"
"18 - 19 School Year","63","Oakland Schools","63150","Troy School District","05537","Wattles Elementary School","63","Oakland","LEA School","Elementary","City: Small","Oakland Region","5","04","Mathematics","White, not of Hispanic origin","< 10","17","14","20.50","43.60","35.90","39","47.60"
"18 - 19 School Year","63","Oakland Schools","63150","Troy School District","05537","Wattles Elementary School","63","Oakland","LEA School","Elementary","City: Small","Oakland Region","5","04","Mathematics","Asian","14","13","< 10","51.90","48.10","< 5","27","72.00"
"18 - 19 School Year","63","Oakland Schools","63150","Troy School District","05537","Wattles Elementary School","63","Oakland","LEA School","Elementary","City: Small","Oakland Region","5","04","Mathematics","Male","< 10","24","< 10","20.00","60.00","20.00","40","55.90"
"18 - 19 School Year","63","Oakland Schools","63150","Troy School District","05537","Wattles Elementary School","63","Oakland","LEA School","Elementary","City: Small","Oakland Region","5","04","Mathematics","Female","16","< 10","< 10","53.30","26.70","20.00","30","61.10"
"18 - 19 School Year","63","Oakland Schools","63150","Troy School District","05537","Wattles Elementary School","63","Oakland","LEA School","Elementary","City: Small","Oakland Region","5","04","Mathematics","English Learners","< 10","< 10","< 10","40.90","40.90","18.20","22","60.10"
"18 - 19 School Year","63","Oakland Schools","63150","Troy School District","05537","Wattles Elementary School","63","Oakland","LEA School","Elementary","City: Small","Oakland Region","5","04","Mathematics","Not English Learners","15","23","10","31.30","47.90","20.80","48","57.20"
"18 - 19 School Year","63","Oakland Schools","63150","Troy School District","05537","Wattles Elementary School","63","Oakland","LEA School","Elementary","City: Small","Oakland Region","5","04","Mathematics","Not Migrant","24","32","14","34.30","45.70","20.00","70","58.10"
"18 - 19 School Year","63","Oakland Schools","63150","Troy School District","05537","Wattles Elementary School","63","Oakland","LEA School","Elementary","City: Small","Oakland Region","5","All Grades","Mathematics","All Students","64","65","30","40.30","40.90","18.90","159","58.90"
"18 - 19 School Year","63","Oakland Schools","63150","Troy School District","05537","Wattles Elementary School","63","Oakland","LEA School","Elementary","City: Small","Oakland Region","5","All Grades","Mathematics","Economically Disadvantaged","12","19","< 10","31.60","50.00","18.40","38","55.80"
"18 - 19 School Year","63","Oakland Schools","63150","Troy School District","05537","Wattles Elementary School","63","Oakland","LEA School","Elementary","City: Small","Oakland Region","5","All Grades","Mathematics","Not Economically Disadvantaged","52","46","23","43.00","38.00","19.00","121","59.80"
"18 - 19 School Year","63","Oakland Schools","63150","Troy School District","05537","Wattles Elementary School","63","Oakland","LEA School","Elementary","City: Small","Oakland Region","5","All Grades","Mathematics","Black, not of Hispanic origin","< 10","< 10","< 10","< 10","< 10","< 10","< 10","< 10"
"18 - 19 School Year","63","Oakland Schools","63150","Troy School District","05537","Wattles Elementary School","63","Oakland","LEA School","Elementary","City: Small","Oakland Region","5","All Grades","Mathematics","Hispanic","< 10","< 10","< 10","< 10","< 10","< 10","< 10","< 10"
"18 - 19 School Year","63","Oakland Schools","63150","Troy School District","05537","Wattles Elementary School","63","Oakland","LEA School","Elementary","City: Small","Oakland Region","5","All Grades","Mathematics","White, not of Hispanic origin","28","36","23","32.20","41.40","26.40","87","53.00"
"18 - 19 School Year","63","Oakland Schools","63150","Troy School District","05537","Wattles Elementary School","63","Oakland","LEA School","Elementary","City: Small","Oakland Region","5","All Grades","Mathematics","Asian","33","26","< 10","51.60","40.60","7.80","64","67.60"
"18 - 19 School Year","63","Oakland Schools","63150","Troy School District","05537","Wattles Elementary School","63","Oakland","LEA School","Elementary","City: Small","Oakland Region","5","All Grades","Mathematics","Male","28","40","14","34.10","48.80","17.10","82","59.10"
"18 - 19 School Year","63","Oakland Schools","63150","Troy School District","05537","Wattles Elementary School","63","Oakland","LEA School","Elementary","City: Small","Oakland Region","5","All Grades","Mathematics","Female","36","25","16","46.80","32.50","20.80","77","58.60"
"18 - 19 School Year","63","Oakland Schools","63150","Troy School District","05537","Wattles Elementary School","63","Oakland","LEA School","Elementary","City: Small","Oakland Region","5","All Grades","Mathematics","English Learners","21","21","10","40.40","40.40","19.20","52","59.00"
"18 - 19 School Year","63","Oakland Schools","63150","Troy School District","05537","Wattles Elementary School","63","Oakland","LEA School","Elementary","City: Small","Oakland Region","5","All Grades","Mathematics","Not English Learners","43","44","20","40.20","41.10","18.70","107","58.80"
"18 - 19 School Year","63","Oakland Schools","63150","Troy School District","05537","Wattles Elementary School","63","Oakland","LEA School","Elementary","City: Small","Oakland Region","5","All Grades","Mathematics","Not Migrant","64","65","30","40.30","40.90","18.90","159","58.90"
"18 - 19 School Year","63","Oakland Schools","63150","Troy School District","06124","Schroeder Elementary School","63","Oakland","LEA School","Elementary","City: Small","Oakland Region","5","05","Mathematics","Students without Disabilities","43","20","< 10","64.20","29.90","6.00","67","75.30"
"18 - 19 School Year","63","Oakland Schools","63150","Troy School District","06124","Schroeder Elementary School","63","Oakland","LEA School","Elementary","City: Small","Oakland Region","5","All Grades","English Language Arts","Students without Disabilities","81","35","10","64.30","27.80","7.90","126","73.70"
"18 - 19 School Year","63","Oakland Schools","63150","Troy School District","06124","Schroeder Elementary School","63","Oakland","LEA School","Elementary","City: Small","Oakland Region","5","04","English Language Arts","Students without Disabilities","37","19","< 10","59.70","30.60","9.70","62","72.20"
"18 - 19 School Year","63","Oakland Schools","63150","Troy School District","06124","Schroeder Elementary School","63","Oakland","LEA School","Elementary","City: Small","Oakland Region","5","05","English Language Arts","Students without Disabilities","44","16","< 10","68.80","25.00","6.30","64","75.10"
"18 - 19 School Year","63","Oakland Schools","63150","Troy School District","06124","Schroeder Elementary School","63","Oakland","LEA School","Elementary","City: Small","Oakland Region","5","All Grades","Mathematics","Students without Disabilities","65","50","16","49.60","38.20","12.20","131","68.30"
"18 - 19 School Year","63","Oakland Schools","63150","Troy School District","06124","Schroeder Elementary School","63","Oakland","LEA School","Elementary","City: Small","Oakland Region","5","04","Mathematics","Students without Disabilities","22","30","12","34.40","46.90","18.80","64","61.00"
"18 - 19 School Year","63","Oakland Schools","63150","Troy School District","06124","Schroeder Elementary School","63","Oakland","LEA School","Elementary","City: Small","Oakland Region","5","All Grades","English Language Arts","Students with Disabilities","< 10","< 10","< 10","30.00","40.00","30.00","20","48.60"
"18 - 19 School Year","63","Oakland Schools","63150","Troy School District","06124","Schroeder Elementary School","63","Oakland","LEA School","Elementary","City: Small","Oakland Region","5","04","English Language Arts","Students with Disabilities","< 10","< 10","< 10","< 10","< 10","< 10","< 10","< 10"
"18 - 19 School Year","63","Oakland Schools","63150","Troy School District","06124","Schroeder Elementary School","63","Oakland","LEA School","Elementary","City: Small","Oakland Region","5","04","Mathematics","Students with Disabilities","< 10","< 10","< 10","50.00","40.00","10.00","10","60.50"
"18 - 19 School Year","63","Oakland Schools","63150","Troy School District","06124","Schroeder Elementary School","63","Oakland","LEA School","Elementary","City: Small","Oakland Region","5","All Grades","Mathematics","Students with Disabilities","10","10","< 10","47.60","47.60","< 5","21","66.70"
"18 - 19 School Year","63","Oakland Schools","63150","Troy School District","06124","Schroeder Elementary School","63","Oakland","LEA School","Elementary","City: Small","Oakland Region","5","05","English Language Arts","Students with Disabilities","< 10","< 10","< 10","36.40","27.30","36.40","11","50.80"
"18 - 19 School Year","63","Oakland Schools","63150","Troy School District","06124","Schroeder Elementary School","63","Oakland","LEA School","Elementary","City: Small","Oakland Region","5","05","Mathematics","Students with Disabilities","< 10","< 10","< 10","45.50","54.50","< 5","11","72.40"
"18 - 19 School Year","63","Oakland Schools","63150","Troy School District","06124","Schroeder Elementary School","63","Oakland","LEA School","Elementary","City: Small","Oakland Region","5","All Grades","English Language Arts","All Students","87","43","16","59.60","29.50","11.00","146","70.20"
"18 - 19 School Year","63","Oakland Schools","63150","Troy School District","06124","Schroeder Elementary School","63","Oakland","LEA School","Elementary","City: Small","Oakland Region","5","All Grades","English Language Arts","Economically Disadvantaged","< 10","< 10","< 10","40.00","50.00","10.00","10","67.60"
"18 - 19 School Year","63","Oakland Schools","63150","Troy School District","06124","Schroeder Elementary School","63","Oakland","LEA School","Elementary","City: Small","Oakland Region","5","All Grades","English Language Arts","Not Economically Disadvantaged","83","38","15","61.00","27.90","11.00","136","70.40"
"18 - 19 School Year","63","Oakland Schools","63150","Troy School District","06124","Schroeder Elementary School","63","Oakland","LEA School","Elementary","City: Small","Oakland Region","5","All Grades","English Language Arts","American Indian or Alaska Native","< 10","< 10","< 10","< 10","< 10","< 10","< 10","< 10"
"18 - 19 School Year","63","Oakland Schools","63150","Troy School District","06124","Schroeder Elementary School","63","Oakland","LEA School","Elementary","City: Small","Oakland Region","5","All Grades","English Language Arts","Black, not of Hispanic origin","< 10","< 10","< 10","< 10","< 10","< 10","< 10","< 10"
"18 - 19 School Year","63","Oakland Schools","63150","Troy School District","06124","Schroeder Elementary School","63","Oakland","LEA School","Elementary","City: Small","Oakland Region","5","All Grades","English Language Arts","White, not of Hispanic origin","36","20","10","54.50","30.30","15.20","66","66.40"
"18 - 19 School Year","63","Oakland Schools","63150","Troy School District","06124","Schroeder Elementary School","63","Oakland","LEA School","Elementary","City: Small","Oakland Region","5","05","English Language Arts","All Students","48","19","< 10","64.00","25.30","10.70","75","71.50"
"18 - 19 School Year","63","Oakland Schools","63150","Troy School District","06124","Schroeder Elementary School","63","Oakland","LEA School","Elementary","City: Small","Oakland Region","5","05","English Language Arts","Economically Disadvantaged","< 10","< 10","< 10","< 10","< 10","< 10","< 10","< 10"
"18 - 19 School Year","63","Oakland Schools","63150","Troy School District","06124","Schroeder Elementary School","63","Oakland","LEA School","Elementary","City: Small","Oakland Region","5","05","English Language Arts","Not Economically Disadvantaged","45","18","< 10","63.40","25.40","11.30","71","70.90"
"18 - 19 School Year","63","Oakland Schools","63150","Troy School District","06124","Schroeder Elementary School","63","Oakland","LEA School","Elementary","City: Small","Oakland Region","5","05","English Language Arts","American Indian or Alaska Native","< 10","< 10","< 10","< 10","< 10","< 10","< 10","< 10"
"18 - 19 School Year","63","Oakland Schools","63150","Troy School District","06124","Schroeder Elementary School","63","Oakland","LEA School","Elementary","City: Small","Oakland Region","5","05","English Language Arts","White, not of Hispanic origin","19","11","< 10","55.90","32.40","11.80","34","67.60"
"18 - 19 School Year","63","Oakland Schools","63150","Troy School District","06124","Schroeder Elementary School","63","Oakland","LEA School","Elementary","City: Small","Oakland Region","5","05","English Language Arts","Asian","29","< 10","< 10","72.50","20.00","7.50","40","76.00"
"18 - 19 School Year","63","Oakland Schools","63150","Troy School District","06124","Schroeder Elementary School","63","Oakland","LEA School","Elementary","City: Small","Oakland Region","5","05","English Language Arts","Male","23","11","< 10","57.50","27.50","15.00","40","66.60"
"18 - 19 School Year","63","Oakland Schools","63150","Troy School District","06124","Schroeder Elementary School","63","Oakland","LEA School","Elementary","City: Small","Oakland Region","5","05","English Language Arts","Female","25","< 10","< 10","71.40","22.90","5.70","35","77.10"
"18 - 19 School Year","63","Oakland Schools","63150","Troy School District","06124","Schroeder Elementary School","63","Oakland","LEA School","Elementary","City: Small","Oakland Region","5","05","English Language Arts","English Learners","< 10","< 10","< 10","< 10","< 10","< 10","< 10","< 10"
"18 - 19 School Year","63","Oakland Schools","63150","Troy School District","06124","Schroeder Elementary School","63","Oakland","LEA School","Elementary","City: Small","Oakland Region","5","05","English Language Arts","Not English Learners","46","19","< 10","66.70","27.50","5.80","69","74.70"
"18 - 19 School Year","63","Oakland Schools","63150","Troy School District","06124","Schroeder Elementary School","63","Oakland","LEA School","Elementary","City: Small","Oakland Region","5","05","English Language Arts","Not Migrant","48","19","< 10","64.00","25.30","10.70","75","71.50"
"18 - 19 School Year","63","Oakland Schools","63150","Troy School District","06124","Schroeder Elementary School","63","Oakland","LEA School","Elementary","City: Small","Oakland Region","5","04","English Language Arts","Not Migrant","39","24","< 10","54.90","33.80","11.30","71","68.90"
"18 - 19 School Year","63","Oakland Schools","63150","Troy School District","06124","Schroeder Elementary School","63","Oakland","LEA School","Elementary","City: Small","Oakland Region","5","04","English Language Arts","Not English Learners","32","20","< 10","55.20","34.50","10.30","58","69.70"
"18 - 19 School Year","63","Oakland Schools","63150","Troy School District","06124","Schroeder Elementary School","63","Oakland","LEA School","Elementary","City: Small","Oakland Region","5","04","English Language Arts","English Learners","< 10","< 10","< 10","53.80","30.80","15.40","13","65.20"
"18 - 19 School Year","63","Oakland Schools","63150","Troy School District","06124","Schroeder Elementary School","63","Oakland","LEA School","Elementary","City: Small","Oakland Region","5","04","English Language Arts","Female","19","10","< 10","57.60","30.30","12.10","33","70.60"
"18 - 19 School Year","63","Oakland Schools","63150","Troy School District","06124","Schroeder Elementary School","63","Oakland","LEA School","Elementary","City: Small","Oakland Region","5","04","English Language Arts","Male","20","14","< 10","52.60","36.80","10.50","38","67.40"
"18 - 19 School Year","63","Oakland Schools","63150","Troy School District","06124","Schroeder Elementary School","63","Oakland","LEA School","Elementary","City: Small","Oakland Region","5","04","English Language Arts","Asian","22","12","< 10","61.10","33.30","5.60","36","74.20"
"18 - 19 School Year","63","Oakland Schools","63150","Troy School District","06124","Schroeder Elementary School","63","Oakland","LEA School","Elementary","City: Small","Oakland Region","5","04","English Language Arts","Two or More Races","< 10","< 10","< 10","< 10","< 10","< 10","< 10","< 10"
"18 - 19 School Year","63","Oakland Schools","63150","Troy School District","06124","Schroeder Elementary School","63","Oakland","LEA School","Elementary","City: Small","Oakland Region","5","04","English Language Arts","White, not of Hispanic origin","17","< 10","< 10","53.10","28.10","18.80","32","65.20"
"18 - 19 School Year","63","Oakland Schools","63150","Troy School District","06124","Schroeder Elementary School","63","Oakland","LEA School","Elementary","City: Small","Oakland Region","5","04","English Language Arts","Black, not of Hispanic origin","< 10","< 10","< 10","< 10","< 10","< 10","< 10","< 10"
"18 - 19 School Year","63","Oakland Schools","63150","Troy School District","06124","Schroeder Elementary School","63","Oakland","LEA School","Elementary","City: Small","Oakland Region","5","04","English Language Arts","Not Economically Disadvantaged","38","20","< 10","58.50","30.80","10.80","65","69.90"
"18 - 19 School Year","63","Oakland Schools","63150","Troy School District","06124","Schroeder Elementary School","63","Oakland","LEA School","Elementary","City: Small","Oakland Region","5","04","English Language Arts","Economically Disadvantaged","< 10","< 10","< 10","< 10","< 10","< 10","< 10","< 10"
"18 - 19 School Year","63","Oakland Schools","63150","Troy School District","06124","Schroeder Elementary School","63","Oakland","LEA School","Elementary","City: Small","Oakland Region","5","04","English Language Arts","All Students","39","24","< 10","54.90","33.80","11.30","71","68.90"
"18 - 19 School Year","63","Oakland Schools","63150","Troy School District","06124","Schroeder Elementary School","63","Oakland","LEA School","Elementary","City: Small","Oakland Region","5","All Grades","English Language Arts","Not Migrant","87","43","16","59.60","29.50","11.00","146","70.20"
"18 - 19 School Year","63","Oakland Schools","63150","Troy School District","06124","Schroeder Elementary School","63","Oakland","LEA School","Elementary","City: Small","Oakland Region","5","All Grades","English Language Arts","Not English Learners","78","39","10","61.40","30.70","7.90","127","72.40"
"18 - 19 School Year","63","Oakland Schools","63150","Troy School District","06124","Schroeder Elementary School","63","Oakland","LEA School","Elementary","City: Small","Oakland Region","5","All Grades","English Language Arts","English Learners","< 10","< 10","< 10","47.40","21.10","31.60","19","55.80"
"18 - 19 School Year","63","Oakland Schools","63150","Troy School District","06124","Schroeder Elementary School","63","Oakland","LEA School","Elementary","City: Small","Oakland Region","5","All Grades","English Language Arts","Female","44","18","< 10","64.70","26.50","8.80","68","74.00"
"18 - 19 School Year","63","Oakland Schools","63150","Troy School District","06124","Schroeder Elementary School","63","Oakland","LEA School","Elementary","City: Small","Oakland Region","5","All Grades","English Language Arts","Male","43","25","10","55.10","32.10","12.80","78","67.00"
"18 - 19 School Year","63","Oakland Schools","63150","Troy School District","06124","Schroeder Elementary School","63","Oakland","LEA School","Elementary","City: Small","Oakland Region","5","All Grades","English Language Arts","Asian","51","20","< 10","67.10","26.30","6.60","76","75.10"
"18 - 19 School Year","63","Oakland Schools","63150","Troy School District","06124","Schroeder Elementary School","63","Oakland","LEA School","Elementary","City: Small","Oakland Region","5","All Grades","English Language Arts","Two or More Races","< 10","< 10","< 10","< 10","< 10","< 10","< 10","< 10"
"18 - 19 School Year","63","Oakland Schools","63150","Troy School District","06124","Schroeder Elementary School","63","Oakland","LEA School","Elementary","City: Small","Oakland Region","5","04","Mathematics","All Students","27","34","13","36.50","45.90","17.60","74","60.90"
"18 - 19 School Year","63","Oakland Schools","63150","Troy School District","06124","Schroeder Elementary School","63","Oakland","LEA School","Elementary","City: Small","Oakland Region","5","04","Mathematics","Economically Disadvantaged","< 10","< 10","< 10","< 10","< 10","< 10","< 10","< 10"
"18 - 19 School Year","63","Oakland Schools","63150","Troy School District","06124","Schroeder Elementary School","63","Oakland","LEA School","Elementary","City: Small","Oakland Region","5","04","Mathematics","Not Economically Disadvantaged","24","32","12","35.30","47.10","17.60","68","60.30"
"18 - 19 School Year","63","Oakland Schools","63150","Troy School District","06124","Schroeder Elementary School","63","Oakland","LEA School","Elementary","City: Small","Oakland Region","5","04","Mathematics","Black, not of Hispanic origin","< 10","< 10","< 10","< 10","< 10","< 10","< 10","< 10"
"18 - 19 School Year","63","Oakland Schools","63150","Troy School District","06124","Schroeder Elementary School","63","Oakland","LEA School","Elementary","City: Small","Oakland Region","5","04","Mathematics","Hispanic","< 10","< 10","< 10","< 10","< 10","< 10","< 10","< 10"
"18 - 19 School Year","63","Oakland Schools","63150","Troy School District","06124","Schroeder Elementary School","63","Oakland","LEA School","Elementary","City: Small","Oakland Region","5","04","Mathematics","White, not of Hispanic origin","12","12","< 10","37.50","37.50","25.00","32","57.20"
"18 - 19 School Year","63","Oakland Schools","63150","Troy School District","06124","Schroeder Elementary School","63","Oakland","LEA School","Elementary","City: Small","Oakland Region","5","04","Mathematics","Two or More Races","< 10","< 10","< 10","< 10","< 10","< 10","< 10","< 10"
"18 - 19 School Year","63","Oakland Schools","63150","Troy School District","06124","Schroeder Elementary School","63","Oakland","LEA School","Elementary","City: Small","Oakland Region","5","04","Mathematics","Asian","14","21","< 10","36.80","55.30","7.90","38","65.90"
"18 - 19 School Year","63","Oakland Schools","63150","Troy School District","06124","Schroeder Elementary School","63","Oakland","LEA School","Elementary","City: Small","Oakland Region","5","04","Mathematics","Male","18","19","< 10","43.90","46.30","9.80","41","65.20"
"18 - 19 School Year","63","Oakland Schools","63150","Troy School District","06124","Schroeder Elementary School","63","Oakland","LEA School","Elementary","City: Small","Oakland Region","5","04","Mathematics","Female","< 10","15","< 10","27.30","45.50","27.30","33","55.70"
"18 - 19 School Year","63","Oakland Schools","63150","Troy School District","06124","Schroeder Elementary School","63","Oakland","LEA School","Elementary","City: Small","Oakland Region","5","04","Mathematics","English Learners","< 10","< 10","< 10","37.50","50.00","12.50","16","59.80"
"18 - 19 School Year","63","Oakland Schools","63150","Troy School District","06124","Schroeder Elementary School","63","Oakland","LEA School","Elementary","City: Small","Oakland Region","5","04","Mathematics","Not English Learners","21","26","11","36.20","44.80","19.00","58","61.20"
"18 - 19 School Year","63","Oakland Schools","63150","Troy School District","06124","Schroeder Elementary School","63","Oakland","LEA School","Elementary","City: Small","Oakland Region","5","04","Mathematics","Not Migrant","27","34","13","36.50","45.90","17.60","74","60.90"
"18 - 19 School Year","63","Oakland Schools","63150","Troy School District","06124","Schroeder Elementary School","63","Oakland","LEA School","Elementary","City: Small","Oakland Region","5","All Grades","Mathematics","All Students","75","60","17","49.30","39.50","11.20","152","68.10"
"18 - 19 School Year","63","Oakland Schools","63150","Troy School District","06124","Schroeder Elementary School","63","Oakland","LEA School","Elementary","City: Small","Oakland Region","5","All Grades","Mathematics","Economically Disadvantaged","< 10","< 10","< 10","50.00","40.00","10.00","10","65.00"
"18 - 19 School Year","63","Oakland Schools","63150","Troy School District","06124","Schroeder Elementary School","63","Oakland","LEA School","Elementary","City: Small","Oakland Region","5","All Grades","Mathematics","Not Economically Disadvantaged","70","56","16","49.30","39.40","11.30","142","68.30"
"18 - 19 School Year","63","Oakland Schools","63150","Troy School District","06124","Schroeder Elementary School","63","Oakland","LEA School","Elementary","City: Small","Oakland Region","5","All Grades","Mathematics","American Indian or Alaska Native","< 10","< 10","< 10","< 10","< 10","< 10","< 10","< 10"
"18 - 19 School Year","63","Oakland Schools","63150","Troy School District","06124","Schroeder Elementary School","63","Oakland","LEA School","Elementary","City: Small","Oakland Region","5","All Grades","Mathematics","Black, not of Hispanic origin","< 10","< 10","< 10","< 10","< 10","< 10","< 10","< 10"
"18 - 19 School Year","63","Oakland Schools","63150","Troy School District","06124","Schroeder Elementary School","63","Oakland","LEA School","Elementary","City: Small","Oakland Region","5","All Grades","Mathematics","Hispanic","< 10","< 10","< 10","< 10","< 10","< 10","< 10","< 10"
"18 - 19 School Year","63","Oakland Schools","63150","Troy School District","06124","Schroeder Elementary School","63","Oakland","LEA School","Elementary","City: Small","Oakland Region","5","All Grades","Mathematics","White, not of Hispanic origin","33","24","< 10","50.00","36.40","13.60","66","66.00"
"18 - 19 School Year","63","Oakland Schools","63150","Troy School District","06124","Schroeder Elementary School","63","Oakland","LEA School","Elementary","City: Small","Oakland Region","5","All Grades","Mathematics","Two or More Races","< 10","< 10","< 10","< 10","< 10","< 10","< 10","< 10"
"18 - 19 School Year","63","Oakland Schools","63150","Troy School District","06124","Schroeder Elementary School","63","Oakland","LEA School","Elementary","City: Small","Oakland Region","5","All Grades","Mathematics","Asian","40","33","< 10","50.60","41.80","7.60","79","70.80"
"18 - 19 School Year","63","Oakland Schools","63150","Troy School District","06124","Schroeder Elementary School","63","Oakland","LEA School","Elementary","City: Small","Oakland Region","5","All Grades","Mathematics","Male","42","35","< 10","51.20","42.70","6.10","82","69.70"
"18 - 19 School Year","63","Oakland Schools","63150","Troy School District","06124","Schroeder Elementary School","63","Oakland","LEA School","Elementary","City: Small","Oakland Region","5","All Grades","Mathematics","Female","33","25","12","47.10","35.70","17.10","70","66.30"
"18 - 19 School Year","63","Oakland Schools","63150","Troy School District","06124","Schroeder Elementary School","63","Oakland","LEA School","Elementary","City: Small","Oakland Region","5","All Grades","Mathematics","English Learners","< 10","14","< 10","36.00","56.00","8.00","25","62.20"
"18 - 19 School Year","63","Oakland Schools","63150","Troy School District","06124","Schroeder Elementary School","63","Oakland","LEA School","Elementary","City: Small","Oakland Region","5","All Grades","Mathematics","Not English Learners","66","46","15","52.00","36.20","11.80","127","69.30"
"18 - 19 School Year","63","Oakland Schools","63150","Troy School District","06124","Schroeder Elementary School","63","Oakland","LEA School","Elementary","City: Small","Oakland Region","5","All Grades","Mathematics","Not Migrant","75","60","17","49.30","39.50","11.20","152","68.10"
"18 - 19 School Year","63","Oakland Schools","63150","Troy School District","06124","Schroeder Elementary School","63","Oakland","LEA School","Elementary","City: Small","Oakland Region","5","05","Mathematics","Not English Learners","45","20","< 10","65.20","29.00","5.80","69","76.00"
"18 - 19 School Year","63","Oakland Schools","63150","Troy School District","06124","Schroeder Elementary School","63","Oakland","LEA School","Elementary","City: Small","Oakland Region","5","05","Mathematics","English Learners","< 10","< 10","< 10","< 10","< 10","< 10","< 10","< 10"
"18 - 19 School Year","63","Oakland Schools","63150","Troy School District","06124","Schroeder Elementary School","63","Oakland","LEA School","Elementary","City: Small","Oakland Region","5","05","Mathematics","Female","24","10","< 10","64.90","27.00","8.10","37","75.70"
"18 - 19 School Year","63","Oakland Schools","63150","Troy School District","06124","Schroeder Elementary School","63","Oakland","LEA School","Elementary","City: Small","Oakland Region","5","05","Mathematics","Male","24","16","< 10","58.50","39.00","< 5","41","74.20"
"18 - 19 School Year","63","Oakland Schools","63150","Troy School District","06124","Schroeder Elementary School","63","Oakland","LEA School","Elementary","City: Small","Oakland Region","5","05","Mathematics","Asian","26","12","< 10","63.40","29.30","7.30","41","75.30"
"18 - 19 School Year","63","Oakland Schools","63150","Troy School District","06124","Schroeder Elementary School","63","Oakland","LEA School","Elementary","City: Small","Oakland Region","5","05","Mathematics","White, not of Hispanic origin","21","12","< 10","61.80","35.30","< 5","34","74.40"
"18 - 19 School Year","63","Oakland Schools","63150","Troy School District","06124","Schroeder Elementary School","63","Oakland","LEA School","Elementary","City: Small","Oakland Region","5","05","Mathematics","Hispanic","< 10","< 10","< 10","< 10","< 10","< 10","< 10","< 10"
"18 - 19 School Year","63","Oakland Schools","63150","Troy School District","06124","Schroeder Elementary School","63","Oakland","LEA School","Elementary","City: Small","Oakland Region","5","05","Mathematics","American Indian or Alaska Native","< 10","< 10","< 10","< 10","< 10","< 10","< 10","< 10"
"18 - 19 School Year","63","Oakland Schools","63150","Troy School District","06124","Schroeder Elementary School","63","Oakland","LEA School","Elementary","City: Small","Oakland Region","5","05","Mathematics","Not Economically Disadvantaged","46","24","< 10","62.20","32.40","5.40","74","75.70"
"18 - 19 School Year","63","Oakland Schools","63150","Troy School District","06124","Schroeder Elementary School","63","Oakland","LEA School","Elementary","City: Small","Oakland Region","5","05","Mathematics","Economically Disadvantaged","< 10","< 10","< 10","< 10","< 10","< 10","< 10","< 10"
"18 - 19 School Year","63","Oakland Schools","63150","Troy School District","06124","Schroeder Elementary School","63","Oakland","LEA School","Elementary","City: Small","Oakland Region","5","05","Mathematics","All Students","48","26","< 10","61.50","33.30","5.10","78","74.90"
"18 - 19 School Year","63","Oakland Schools","63150","Troy School District","06124","Schroeder Elementary School","63","Oakland","LEA School","Elementary","City: Small","Oakland Region","5","05","Mathematics","Not Migrant","48","26","< 10","61.50","33.30","5.10","78","74.90"
"18 - 19 School Year","63","Oakland Schools","63150","Troy School District","06364","Costello Elementary School","63","Oakland","LEA School","Elementary","City: Small","Oakland Region","5","All Grades","Mathematics","Students without Disabilities","23","36","37","24.00","37.50","38.50","96","46.50"
"18 - 19 School Year","63","Oakland Schools","63150","Troy School District","06364","Costello Elementary School","63","Oakland","LEA School","Elementary","City: Small","Oakland Region","5","04","Mathematics","Students without Disabilities","< 10","15","24","15.20","32.60","52.20","46","38.30"
"18 - 19 School Year","63","Oakland Schools","63150","Troy School District","06364","Costello Elementary School","63","Oakland","LEA School","Elementary","City: Small","Oakland Region","5","05","Mathematics","Students without Disabilities","16","21","13","32.00","42.00","26.00","50","54.00"
"18 - 19 School Year","63","Oakland Schools","63150","Troy School District","06364","Costello Elementary School","63","Oakland","LEA School","Elementary","City: Small","Oakland Region","5","All Grades","English Language Arts","Students without Disabilities","22","45","29","22.90","46.90","30.20","96","49.70"
"18 - 19 School Year","63","Oakland Schools","63150","Troy School District","06364","Costello Elementary School","63","Oakland","LEA School","Elementary","City: Small","Oakland Region","5","04","English Language Arts","Students without Disabilities","11","20","15","23.90","43.50","32.60","46","49.40"
"18 - 19 School Year","63","Oakland Schools","63150","Troy School District","06364","Costello Elementary School","63","Oakland","LEA School","Elementary","City: Small","Oakland Region","5","05","English Language Arts","Students without Disabilities","11","25","14","22.00","50.00","28.00","50","50.10"
"18 - 19 School Year","63","Oakland Schools","63150","Troy School District","06364","Costello Elementary School","63","Oakland","LEA School","Elementary","City: Small","Oakland Region","5","05","English Language Arts","Students with Disabilities","< 10","< 10","< 10","< 10","< 10","< 10","< 10","< 10"
"18 - 19 School Year","63","Oakland Schools","63150","Troy School District","06364","Costello Elementary School","63","Oakland","LEA School","Elementary","City: Small","Oakland Region","5","04","English Language Arts","Students with Disabilities","< 10","< 10","< 10","< 10","< 10","< 10","< 10","< 10"
"18 - 19 School Year","63","Oakland Schools","63150","Troy School District","06364","Costello Elementary School","63","Oakland","LEA School","Elementary","City: Small","Oakland Region","5","All Grades","English Language Arts","Students with Disabilities","< 10","< 10","< 10","< 10","< 10","< 10","< 10","< 10"
"18 - 19 School Year","63","Oakland Schools","63150","Troy School District","06364","Costello Elementary School","63","Oakland","LEA School","Elementary","City: Small","Oakland Region","5","04","Mathematics","Students with Disabilities","< 10","< 10","< 10","< 10","< 10","< 10","< 10","< 10"
"18 - 19 School Year","63","Oakland Schools","63150","Troy School District","06364","Costello Elementary School","63","Oakland","LEA School","Elementary","City: Small","Oakland Region","5","05","Mathematics","Students with Disabilities","< 10","< 10","< 10","< 10","< 10","< 10","< 10","< 10"
"18 - 19 School Year","63","Oakland Schools","63150","Troy School District","06364","Costello Elementary School","63","Oakland","LEA School","Elementary","City: Small","Oakland Region","5","All Grades","Mathematics","Students with Disabilities","< 10","< 10","< 10","< 10","< 10","< 10","< 10","< 10"
"18 - 19 School Year","63","Oakland Schools","63150","Troy School District","06364","Costello Elementary School","63","Oakland","LEA School","Elementary","City: Small","Oakland Region","5","All Grades","English Language Arts","All Students","24","50","31","22.90","47.60","29.50","105","49.40"
"18 - 19 School Year","63","Oakland Schools","63150","Troy School District","06364","Costello Elementary School","63","Oakland","LEA School","Elementary","City: Small","Oakland Region","5","All Grades","English Language Arts","Economically Disadvantaged","< 10","< 10","< 10","28.60","21.40","50.00","14","42.50"
"18 - 19 School Year","63","Oakland Schools","63150","Troy School District","06364","Costello Elementary School","63","Oakland","LEA School","Elementary","City: Small","Oakland Region","5","05","English Language Arts","Not Migrant","13","30","15","22.40","51.70","25.90","58","49.90"
"18 - 19 School Year","63","Oakland Schools","63150","Troy School District","06364","Costello Elementary School","63","Oakland","LEA School","Elementary","City: Small","Oakland Region","5","05","English Language Arts","Not English Learners","13","28","11","25.00","53.80","21.20","52","52.80"
"18 - 19 School Year","63","Oakland Schools","63150","Troy School District","06364","Costello Elementary School","63","Oakland","LEA School","Elementary","City: Small","Oakland Region","5","05","English Language Arts","English Learners","< 10","< 10","< 10","< 10","< 10","< 10","< 10","< 10"
"18 - 19 School Year","63","Oakland Schools","63150","Troy School District","06364","Costello Elementary School","63","Oakland","LEA School","Elementary","City: Small","Oakland Region","5","05","English Language Arts","Female","< 10","11","< 10","20.80","45.80","33.30","24","48.80"
"18 - 19 School Year","63","Oakland Schools","63150","Troy School District","06364","Costello Elementary School","63","Oakland","LEA School","Elementary","City: Small","Oakland Region","5","05","English Language Arts","Male","< 10","19","< 10","23.50","55.90","20.60","34","50.70"
"18 - 19 School Year","63","Oakland Schools","63150","Troy School District","06364","Costello Elementary School","63","Oakland","LEA School","Elementary","City: Small","Oakland Region","5","05","English Language Arts","Asian","< 10","< 10","< 10","16.70","66.70","16.70","12","55.50"
"18 - 19 School Year","63","Oakland Schools","63150","Troy School District","06364","Costello Elementary School","63","Oakland","LEA School","Elementary","City: Small","Oakland Region","5","05","English Language Arts","Two or More Races","< 10","< 10","< 10","< 10","< 10","< 10","< 10","< 10"
"18 - 19 School Year","63","Oakland Schools","63150","Troy School District","06364","Costello Elementary School","63","Oakland","LEA School","Elementary","City: Small","Oakland Region","5","05","English Language Arts","White, not of Hispanic origin","10","20","< 10","25.60","51.30","23.10","39","51.40"
"18 - 19 School Year","63","Oakland Schools","63150","Troy School District","06364","Costello Elementary School","63","Oakland","LEA School","Elementary","City: Small","Oakland Region","5","05","English Language Arts","Hispanic","< 10","< 10","< 10","< 10","< 10","< 10","< 10","< 10"
"18 - 19 School Year","63","Oakland Schools","63150","Troy School District","06364","Costello Elementary School","63","Oakland","LEA School","Elementary","City: Small","Oakland Region","5","05","English Language Arts","Black, not of Hispanic origin","< 10","< 10","< 10","< 10","< 10","< 10","< 10","< 10"
"18 - 19 School Year","63","Oakland Schools","63150","Troy School District","06364","Costello Elementary School","63","Oakland","LEA School","Elementary","City: Small","Oakland Region","5","05","English Language Arts","Not Economically Disadvantaged","10","28","11","20.40","57.10","22.40","49","51.40"
"18 - 19 School Year","63","Oakland Schools","63150","Troy School District","06364","Costello Elementary School","63","Oakland","LEA School","Elementary","City: Small","Oakland Region","5","05","English Language Arts","Economically Disadvantaged","< 10","< 10","< 10","< 10","< 10","< 10","< 10","< 10"
"18 - 19 School Year","63","Oakland Schools","63150","Troy School District","06364","Costello Elementary School","63","Oakland","LEA School","Elementary","City: Small","Oakland Region","5","05","English Language Arts","All Students","13","30","15","22.40","51.70","25.90","58","49.90"
"18 - 19 School Year","63","Oakland Schools","63150","Troy School District","06364","Costello Elementary School","63","Oakland","LEA School","Elementary","City: Small","Oakland Region","5","All Grades","English Language Arts","Not Economically Disadvantaged","20","47","24","22.00","51.60","26.40","91","50.50"
"18 - 19 School Year","63","Oakland Schools","63150","Troy School District","06364","Costello Elementary School","63","Oakland","LEA School","Elementary","City: Small","Oakland Region","5","04","English Language Arts","Not Migrant","11","20","16","23.40","42.60","34.00","47","48.90"
"18 - 19 School Year","63","Oakland Schools","63150","Troy School District","06364","Costello Elementary School","63","Oakland","LEA School","Elementary","City: Small","Oakland Region","5","04","English Language Arts","Not English Learners","< 10","17","15","22.00","41.50","36.60","41","46.90"
"18 - 19 School Year","63","Oakland Schools","63150","Troy School District","06364","Costello Elementary School","63","Oakland","LEA School","Elementary","City: Small","Oakland Region","5","04","English Language Arts","English Learners","< 10","< 10","< 10","< 10","< 10","< 10","< 10","< 10"
"18 - 19 School Year","63","Oakland Schools","63150","Troy School District","06364","Costello Elementary School","63","Oakland","LEA School","Elementary","City: Small","Oakland Region","5","04","English Language Arts","Female","< 10","12","< 10","26.90","46.20","26.90","26","54.30"
"18 - 19 School Year","63","Oakland Schools","63150","Troy School District","06364","Costello Elementary School","63","Oakland","LEA School","Elementary","City: Small","Oakland Region","5","04","English Language Arts","Male","< 10","< 10","< 10","19.00","38.10","42.90","21","42.10"
"18 - 19 School Year","63","Oakland Schools","63150","Troy School District","06364","Costello Elementary School","63","Oakland","LEA School","Elementary","City: Small","Oakland Region","5","04","English Language Arts","Asian","< 10","< 10","< 10","36.40","27.30","36.40","11","53.50"
"18 - 19 School Year","63","Oakland Schools","63150","Troy School District","06364","Costello Elementary School","63","Oakland","LEA School","Elementary","City: Small","Oakland Region","5","04","English Language Arts","Two or More Races","< 10","< 10","< 10","< 10","< 10","< 10","< 10","< 10"
"18 - 19 School Year","63","Oakland Schools","63150","Troy School District","06364","Costello Elementary School","63","Oakland","LEA School","Elementary","City: Small","Oakland Region","5","04","English Language Arts","White, not of Hispanic origin","< 10","15","< 10","22.20","55.60","22.20","27","53.80"
"18 - 19 School Year","63","Oakland Schools","63150","Troy School District","06364","Costello Elementary School","63","Oakland","LEA School","Elementary","City: Small","Oakland Region","5","04","English Language Arts","Hispanic","< 10","< 10","< 10","< 10","< 10","< 10","< 10","< 10"
"18 - 19 School Year","63","Oakland Schools","63150","Troy School District","06364","Costello Elementary School","63","Oakland","LEA School","Elementary","City: Small","Oakland Region","5","04","English Language Arts","Black, not of Hispanic origin","< 10","< 10","< 10","< 10","< 10","< 10","< 10","< 10"
"18 - 19 School Year","63","Oakland Schools","63150","Troy School District","06364","Costello Elementary School","63","Oakland","LEA School","Elementary","City: Small","Oakland Region","5","04","English Language Arts","Not Economically Disadvantaged","10","19","13","23.80","45.20","31.00","42","49.50"
"18 - 19 School Year","63","Oakland Schools","63150","Troy School District","06364","Costello Elementary School","63","Oakland","LEA School","Elementary","City: Small","Oakland Region","5","All Grades","English Language Arts","Black, not of Hispanic origin","< 10","< 10","< 10","< 10","< 10","< 10","< 10","< 10"
"18 - 19 School Year","63","Oakland Schools","63150","Troy School District","06364","Costello Elementary School","63","Oakland","LEA School","Elementary","City: Small","Oakland Region","5","All Grades","English Language Arts","Hispanic","< 10","< 10","< 10","< 10","< 10","< 10","< 10","< 10"
"18 - 19 School Year","63","Oakland Schools","63150","Troy School District","06364","Costello Elementary School","63","Oakland","LEA School","Elementary","City: Small","Oakland Region","5","All Grades","English Language Arts","White, not of Hispanic origin","16","35","15","24.20","53.00","22.70","66","52.40"
"18 - 19 School Year","63","Oakland Schools","63150","Troy School District","06364","Costello Elementary School","63","Oakland","LEA School","Elementary","City: Small","Oakland Region","5","All Grades","English Language Arts","Two or More Races","< 10","< 10","< 10","< 10","< 10","< 10","< 10","< 10"
"18 - 19 School Year","63","Oakland Schools","63150","Troy School District","06364","Costello Elementary School","63","Oakland","LEA School","Elementary","City: Small","Oakland Region","5","All Grades","English Language Arts","Asian","< 10","11","< 10","26.10","47.80","26.10","23","54.50"
"18 - 19 School Year","63","Oakland Schools","63150","Troy School District","06364","Costello Elementary School","63","Oakland","LEA School","Elementary","City: Small","Oakland Region","5","All Grades","English Language Arts","Male","12","27","16","21.80","49.10","29.10","55","47.40"
"18 - 19 School Year","63","Oakland Schools","63150","Troy School District","06364","Costello Elementary School","63","Oakland","LEA School","Elementary","City: Small","Oakland Region","5","All Grades","English Language Arts","Female","12","23","15","24.00","46.00","30.00","50","51.70"
"18 - 19 School Year","63","Oakland Schools","63150","Troy School District","06364","Costello Elementary School","63","Oakland","LEA School","Elementary","City: Small","Oakland Region","5","All Grades","English Language Arts","English Learners","< 10","< 10","< 10","16.70","41.70","41.70","12","43.70"
"18 - 19 School Year","63","Oakland Schools","63150","Troy School District","06364","Costello Elementary School","63","Oakland","LEA School","Elementary","City: Small","Oakland Region","5","All Grades","English Language Arts","Not English Learners","22","45","26","23.70","48.40","28.00","93","50.20"
"18 - 19 School Year","63","Oakland Schools","63150","Troy School District","06364","Costello Elementary School","63","Oakland","LEA School","Elementary","City: Small","Oakland Region","5","All Grades","English Language Arts","Not Migrant","24","50","31","22.90","47.60","29.50","105","49.40"
"18 - 19 School Year","63","Oakland Schools","63150","Troy School District","06364","Costello Elementary School","63","Oakland","LEA School","Elementary","City: Small","Oakland Region","5","04","English Language Arts","All Students","11","20","16","23.40","42.60","34.00","47","48.90"
"18 - 19 School Year","63","Oakland Schools","63150","Troy School District","06364","Costello Elementary School","63","Oakland","LEA School","Elementary","City: Small","Oakland Region","5","04","English Language Arts","Economically Disadvantaged","< 10","< 10","< 10","< 10","< 10","< 10","< 10","< 10"
"18 - 19 School Year","63","Oakland Schools","63150","Troy School District","06364","Costello Elementary School","63","Oakland","LEA School","Elementary","City: Small","Oakland Region","5","04","Mathematics","Not Economically Disadvantaged","< 10","13","22","16.70","31.00","52.40","42","39.00"
"18 - 19 School Year","63","Oakland Schools","63150","Troy School District","06364","Costello Elementary School","63","Oakland","LEA School","Elementary","City: Small","Oakland Region","5","04","Mathematics","Black, not of Hispanic origin","< 10","< 10","< 10","< 10","< 10","< 10","< 10","< 10"
"18 - 19 School Year","63","Oakland Schools","63150","Troy School District","06364","Costello Elementary School","63","Oakland","LEA School","Elementary","City: Small","Oakland Region","5","04","Mathematics","Hispanic","< 10","< 10","< 10","< 10","< 10","< 10","< 10","< 10"
"18 - 19 School Year","63","Oakland Schools","63150","Troy School District","06364","Costello Elementary School","63","Oakland","LEA School","Elementary","City: Small","Oakland Region","5","04","Mathematics","White, not of Hispanic origin","< 10","10","13","14.80","37.00","48.10","27","40.60"
"18 - 19 School Year","63","Oakland Schools","63150","Troy School District","06364","Costello Elementary School","63","Oakland","LEA School","Elementary","City: Small","Oakland Region","5","04","Mathematics","Two or More Races","< 10","< 10","< 10","< 10","< 10","< 10","< 10","< 10"
"18 - 19 School Year","63","Oakland Schools","63150","Troy School District","06364","Costello Elementary School","63","Oakland","LEA School","Elementary","City: Small","Oakland Region","5","04","Mathematics","Asian","< 10","< 10","< 10","27.30","36.40","36.40","11","45.40"
"18 - 19 School Year","63","Oakland Schools","63150","Troy School District","06364","Costello Elementary School","63","Oakland","LEA School","Elementary","City: Small","Oakland Region","5","04","Mathematics","Male","< 10","< 10","11","14.30","33.30","52.40","21","38.00"
"18 - 19 School Year","63","Oakland Schools","63150","Troy School District","06364","Costello Elementary School","63","Oakland","LEA School","Elementary","City: Small","Oakland Region","5","04","Mathematics","Female","< 10","< 10","14","15.40","30.80","53.80","26","37.60"
"18 - 19 School Year","63","Oakland Schools","63150","Troy School District","06364","Costello Elementary School","63","Oakland","LEA School","Elementary","City: Small","Oakland Region","5","04","Mathematics","Not Migrant","< 10","15","25","14.90","31.90","53.20","47","37.80"
"18 - 19 School Year","63","Oakland Schools","63150","Troy School District","06364","Costello Elementary School","63","Oakland","LEA School","Elementary","City: Small","Oakland Region","5","04","Mathematics","Not English Learners","< 10","13","21","17.10","31.70","51.20","41","39.60"
"18 - 19 School Year","63","Oakland Schools","63150","Troy School District","06364","Costello Elementary School","63","Oakland","LEA School","Elementary","City: Small","Oakland Region","5","04","Mathematics","English Learners","< 10","< 10","< 10","< 10","< 10","< 10","< 10","< 10"
"18 - 19 School Year","63","Oakland Schools","63150","Troy School District","06364","Costello Elementary School","63","Oakland","LEA School","Elementary","City: Small","Oakland Region","5","05","Mathematics","All Students","19","23","16","32.80","39.70","27.60","58","53.10"
"18 - 19 School Year","63","Oakland Schools","63150","Troy School District","06364","Costello Elementary School","63","Oakland","LEA School","Elementary","City: Small","Oakland Region","5","05","Mathematics","Economically Disadvantaged","< 10","< 10","< 10","< 10","< 10","< 10","< 10","< 10"
"18 - 19 School Year","63","Oakland Schools","63150","Troy School District","06364","Costello Elementary School","63","Oakland","LEA School","Elementary","City: Small","Oakland Region","5","05","Mathematics","Not Economically Disadvantaged","18","18","13","36.70","36.70","26.50","49","54.70"
"18 - 19 School Year","63","Oakland Schools","63150","Troy School District","06364","Costello Elementary School","63","Oakland","LEA School","Elementary","City: Small","Oakland Region","5","All Grades","Mathematics","Not Migrant","26","38","41","24.80","36.20","39.00","105","46.20"
"18 - 19 School Year","63","Oakland Schools","63150","Troy School District","06364","Costello Elementary School","63","Oakland","LEA School","Elementary","City: Small","Oakland Region","5","All Grades","Mathematics","Not English Learners","23","33","36","25.00","35.90","39.10","92","46.40"
"18 - 19 School Year","63","Oakland Schools","63150","Troy School District","06364","Costello Elementary School","63","Oakland","LEA School","Elementary","City: Small","Oakland Region","5","All Grades","Mathematics","English Learners","< 10","< 10","< 10","23.10","38.50","38.50","13","45.10"
"18 - 19 School Year","63","Oakland Schools","63150","Troy School District","06364","Costello Elementary School","63","Oakland","LEA School","Elementary","City: Small","Oakland Region","5","All Grades","Mathematics","Female","11","19","21","21.60","37.30","41.20","51","44.00"
"18 - 19 School Year","63","Oakland Schools","63150","Troy School District","06364","Costello Elementary School","63","Oakland","LEA School","Elementary","City: Small","Oakland Region","5","All Grades","Mathematics","Male","15","19","20","27.80","35.20","37.00","54","48.40"
"18 - 19 School Year","63","Oakland Schools","63150","Troy School District","06364","Costello Elementary School","63","Oakland","LEA School","Elementary","City: Small","Oakland Region","5","All Grades","Mathematics","Asian","< 10","< 10","< 10","37.50","33.30","29.20","24","54.90"
"18 - 19 School Year","63","Oakland Schools","63150","Troy School District","06364","Costello Elementary School","63","Oakland","LEA School","Elementary","City: Small","Oakland Region","5","All Grades","Mathematics","Two or More Races","< 10","< 10","< 10","< 10","< 10","< 10","< 10","< 10"
"18 - 19 School Year","63","Oakland Schools","63150","Troy School District","06364","Costello Elementary School","63","Oakland","LEA School","Elementary","City: Small","Oakland Region","5","All Grades","Mathematics","White, not of Hispanic origin","16","26","23","24.60","40.00","35.40","65","47.70"
"18 - 19 School Year","63","Oakland Schools","63150","Troy School District","06364","Costello Elementary School","63","Oakland","LEA School","Elementary","City: Small","Oakland Region","5","All Grades","Mathematics","Hispanic","< 10","< 10","< 10","< 10","< 10","< 10","< 10","< 10"
"18 - 19 School Year","63","Oakland Schools","63150","Troy School District","06364","Costello Elementary School","63","Oakland","LEA School","Elementary","City: Small","Oakland Region","5","All Grades","Mathematics","Black, not of Hispanic origin","< 10","< 10","< 10","< 10","< 10","< 10","< 10","< 10"
"18 - 19 School Year","63","Oakland Schools","63150","Troy School District","06364","Costello Elementary School","63","Oakland","LEA School","Elementary","City: Small","Oakland Region","5","All Grades","Mathematics","Not Economically Disadvantaged","25","31","35","27.50","34.10","38.50","91","47.50"
"18 - 19 School Year","63","Oakland Schools","63150","Troy School District","06364","Costello Elementary School","63","Oakland","LEA School","Elementary","City: Small","Oakland Region","5","All Grades","Mathematics","Economically Disadvantaged","< 10","< 10","< 10","7.10","50.00","42.90","14","38.10"
"18 - 19 School Year","63","Oakland Schools","63150","Troy School District","06364","Costello Elementary School","63","Oakland","LEA School","Elementary","City: Small","Oakland Region","5","All Grades","Mathematics","All Students","26","38","41","24.80","36.20","39.00","105","46.20"
"18 - 19 School Year","63","Oakland Schools","63150","Troy School District","06364","Costello Elementary School","63","Oakland","LEA School","Elementary","City: Small","Oakland Region","5","04","Mathematics","Economically Disadvantaged","< 10","< 10","< 10","< 10","< 10","< 10","< 10","< 10"
"18 - 19 School Year","63","Oakland Schools","63150","Troy School District","06364","Costello Elementary School","63","Oakland","LEA School","Elementary","City: Small","Oakland Region","5","04","Mathematics","All Students","< 10","15","25","14.90","31.90","53.20","47","37.80"
"18 - 19 School Year","63","Oakland Schools","63150","Troy School District","06364","Costello Elementary School","63","Oakland","LEA School","Elementary","City: Small","Oakland Region","5","05","Mathematics","Not Migrant","19","23","16","32.80","39.70","27.60","58","53.10"
"18 - 19 School Year","63","Oakland Schools","63150","Troy School District","06364","Costello Elementary School","63","Oakland","LEA School","Elementary","City: Small","Oakland Region","5","05","Mathematics","Not English Learners","16","20","15","31.40","39.20","29.40","51","51.80"
"18 - 19 School Year","63","Oakland Schools","63150","Troy School District","06364","Costello Elementary School","63","Oakland","LEA School","Elementary","City: Small","Oakland Region","5","05","Mathematics","English Learners","< 10","< 10","< 10","< 10","< 10","< 10","< 10","< 10"
"18 - 19 School Year","63","Oakland Schools","63150","Troy School District","06364","Costello Elementary School","63","Oakland","LEA School","Elementary","City: Small","Oakland Region","5","05","Mathematics","Female","< 10","11","< 10","28.00","44.00","28.00","25","50.60"
"18 - 19 School Year","63","Oakland Schools","63150","Troy School District","06364","Costello Elementary School","63","Oakland","LEA School","Elementary","City: Small","Oakland Region","5","05","Mathematics","Male","12","12","< 10","36.40","36.40","27.30","33","54.90"
"18 - 19 School Year","63","Oakland Schools","63150","Troy School District","06364","Costello Elementary School","63","Oakland","LEA School","Elementary","City: Small","Oakland Region","5","05","Mathematics","Asian","< 10","< 10","< 10","46.20","30.80","23.10","13","62.90"
"18 - 19 School Year","63","Oakland Schools","63150","Troy School District","06364","Costello Elementary School","63","Oakland","LEA School","Elementary","City: Small","Oakland Region","5","05","Mathematics","Two or More Races","< 10","< 10","< 10","< 10","< 10","< 10","< 10","< 10"
"18 - 19 School Year","63","Oakland Schools","63150","Troy School District","06364","Costello Elementary School","63","Oakland","LEA School","Elementary","City: Small","Oakland Region","5","05","Mathematics","White, not of Hispanic origin","12","16","10","31.60","42.10","26.30","38","52.80"
"18 - 19 School Year","63","Oakland Schools","63150","Troy School District","06364","Costello Elementary School","63","Oakland","LEA School","Elementary","City: Small","Oakland Region","5","05","Mathematics","Hispanic","< 10","< 10","< 10","< 10","< 10","< 10","< 10","< 10"
"18 - 19 School Year","63","Oakland Schools","63150","Troy School District","06364","Costello Elementary School","63","Oakland","LEA School","Elementary","City: Small","Oakland Region","5","05","Mathematics","Black, not of Hispanic origin","< 10","< 10","< 10","< 10","< 10","< 10","< 10","< 10"
"18 - 19 School Year","63","Oakland Schools","63150","Troy School District","06365","Martell Elementary School","63","Oakland","LEA School","Elementary","City: Small","Oakland Region","5","04","Mathematics","Students without Disabilities","30","24","15","43.50","34.80","21.70","69","56.80"
"18 - 19 School Year","63","Oakland Schools","63150","Troy School District","06365","Martell Elementary School","63","Oakland","LEA School","Elementary","City: Small","Oakland Region","5","05","Mathematics","Students without Disabilities","32","25","10","47.80","37.30","14.90","67","63.60"
"18 - 19 School Year","63","Oakland Schools","63150","Troy School District","06365","Martell Elementary School","63","Oakland","LEA School","Elementary","City: Small","Oakland Region","5","All Grades","Mathematics","Students without Disabilities","62","49","25","45.60","36.00","18.40","136","60.10"
"18 - 19 School Year","63","Oakland Schools","63150","Troy School District","06365","Martell Elementary School","63","Oakland","LEA School","Elementary","City: Small","Oakland Region","5","05","English Language Arts","Students without Disabilities","22","29","14","33.80","44.60","21.50","65","55.20"
"18 - 19 School Year","63","Oakland Schools","63150","Troy School District","06365","Martell Elementary School","63","Oakland","LEA School","Elementary","City: Small","Oakland Region","5","All Grades","English Language Arts","Students without Disabilities","51","51","26","39.80","39.80","20.30","128","58.10"
"18 - 19 School Year","63","Oakland Schools","63150","Troy School District","06365","Martell Elementary School","63","Oakland","LEA School","Elementary","City: Small","Oakland Region","5","04","English Language Arts","Students without Disabilities","29","22","12","46.00","34.90","19.00","63","61.00"
"18 - 19 School Year","63","Oakland Schools","63150","Troy School District","06365","Martell Elementary School","63","Oakland","LEA School","Elementary","City: Small","Oakland Region","5","All Grades","Mathematics","Students with Disabilities","< 10","< 10","< 10","50.00","18.80","31.30","16","54.90"
"18 - 19 School Year","63","Oakland Schools","63150","Troy School District","06365","Martell Elementary School","63","Oakland","LEA School","Elementary","City: Small","Oakland Region","5","05","Mathematics","Students with Disabilities","< 10","< 10","< 10","60.00","10.00","30.00","10","58.80"
"18 - 19 School Year","63","Oakland Schools","63150","Troy School District","06365","Martell Elementary School","63","Oakland","LEA School","Elementary","City: Small","Oakland Region","5","04","Mathematics","Students with Disabilities","< 10","< 10","< 10","< 10","< 10","< 10","< 10","< 10"
"18 - 19 School Year","63","Oakland Schools","63150","Troy School District","06365","Martell Elementary School","63","Oakland","LEA School","Elementary","City: Small","Oakland Region","5","04","English Language Arts","Students with Disabilities","< 10","< 10","< 10","< 10","< 10","< 10","< 10","< 10"
"18 - 19 School Year","63","Oakland Schools","63150","Troy School District","06365","Martell Elementary School","63","Oakland","LEA School","Elementary","City: Small","Oakland Region","5","All Grades","English Language Arts","Students with Disabilities","< 10","< 10","< 10","37.50","31.30","31.30","16","50.10"
"18 - 19 School Year","63","Oakland Schools","63150","Troy School District","06365","Martell Elementary School","63","Oakland","LEA School","Elementary","City: Small","Oakland Region","5","05","English Language Arts","Students with Disabilities","< 10","< 10","< 10","50.00","30.00","20.00","10","56.80"
"18 - 19 School Year","63","Oakland Schools","63150","Troy School District","06365","Martell Elementary School","63","Oakland","LEA School","Elementary","City: Small","Oakland Region","5","05","English Language Arts","All Students","27","32","16","36.00","42.70","21.30","75","55.40"
"18 - 19 School Year","63","Oakland Schools","63150","Troy School District","06365","Martell Elementary School","63","Oakland","LEA School","Elementary","City: Small","Oakland Region","5","05","English Language Arts","Economically Disadvantaged","< 10","< 10","< 10","< 10","< 10","< 10","< 10","< 10"
"18 - 19 School Year","63","Oakland Schools","63150","Troy School District","06365","Martell Elementary School","63","Oakland","LEA School","Elementary","City: Small","Oakland Region","5","05","English Language Arts","Not Economically Disadvantaged","23","29","16","33.80","42.60","23.50","68","54.40"
"18 - 19 School Year","63","Oakland Schools","63150","Troy School District","06365","Martell Elementary School","63","Oakland","LEA School","Elementary","City: Small","Oakland Region","5","05","English Language Arts","Native Hawaiian or Other Pacific Islander","< 10","< 10","< 10","< 10","< 10","< 10","< 10","< 10"
"18 - 19 School Year","63","Oakland Schools","63150","Troy School District","06365","Martell Elementary School","63","Oakland","LEA School","Elementary","City: Small","Oakland Region","5","05","English Language Arts","American Indian or Alaska Native","< 10","< 10","< 10","< 10","< 10","< 10","< 10","< 10"
"18 - 19 School Year","63","Oakland Schools","63150","Troy School District","06365","Martell Elementary School","63","Oakland","LEA School","Elementary","City: Small","Oakland Region","5","05","English Language Arts","Black, not of Hispanic origin","< 10","< 10","< 10","< 10","< 10","< 10","< 10","< 10"
"18 - 19 School Year","63","Oakland Schools","63150","Troy School District","06365","Martell Elementary School","63","Oakland","LEA School","Elementary","City: Small","Oakland Region","5","05","English Language Arts","White, not of Hispanic origin","13","17","10","32.50","42.50","25.00","40","53.40"
"18 - 19 School Year","63","Oakland Schools","63150","Troy School District","06365","Martell Elementary School","63","Oakland","LEA School","Elementary","City: Small","Oakland Region","5","05","English Language Arts","Two or More Races","< 10","< 10","< 10","< 10","< 10","< 10","< 10","< 10"
"18 - 19 School Year","63","Oakland Schools","63150","Troy School District","06365","Martell Elementary School","63","Oakland","LEA School","Elementary","City: Small","Oakland Region","5","05","English Language Arts","Asian","12","13","< 10","40.00","43.30","16.70","30","59.00"
"18 - 19 School Year","63","Oakland Schools","63150","Troy School District","06365","Martell Elementary School","63","Oakland","LEA School","Elementary","City: Small","Oakland Region","5","05","English Language Arts","Male","14","18","< 10","37.80","48.60","13.50","37","58.40"
"18 - 19 School Year","63","Oakland Schools","63150","Troy School District","06365","Martell Elementary School","63","Oakland","LEA School","Elementary","City: Small","Oakland Region","5","05","English Language Arts","Female","13","14","11","34.20","36.80","28.90","38","52.50"
"18 - 19 School Year","63","Oakland Schools","63150","Troy School District","06365","Martell Elementary School","63","Oakland","LEA School","Elementary","City: Small","Oakland Region","5","05","English Language Arts","English Learners","< 10","< 10","< 10","50.00","43.80","6.30","16","62.70"
"18 - 19 School Year","63","Oakland Schools","63150","Troy School District","06365","Martell Elementary School","63","Oakland","LEA School","Elementary","City: Small","Oakland Region","5","05","English Language Arts","Not English Learners","19","25","15","32.20","42.40","25.40","59","53.40"
"18 - 19 School Year","63","Oakland Schools","63150","Troy School District","06365","Martell Elementary School","63","Oakland","LEA School","Elementary","City: Small","Oakland Region","5","05","English Language Arts","Not Migrant","27","32","16","36.00","42.70","21.30","75","55.40"
"18 - 19 School Year","63","Oakland Schools","63150","Troy School District","06365","Martell Elementary School","63","Oakland","LEA School","Elementary","City: Small","Oakland Region","5","All Grades","English Language Arts","Not Economically Disadvantaged","50","49","29","39.10","38.30","22.70","128","56.90"
"18 - 19 School Year","63","Oakland Schools","63150","Troy School District","06365","Martell Elementary School","63","Oakland","LEA School","Elementary","City: Small","Oakland Region","5","All Grades","English Language Arts","Native Hawaiian or Other Pacific Islander","< 10","< 10","< 10","< 10","< 10","< 10","< 10","< 10"
"18 - 19 School Year","63","Oakland Schools","63150","Troy School District","06365","Martell Elementary School","63","Oakland","LEA School","Elementary","City: Small","Oakland Region","5","All Grades","English Language Arts","American Indian or Alaska Native","< 10","< 10","< 10","< 10","< 10","< 10","< 10","< 10"
"18 - 19 School Year","63","Oakland Schools","63150","Troy School District","06365","Martell Elementary School","63","Oakland","LEA School","Elementary","City: Small","Oakland Region","5","All Grades","English Language Arts","Black, not of Hispanic origin","< 10","< 10","< 10","< 10","< 10","< 10","< 10","< 10"
"18 - 19 School Year","63","Oakland Schools","63150","Troy School District","06365","Martell Elementary School","63","Oakland","LEA School","Elementary","City: Small","Oakland Region","5","All Grades","English Language Arts","Hispanic","< 10","< 10","< 10","< 10","< 10","< 10","< 10","< 10"
"18 - 19 School Year","63","Oakland Schools","63150","Troy School District","06365","Martell Elementary School","63","Oakland","LEA School","Elementary","City: Small","Oakland Region","5","All Grades","English Language Arts","White, not of Hispanic origin","31","28","18","40.30","36.40","23.40","77","57.10"
"18 - 19 School Year","63","Oakland Schools","63150","Troy School District","06365","Martell Elementary School","63","Oakland","LEA School","Elementary","City: Small","Oakland Region","5","All Grades","English Language Arts","Two or More Races","< 10","< 10","< 10","< 10","< 10","< 10","< 10","< 10"
"18 - 19 School Year","63","Oakland Schools","63150","Troy School District","06365","Martell Elementary School","63","Oakland","LEA School","Elementary","City: Small","Oakland Region","5","All Grades","English Language Arts","Asian","23","23","12","39.70","39.70","20.70","58","57.70"
"18 - 19 School Year","63","Oakland Schools","63150","Troy School District","06365","Martell Elementary School","63","Oakland","LEA School","Elementary","City: Small","Oakland Region","5","All Grades","English Language Arts","Male","30","27","12","43.50","39.10","17.40","69","59.00"
"18 - 19 School Year","63","Oakland Schools","63150","Troy School District","06365","Martell Elementary School","63","Oakland","LEA School","Elementary","City: Small","Oakland Region","5","All Grades","English Language Arts","Female","27","29","19","36.00","38.70","25.30","75","55.50"
"18 - 19 School Year","63","Oakland Schools","63150","Troy School District","06365","Martell Elementary School","63","Oakland","LEA School","Elementary","City: Small","Oakland Region","5","All Grades","English Language Arts","English Learners","13","14","< 10","40.60","43.80","15.60","32","57.00"
"18 - 19 School Year","63","Oakland Schools","63150","Troy School District","06365","Martell Elementary School","63","Oakland","LEA School","Elementary","City: Small","Oakland Region","5","All Grades","English Language Arts","Not English Learners","44","42","26","39.30","37.50","23.20","112","57.20"
"18 - 19 School Year","63","Oakland Schools","63150","Troy School District","06365","Martell Elementary School","63","Oakland","LEA School","Elementary","City: Small","Oakland Region","5","All Grades","English Language Arts","Not Migrant","57","56","31","39.60","38.90","21.50","144","57.20"
"18 - 19 School Year","63","Oakland Schools","63150","Troy School District","06365","Martell Elementary School","63","Oakland","LEA School","Elementary","City: Small","Oakland Region","5","All Grades","English Language Arts","Economically Disadvantaged","< 10","< 10","< 10","43.80","43.80","12.50","16","59.10"
"18 - 19 School Year","63","Oakland Schools","63150","Troy School District","06365","Martell Elementary School","63","Oakland","LEA School","Elementary","City: Small","Oakland Region","5","All Grades","English Language Arts","All Students","57","56","31","39.60","38.90","21.50","144","57.20"
"18 - 19 School Year","63","Oakland Schools","63150","Troy School District","06365","Martell Elementary School","63","Oakland","LEA School","Elementary","City: Small","Oakland Region","5","04","English Language Arts","All Students","30","24","15","43.50","34.80","21.70","69","59.10"
"18 - 19 School Year","63","Oakland Schools","63150","Troy School District","06365","Martell Elementary School","63","Oakland","LEA School","Elementary","City: Small","Oakland Region","5","04","English Language Arts","Economically Disadvantaged","< 10","< 10","< 10","< 10","< 10","< 10","< 10","< 10"
"18 - 19 School Year","63","Oakland Schools","63150","Troy School District","06365","Martell Elementary School","63","Oakland","LEA School","Elementary","City: Small","Oakland Region","5","04","English Language Arts","Not Economically Disadvantaged","27","20","13","45.00","33.30","21.70","60","59.80"
"18 - 19 School Year","63","Oakland Schools","63150","Troy School District","06365","Martell Elementary School","63","Oakland","LEA School","Elementary","City: Small","Oakland Region","5","04","English Language Arts","Native Hawaiian or Other Pacific Islander","< 10","< 10","< 10","< 10","< 10","< 10","< 10","< 10"
"18 - 19 School Year","63","Oakland Schools","63150","Troy School District","06365","Martell Elementary School","63","Oakland","LEA School","Elementary","City: Small","Oakland Region","5","04","English Language Arts","Hispanic","< 10","< 10","< 10","< 10","< 10","< 10","< 10","< 10"
"18 - 19 School Year","63","Oakland Schools","63150","Troy School District","06365","Martell Elementary School","63","Oakland","LEA School","Elementary","City: Small","Oakland Region","5","04","English Language Arts","White, not of Hispanic origin","18","11","< 10","48.60","29.70","21.60","37","61.10"
"18 - 19 School Year","63","Oakland Schools","63150","Troy School District","06365","Martell Elementary School","63","Oakland","LEA School","Elementary","City: Small","Oakland Region","5","04","English Language Arts","Two or More Races","< 10","< 10","< 10","< 10","< 10","< 10","< 10","< 10"
"18 - 19 School Year","63","Oakland Schools","63150","Troy School District","06365","Martell Elementary School","63","Oakland","LEA School","Elementary","City: Small","Oakland Region","5","04","English Language Arts","Asian","11","10","< 10","39.30","35.70","25.00","28","56.40"
"18 - 19 School Year","63","Oakland Schools","63150","Troy School District","06365","Martell Elementary School","63","Oakland","LEA School","Elementary","City: Small","Oakland Region","5","04","English Language Arts","Male","16","< 10","< 10","50.00","28.10","21.90","32","59.80"
"18 - 19 School Year","63","Oakland Schools","63150","Troy School District","06365","Martell Elementary School","63","Oakland","LEA School","Elementary","City: Small","Oakland Region","5","04","English Language Arts","Female","14","15","< 10","37.80","40.50","21.60","37","58.50"
"18 - 19 School Year","63","Oakland Schools","63150","Troy School District","06365","Martell Elementary School","63","Oakland","LEA School","Elementary","City: Small","Oakland Region","5","04","English Language Arts","English Learners","< 10","< 10","< 10","31.30","43.80","25.00","16","51.30"
"18 - 19 School Year","63","Oakland Schools","63150","Troy School District","06365","Martell Elementary School","63","Oakland","LEA School","Elementary","City: Small","Oakland Region","5","04","English Language Arts","Not English Learners","25","17","11","47.20","32.10","20.80","53","61.50"
"18 - 19 School Year","63","Oakland Schools","63150","Troy School District","06365","Martell Elementary School","63","Oakland","LEA School","Elementary","City: Small","Oakland Region","5","04","English Language Arts","Not Migrant","30","24","15","43.50","34.80","21.70","69","59.10"
"18 - 19 School Year","63","Oakland Schools","63150","Troy School District","06365","Martell Elementary School","63","Oakland","LEA School","Elementary","City: Small","Oakland Region","5","05","Mathematics","All Students","38","26","13","49.40","33.80","16.90","77","62.90"
"18 - 19 School Year","63","Oakland Schools","63150","Troy School District","06365","Martell Elementary School","63","Oakland","LEA School","Elementary","City: Small","Oakland Region","5","05","Mathematics","Economically Disadvantaged","< 10","< 10","< 10","< 10","< 10","< 10","< 10","< 10"
"18 - 19 School Year","63","Oakland Schools","63150","Troy School District","06365","Martell Elementary School","63","Oakland","LEA School","Elementary","City: Small","Oakland Region","5","05","Mathematics","Not Economically Disadvantaged","33","25","11","47.80","36.20","15.90","69","62.60"
"18 - 19 School Year","63","Oakland Schools","63150","Troy School District","06365","Martell Elementary School","63","Oakland","LEA School","Elementary","City: Small","Oakland Region","5","05","Mathematics","Native Hawaiian or Other Pacific Islander","< 10","< 10","< 10","< 10","< 10","< 10","< 10","< 10"
"18 - 19 School Year","63","Oakland Schools","63150","Troy School District","06365","Martell Elementary School","63","Oakland","LEA School","Elementary","City: Small","Oakland Region","5","05","Mathematics","American Indian or Alaska Native","< 10","< 10","< 10","< 10","< 10","< 10","< 10","< 10"
"18 - 19 School Year","63","Oakland Schools","63150","Troy School District","06365","Martell Elementary School","63","Oakland","LEA School","Elementary","City: Small","Oakland Region","5","05","Mathematics","Black, not of Hispanic origin","< 10","< 10","< 10","< 10","< 10","< 10","< 10","< 10"
"18 - 19 School Year","63","Oakland Schools","63150","Troy School District","06365","Martell Elementary School","63","Oakland","LEA School","Elementary","City: Small","Oakland Region","5","05","Mathematics","White, not of Hispanic origin","18","15","< 10","43.90","36.60","19.50","41","58.40"
"18 - 19 School Year","63","Oakland Schools","63150","Troy School District","06365","Martell Elementary School","63","Oakland","LEA School","Elementary","City: Small","Oakland Region","5","05","Mathematics","Two or More Races","< 10","< 10","< 10","< 10","< 10","< 10","< 10","< 10"
"18 - 19 School Year","63","Oakland Schools","63150","Troy School District","06365","Martell Elementary School","63","Oakland","LEA School","Elementary","City: Small","Oakland Region","5","05","Mathematics","Asian","19","< 10","< 10","61.30","25.80","12.90","31","70.60"
"18 - 19 School Year","63","Oakland Schools","63150","Troy School District","06365","Martell Elementary School","63","Oakland","LEA School","Elementary","City: Small","Oakland Region","5","05","Mathematics","Male","18","11","< 10","48.60","29.70","21.60","37","60.40"
"18 - 19 School Year","63","Oakland Schools","63150","Troy School District","06365","Martell Elementary School","63","Oakland","LEA School","Elementary","City: Small","Oakland Region","5","05","Mathematics","Female","20","15","< 10","50.00","37.50","12.50","40","65.30"
"18 - 19 School Year","63","Oakland Schools","63150","Troy School District","06365","Martell Elementary School","63","Oakland","LEA School","Elementary","City: Small","Oakland Region","5","05","Mathematics","English Learners","< 10","< 10","< 10","44.40","33.30","22.20","18","60.10"
"18 - 19 School Year","63","Oakland Schools","63150","Troy School District","06365","Martell Elementary School","63","Oakland","LEA School","Elementary","City: Small","Oakland Region","5","05","Mathematics","Not English Learners","30","20","< 10","50.80","33.90","15.30","59","63.80"
"18 - 19 School Year","63","Oakland Schools","63150","Troy School District","06365","Martell Elementary School","63","Oakland","LEA School","Elementary","City: Small","Oakland Region","5","05","Mathematics","Not Migrant","38","26","13","49.40","33.80","16.90","77","62.90"
"18 - 19 School Year","63","Oakland Schools","63150","Troy School District","06365","Martell Elementary School","63","Oakland","LEA School","Elementary","City: Small","Oakland Region","5","All Grades","Mathematics","Not Migrant","70","52","30","46.10","34.20","19.70","152","59.60"
"18 - 19 School Year","63","Oakland Schools","63150","Troy School District","06365","Martell Elementary School","63","Oakland","LEA School","Elementary","City: Small","Oakland Region","5","All Grades","Mathematics","Not English Learners","56","38","18","50.00","33.90","16.10","112","62.70"
"18 - 19 School Year","63","Oakland Schools","63150","Troy School District","06365","Martell Elementary School","63","Oakland","LEA School","Elementary","City: Small","Oakland Region","5","All Grades","Mathematics","English Learners","14","14","12","35.00","35.00","30.00","40","50.90"
"18 - 19 School Year","63","Oakland Schools","63150","Troy School District","06365","Martell Elementary School","63","Oakland","LEA School","Elementary","City: Small","Oakland Region","5","All Grades","Mathematics","Female","40","29","13","48.80","35.40","15.90","82","61.40"
"18 - 19 School Year","63","Oakland Schools","63150","Troy School District","06365","Martell Elementary School","63","Oakland","LEA School","Elementary","City: Small","Oakland Region","5","All Grades","Mathematics","Male","30","23","17","42.90","32.90","24.30","70","57.50"
"18 - 19 School Year","63","Oakland Schools","63150","Troy School District","06365","Martell Elementary School","63","Oakland","LEA School","Elementary","City: Small","Oakland Region","5","All Grades","Mathematics","Asian","32","21","12","49.20","32.30","18.50","65","62.00"
"18 - 19 School Year","63","Oakland Schools","63150","Troy School District","06365","Martell Elementary School","63","Oakland","LEA School","Elementary","City: Small","Oakland Region","5","All Grades","Mathematics","Two or More Races","< 10","< 10","< 10","< 10","< 10","< 10","< 10","< 10"
"18 - 19 School Year","63","Oakland Schools","63150","Troy School District","06365","Martell Elementary School","63","Oakland","LEA School","Elementary","City: Small","Oakland Region","5","All Grades","Mathematics","White, not of Hispanic origin","35","28","15","44.90","35.90","19.20","78","58.70"
"18 - 19 School Year","63","Oakland Schools","63150","Troy School District","06365","Martell Elementary School","63","Oakland","LEA School","Elementary","City: Small","Oakland Region","5","All Grades","Mathematics","Hispanic","< 10","< 10","< 10","< 10","< 10","< 10","< 10","< 10"
"18 - 19 School Year","63","Oakland Schools","63150","Troy School District","06365","Martell Elementary School","63","Oakland","LEA School","Elementary","City: Small","Oakland Region","5","All Grades","Mathematics","Black, not of Hispanic origin","< 10","< 10","< 10","< 10","< 10","< 10","< 10","< 10"
"18 - 19 School Year","63","Oakland Schools","63150","Troy School District","06365","Martell Elementary School","63","Oakland","LEA School","Elementary","City: Small","Oakland Region","5","All Grades","Mathematics","American Indian or Alaska Native","< 10","< 10","< 10","< 10","< 10","< 10","< 10","< 10"
"18 - 19 School Year","63","Oakland Schools","63150","Troy School District","06365","Martell Elementary School","63","Oakland","LEA School","Elementary","City: Small","Oakland Region","5","All Grades","Mathematics","Native Hawaiian or Other Pacific Islander","< 10","< 10","< 10","< 10","< 10","< 10","< 10","< 10"
"18 - 19 School Year","63","Oakland Schools","63150","Troy School District","06365","Martell Elementary School","63","Oakland","LEA School","Elementary","City: Small","Oakland Region","5","All Grades","Mathematics","Not Economically Disadvantaged","58","51","26","43.00","37.80","19.30","135","58.50"
"18 - 19 School Year","63","Oakland Schools","63150","Troy School District","06365","Martell Elementary School","63","Oakland","LEA School","Elementary","City: Small","Oakland Region","5","All Grades","Mathematics","Economically Disadvantaged","12","< 10","< 10","70.60","5.90","23.50","17","68.30"
"18 - 19 School Year","63","Oakland Schools","63150","Troy School District","06365","Martell Elementary School","63","Oakland","LEA School","Elementary","City: Small","Oakland Region","5","All Grades","Mathematics","All Students","70","52","30","46.10","34.20","19.70","152","59.60"
"18 - 19 School Year","63","Oakland Schools","63150","Troy School District","06365","Martell Elementary School","63","Oakland","LEA School","Elementary","City: Small","Oakland Region","5","04","Mathematics","All Students","32","26","17","42.70","34.70","22.70","75","56.10"
"18 - 19 School Year","63","Oakland Schools","63150","Troy School District","06365","Martell Elementary School","63","Oakland","LEA School","Elementary","City: Small","Oakland Region","5","04","Mathematics","Economically Disadvantaged","< 10","< 10","< 10","< 10","< 10","< 10","< 10","< 10"
"18 - 19 School Year","63","Oakland Schools","63150","Troy School District","06365","Martell Elementary School","63","Oakland","LEA School","Elementary","City: Small","Oakland Region","5","04","Mathematics","Not Economically Disadvantaged","25","26","15","37.90","39.40","22.70","66","54.20"
"18 - 19 School Year","63","Oakland Schools","63150","Troy School District","06365","Martell Elementary School","63","Oakland","LEA School","Elementary","City: Small","Oakland Region","5","04","Mathematics","Native Hawaiian or Other Pacific Islander","< 10","< 10","< 10","< 10","< 10","< 10","< 10","< 10"
"18 - 19 School Year","63","Oakland Schools","63150","Troy School District","06365","Martell Elementary School","63","Oakland","LEA School","Elementary","City: Small","Oakland Region","5","04","Mathematics","Hispanic","< 10","< 10","< 10","< 10","< 10","< 10","< 10","< 10"
"18 - 19 School Year","63","Oakland Schools","63150","Troy School District","06365","Martell Elementary School","63","Oakland","LEA School","Elementary","City: Small","Oakland Region","5","04","Mathematics","White, not of Hispanic origin","17","13","< 10","45.90","35.10","18.90","37","59.10"
"18 - 19 School Year","63","Oakland Schools","63150","Troy School District","06365","Martell Elementary School","63","Oakland","LEA School","Elementary","City: Small","Oakland Region","5","04","Mathematics","Two or More Races","< 10","< 10","< 10","< 10","< 10","< 10","< 10","< 10"
"18 - 19 School Year","63","Oakland Schools","63150","Troy School District","06365","Martell Elementary School","63","Oakland","LEA School","Elementary","City: Small","Oakland Region","5","04","Mathematics","Asian","13","13","< 10","38.20","38.20","23.50","34","54.10"
"18 - 19 School Year","63","Oakland Schools","63150","Troy School District","06365","Martell Elementary School","63","Oakland","LEA School","Elementary","City: Small","Oakland Region","5","04","Mathematics","Male","12","12","< 10","36.40","36.40","27.30","33","54.20"
"18 - 19 School Year","63","Oakland Schools","63150","Troy School District","06365","Martell Elementary School","63","Oakland","LEA School","Elementary","City: Small","Oakland Region","5","04","Mathematics","Female","20","14","< 10","47.60","33.30","19.00","42","57.60"
"18 - 19 School Year","63","Oakland Schools","63150","Troy School District","06365","Martell Elementary School","63","Oakland","LEA School","Elementary","City: Small","Oakland Region","5","04","Mathematics","English Learners","< 10","< 10","< 10","27.30","36.40","36.40","22","43.40"
"18 - 19 School Year","63","Oakland Schools","63150","Troy School District","06365","Martell Elementary School","63","Oakland","LEA School","Elementary","City: Small","Oakland Region","5","04","Mathematics","Not English Learners","26","18","< 10","49.10","34.00","17.00","53","61.40"
"18 - 19 School Year","63","Oakland Schools","63150","Troy School District","06365","Martell Elementary School","63","Oakland","LEA School","Elementary","City: Small","Oakland Region","5","04","Mathematics","Not Migrant","32","26","17","42.70","34.70","22.70","75","56.10"
"18 - 19 School Year","63","Oakland Schools","63150","Troy School District","06366","Larson Middle School","63","Oakland","LEA School","Middle School","City: Small","Oakland Region","5","All Grades","Mathematics","Students without Disabilities","275","263","152","39.90","38.10","22.00","690","58.00"
"18 - 19 School Year","63","Oakland Schools","63150","Troy School District","06366","Larson Middle School","63","Oakland","LEA School","Middle School","City: Small","Oakland Region","5","All Grades","English Language Arts","Students without Disabilities","245","261","182","35.60","37.90","26.50","688","54.60"
"18 - 19 School Year","63","Oakland Schools","63150","Troy School District","06366","Larson Middle School","63","Oakland","LEA School","Middle School","City: Small","Oakland Region","5","08","English Language Arts","Students without Disabilities","73","89","62","32.60","39.70","27.70","224","52.40"
"18 - 19 School Year","63","Oakland Schools","63150","Troy School District","06366","Larson Middle School","63","Oakland","LEA School","Middle School","City: Small","Oakland Region","5","07","English Language Arts","Students without Disabilities","91","98","54","37.40","40.30","22.20","243","57.50"
"18 - 19 School Year","63","Oakland Schools","63150","Troy School District","06366","Larson Middle School","63","Oakland","LEA School","Middle School","City: Small","Oakland Region","5","06","English Language Arts","Students without Disabilities","81","74","66","36.70","33.50","29.90","221","53.50"
"18 - 19 School Year","63","Oakland Schools","63150","Troy School District","06366","Larson Middle School","63","Oakland","LEA School","Middle School","City: Small","Oakland Region","5","08","Social Studies","Students without Disabilities","96","78","39","45.10","36.60","18.30","213","61.10"
"18 - 19 School Year","63","Oakland Schools","63150","Troy School District","06366","Larson Middle School","63","Oakland","LEA School","Middle School","City: Small","Oakland Region","5","All Grades","Social Studies","Students without Disabilities","96","78","39","45.10","36.60","18.30","213","61.10"
"18 - 19 School Year","63","Oakland Schools","63150","Troy School District","06366","Larson Middle School","63","Oakland","LEA School","Middle School","City: Small","Oakland Region","5","08","Social Studies","Not Migrant","100","84","48","43.10","36.20","20.70","232","59.80"
"18 - 19 School Year","63","Oakland Schools","63150","Troy School District","06366","Larson Middle School","63","Oakland","LEA School","Middle School","City: Small","Oakland Region","5","08","Social Studies","Not English Learners","96","79","40","44.70","36.70","18.60","215","61.10"
"18 - 19 School Year","63","Oakland Schools","63150","Troy School District","06366","Larson Middle School","63","Oakland","LEA School","Middle School","City: Small","Oakland Region","5","08","Social Studies","English Learners","< 10","< 10","< 10","23.50","29.40","47.10","17","42.20"
"18 - 19 School Year","63","Oakland Schools","63150","Troy School District","06366","Larson Middle School","63","Oakland","LEA School","Middle School","City: Small","Oakland Region","5","08","Social Studies","Female","45","39","30","39.50","34.20","26.30","114","56.10"
"18 - 19 School Year","63","Oakland Schools","63150","Troy School District","06366","Larson Middle School","63","Oakland","LEA School","Middle School","City: Small","Oakland Region","5","08","Social Studies","Male","55","45","18","46.60","38.10","15.30","118","63.30"
"18 - 19 School Year","63","Oakland Schools","63150","Troy School District","06366","Larson Middle School","63","Oakland","LEA School","Middle School","City: Small","Oakland Region","5","08","Social Studies","Asian","26","16","14","46.40","28.60","25.00","56","59.50"
"18 - 19 School Year","63","Oakland Schools","63150","Troy School District","06366","Larson Middle School","63","Oakland","LEA School","Middle School","City: Small","Oakland Region","5","08","Social Studies","Two or More Races","< 10","< 10","< 10","40.00","40.00","20.00","10","57.80"
"18 - 19 School Year","63","Oakland Schools","63150","Troy School District","06366","Larson Middle School","63","Oakland","LEA School","Middle School","City: Small","Oakland Region","5","07","Mathematics","Students without Disabilities","96","94","53","39.50","38.70","21.80","243","58.50"
"18 - 19 School Year","63","Oakland Schools","63150","Troy School District","06366","Larson Middle School","63","Oakland","LEA School","Middle School","City: Small","Oakland Region","5","08","Mathematics","Students without Disabilities","58","95","72","25.80","42.20","32.00","225","48.30"
"18 - 19 School Year","63","Oakland Schools","63150","Troy School District","06366","Larson Middle School","63","Oakland","LEA School","Middle School","City: Small","Oakland Region","5","06","Mathematics","Students without Disabilities","121","74","27","54.50","33.30","12.20","222","67.40"
"18 - 19 School Year","63","Oakland Schools","63150","Troy School District","06366","Larson Middle School","63","Oakland","LEA School","Middle School","City: Small","Oakland Region","5","08","Social Studies","Hispanic","< 10","< 10","< 10","< 10","< 10","< 10","< 10","< 10"
"18 - 19 School Year","63","Oakland Schools","63150","Troy School District","06366","Larson Middle School","63","Oakland","LEA School","Middle School","City: Small","Oakland Region","5","08","Social Studies","White, not of Hispanic origin","60","59","29","40.50","39.90","19.60","148","59.70"
"18 - 19 School Year","63","Oakland Schools","63150","Troy School District","06366","Larson Middle School","63","Oakland","LEA School","Middle School","City: Small","Oakland Region","5","08","Social Studies","American Indian or Alaska Native","< 10","< 10","< 10","< 10","< 10","< 10","< 10","< 10"
"18 - 19 School Year","63","Oakland Schools","63150","Troy School District","06366","Larson Middle School","63","Oakland","LEA School","Middle School","City: Small","Oakland Region","5","08","Social Studies","Black, not of Hispanic origin","< 10","< 10","< 10","< 10","< 10","< 10","< 10","< 10"
"18 - 19 School Year","63","Oakland Schools","63150","Troy School District","06366","Larson Middle School","63","Oakland","LEA School","Middle School","City: Small","Oakland Region","5","08","Social Studies","Not Economically Disadvantaged","93","73","36","46.00","36.10","17.80","202","62.10"
"18 - 19 School Year","63","Oakland Schools","63150","Troy School District","06366","Larson Middle School","63","Oakland","LEA School","Middle School","City: Small","Oakland Region","5","08","Social Studies","Economically Disadvantaged","< 10","11","12","23.30","36.70","40.00","30","44.10"
"18 - 19 School Year","63","Oakland Schools","63150","Troy School District","06366","Larson Middle School","63","Oakland","LEA School","Middle School","City: Small","Oakland Region","5","08","Social Studies","All Students","100","84","48","43.10","36.20","20.70","232","59.80"
"18 - 19 School Year","63","Oakland Schools","63150","Troy School District","06366","Larson Middle School","63","Oakland","LEA School","Middle School","City: Small","Oakland Region","5","All Grades","Social Studies","Two or More Races","< 10","< 10","< 10","40.00","40.00","20.00","10","57.80"
"18 - 19 School Year","63","Oakland Schools","63150","Troy School District","06366","Larson Middle School","63","Oakland","LEA School","Middle School","City: Small","Oakland Region","5","All Grades","Social Studies","White, not of Hispanic origin","60","59","29","40.50","39.90","19.60","148","59.70"
"18 - 19 School Year","63","Oakland Schools","63150","Troy School District","06366","Larson Middle School","63","Oakland","LEA School","Middle School","City: Small","Oakland Region","5","All Grades","Social Studies","Hispanic","< 10","< 10","< 10","< 10","< 10","< 10","< 10","< 10"
"18 - 19 School Year","63","Oakland Schools","63150","Troy School District","06366","Larson Middle School","63","Oakland","LEA School","Middle School","City: Small","Oakland Region","5","All Grades","Social Studies","Black, not of Hispanic origin","< 10","< 10","< 10","< 10","< 10","< 10","< 10","< 10"
"18 - 19 School Year","63","Oakland Schools","63150","Troy School District","06366","Larson Middle School","63","Oakland","LEA School","Middle School","City: Small","Oakland Region","5","All Grades","Social Studies","American Indian or Alaska Native","< 10","< 10","< 10","< 10","< 10","< 10","< 10","< 10"
"18 - 19 School Year","63","Oakland Schools","63150","Troy School District","06366","Larson Middle School","63","Oakland","LEA School","Middle School","City: Small","Oakland Region","5","All Grades","Social Studies","Not Economically Disadvantaged","93","73","36","46.00","36.10","17.80","202","62.10"
"18 - 19 School Year","63","Oakland Schools","63150","Troy School District","06366","Larson Middle School","63","Oakland","LEA School","Middle School","City: Small","Oakland Region","5","All Grades","Social Studies","Economically Disadvantaged","< 10","11","12","23.30","36.70","40.00","30","44.10"
"18 - 19 School Year","63","Oakland Schools","63150","Troy School District","06366","Larson Middle School","63","Oakland","LEA School","Middle School","City: Small","Oakland Region","5","All Grades","Social Studies","All Students","100","84","48","43.10","36.20","20.70","232","59.80"
"18 - 19 School Year","63","Oakland Schools","63150","Troy School District","06366","Larson Middle School","63","Oakland","LEA School","Middle School","City: Small","Oakland Region","5","All Grades","Social Studies","Not Migrant","100","84","48","43.10","36.20","20.70","232","59.80"
"18 - 19 School Year","63","Oakland Schools","63150","Troy School District","06366","Larson Middle School","63","Oakland","LEA School","Middle School","City: Small","Oakland Region","5","All Grades","Social Studies","Not English Learners","96","79","40","44.70","36.70","18.60","215","61.10"
"18 - 19 School Year","63","Oakland Schools","63150","Troy School District","06366","Larson Middle School","63","Oakland","LEA School","Middle School","City: Small","Oakland Region","5","All Grades","Social Studies","English Learners","< 10","< 10","< 10","23.50","29.40","47.10","17","42.20"
"18 - 19 School Year","63","Oakland Schools","63150","Troy School District","06366","Larson Middle School","63","Oakland","LEA School","Middle School","City: Small","Oakland Region","5","All Grades","Social Studies","Asian","26","16","14","46.40","28.60","25.00","56","59.50"
"18 - 19 School Year","63","Oakland Schools","63150","Troy School District","06366","Larson Middle School","63","Oakland","LEA School","Middle School","City: Small","Oakland Region","5","All Grades","Social Studies","Female","45","39","30","39.50","34.20","26.30","114","56.10"
"18 - 19 School Year","63","Oakland Schools","63150","Troy School District","06366","Larson Middle School","63","Oakland","LEA School","Middle School","City: Small","Oakland Region","5","All Grades","Social Studies","Male","55","45","18","46.60","38.10","15.30","118","63.30"
"18 - 19 School Year","63","Oakland Schools","63150","Troy School District","06366","Larson Middle School","63","Oakland","LEA School","Middle School","City: Small","Oakland Region","5","All Grades","English Language Arts","Students with Disabilities","26","26","25","33.80","33.80","32.50","77","51.70"
"18 - 19 School Year","63","Oakland Schools","63150","Troy School District","06366","Larson Middle School","63","Oakland","LEA School","Middle School","City: Small","Oakland Region","5","07","English Language Arts","Students with Disabilities","12","< 10","11","38.70","25.80","35.50","31","51.40"
"18 - 19 School Year","63","Oakland Schools","63150","Troy School District","06366","Larson Middle School","63","Oakland","LEA School","Middle School","City: Small","Oakland Region","5","08","English Language Arts","Students with Disabilities","< 10","< 10","< 10","31.80","40.90","27.30","22","53.10"
"18 - 19 School Year","63","Oakland Schools","63150","Troy School District","06366","Larson Middle School","63","Oakland","LEA School","Middle School","City: Small","Oakland Region","5","06","English Language Arts","Students with Disabilities","< 10","< 10","< 10","29.20","37.50","33.30","24","50.80"
"18 - 19 School Year","63","Oakland Schools","63150","Troy School District","06366","Larson Middle School","63","Oakland","LEA School","Middle School","City: Small","Oakland Region","5","All Grades","Mathematics","Students with Disabilities","29","26","21","38.20","34.20","27.60","76","55.70"
"18 - 19 School Year","63","Oakland Schools","63150","Troy School District","06366","Larson Middle School","63","Oakland","LEA School","Middle School","City: Small","Oakland Region","5","07","Mathematics","Students with Disabilities","11","10","< 10","36.70","33.30","30.00","30","53.20"
"18 - 19 School Year","63","Oakland Schools","63150","Troy School District","06366","Larson Middle School","63","Oakland","LEA School","Middle School","City: Small","Oakland Region","5","08","Mathematics","Students with Disabilities","11","< 10","< 10","50.00","22.70","27.30","22","59.10"
"18 - 19 School Year","63","Oakland Schools","63150","Troy School District","06366","Larson Middle School","63","Oakland","LEA School","Middle School","City: Small","Oakland Region","5","06","Mathematics","Students with Disabilities","< 10","11","< 10","29.20","45.80","25.00","24","55.50"
"18 - 19 School Year","63","Oakland Schools","63150","Troy School District","06366","Larson Middle School","63","Oakland","LEA School","Middle School","City: Small","Oakland Region","5","07","English Language Arts","Not Economically Disadvantaged","88","94","55","37.10","39.70","23.20","237","56.90"
"18 - 19 School Year","63","Oakland Schools","63150","Troy School District","06366","Larson Middle School","63","Oakland","LEA School","Middle School","City: Small","Oakland Region","5","07","English Language Arts","Black, not of Hispanic origin","< 10","< 10","< 10","37.50","31.30","31.30","16","51.20"
"18 - 19 School Year","63","Oakland Schools","63150","Troy School District","06366","Larson Middle School","63","Oakland","LEA School","Middle School","City: Small","Oakland Region","5","07","English Language Arts","Hispanic","< 10","< 10","< 10","< 10","< 10","< 10","< 10","< 10"
"18 - 19 School Year","63","Oakland Schools","63150","Troy School District","06366","Larson Middle School","63","Oakland","LEA School","Middle School","City: Small","Oakland Region","5","07","English Language Arts","White, not of Hispanic origin","63","70","48","34.80","38.70","26.50","181","55.10"
"18 - 19 School Year","63","Oakland Schools","63150","Troy School District","06366","Larson Middle School","63","Oakland","LEA School","Middle School","City: Small","Oakland Region","5","07","English Language Arts","Two or More Races","< 10","< 10","< 10","46.20","38.50","15.40","13","54.80"
"18 - 19 School Year","63","Oakland Schools","63150","Troy School District","06366","Larson Middle School","63","Oakland","LEA School","Middle School","City: Small","Oakland Region","5","07","English Language Arts","Asian","26","23","< 10","44.80","39.70","15.50","58","63.70"
"18 - 19 School Year","63","Oakland Schools","63150","Troy School District","06366","Larson Middle School","63","Oakland","LEA School","Middle School","City: Small","Oakland Region","5","07","English Language Arts","Male","55","43","33","42.00","32.80","25.20","131","57.90"
"18 - 19 School Year","63","Oakland Schools","63150","Troy School District","06366","Larson Middle School","63","Oakland","LEA School","Middle School","City: Small","Oakland Region","5","07","English Language Arts","Female","48","63","32","33.60","44.10","22.40","143","55.80"
"18 - 19 School Year","63","Oakland Schools","63150","Troy School District","06366","Larson Middle School","63","Oakland","LEA School","Middle School","City: Small","Oakland Region","5","07","English Language Arts","English Learners","< 10","< 10","< 10","46.20","30.80","23.10","13","55.80"
"18 - 19 School Year","63","Oakland Schools","63150","Troy School District","06366","Larson Middle School","63","Oakland","LEA School","Middle School","City: Small","Oakland Region","5","07","English Language Arts","Not English Learners","97","102","62","37.20","39.10","23.80","261","56.90"
"18 - 19 School Year","63","Oakland Schools","63150","Troy School District","06366","Larson Middle School","63","Oakland","LEA School","Middle School","City: Small","Oakland Region","5","07","English Language Arts","Not Migrant","103","106","65","37.60","38.70","23.70","274","56.80"
"18 - 19 School Year","63","Oakland Schools","63150","Troy School District","06366","Larson Middle School","63","Oakland","LEA School","Middle School","City: Small","Oakland Region","5","06","English Language Arts","Asian","26","20","19","40.00","30.80","29.20","65","55.60"
"18 - 19 School Year","63","Oakland Schools","63150","Troy School District","06366","Larson Middle School","63","Oakland","LEA School","Middle School","City: Small","Oakland Region","5","06","English Language Arts","Male","38","51","40","29.50","39.50","31.00","129","50.60"
"18 - 19 School Year","63","Oakland Schools","63150","Troy School District","06366","Larson Middle School","63","Oakland","LEA School","Middle School","City: Small","Oakland Region","5","06","English Language Arts","Female","50","32","34","43.10","27.60","29.30","116","56.10"
"18 - 19 School Year","63","Oakland Schools","63150","Troy School District","06366","Larson Middle School","63","Oakland","LEA School","Middle School","City: Small","Oakland Region","5","06","English Language Arts","English Learners","< 10","< 10","< 10","35.30","47.10","17.60","17","61.20"
"18 - 19 School Year","63","Oakland Schools","63150","Troy School District","06366","Larson Middle School","63","Oakland","LEA School","Middle School","City: Small","Oakland Region","5","06","English Language Arts","Not English Learners","82","75","71","36.00","32.90","31.10","228","52.60"
"18 - 19 School Year","63","Oakland Schools","63150","Troy School District","06366","Larson Middle School","63","Oakland","LEA School","Middle School","City: Small","Oakland Region","5","06","English Language Arts","Not Migrant","88","83","74","35.90","33.90","30.20","245","53.20"
"18 - 19 School Year","63","Oakland Schools","63150","Troy School District","06366","Larson Middle School","63","Oakland","LEA School","Middle School","City: Small","Oakland Region","5","07","English Language Arts","Economically Disadvantaged","15","12","10","40.50","32.40","27.00","37","56.00"
"18 - 19 School Year","63","Oakland Schools","63150","Troy School District","06366","Larson Middle School","63","Oakland","LEA School","Middle School","City: Small","Oakland Region","5","07","English Language Arts","All Students","103","106","65","37.60","38.70","23.70","274","56.80"
"18 - 19 School Year","63","Oakland Schools","63150","Troy School District","06366","Larson Middle School","63","Oakland","LEA School","Middle School","City: Small","Oakland Region","5","08","English Language Arts","Not Migrant","80","98","68","32.50","39.80","27.60","246","52.50"
"18 - 19 School Year","63","Oakland Schools","63150","Troy School District","06366","Larson Middle School","63","Oakland","LEA School","Middle School","City: Small","Oakland Region","5","08","English Language Arts","Not English Learners","73","90","63","32.30","39.80","27.90","226","52.40"
"18 - 19 School Year","63","Oakland Schools","63150","Troy School District","06366","Larson Middle School","63","Oakland","LEA School","Middle School","City: Small","Oakland Region","5","08","English Language Arts","English Learners","< 10","< 10","< 10","35.00","40.00","25.00","20","53.50"
"18 - 19 School Year","63","Oakland Schools","63150","Troy School District","06366","Larson Middle School","63","Oakland","LEA School","Middle School","City: Small","Oakland Region","5","08","English Language Arts","Female","33","51","38","27.00","41.80","31.10","122","48.60"
"18 - 19 School Year","63","Oakland Schools","63150","Troy School District","06366","Larson Middle School","63","Oakland","LEA School","Middle School","City: Small","Oakland Region","5","08","English Language Arts","Male","47","47","30","37.90","37.90","24.20","124","56.20"
"18 - 19 School Year","63","Oakland Schools","63150","Troy School District","06366","Larson Middle School","63","Oakland","LEA School","Middle School","City: Small","Oakland Region","5","08","English Language Arts","Asian","18","26","15","30.50","44.10","25.40","59","53.40"
"18 - 19 School Year","63","Oakland Schools","63150","Troy School District","06366","Larson Middle School","63","Oakland","LEA School","Middle School","City: Small","Oakland Region","5","08","English Language Arts","Two or More Races","< 10","< 10","< 10","40.00","20.00","40.00","10","50.30"
"18 - 19 School Year","63","Oakland Schools","63150","Troy School District","06366","Larson Middle School","63","Oakland","LEA School","Middle School","City: Small","Oakland Region","5","08","English Language Arts","White, not of Hispanic origin","52","63","44","32.70","39.60","27.70","159","52.20"
"18 - 19 School Year","63","Oakland Schools","63150","Troy School District","06366","Larson Middle School","63","Oakland","LEA School","Middle School","City: Small","Oakland Region","5","08","English Language Arts","Hispanic","< 10","< 10","< 10","30.00","70.00","< 5","10","60.20"
"18 - 19 School Year","63","Oakland Schools","63150","Troy School District","06366","Larson Middle School","63","Oakland","LEA School","Middle School","City: Small","Oakland Region","5","08","English Language Arts","Black, not of Hispanic origin","< 10","< 10","< 10","< 10","< 10","< 10","< 10","< 10"
"18 - 19 School Year","63","Oakland Schools","63150","Troy School District","06366","Larson Middle School","63","Oakland","LEA School","Middle School","City: Small","Oakland Region","5","08","English Language Arts","American Indian or Alaska Native","< 10","< 10","< 10","< 10","< 10","< 10","< 10","< 10"
"18 - 19 School Year","63","Oakland Schools","63150","Troy School District","06366","Larson Middle School","63","Oakland","LEA School","Middle School","City: Small","Oakland Region","5","08","English Language Arts","Not Economically Disadvantaged","67","89","60","31.00","41.20","27.80","216","51.90"
"18 - 19 School Year","63","Oakland Schools","63150","Troy School District","06366","Larson Middle School","63","Oakland","LEA School","Middle School","City: Small","Oakland Region","5","08","English Language Arts","Economically Disadvantaged","13","< 10","< 10","43.30","30.00","26.70","30","56.80"
"18 - 19 School Year","63","Oakland Schools","63150","Troy School District","06366","Larson Middle School","63","Oakland","LEA School","Middle School","City: Small","Oakland Region","5","08","English Language Arts","All Students","80","98","68","32.50","39.80","27.60","246","52.50"
"18 - 19 School Year","63","Oakland Schools","63150","Troy School District","06366","Larson Middle School","63","Oakland","LEA School","Middle School","City: Small","Oakland Region","5","06","English Language Arts","All Students","88","83","74","35.90","33.90","30.20","245","53.20"
"18 - 19 School Year","63","Oakland Schools","63150","Troy School District","06366","Larson Middle School","63","Oakland","LEA School","Middle School","City: Small","Oakland Region","5","06","English Language Arts","Economically Disadvantaged","13","19","11","30.20","44.20","25.60","43","54.50"
"18 - 19 School Year","63","Oakland Schools","63150","Troy School District","06366","Larson Middle School","63","Oakland","LEA School","Middle School","City: Small","Oakland Region","5","06","English Language Arts","Not Economically Disadvantaged","75","64","63","37.10","31.70","31.20","202","53.00"
"18 - 19 School Year","63","Oakland Schools","63150","Troy School District","06366","Larson Middle School","63","Oakland","LEA School","Middle School","City: Small","Oakland Region","5","06","English Language Arts","Black, not of Hispanic origin","< 10","< 10","< 10","< 10","< 10","< 10","< 10","< 10"
"18 - 19 School Year","63","Oakland Schools","63150","Troy School District","06366","Larson Middle School","63","Oakland","LEA School","Middle School","City: Small","Oakland Region","5","06","English Language Arts","Hispanic","< 10","< 10","< 10","< 10","< 10","< 10","< 10","< 10"
"18 - 19 School Year","63","Oakland Schools","63150","Troy School District","06366","Larson Middle School","63","Oakland","LEA School","Middle School","City: Small","Oakland Region","5","06","English Language Arts","White, not of Hispanic origin","54","61","47","33.30","37.70","29.00","162","52.50"
"18 - 19 School Year","63","Oakland Schools","63150","Troy School District","06366","Larson Middle School","63","Oakland","LEA School","Middle School","City: Small","Oakland Region","5","06","English Language Arts","Two or More Races","< 10","< 10","< 10","< 10","< 10","< 10","< 10","< 10"
"18 - 19 School Year","63","Oakland Schools","63150","Troy School District","06366","Larson Middle School","63","Oakland","LEA School","Middle School","City: Small","Oakland Region","5","All Grades","English Language Arts","Not Migrant","271","287","207","35.40","37.50","27.10","765","54.30"
"18 - 19 School Year","63","Oakland Schools","63150","Troy School District","06366","Larson Middle School","63","Oakland","LEA School","Middle School","City: Small","Oakland Region","5","All Grades","English Language Arts","Not English Learners","252","267","196","35.20","37.30","27.40","715","54.10"
"18 - 19 School Year","63","Oakland Schools","63150","Troy School District","06366","Larson Middle School","63","Oakland","LEA School","Middle School","City: Small","Oakland Region","5","All Grades","English Language Arts","English Learners","19","20","11","38.00","40.00","22.00","50","56.70"
"18 - 19 School Year","63","Oakland Schools","63150","Troy School District","06366","Larson Middle School","63","Oakland","LEA School","Middle School","City: Small","Oakland Region","5","All Grades","English Language Arts","Female","131","146","104","34.40","38.30","27.30","381","53.60"
"18 - 19 School Year","63","Oakland Schools","63150","Troy School District","06366","Larson Middle School","63","Oakland","LEA School","Middle School","City: Small","Oakland Region","5","All Grades","English Language Arts","Male","140","141","103","36.50","36.70","26.80","384","54.90"
"18 - 19 School Year","63","Oakland Schools","63150","Troy School District","06366","Larson Middle School","63","Oakland","LEA School","Middle School","City: Small","Oakland Region","5","All Grades","English Language Arts","Asian","70","69","43","38.50","37.90","23.60","182","57.50"
"18 - 19 School Year","63","Oakland Schools","63150","Troy School District","06366","Larson Middle School","63","Oakland","LEA School","Middle School","City: Small","Oakland Region","5","All Grades","English Language Arts","Two or More Races","11","< 10","< 10","44.00","28.00","28.00","25","53.30"
"18 - 19 School Year","63","Oakland Schools","63150","Troy School District","06366","Larson Middle School","63","Oakland","LEA School","Middle School","City: Small","Oakland Region","5","All Grades","English Language Arts","White, not of Hispanic origin","169","194","139","33.70","38.60","27.70","502","53.30"
"18 - 19 School Year","63","Oakland Schools","63150","Troy School District","06366","Larson Middle School","63","Oakland","LEA School","Middle School","City: Small","Oakland Region","5","All Grades","English Language Arts","Hispanic","10","11","< 10","40.00","44.00","16.00","25","60.70"
"18 - 19 School Year","63","Oakland Schools","63150","Troy School District","06366","Larson Middle School","63","Oakland","LEA School","Middle School","City: Small","Oakland Region","5","All Grades","English Language Arts","Black, not of Hispanic origin","11","< 10","13","36.70","20.00","43.30","30","46.90"
"18 - 19 School Year","63","Oakland Schools","63150","Troy School District","06366","Larson Middle School","63","Oakland","LEA School","Middle School","City: Small","Oakland Region","5","All Grades","English Language Arts","American Indian or Alaska Native","< 10","< 10","< 10","< 10","< 10","< 10","< 10","< 10"
"18 - 19 School Year","63","Oakland Schools","63150","Troy School District","06366","Larson Middle School","63","Oakland","LEA School","Middle School","City: Small","Oakland Region","5","All Grades","English Language Arts","Not Economically Disadvantaged","230","247","178","35.10","37.70","27.20","655","54.00"
"18 - 19 School Year","63","Oakland Schools","63150","Troy School District","06366","Larson Middle School","63","Oakland","LEA School","Middle School","City: Small","Oakland Region","5","All Grades","English Language Arts","Economically Disadvantaged","41","40","29","37.30","36.40","26.40","110","55.60"
"18 - 19 School Year","63","Oakland Schools","63150","Troy School District","06366","Larson Middle School","63","Oakland","LEA School","Middle School","City: Small","Oakland Region","5","All Grades","English Language Arts","All Students","271","287","207","35.40","37.50","27.10","765","54.30"
"18 - 19 School Year","63","Oakland Schools","63150","Troy School District","06366","Larson Middle School","63","Oakland","LEA School","Middle School","City: Small","Oakland Region","5","All Grades","Mathematics","All Students","304","289","173","39.70","37.70","22.60","766","57.80"
"18 - 19 School Year","63","Oakland Schools","63150","Troy School District","06366","Larson Middle School","63","Oakland","LEA School","Middle School","City: Small","Oakland Region","5","All Grades","Mathematics","Economically Disadvantaged","44","37","29","40.00","33.60","26.40","110","56.70"
"18 - 19 School Year","63","Oakland Schools","63150","Troy School District","06366","Larson Middle School","63","Oakland","LEA School","Middle School","City: Small","Oakland Region","5","All Grades","Mathematics","Not Economically Disadvantaged","260","252","144","39.60","38.40","22.00","656","58.00"
"18 - 19 School Year","63","Oakland Schools","63150","Troy School District","06366","Larson Middle School","63","Oakland","LEA School","Middle School","City: Small","Oakland Region","5","All Grades","Mathematics","American Indian or Alaska Native","< 10","< 10","< 10","< 10","< 10","< 10","< 10","< 10"
"18 - 19 School Year","63","Oakland Schools","63150","Troy School District","06366","Larson Middle School","63","Oakland","LEA School","Middle School","City: Small","Oakland Region","5","All Grades","Mathematics","Black, not of Hispanic origin","10","< 10","11","33.30","30.00","36.70","30","52.00"
"18 - 19 School Year","63","Oakland Schools","63150","Troy School District","06366","Larson Middle School","63","Oakland","LEA School","Middle School","City: Small","Oakland Region","5","All Grades","Mathematics","Hispanic","10","12","< 10","38.50","46.20","15.40","26","60.70"
"18 - 19 School Year","63","Oakland Schools","63150","Troy School District","06366","Larson Middle School","63","Oakland","LEA School","Middle School","City: Small","Oakland Region","5","All Grades","Mathematics","White, not of Hispanic origin","189","196","116","37.70","39.10","23.20","501","56.20"
"18 - 19 School Year","63","Oakland Schools","63150","Troy School District","06366","Larson Middle School","63","Oakland","LEA School","Middle School","City: Small","Oakland Region","5","All Grades","Mathematics","Two or More Races","< 10","11","10","16.00","44.00","40.00","25","42.60"
"18 - 19 School Year","63","Oakland Schools","63150","Troy School District","06366","Larson Middle School","63","Oakland","LEA School","Middle School","City: Small","Oakland Region","5","All Grades","Mathematics","Asian","91","60","32","49.70","32.80","17.50","183","64.90"
"18 - 19 School Year","63","Oakland Schools","63150","Troy School District","06366","Larson Middle School","63","Oakland","LEA School","Middle School","City: Small","Oakland Region","5","All Grades","Mathematics","Male","139","160","86","36.10","41.60","22.30","385","56.30"
"18 - 19 School Year","63","Oakland Schools","63150","Troy School District","06366","Larson Middle School","63","Oakland","LEA School","Middle School","City: Small","Oakland Region","5","All Grades","Mathematics","Female","165","129","87","43.30","33.90","22.80","381","59.30"
"18 - 19 School Year","63","Oakland Schools","63150","Troy School District","06366","Larson Middle School","63","Oakland","LEA School","Middle School","City: Small","Oakland Region","5","All Grades","Mathematics","English Learners","23","14","15","44.20","26.90","28.80","52","56.80"
"18 - 19 School Year","63","Oakland Schools","63150","Troy School District","06366","Larson Middle School","63","Oakland","LEA School","Middle School","City: Small","Oakland Region","5","All Grades","Mathematics","Not English Learners","281","275","158","39.40","38.50","22.10","714","57.80"
"18 - 19 School Year","63","Oakland Schools","63150","Troy School District","06366","Larson Middle School","63","Oakland","LEA School","Middle School","City: Small","Oakland Region","5","06","Mathematics","Two or More Races","< 10","< 10","< 10","< 10","< 10","< 10","< 10","< 10"
"18 - 19 School Year","63","Oakland Schools","63150","Troy School District","06366","Larson Middle School","63","Oakland","LEA School","Middle School","City: Small","Oakland Region","5","06","Mathematics","White, not of Hispanic origin","75","62","25","46.30","38.30","15.40","162","62.60"
"18 - 19 School Year","63","Oakland Schools","63150","Troy School District","06366","Larson Middle School","63","Oakland","LEA School","Middle School","City: Small","Oakland Region","5","06","Mathematics","Hispanic","< 10","< 10","< 10","50.00","30.00","20.00","10","65.10"
"18 - 19 School Year","63","Oakland Schools","63150","Troy School District","06366","Larson Middle School","63","Oakland","LEA School","Middle School","City: Small","Oakland Region","5","06","Mathematics","Black, not of Hispanic origin","< 10","< 10","< 10","< 10","< 10","< 10","< 10","< 10"
"18 - 19 School Year","63","Oakland Schools","63150","Troy School District","06366","Larson Middle School","63","Oakland","LEA School","Middle School","City: Small","Oakland Region","5","06","Mathematics","Not Economically Disadvantaged","112","67","24","55.20","33.00","11.80","203","68.20"
"18 - 19 School Year","63","Oakland Schools","63150","Troy School District","06366","Larson Middle School","63","Oakland","LEA School","Middle School","City: Small","Oakland Region","5","06","Mathematics","Economically Disadvantaged","16","18","< 10","37.20","41.90","20.90","43","57.00"
"18 - 19 School Year","63","Oakland Schools","63150","Troy School District","06366","Larson Middle School","63","Oakland","LEA School","Middle School","City: Small","Oakland Region","5","06","Mathematics","All Students","128","85","33","52.00","34.60","13.40","246","66.20"
"18 - 19 School Year","63","Oakland Schools","63150","Troy School District","06366","Larson Middle School","63","Oakland","LEA School","Middle School","City: Small","Oakland Region","5","08","Mathematics","Not Migrant","69","100","78","27.90","40.50","31.60","247","49.20"
"18 - 19 School Year","63","Oakland Schools","63150","Troy School District","06366","Larson Middle School","63","Oakland","LEA School","Middle School","City: Small","Oakland Region","5","08","Mathematics","Not English Learners","58","96","72","25.70","42.50","31.90","226","48.30"
"18 - 19 School Year","63","Oakland Schools","63150","Troy School District","06366","Larson Middle School","63","Oakland","LEA School","Middle School","City: Small","Oakland Region","5","08","Mathematics","English Learners","11","< 10","< 10","52.40","19.00","28.60","21","58.80"
"18 - 19 School Year","63","Oakland Schools","63150","Troy School District","06366","Larson Middle School","63","Oakland","LEA School","Middle School","City: Small","Oakland Region","5","08","Mathematics","Female","36","45","42","29.30","36.60","34.10","123","49.60"
"18 - 19 School Year","63","Oakland Schools","63150","Troy School District","06366","Larson Middle School","63","Oakland","LEA School","Middle School","City: Small","Oakland Region","5","08","Mathematics","Male","33","55","36","26.60","44.40","29.00","124","48.90"
"18 - 19 School Year","63","Oakland Schools","63150","Troy School District","06366","Larson Middle School","63","Oakland","LEA School","Middle School","City: Small","Oakland Region","5","08","Mathematics","Asian","24","18","18","40.00","30.00","30.00","60","54.80"
"18 - 19 School Year","63","Oakland Schools","63150","Troy School District","06366","Larson Middle School","63","Oakland","LEA School","Middle School","City: Small","Oakland Region","5","08","Mathematics","Two or More Races","< 10","< 10","< 10","10.00","50.00","40.00","10","37.60"
"18 - 19 School Year","63","Oakland Schools","63150","Troy School District","06366","Larson Middle School","63","Oakland","LEA School","Middle School","City: Small","Oakland Region","5","08","Mathematics","White, not of Hispanic origin","40","68","51","25.20","42.80","32.10","159","47.90"
"18 - 19 School Year","63","Oakland Schools","63150","Troy School District","06366","Larson Middle School","63","Oakland","LEA School","Middle School","City: Small","Oakland Region","5","08","Mathematics","Hispanic","< 10","< 10","< 10","20.00","60.00","20.00","10","51.40"
"18 - 19 School Year","63","Oakland Schools","63150","Troy School District","06366","Larson Middle School","63","Oakland","LEA School","Middle School","City: Small","Oakland Region","5","08","Mathematics","Black, not of Hispanic origin","< 10","< 10","< 10","< 10","< 10","< 10","< 10","< 10"
"18 - 19 School Year","63","Oakland Schools","63150","Troy School District","06366","Larson Middle School","63","Oakland","LEA School","Middle School","City: Small","Oakland Region","5","08","Mathematics","American Indian or Alaska Native","< 10","< 10","< 10","< 10","< 10","< 10","< 10","< 10"
"18 - 19 School Year","63","Oakland Schools","63150","Troy School District","06366","Larson Middle School","63","Oakland","LEA School","Middle School","City: Small","Oakland Region","5","08","Mathematics","Not Economically Disadvantaged","56","92","69","25.80","42.40","31.80","217","48.50"
"18 - 19 School Year","63","Oakland Schools","63150","Troy School District","06366","Larson Middle School","63","Oakland","LEA School","Middle School","City: Small","Oakland Region","5","08","Mathematics","Economically Disadvantaged","13","< 10","< 10","43.30","26.70","30.00","30","54.50"
"18 - 19 School Year","63","Oakland Schools","63150","Troy School District","06366","Larson Middle School","63","Oakland","LEA School","Middle School","City: Small","Oakland Region","5","08","Mathematics","All Students","69","100","78","27.90","40.50","31.60","247","49.20"
"18 - 19 School Year","63","Oakland Schools","63150","Troy School District","06366","Larson Middle School","63","Oakland","LEA School","Middle School","City: Small","Oakland Region","5","07","Mathematics","Not Migrant","107","104","62","39.20","38.10","22.70","273","57.90"
"18 - 19 School Year","63","Oakland Schools","63150","Troy School District","06366","Larson Middle School","63","Oakland","LEA School","Middle School","City: Small","Oakland Region","5","07","Mathematics","Not English Learners","102","100","58","39.20","38.50","22.30","260","58.00"
"18 - 19 School Year","63","Oakland Schools","63150","Troy School District","06366","Larson Middle School","63","Oakland","LEA School","Middle School","City: Small","Oakland Region","5","07","Mathematics","English Learners","< 10","< 10","< 10","38.50","30.80","30.80","13","56.90"
"18 - 19 School Year","63","Oakland Schools","63150","Troy School District","06366","Larson Middle School","63","Oakland","LEA School","Middle School","City: Small","Oakland Region","5","07","Mathematics","Female","65","44","33","45.80","31.00","23.20","142","60.10"
"18 - 19 School Year","63","Oakland Schools","63150","Troy School District","06366","Larson Middle School","63","Oakland","LEA School","Middle School","City: Small","Oakland Region","5","07","Mathematics","Male","42","60","29","32.10","45.80","22.10","131","55.50"
"18 - 19 School Year","63","Oakland Schools","63150","Troy School District","06366","Larson Middle School","63","Oakland","LEA School","Middle School","City: Small","Oakland Region","5","07","Mathematics","Asian","24","25","< 10","41.40","43.10","15.50","58","64.50"
"18 - 19 School Year","63","Oakland Schools","63150","Troy School District","06366","Larson Middle School","63","Oakland","LEA School","Middle School","City: Small","Oakland Region","5","07","Mathematics","Two or More Races","< 10","< 10","< 10","15.40","38.50","46.20","13","41.60"
"18 - 19 School Year","63","Oakland Schools","63150","Troy School District","06366","Larson Middle School","63","Oakland","LEA School","Middle School","City: Small","Oakland Region","5","07","Mathematics","White, not of Hispanic origin","74","66","40","41.10","36.70","22.20","180","57.60"
"18 - 19 School Year","63","Oakland Schools","63150","Troy School District","06366","Larson Middle School","63","Oakland","LEA School","Middle School","City: Small","Oakland Region","5","07","Mathematics","Hispanic","< 10","< 10","< 10","< 10","< 10","< 10","< 10","< 10"
"18 - 19 School Year","63","Oakland Schools","63150","Troy School District","06366","Larson Middle School","63","Oakland","LEA School","Middle School","City: Small","Oakland Region","5","07","Mathematics","Black, not of Hispanic origin","< 10","< 10","< 10","25.00","31.30","43.80","16","46.30"
"18 - 19 School Year","63","Oakland Schools","63150","Troy School District","06366","Larson Middle School","63","Oakland","LEA School","Middle School","City: Small","Oakland Region","5","07","Mathematics","Not Economically Disadvantaged","92","93","51","39.00","39.40","21.60","236","57.90"
"18 - 19 School Year","63","Oakland Schools","63150","Troy School District","06366","Larson Middle School","63","Oakland","LEA School","Middle School","City: Small","Oakland Region","5","07","Mathematics","Economically Disadvantaged","15","11","11","40.50","29.70","29.70","37","58.30"
"18 - 19 School Year","63","Oakland Schools","63150","Troy School District","06366","Larson Middle School","63","Oakland","LEA School","Middle School","City: Small","Oakland Region","5","07","Mathematics","All Students","107","104","62","39.20","38.10","22.70","273","57.90"
"18 - 19 School Year","63","Oakland Schools","63150","Troy School District","06366","Larson Middle School","63","Oakland","LEA School","Middle School","City: Small","Oakland Region","5","All Grades","Mathematics","Not Migrant","304","289","173","39.70","37.70","22.60","766","57.80"
"18 - 19 School Year","63","Oakland Schools","63150","Troy School District","06366","Larson Middle School","63","Oakland","LEA School","Middle School","City: Small","Oakland Region","5","06","Mathematics","Asian","43","17","< 10","66.20","26.20","7.70","65","74.70"
"18 - 19 School Year","63","Oakland Schools","63150","Troy School District","06366","Larson Middle School","63","Oakland","LEA School","Middle School","City: Small","Oakland Region","5","06","Mathematics","Male","64","45","21","49.20","34.60","16.20","130","64.20"
"18 - 19 School Year","63","Oakland Schools","63150","Troy School District","06366","Larson Middle School","63","Oakland","LEA School","Middle School","City: Small","Oakland Region","5","06","Mathematics","Female","64","40","12","55.20","34.50","10.30","116","68.50"
"18 - 19 School Year","63","Oakland Schools","63150","Troy School District","06366","Larson Middle School","63","Oakland","LEA School","Middle School","City: Small","Oakland Region","5","06","Mathematics","English Learners","< 10","< 10","< 10","38.90","33.30","27.80","18","54.40"
"18 - 19 School Year","63","Oakland Schools","63150","Troy School District","06366","Larson Middle School","63","Oakland","LEA School","Middle School","City: Small","Oakland Region","5","06","Mathematics","Not English Learners","121","79","28","53.10","34.60","12.30","228","67.10"
"18 - 19 School Year","63","Oakland Schools","63150","Troy School District","06366","Larson Middle School","63","Oakland","LEA School","Middle School","City: Small","Oakland Region","5","06","Mathematics","Not Migrant","128","85","33","52.00","34.60","13.40","246","66.20"
"18 - 19 School Year","63","Oakland Schools","63150","Troy School District","06366","Larson Middle School","63","Oakland","LEA School","Middle School","City: Small","Oakland Region","5","08","Social Studies","Students with Disabilities","< 10","< 10","< 10","21.10","31.60","47.40","19","44.10"
"18 - 19 School Year","63","Oakland Schools","63150","Troy School District","06366","Larson Middle School","63","Oakland","LEA School","Middle School","City: Small","Oakland Region","5","All Grades","Social Studies","Students with Disabilities","< 10","< 10","< 10","21.10","31.60","47.40","19","44.10"
"18 - 19 School Year","63","Oakland Schools","63150","Troy School District","06367","Boulan Park Middle School","63","Oakland","LEA School","Middle School","City: Small","Oakland Region","5","07","English Language Arts","Students without Disabilities","63","102","67","27.20","44.00","28.90","232","49.20"
"18 - 19 School Year","63","Oakland Schools","63150","Troy School District","06367","Boulan Park Middle School","63","Oakland","LEA School","Middle School","City: Small","Oakland Region","5","08","English Language Arts","Students without Disabilities","103","107","42","40.90","42.50","16.70","252","60.30"
"18 - 19 School Year","63","Oakland Schools","63150","Troy School District","06367","Boulan Park Middle School","63","Oakland","LEA School","Middle School","City: Small","Oakland Region","5","All Grades","English Language Arts","Students without Disabilities","245","327","169","33.10","44.10","22.80","741","54.50"
"18 - 19 School Year","63","Oakland Schools","63150","Troy School District","06367","Boulan Park Middle School","63","Oakland","LEA School","Middle School","City: Small","Oakland Region","5","06","English Language Arts","Students without Disabilities","79","118","60","30.70","45.90","23.30","257","53.60"
"18 - 19 School Year","63","Oakland Schools","63150","Troy School District","06367","Boulan Park Middle School","63","Oakland","LEA School","Middle School","City: Small","Oakland Region","5","All Grades","Social Studies","Students without Disabilities","73","102","45","33.20","46.40","20.50","220","56.20"
"18 - 19 School Year","63","Oakland Schools","63150","Troy School District","06367","Boulan Park Middle School","63","Oakland","LEA School","Middle School","City: Small","Oakland Region","5","All Grades","Mathematics","Students without Disabilities","322","302","132","42.60","39.90","17.50","756","61.20"
"18 - 19 School Year","63","Oakland Schools","63150","Troy School District","06367","Boulan Park Middle School","63","Oakland","LEA School","Middle School","City: Small","Oakland Region","5","08","Social Studies","Students without Disabilities","73","102","45","33.20","46.40","20.50","220","56.20"
"18 - 19 School Year","63","Oakland Schools","63150","Troy School District","06367","Boulan Park Middle School","63","Oakland","LEA School","Middle School","City: Small","Oakland Region","5","08","Mathematics","Students without Disabilities","79","125","51","31.00","49.00","20.00","255","56.00"
"18 - 19 School Year","63","Oakland Schools","63150","Troy School District","06367","Boulan Park Middle School","63","Oakland","LEA School","Middle School","City: Small","Oakland Region","5","07","Mathematics","Students without Disabilities","97","84","58","40.60","35.10","24.30","239","56.50"
"18 - 19 School Year","63","Oakland Schools","63150","Troy School District","06367","Boulan Park Middle School","63","Oakland","LEA School","Middle School","City: Small","Oakland Region","5","06","Mathematics","Students without Disabilities","146","93","23","55.70","35.50","8.80","262","70.60"
"18 - 19 School Year","63","Oakland Schools","63150","Troy School District","06367","Boulan Park Middle School","63","Oakland","LEA School","Middle School","City: Small","Oakland Region","5","All Grades","Social Studies","Not Migrant","76","106","54","32.20","44.90","22.90","236","54.80"
"18 - 19 School Year","63","Oakland Schools","63150","Troy School District","06367","Boulan Park Middle School","63","Oakland","LEA School","Middle School","City: Small","Oakland Region","5","All Grades","Social Studies","Not English Learners","70","99","53","31.50","44.60","23.90","222","54.10"
"18 - 19 School Year","63","Oakland Schools","63150","Troy School District","06367","Boulan Park Middle School","63","Oakland","LEA School","Middle School","City: Small","Oakland Region","5","All Grades","Social Studies","English Learners","< 10","< 10","< 10","42.90","50.00","7.10","14","65.90"
"18 - 19 School Year","63","Oakland Schools","63150","Troy School District","06367","Boulan Park Middle School","63","Oakland","LEA School","Middle School","City: Small","Oakland Region","5","All Grades","Social Studies","Female","36","55","36","28.30","43.30","28.30","127","51.80"
"18 - 19 School Year","63","Oakland Schools","63150","Troy School District","06367","Boulan Park Middle School","63","Oakland","LEA School","Middle School","City: Small","Oakland Region","5","All Grades","Social Studies","Male","40","51","18","36.70","46.80","16.50","109","58.20"
"18 - 19 School Year","63","Oakland Schools","63150","Troy School District","06367","Boulan Park Middle School","63","Oakland","LEA School","Middle School","City: Small","Oakland Region","5","All Grades","Social Studies","Asian","44","58","25","34.60","45.70","19.70","127","58.00"
"18 - 19 School Year","63","Oakland Schools","63150","Troy School District","06367","Boulan Park Middle School","63","Oakland","LEA School","Middle School","City: Small","Oakland Region","5","All Grades","Social Studies","Two or More Races","< 10","< 10","< 10","< 10","< 10","< 10","< 10","< 10"
"18 - 19 School Year","63","Oakland Schools","63150","Troy School District","06367","Boulan Park Middle School","63","Oakland","LEA School","Middle School","City: Small","Oakland Region","5","All Grades","Social Studies","White, not of Hispanic origin","23","45","26","24.50","47.90","27.70","94","49.00"
"18 - 19 School Year","63","Oakland Schools","63150","Troy School District","06367","Boulan Park Middle School","63","Oakland","LEA School","Middle School","City: Small","Oakland Region","5","All Grades","Social Studies","Hispanic","< 10","< 10","< 10","< 10","< 10","< 10","< 10","< 10"
"18 - 19 School Year","63","Oakland Schools","63150","Troy School District","06367","Boulan Park Middle School","63","Oakland","LEA School","Middle School","City: Small","Oakland Region","5","All Grades","Social Studies","Black, not of Hispanic origin","< 10","< 10","< 10","< 10","< 10","< 10","< 10","< 10"
"18 - 19 School Year","63","Oakland Schools","63150","Troy School District","06367","Boulan Park Middle School","63","Oakland","LEA School","Middle School","City: Small","Oakland Region","5","All Grades","Social Studies","Not Economically Disadvantaged","66","96","49","31.30","45.50","23.20","211","54.30"
"18 - 19 School Year","63","Oakland Schools","63150","Troy School District","06367","Boulan Park Middle School","63","Oakland","LEA School","Middle School","City: Small","Oakland Region","5","All Grades","Social Studies","Economically Disadvantaged","10","10","< 10","40.00","40.00","20.00","25","58.80"
"18 - 19 School Year","63","Oakland Schools","63150","Troy School District","06367","Boulan Park Middle School","63","Oakland","LEA School","Middle School","City: Small","Oakland Region","5","All Grades","Social Studies","All Students","76","106","54","32.20","44.90","22.90","236","54.80"
"18 - 19 School Year","63","Oakland Schools","63150","Troy School District","06367","Boulan Park Middle School","63","Oakland","LEA School","Middle School","City: Small","Oakland Region","5","08","Social Studies","All Students","76","106","54","32.20","44.90","22.90","236","54.80"
"18 - 19 School Year","63","Oakland Schools","63150","Troy School District","06367","Boulan Park Middle School","63","Oakland","LEA School","Middle School","City: Small","Oakland Region","5","08","Social Studies","Economically Disadvantaged","10","10","< 10","40.00","40.00","20.00","25","58.80"
"18 - 19 School Year","63","Oakland Schools","63150","Troy School District","06367","Boulan Park Middle School","63","Oakland","LEA School","Middle School","City: Small","Oakland Region","5","08","Social Studies","Not Economically Disadvantaged","66","96","49","31.30","45.50","23.20","211","54.30"
"18 - 19 School Year","63","Oakland Schools","63150","Troy School District","06367","Boulan Park Middle School","63","Oakland","LEA School","Middle School","City: Small","Oakland Region","5","08","Social Studies","Black, not of Hispanic origin","< 10","< 10","< 10","< 10","< 10","< 10","< 10","< 10"
"18 - 19 School Year","63","Oakland Schools","63150","Troy School District","06367","Boulan Park Middle School","63","Oakland","LEA School","Middle School","City: Small","Oakland Region","5","08","Social Studies","Hispanic","< 10","< 10","< 10","< 10","< 10","< 10","< 10","< 10"
"18 - 19 School Year","63","Oakland Schools","63150","Troy School District","06367","Boulan Park Middle School","63","Oakland","LEA School","Middle School","City: Small","Oakland Region","5","08","Social Studies","White, not of Hispanic origin","23","45","26","24.50","47.90","27.70","94","49.00"
"18 - 19 School Year","63","Oakland Schools","63150","Troy School District","06367","Boulan Park Middle School","63","Oakland","LEA School","Middle School","City: Small","Oakland Region","5","08","Social Studies","Two or More Races","< 10","< 10","< 10","< 10","< 10","< 10","< 10","< 10"
"18 - 19 School Year","63","Oakland Schools","63150","Troy School District","06367","Boulan Park Middle School","63","Oakland","LEA School","Middle School","City: Small","Oakland Region","5","08","Social Studies","Asian","44","58","25","34.60","45.70","19.70","127","58.00"
"18 - 19 School Year","63","Oakland Schools","63150","Troy School District","06367","Boulan Park Middle School","63","Oakland","LEA School","Middle School","City: Small","Oakland Region","5","08","Social Studies","Male","40","51","18","36.70","46.80","16.50","109","58.20"
"18 - 19 School Year","63","Oakland Schools","63150","Troy School District","06367","Boulan Park Middle School","63","Oakland","LEA School","Middle School","City: Small","Oakland Region","5","08","Social Studies","Female","36","55","36","28.30","43.30","28.30","127","51.80"
"18 - 19 School Year","63","Oakland Schools","63150","Troy School District","06367","Boulan Park Middle School","63","Oakland","LEA School","Middle School","City: Small","Oakland Region","5","06","Mathematics","Students with Disabilities","< 10","< 10","< 10","33.30","53.30","13.30","15","56.60"
"18 - 19 School Year","63","Oakland Schools","63150","Troy School District","06367","Boulan Park Middle School","63","Oakland","LEA School","Middle School","City: Small","Oakland Region","5","07","Mathematics","Students with Disabilities","< 10","< 10","< 10","40.00","33.30","26.70","15","50.20"
"18 - 19 School Year","63","Oakland Schools","63150","Troy School District","06367","Boulan Park Middle School","63","Oakland","LEA School","Middle School","City: Small","Oakland Region","5","08","Social Studies","English Learners","< 10","< 10","< 10","42.90","50.00","7.10","14","65.90"
"18 - 19 School Year","63","Oakland Schools","63150","Troy School District","06367","Boulan Park Middle School","63","Oakland","LEA School","Middle School","City: Small","Oakland Region","5","08","Social Studies","Not Migrant","76","106","54","32.20","44.90","22.90","236","54.80"
"18 - 19 School Year","63","Oakland Schools","63150","Troy School District","06367","Boulan Park Middle School","63","Oakland","LEA School","Middle School","City: Small","Oakland Region","5","08","Social Studies","Not English Learners","70","99","53","31.50","44.60","23.90","222","54.10"
"18 - 19 School Year","63","Oakland Schools","63150","Troy School District","06367","Boulan Park Middle School","63","Oakland","LEA School","Middle School","City: Small","Oakland Region","5","All Grades","English Language Arts","Students with Disabilities","16","14","15","35.60","31.10","33.30","45","49.10"
"18 - 19 School Year","63","Oakland Schools","63150","Troy School District","06367","Boulan Park Middle School","63","Oakland","LEA School","Middle School","City: Small","Oakland Region","5","08","English Language Arts","Students with Disabilities","< 10","< 10","< 10","40.00","26.70","33.30","15","53.80"
"18 - 19 School Year","63","Oakland Schools","63150","Troy School District","06367","Boulan Park Middle School","63","Oakland","LEA School","Middle School","City: Small","Oakland Region","5","07","English Language Arts","Students with Disabilities","< 10","< 10","< 10","33.30","20.00","46.70","15","40.50"
"18 - 19 School Year","63","Oakland Schools","63150","Troy School District","06367","Boulan Park Middle School","63","Oakland","LEA School","Middle School","City: Small","Oakland Region","5","06","English Language Arts","Students with Disabilities","< 10","< 10","< 10","33.30","46.70","20.00","15","52.90"
"18 - 19 School Year","63","Oakland Schools","63150","Troy School District","06367","Boulan Park Middle School","63","Oakland","LEA School","Middle School","City: Small","Oakland Region","5","All Grades","Mathematics","Students with Disabilities","14","21","10","31.10","46.70","22.20","45","52.10"
"18 - 19 School Year","63","Oakland Schools","63150","Troy School District","06367","Boulan Park Middle School","63","Oakland","LEA School","Middle School","City: Small","Oakland Region","5","08","Mathematics","Students with Disabilities","< 10","< 10","< 10","20.00","53.30","26.70","15","49.40"
"18 - 19 School Year","63","Oakland Schools","63150","Troy School District","06367","Boulan Park Middle School","63","Oakland","LEA School","Middle School","City: Small","Oakland Region","5","08","English Language Arts","Not Migrant","109","111","47","40.80","41.60","17.60","267","59.90"
"18 - 19 School Year","63","Oakland Schools","63150","Troy School District","06367","Boulan Park Middle School","63","Oakland","LEA School","Middle School","City: Small","Oakland Region","5","08","English Language Arts","Not English Learners","100","105","43","40.30","42.30","17.30","248","59.90"
"18 - 19 School Year","63","Oakland Schools","63150","Troy School District","06367","Boulan Park Middle School","63","Oakland","LEA School","Middle School","City: Small","Oakland Region","5","08","English Language Arts","English Learners","< 10","< 10","< 10","47.40","31.60","21.10","19","59.20"
"18 - 19 School Year","63","Oakland Schools","63150","Troy School District","06367","Boulan Park Middle School","63","Oakland","LEA School","Middle School","City: Small","Oakland Region","5","08","English Language Arts","Female","48","59","34","34.00","41.80","24.10","141","55.00"
"18 - 19 School Year","63","Oakland Schools","63150","Troy School District","06367","Boulan Park Middle School","63","Oakland","LEA School","Middle School","City: Small","Oakland Region","5","08","English Language Arts","Male","61","52","13","48.40","41.30","10.30","126","65.30"
"18 - 19 School Year","63","Oakland Schools","63150","Troy School District","06367","Boulan Park Middle School","63","Oakland","LEA School","Middle School","City: Small","Oakland Region","5","08","English Language Arts","Asian","70","59","22","46.40","39.10","14.60","151","63.60"
"18 - 19 School Year","63","Oakland Schools","63150","Troy School District","06367","Boulan Park Middle School","63","Oakland","LEA School","Middle School","City: Small","Oakland Region","5","08","English Language Arts","Two or More Races","< 10","< 10","< 10","< 10","< 10","< 10","< 10","< 10"
"18 - 19 School Year","63","Oakland Schools","63150","Troy School District","06367","Boulan Park Middle School","63","Oakland","LEA School","Middle School","City: Small","Oakland Region","5","08","English Language Arts","White, not of Hispanic origin","33","44","23","33.00","44.00","23.00","100","54.00"
"18 - 19 School Year","63","Oakland Schools","63150","Troy School District","06367","Boulan Park Middle School","63","Oakland","LEA School","Middle School","City: Small","Oakland Region","5","08","English Language Arts","Hispanic","< 10","< 10","< 10","< 10","< 10","< 10","< 10","< 10"
"18 - 19 School Year","63","Oakland Schools","63150","Troy School District","06367","Boulan Park Middle School","63","Oakland","LEA School","Middle School","City: Small","Oakland Region","5","08","English Language Arts","Black, not of Hispanic origin","< 10","< 10","< 10","< 10","< 10","< 10","< 10","< 10"
"18 - 19 School Year","63","Oakland Schools","63150","Troy School District","06367","Boulan Park Middle School","63","Oakland","LEA School","Middle School","City: Small","Oakland Region","5","08","English Language Arts","Not Economically Disadvantaged","99","101","41","41.10","41.90","17.00","241","59.80"
"18 - 19 School Year","63","Oakland Schools","63150","Troy School District","06367","Boulan Park Middle School","63","Oakland","LEA School","Middle School","City: Small","Oakland Region","5","08","English Language Arts","Economically Disadvantaged","10","10","< 10","38.50","38.50","23.10","26","60.40"
"18 - 19 School Year","63","Oakland Schools","63150","Troy School District","06367","Boulan Park Middle School","63","Oakland","LEA School","Middle School","City: Small","Oakland Region","5","08","English Language Arts","All Students","109","111","47","40.80","41.60","17.60","267","59.90"
"18 - 19 School Year","63","Oakland Schools","63150","Troy School District","06367","Boulan Park Middle School","63","Oakland","LEA School","Middle School","City: Small","Oakland Region","5","07","English Language Arts","Not Migrant","68","105","74","27.50","42.50","30.00","247","48.70"
"18 - 19 School Year","63","Oakland Schools","63150","Troy School District","06367","Boulan Park Middle School","63","Oakland","LEA School","Middle School","City: Small","Oakland Region","5","07","English Language Arts","Not English Learners","53","94","69","24.50","43.50","31.90","216","46.80"
"18 - 19 School Year","63","Oakland Schools","63150","Troy School District","06367","Boulan Park Middle School","63","Oakland","LEA School","Middle School","City: Small","Oakland Region","5","07","English Language Arts","English Learners","15","11","< 10","48.40","35.50","16.10","31","61.50"
"18 - 19 School Year","63","Oakland Schools","63150","Troy School District","06367","Boulan Park Middle School","63","Oakland","LEA School","Middle School","City: Small","Oakland Region","5","07","English Language Arts","Female","38","57","31","30.20","45.20","24.60","126","51.40"
"18 - 19 School Year","63","Oakland Schools","63150","Troy School District","06367","Boulan Park Middle School","63","Oakland","LEA School","Middle School","City: Small","Oakland Region","5","06","English Language Arts","Not English Learners","79","119","59","30.70","46.30","23.00","257","53.60"
"18 - 19 School Year","63","Oakland Schools","63150","Troy School District","06367","Boulan Park Middle School","63","Oakland","LEA School","Middle School","City: Small","Oakland Region","5","06","English Language Arts","English Learners","< 10","< 10","< 10","33.30","40.00","26.70","15","52.00"
"18 - 19 School Year","63","Oakland Schools","63150","Troy School District","06367","Boulan Park Middle School","63","Oakland","LEA School","Middle School","City: Small","Oakland Region","5","06","English Language Arts","Female","39","63","22","31.50","50.80","17.70","124","56.20"
"18 - 19 School Year","63","Oakland Schools","63150","Troy School District","06367","Boulan Park Middle School","63","Oakland","LEA School","Middle School","City: Small","Oakland Region","5","06","English Language Arts","Male","45","62","41","30.40","41.90","27.70","148","51.30"
"18 - 19 School Year","63","Oakland Schools","63150","Troy School District","06367","Boulan Park Middle School","63","Oakland","LEA School","Middle School","City: Small","Oakland Region","5","06","English Language Arts","Asian","53","69","27","35.60","46.30","18.10","149","58.50"
"18 - 19 School Year","63","Oakland Schools","63150","Troy School District","06367","Boulan Park Middle School","63","Oakland","LEA School","Middle School","City: Small","Oakland Region","5","06","English Language Arts","Two or More Races","< 10","< 10","< 10","< 10","< 10","< 10","< 10","< 10"
"18 - 19 School Year","63","Oakland Schools","63150","Troy School District","06367","Boulan Park Middle School","63","Oakland","LEA School","Middle School","City: Small","Oakland Region","5","06","English Language Arts","White, not of Hispanic origin","26","47","31","25.00","45.20","29.80","104","47.20"
"18 - 19 School Year","63","Oakland Schools","63150","Troy School District","06367","Boulan Park Middle School","63","Oakland","LEA School","Middle School","City: Small","Oakland Region","5","06","English Language Arts","Hispanic","< 10","< 10","< 10","< 10","< 10","< 10","< 10","< 10"
"18 - 19 School Year","63","Oakland Schools","63150","Troy School District","06367","Boulan Park Middle School","63","Oakland","LEA School","Middle School","City: Small","Oakland Region","5","06","English Language Arts","Black, not of Hispanic origin","< 10","< 10","< 10","< 10","< 10","< 10","< 10","< 10"
"18 - 19 School Year","63","Oakland Schools","63150","Troy School District","06367","Boulan Park Middle School","63","Oakland","LEA School","Middle School","City: Small","Oakland Region","5","06","English Language Arts","Not Economically Disadvantaged","75","116","54","30.60","47.30","22.00","245","53.80"
"18 - 19 School Year","63","Oakland Schools","63150","Troy School District","06367","Boulan Park Middle School","63","Oakland","LEA School","Middle School","City: Small","Oakland Region","5","06","English Language Arts","Economically Disadvantaged","< 10","< 10","< 10","33.30","33.30","33.30","27","51.40"
"18 - 19 School Year","63","Oakland Schools","63150","Troy School District","06367","Boulan Park Middle School","63","Oakland","LEA School","Middle School","City: Small","Oakland Region","5","06","English Language Arts","All Students","84","125","63","30.90","46.00","23.20","272","53.50"
"18 - 19 School Year","63","Oakland Schools","63150","Troy School District","06367","Boulan Park Middle School","63","Oakland","LEA School","Middle School","City: Small","Oakland Region","5","All Grades","English Language Arts","Not Migrant","261","341","184","33.20","43.40","23.40","786","54.20"
"18 - 19 School Year","63","Oakland Schools","63150","Troy School District","06367","Boulan Park Middle School","63","Oakland","LEA School","Middle School","City: Small","Oakland Region","5","All Grades","English Language Arts","Not English Learners","232","318","171","32.20","44.10","23.70","721","53.80"
"18 - 19 School Year","63","Oakland Schools","63150","Troy School District","06367","Boulan Park Middle School","63","Oakland","LEA School","Middle School","City: Small","Oakland Region","5","All Grades","English Language Arts","English Learners","29","23","13","44.60","35.40","20.00","65","58.70"
"18 - 19 School Year","63","Oakland Schools","63150","Troy School District","06367","Boulan Park Middle School","63","Oakland","LEA School","Middle School","City: Small","Oakland Region","5","All Grades","English Language Arts","Female","125","179","87","32.00","45.80","22.30","391","54.20"
"18 - 19 School Year","63","Oakland Schools","63150","Troy School District","06367","Boulan Park Middle School","63","Oakland","LEA School","Middle School","City: Small","Oakland Region","5","All Grades","English Language Arts","Male","136","162","97","34.40","41.00","24.60","395","54.10"
"18 - 19 School Year","63","Oakland Schools","63150","Troy School District","06367","Boulan Park Middle School","63","Oakland","LEA School","Middle School","City: Small","Oakland Region","5","All Grades","English Language Arts","Asian","165","184","73","39.10","43.60","17.30","422","59.70"
"18 - 19 School Year","63","Oakland Schools","63150","Troy School District","06367","Boulan Park Middle School","63","Oakland","LEA School","Middle School","City: Small","Oakland Region","5","All Grades","English Language Arts","Two or More Races","< 10","10","< 10","22.20","55.60","22.20","18","47.40"
"18 - 19 School Year","63","Oakland Schools","63150","Troy School District","06367","Boulan Park Middle School","63","Oakland","LEA School","Middle School","City: Small","Oakland Region","5","All Grades","English Language Arts","White, not of Hispanic origin","79","127","98","26.00","41.80","32.20","304","46.90"
"18 - 19 School Year","63","Oakland Schools","63150","Troy School District","06367","Boulan Park Middle School","63","Oakland","LEA School","Middle School","City: Small","Oakland Region","5","All Grades","English Language Arts","Hispanic","< 10","11","< 10","18.80","68.80","12.50","16","53.30"
"18 - 19 School Year","63","Oakland Schools","63150","Troy School District","06367","Boulan Park Middle School","63","Oakland","LEA School","Middle School","City: Small","Oakland Region","5","All Grades","English Language Arts","Black, not of Hispanic origin","10","< 10","< 10","41.70","29.20","29.20","24","55.20"
"18 - 19 School Year","63","Oakland Schools","63150","Troy School District","06367","Boulan Park Middle School","63","Oakland","LEA School","Middle School","City: Small","Oakland Region","5","All Grades","English Language Arts","American Indian or Alaska Native","< 10","< 10","< 10","< 10","< 10","< 10","< 10","< 10"
"18 - 19 School Year","63","Oakland Schools","63150","Troy School District","06367","Boulan Park Middle School","63","Oakland","LEA School","Middle School","City: Small","Oakland Region","5","All Grades","English Language Arts","Native Hawaiian or Other Pacific Islander","< 10","< 10","< 10","< 10","< 10","< 10","< 10","< 10"
"18 - 19 School Year","63","Oakland Schools","63150","Troy School District","06367","Boulan Park Middle School","63","Oakland","LEA School","Middle School","City: Small","Oakland Region","5","All Grades","English Language Arts","Not Economically Disadvantaged","241","313","163","33.60","43.70","22.70","717","54.40"
"18 - 19 School Year","63","Oakland Schools","63150","Troy School District","06367","Boulan Park Middle School","63","Oakland","LEA School","Middle School","City: Small","Oakland Region","5","All Grades","English Language Arts","Economically Disadvantaged","20","28","21","29.00","40.60","30.40","69","51.40"
"18 - 19 School Year","63","Oakland Schools","63150","Troy School District","06367","Boulan Park Middle School","63","Oakland","LEA School","Middle School","City: Small","Oakland Region","5","All Grades","English Language Arts","All Students","261","341","184","33.20","43.40","23.40","786","54.20"
"18 - 19 School Year","63","Oakland Schools","63150","Troy School District","06367","Boulan Park Middle School","63","Oakland","LEA School","Middle School","City: Small","Oakland Region","5","06","English Language Arts","Not Migrant","84","125","63","30.90","46.00","23.20","272","53.50"
"18 - 19 School Year","63","Oakland Schools","63150","Troy School District","06367","Boulan Park Middle School","63","Oakland","LEA School","Middle School","City: Small","Oakland Region","5","07","English Language Arts","All Students","68","105","74","27.50","42.50","30.00","247","48.70"
"18 - 19 School Year","63","Oakland Schools","63150","Troy School District","06367","Boulan Park Middle School","63","Oakland","LEA School","Middle School","City: Small","Oakland Region","5","07","English Language Arts","Economically Disadvantaged","< 10","< 10","< 10","6.30","56.30","37.50","16","36.60"
"18 - 19 School Year","63","Oakland Schools","63150","Troy School District","06367","Boulan Park Middle School","63","Oakland","LEA School","Middle School","City: Small","Oakland Region","5","07","English Language Arts","Not Economically Disadvantaged","67","96","68","29.00","41.60","29.40","231","49.50"
"18 - 19 School Year","63","Oakland Schools","63150","Troy School District","06367","Boulan Park Middle School","63","Oakland","LEA School","Middle School","City: Small","Oakland Region","5","07","English Language Arts","Native Hawaiian or Other Pacific Islander","< 10","< 10","< 10","< 10","< 10","< 10","< 10","< 10"
"18 - 19 School Year","63","Oakland Schools","63150","Troy School District","06367","Boulan Park Middle School","63","Oakland","LEA School","Middle School","City: Small","Oakland Region","5","07","English Language Arts","American Indian or Alaska Native","< 10","< 10","< 10","< 10","< 10","< 10","< 10","< 10"
"18 - 19 School Year","63","Oakland Schools","63150","Troy School District","06367","Boulan Park Middle School","63","Oakland","LEA School","Middle School","City: Small","Oakland Region","5","07","English Language Arts","Black, not of Hispanic origin","< 10","< 10","< 10","< 10","< 10","< 10","< 10","< 10"
"18 - 19 School Year","63","Oakland Schools","63150","Troy School District","06367","Boulan Park Middle School","63","Oakland","LEA School","Middle School","City: Small","Oakland Region","5","07","English Language Arts","Hispanic","< 10","< 10","< 10","< 10","< 10","< 10","< 10","< 10"
"18 - 19 School Year","63","Oakland Schools","63150","Troy School District","06367","Boulan Park Middle School","63","Oakland","LEA School","Middle School","City: Small","Oakland Region","5","07","English Language Arts","White, not of Hispanic origin","20","36","44","20.00","36.00","44.00","100","39.50"
"18 - 19 School Year","63","Oakland Schools","63150","Troy School District","06367","Boulan Park Middle School","63","Oakland","LEA School","Middle School","City: Small","Oakland Region","5","07","English Language Arts","Two or More Races","< 10","< 10","< 10","< 10","< 10","< 10","< 10","< 10"
"18 - 19 School Year","63","Oakland Schools","63150","Troy School District","06367","Boulan Park Middle School","63","Oakland","LEA School","Middle School","City: Small","Oakland Region","5","07","English Language Arts","Asian","42","56","24","34.40","45.90","19.70","122","56.30"
"18 - 19 School Year","63","Oakland Schools","63150","Troy School District","06367","Boulan Park Middle School","63","Oakland","LEA School","Middle School","City: Small","Oakland Region","5","07","English Language Arts","Male","30","48","43","24.80","39.70","35.50","121","45.80"
"18 - 19 School Year","63","Oakland Schools","63150","Troy School District","06367","Boulan Park Middle School","63","Oakland","LEA School","Middle School","City: Small","Oakland Region","5","All Grades","Mathematics","Not Migrant","336","323","142","41.90","40.30","17.70","801","60.70"
"18 - 19 School Year","63","Oakland Schools","63150","Troy School District","06367","Boulan Park Middle School","63","Oakland","LEA School","Middle School","City: Small","Oakland Region","5","All Grades","Mathematics","Not English Learners","289","303","130","40.00","42.00","18.00","722","59.80"
"18 - 19 School Year","63","Oakland Schools","63150","Troy School District","06367","Boulan Park Middle School","63","Oakland","LEA School","Middle School","City: Small","Oakland Region","5","All Grades","Mathematics","English Learners","47","20","12","59.50","25.30","15.20","79","69.20"
"18 - 19 School Year","63","Oakland Schools","63150","Troy School District","06367","Boulan Park Middle School","63","Oakland","LEA School","Middle School","City: Small","Oakland Region","5","All Grades","Mathematics","Female","161","165","71","40.60","41.60","17.90","397","60.20"
"18 - 19 School Year","63","Oakland Schools","63150","Troy School District","06367","Boulan Park Middle School","63","Oakland","LEA School","Middle School","City: Small","Oakland Region","5","All Grades","Mathematics","Male","175","158","71","43.30","39.10","17.60","404","61.10"
"18 - 19 School Year","63","Oakland Schools","63150","Troy School District","06367","Boulan Park Middle School","63","Oakland","LEA School","Middle School","City: Small","Oakland Region","5","All Grades","Mathematics","Asian","217","161","54","50.20","37.30","12.50","432","66.90"
"18 - 19 School Year","63","Oakland Schools","63150","Troy School District","06367","Boulan Park Middle School","63","Oakland","LEA School","Middle School","City: Small","Oakland Region","5","All Grades","Mathematics","Two or More Races","< 10","< 10","< 10","38.90","50.00","11.10","18","65.80"
"18 - 19 School Year","63","Oakland Schools","63150","Troy School District","06367","Boulan Park Middle School","63","Oakland","LEA School","Middle School","City: Small","Oakland Region","5","All Grades","Mathematics","White, not of Hispanic origin","97","133","75","31.80","43.60","24.60","305","52.70"
"18 - 19 School Year","63","Oakland Schools","63150","Troy School District","06367","Boulan Park Middle School","63","Oakland","LEA School","Middle School","City: Small","Oakland Region","5","All Grades","Mathematics","Hispanic","< 10","< 10","< 10","35.00","40.00","25.00","20","57.10"
"18 - 19 School Year","63","Oakland Schools","63150","Troy School District","06367","Boulan Park Middle School","63","Oakland","LEA School","Middle School","City: Small","Oakland Region","5","All Grades","Mathematics","Black, not of Hispanic origin","< 10","11","< 10","33.30","45.80","20.80","24","52.40"
"18 - 19 School Year","63","Oakland Schools","63150","Troy School District","06367","Boulan Park Middle School","63","Oakland","LEA School","Middle School","City: Small","Oakland Region","5","All Grades","Mathematics","American Indian or Alaska Native","< 10","< 10","< 10","< 10","< 10","< 10","< 10","< 10"
"18 - 19 School Year","63","Oakland Schools","63150","Troy School District","06367","Boulan Park Middle School","63","Oakland","LEA School","Middle School","City: Small","Oakland Region","5","All Grades","Mathematics","Native Hawaiian or Other Pacific Islander","< 10","< 10","< 10","< 10","< 10","< 10","< 10","< 10"
"18 - 19 School Year","63","Oakland Schools","63150","Troy School District","06367","Boulan Park Middle School","63","Oakland","LEA School","Middle School","City: Small","Oakland Region","5","All Grades","Mathematics","Not Economically Disadvantaged","315","289","127","43.10","39.50","17.40","731","61.60"
"18 - 19 School Year","63","Oakland Schools","63150","Troy School District","06367","Boulan Park Middle School","63","Oakland","LEA School","Middle School","City: Small","Oakland Region","5","All Grades","Mathematics","Economically Disadvantaged","21","34","15","30.00","48.60","21.40","70","51.70"
"18 - 19 School Year","63","Oakland Schools","63150","Troy School District","06367","Boulan Park Middle School","63","Oakland","LEA School","Middle School","City: Small","Oakland Region","5","All Grades","Mathematics","All Students","336","323","142","41.90","40.30","17.70","801","60.70"
"18 - 19 School Year","63","Oakland Schools","63150","Troy School District","06367","Boulan Park Middle School","63","Oakland","LEA School","Middle School","City: Small","Oakland Region","5","06","Mathematics","Not Migrant","151","101","25","54.50","36.50","9.00","277","69.80"
"18 - 19 School Year","63","Oakland Schools","63150","Troy School District","06367","Boulan Park Middle School","63","Oakland","LEA School","Middle School","City: Small","Oakland Region","5","06","Mathematics","Not English Learners","140","97","20","54.50","37.70","7.80","257","70.30"
"18 - 19 School Year","63","Oakland Schools","63150","Troy School District","06367","Boulan Park Middle School","63","Oakland","LEA School","Middle School","City: Small","Oakland Region","5","06","Mathematics","English Learners","11","< 10","< 10","55.00","20.00","25.00","20","64.30"
"18 - 19 School Year","63","Oakland Schools","63150","Troy School District","06367","Boulan Park Middle School","63","Oakland","LEA School","Middle School","City: Small","Oakland Region","5","06","Mathematics","Female","70","45","10","56.00","36.00","8.00","125","70.40"
"18 - 19 School Year","63","Oakland Schools","63150","Troy School District","06367","Boulan Park Middle School","63","Oakland","LEA School","Middle School","City: Small","Oakland Region","5","06","Mathematics","Male","81","56","15","53.30","36.80","9.90","152","69.40"
"18 - 19 School Year","63","Oakland Schools","63150","Troy School District","06367","Boulan Park Middle School","63","Oakland","LEA School","Middle School","City: Small","Oakland Region","5","06","Mathematics","Asian","103","44","< 10","67.30","28.80","< 5","153","78.20"
"18 - 19 School Year","63","Oakland Schools","63150","Troy School District","06367","Boulan Park Middle School","63","Oakland","LEA School","Middle School","City: Small","Oakland Region","5","06","Mathematics","Two or More Races","< 10","< 10","< 10","< 10","< 10","< 10","< 10","< 10"
"18 - 19 School Year","63","Oakland Schools","63150","Troy School District","06367","Boulan Park Middle School","63","Oakland","LEA School","Middle School","City: Small","Oakland Region","5","06","Mathematics","White, not of Hispanic origin","42","50","12","40.40","48.10","11.50","104","61.10"
"18 - 19 School Year","63","Oakland Schools","63150","Troy School District","06367","Boulan Park Middle School","63","Oakland","LEA School","Middle School","City: Small","Oakland Region","5","06","Mathematics","Hispanic","< 10","< 10","< 10","< 10","< 10","< 10","< 10","< 10"
"18 - 19 School Year","63","Oakland Schools","63150","Troy School District","06367","Boulan Park Middle School","63","Oakland","LEA School","Middle School","City: Small","Oakland Region","5","06","Mathematics","Black, not of Hispanic origin","< 10","< 10","< 10","< 10","< 10","< 10","< 10","< 10"
"18 - 19 School Year","63","Oakland Schools","63150","Troy School District","06367","Boulan Park Middle School","63","Oakland","LEA School","Middle School","City: Small","Oakland Region","5","06","Mathematics","Not Economically Disadvantaged","142","88","20","56.80","35.20","8.00","250","71.40"
"18 - 19 School Year","63","Oakland Schools","63150","Troy School District","06367","Boulan Park Middle School","63","Oakland","LEA School","Middle School","City: Small","Oakland Region","5","06","Mathematics","Economically Disadvantaged","< 10","13","< 10","33.30","48.10","18.50","27","55.60"
"18 - 19 School Year","63","Oakland Schools","63150","Troy School District","06367","Boulan Park Middle School","63","Oakland","LEA School","Middle School","City: Small","Oakland Region","5","06","Mathematics","All Students","151","101","25","54.50","36.50","9.00","277","69.80"
"18 - 19 School Year","63","Oakland Schools","63150","Troy School District","06367","Boulan Park Middle School","63","Oakland","LEA School","Middle School","City: Small","Oakland Region","5","07","Mathematics","Not Migrant","103","89","62","40.60","35.00","24.40","254","56.10"
"18 - 19 School Year","63","Oakland Schools","63150","Troy School District","06367","Boulan Park Middle School","63","Oakland","LEA School","Middle School","City: Small","Oakland Region","5","07","Mathematics","Not English Learners","78","79","60","35.90","36.40","27.60","217","53.10"
"18 - 19 School Year","63","Oakland Schools","63150","Troy School District","06367","Boulan Park Middle School","63","Oakland","LEA School","Middle School","City: Small","Oakland Region","5","07","Mathematics","English Learners","25","10","< 10","67.60","27.00","5.40","37","73.90"
"18 - 19 School Year","63","Oakland Schools","63150","Troy School District","06367","Boulan Park Middle School","63","Oakland","LEA School","Middle School","City: Small","Oakland Region","5","07","Mathematics","Female","58","45","27","44.60","34.60","20.80","130","59.40"
"18 - 19 School Year","63","Oakland Schools","63150","Troy School District","06367","Boulan Park Middle School","63","Oakland","LEA School","Middle School","City: Small","Oakland Region","5","07","Mathematics","Male","45","44","35","36.30","35.50","28.20","124","52.70"
"18 - 19 School Year","63","Oakland Schools","63150","Troy School District","06367","Boulan Park Middle School","63","Oakland","LEA School","Middle School","City: Small","Oakland Region","5","07","Mathematics","Asian","65","46","15","51.60","36.50","11.90","126","65.50"
"18 - 19 School Year","63","Oakland Schools","63150","Troy School District","06367","Boulan Park Middle School","63","Oakland","LEA School","Middle School","City: Small","Oakland Region","5","07","Mathematics","Two or More Races","< 10","< 10","< 10","< 10","< 10","< 10","< 10","< 10"
"18 - 19 School Year","63","Oakland Schools","63150","Troy School District","06367","Boulan Park Middle School","63","Oakland","LEA School","Middle School","City: Small","Oakland Region","5","07","Mathematics","White, not of Hispanic origin","28","32","41","27.70","31.70","40.60","101","44.20"
"18 - 19 School Year","63","Oakland Schools","63150","Troy School District","06367","Boulan Park Middle School","63","Oakland","LEA School","Middle School","City: Small","Oakland Region","5","07","Mathematics","Hispanic","< 10","< 10","< 10","27.30","54.50","18.20","11","57.50"
"18 - 19 School Year","63","Oakland Schools","63150","Troy School District","06367","Boulan Park Middle School","63","Oakland","LEA School","Middle School","City: Small","Oakland Region","5","07","Mathematics","Black, not of Hispanic origin","< 10","< 10","< 10","< 10","< 10","< 10","< 10","< 10"
"18 - 19 School Year","63","Oakland Schools","63150","Troy School District","06367","Boulan Park Middle School","63","Oakland","LEA School","Middle School","City: Small","Oakland Region","5","07","Mathematics","American Indian or Alaska Native","< 10","< 10","< 10","< 10","< 10","< 10","< 10","< 10"
"18 - 19 School Year","63","Oakland Schools","63150","Troy School District","06367","Boulan Park Middle School","63","Oakland","LEA School","Middle School","City: Small","Oakland Region","5","07","Mathematics","Native Hawaiian or Other Pacific Islander","< 10","< 10","< 10","< 10","< 10","< 10","< 10","< 10"
"18 - 19 School Year","63","Oakland Schools","63150","Troy School District","06367","Boulan Park Middle School","63","Oakland","LEA School","Middle School","City: Small","Oakland Region","5","07","Mathematics","Not Economically Disadvantaged","98","82","57","41.40","34.60","24.10","237","56.90"
"18 - 19 School Year","63","Oakland Schools","63150","Troy School District","06367","Boulan Park Middle School","63","Oakland","LEA School","Middle School","City: Small","Oakland Region","5","07","Mathematics","Economically Disadvantaged","< 10","< 10","< 10","29.40","41.20","29.40","17","45.20"
"18 - 19 School Year","63","Oakland Schools","63150","Troy School District","06367","Boulan Park Middle School","63","Oakland","LEA School","Middle School","City: Small","Oakland Region","5","07","Mathematics","All Students","103","89","62","40.60","35.00","24.40","254","56.10"
"18 - 19 School Year","63","Oakland Schools","63150","Troy School District","06367","Boulan Park Middle School","63","Oakland","LEA School","Middle School","City: Small","Oakland Region","5","08","Mathematics","Economically Disadvantaged","< 10","14","< 10","26.90","53.80","19.20","26","52.00"
"18 - 19 School Year","63","Oakland Schools","63150","Troy School District","06367","Boulan Park Middle School","63","Oakland","LEA School","Middle School","City: Small","Oakland Region","5","08","Mathematics","All Students","82","133","55","30.40","49.30","20.40","270","55.60"
"18 - 19 School Year","63","Oakland Schools","63150","Troy School District","06367","Boulan Park Middle School","63","Oakland","LEA School","Middle School","City: Small","Oakland Region","5","08","Mathematics","Not Migrant","82","133","55","30.40","49.30","20.40","270","55.60"
"18 - 19 School Year","63","Oakland Schools","63150","Troy School District","06367","Boulan Park Middle School","63","Oakland","LEA School","Middle School","City: Small","Oakland Region","5","08","Mathematics","Not English Learners","71","127","50","28.60","51.20","20.20","248","54.70"
"18 - 19 School Year","63","Oakland Schools","63150","Troy School District","06367","Boulan Park Middle School","63","Oakland","LEA School","Middle School","City: Small","Oakland Region","5","08","Mathematics","English Learners","11","< 10","< 10","50.00","27.30","22.70","22","65.70"
"18 - 19 School Year","63","Oakland Schools","63150","Troy School District","06367","Boulan Park Middle School","63","Oakland","LEA School","Middle School","City: Small","Oakland Region","5","08","Mathematics","Female","33","75","34","23.20","52.80","23.90","142","52.10"
"18 - 19 School Year","63","Oakland Schools","63150","Troy School District","06367","Boulan Park Middle School","63","Oakland","LEA School","Middle School","City: Small","Oakland Region","5","08","Mathematics","Male","49","58","21","38.30","45.30","16.40","128","59.60"
"18 - 19 School Year","63","Oakland Schools","63150","Troy School District","06367","Boulan Park Middle School","63","Oakland","LEA School","Middle School","City: Small","Oakland Region","5","08","Mathematics","Asian","49","71","33","32.00","46.40","21.60","153","56.80"
"18 - 19 School Year","63","Oakland Schools","63150","Troy School District","06367","Boulan Park Middle School","63","Oakland","LEA School","Middle School","City: Small","Oakland Region","5","08","Mathematics","Two or More Races","< 10","< 10","< 10","< 10","< 10","< 10","< 10","< 10"
"18 - 19 School Year","63","Oakland Schools","63150","Troy School District","06367","Boulan Park Middle School","63","Oakland","LEA School","Middle School","City: Small","Oakland Region","5","08","Mathematics","White, not of Hispanic origin","27","51","22","27.00","51.00","22.00","100","52.40"
"18 - 19 School Year","63","Oakland Schools","63150","Troy School District","06367","Boulan Park Middle School","63","Oakland","LEA School","Middle School","City: Small","Oakland Region","5","08","Mathematics","Hispanic","< 10","< 10","< 10","< 10","< 10","< 10","< 10","< 10"
"18 - 19 School Year","63","Oakland Schools","63150","Troy School District","06367","Boulan Park Middle School","63","Oakland","LEA School","Middle School","City: Small","Oakland Region","5","08","Mathematics","Black, not of Hispanic origin","< 10","< 10","< 10","< 10","< 10","< 10","< 10","< 10"
"18 - 19 School Year","63","Oakland Schools","63150","Troy School District","06367","Boulan Park Middle School","63","Oakland","LEA School","Middle School","City: Small","Oakland Region","5","08","Mathematics","Not Economically Disadvantaged","75","119","50","30.70","48.80","20.50","244","56.00"
"18 - 19 School Year","63","Oakland Schools","63150","Troy School District","06367","Boulan Park Middle School","63","Oakland","LEA School","Middle School","City: Small","Oakland Region","5","All Grades","Social Studies","Students with Disabilities","< 10","< 10","< 10","18.80","25.00","56.30","16","35.30"
"18 - 19 School Year","63","Oakland Schools","63150","Troy School District","06367","Boulan Park Middle School","63","Oakland","LEA School","Middle School","City: Small","Oakland Region","5","08","Social Studies","Students with Disabilities","< 10","< 10","< 10","18.80","25.00","56.30","16","35.30"
"18 - 19 School Year","63","Oakland Schools","63150","Troy School District","06393","Athens High School","63","Oakland","LEA School","High School","City: Small","Oakland Region","5","All Grades","English Language Arts","Students without Disabilities","112","137","74","34.70","42.40","22.90","323","55.30"
"18 - 19 School Year","63","Oakland Schools","63150","Troy School District","06393","Athens High School","63","Oakland","LEA School","High School","City: Small","Oakland Region","5","11","English Language Arts","Students without Disabilities","112","137","74","34.70","42.40","22.90","323","55.30"
"18 - 19 School Year","63","Oakland Schools","63150","Troy School District","06393","Athens High School","63","Oakland","LEA School","High School","City: Small","Oakland Region","5","All Grades","Science","Not Migrant","< 10","< 10","< 10","< 10","< 10","< 10","< 10","< 10"
"18 - 19 School Year","63","Oakland Schools","63150","Troy School District","06393","Athens High School","63","Oakland","LEA School","High School","City: Small","Oakland Region","5","All Grades","Science","Not English Learners","< 10","< 10","< 10","< 10","< 10","< 10","< 10","< 10"
"18 - 19 School Year","63","Oakland Schools","63150","Troy School District","06393","Athens High School","63","Oakland","LEA School","High School","City: Small","Oakland Region","5","All Grades","Science","English Learners","< 10","< 10","< 10","< 10","< 10","< 10","< 10","< 10"
"18 - 19 School Year","63","Oakland Schools","63150","Troy School District","06393","Athens High School","63","Oakland","LEA School","High School","City: Small","Oakland Region","5","All Grades","Science","Female","< 10","< 10","< 10","< 10","< 10","< 10","< 10","< 10"
"18 - 19 School Year","63","Oakland Schools","63150","Troy School District","06393","Athens High School","63","Oakland","LEA School","High School","City: Small","Oakland Region","5","All Grades","Science","Male","< 10","< 10","< 10","< 10","< 10","< 10","< 10","< 10"
"18 - 19 School Year","63","Oakland Schools","63150","Troy School District","06393","Athens High School","63","Oakland","LEA School","High School","City: Small","Oakland Region","5","All Grades","Science","Asian","< 10","< 10","< 10","< 10","< 10","< 10","< 10","< 10"
"18 - 19 School Year","63","Oakland Schools","63150","Troy School District","06393","Athens High School","63","Oakland","LEA School","High School","City: Small","Oakland Region","5","All Grades","Science","White, not of Hispanic origin","< 10","< 10","< 10","< 10","< 10","< 10","< 10","< 10"
"18 - 19 School Year","63","Oakland Schools","63150","Troy School District","06393","Athens High School","63","Oakland","LEA School","High School","City: Small","Oakland Region","5","All Grades","Science","Black, not of Hispanic origin","< 10","< 10","< 10","< 10","< 10","< 10","< 10","< 10"
"18 - 19 School Year","63","Oakland Schools","63150","Troy School District","06393","Athens High School","63","Oakland","LEA School","High School","City: Small","Oakland Region","5","All Grades","Science","Not Economically Disadvantaged","< 10","< 10","< 10","< 10","< 10","< 10","< 10","< 10"
"18 - 19 School Year","63","Oakland Schools","63150","Troy School District","06393","Athens High School","63","Oakland","LEA School","High School","City: Small","Oakland Region","5","All Grades","Science","Economically Disadvantaged","< 10","< 10","< 10","< 10","< 10","< 10","< 10","< 10"
"18 - 19 School Year","63","Oakland Schools","63150","Troy School District","06393","Athens High School","63","Oakland","LEA School","High School","City: Small","Oakland Region","5","All Grades","Science","All Students","< 10","< 10","< 10","< 10","< 10","< 10","< 10","< 10"
"18 - 19 School Year","63","Oakland Schools","63150","Troy School District","06393","Athens High School","63","Oakland","LEA School","High School","City: Small","Oakland Region","5","11","Science","Not Migrant","< 10","< 10","< 10","< 10","< 10","< 10","< 10","< 10"
"18 - 19 School Year","63","Oakland Schools","63150","Troy School District","06393","Athens High School","63","Oakland","LEA School","High School","City: Small","Oakland Region","5","11","Science","Not English Learners","< 10","< 10","< 10","< 10","< 10","< 10","< 10","< 10"
"18 - 19 School Year","63","Oakland Schools","63150","Troy School District","06393","Athens High School","63","Oakland","LEA School","High School","City: Small","Oakland Region","5","11","Science","English Learners","< 10","< 10","< 10","< 10","< 10","< 10","< 10","< 10"
"18 - 19 School Year","63","Oakland Schools","63150","Troy School District","06393","Athens High School","63","Oakland","LEA School","High School","City: Small","Oakland Region","5","11","Science","Female","< 10","< 10","< 10","< 10","< 10","< 10","< 10","< 10"
"18 - 19 School Year","63","Oakland Schools","63150","Troy School District","06393","Athens High School","63","Oakland","LEA School","High School","City: Small","Oakland Region","5","11","Science","Male","< 10","< 10","< 10","< 10","< 10","< 10","< 10","< 10"
"18 - 19 School Year","63","Oakland Schools","63150","Troy School District","06393","Athens High School","63","Oakland","LEA School","High School","City: Small","Oakland Region","5","11","Science","Asian","< 10","< 10","< 10","< 10","< 10","< 10","< 10","< 10"
"18 - 19 School Year","63","Oakland Schools","63150","Troy School District","06393","Athens High School","63","Oakland","LEA School","High School","City: Small","Oakland Region","5","11","Science","White, not of Hispanic origin","< 10","< 10","< 10","< 10","< 10","< 10","< 10","< 10"
"18 - 19 School Year","63","Oakland Schools","63150","Troy School District","06393","Athens High School","63","Oakland","LEA School","High School","City: Small","Oakland Region","5","11","Science","Black, not of Hispanic origin","< 10","< 10","< 10","< 10","< 10","< 10","< 10","< 10"
"18 - 19 School Year","63","Oakland Schools","63150","Troy School District","06393","Athens High School","63","Oakland","LEA School","High School","City: Small","Oakland Region","5","11","Science","Not Economically Disadvantaged","< 10","< 10","< 10","< 10","< 10","< 10","< 10","< 10"
"18 - 19 School Year","63","Oakland Schools","63150","Troy School District","06393","Athens High School","63","Oakland","LEA School","High School","City: Small","Oakland Region","5","11","Science","Economically Disadvantaged","< 10","< 10","< 10","< 10","< 10","< 10","< 10","< 10"
"18 - 19 School Year","63","Oakland Schools","63150","Troy School District","06393","Athens High School","63","Oakland","LEA School","High School","City: Small","Oakland Region","5","11","Science","All Students","< 10","< 10","< 10","< 10","< 10","< 10","< 10","< 10"
"18 - 19 School Year","63","Oakland Schools","63150","Troy School District","06393","Athens High School","63","Oakland","LEA School","High School","City: Small","Oakland Region","5","11","Social Studies","Students without Disabilities","116","110","99","35.70","33.80","30.50","325","52.30"
"18 - 19 School Year","63","Oakland Schools","63150","Troy School District","06393","Athens High School","63","Oakland","LEA School","High School","City: Small","Oakland Region","5","All Grades","Mathematics","Students without Disabilities","140","111","73","43.20","34.30","22.50","324","59.20"
"18 - 19 School Year","63","Oakland Schools","63150","Troy School District","06393","Athens High School","63","Oakland","LEA School","High School","City: Small","Oakland Region","5","All Grades","Social Studies","Students without Disabilities","116","110","99","35.70","33.80","30.50","325","52.30"
"18 - 19 School Year","63","Oakland Schools","63150","Troy School District","06393","Athens High School","63","Oakland","LEA School","High School","City: Small","Oakland Region","5","11","Mathematics","Students without Disabilities","140","111","73","43.20","34.30","22.50","324","59.20"
"18 - 19 School Year","63","Oakland Schools","63150","Troy School District","06393","Athens High School","63","Oakland","LEA School","High School","City: Small","Oakland Region","5","11","Social Studies","All Students","122","121","105","35.10","34.80","30.20","348","52.00"
"18 - 19 School Year","63","Oakland Schools","63150","Troy School District","06393","Athens High School","63","Oakland","LEA School","High School","City: Small","Oakland Region","5","11","Social Studies","Economically Disadvantaged","16","27","21","25.00","42.20","32.80","64","49.90"
"18 - 19 School Year","63","Oakland Schools","63150","Troy School District","06393","Athens High School","63","Oakland","LEA School","High School","City: Small","Oakland Region","5","11","Social Studies","Not Economically Disadvantaged","106","94","84","37.30","33.10","29.60","284","52.50"
"18 - 19 School Year","63","Oakland Schools","63150","Troy School District","06393","Athens High School","63","Oakland","LEA School","High School","City: Small","Oakland Region","5","11","Social Studies","American Indian or Alaska Native","< 10","< 10","< 10","< 10","< 10","< 10","< 10","< 10"
"18 - 19 School Year","63","Oakland Schools","63150","Troy School District","06393","Athens High School","63","Oakland","LEA School","High School","City: Small","Oakland Region","5","11","Social Studies","Black, not of Hispanic origin","< 10","< 10","< 10","35.30","47.10","17.60","17","55.50"
"18 - 19 School Year","63","Oakland Schools","63150","Troy School District","06393","Athens High School","63","Oakland","LEA School","High School","City: Small","Oakland Region","5","11","Social Studies","Hispanic","< 10","< 10","< 10","< 10","< 10","< 10","< 10","< 10"
"18 - 19 School Year","63","Oakland Schools","63150","Troy School District","06393","Athens High School","63","Oakland","LEA School","High School","City: Small","Oakland Region","5","11","Social Studies","White, not of Hispanic origin","82","85","66","35.20","36.50","28.30","233","52.60"
"18 - 19 School Year","63","Oakland Schools","63150","Troy School District","06393","Athens High School","63","Oakland","LEA School","High School","City: Small","Oakland Region","5","11","Social Studies","Two or More Races","< 10","< 10","< 10","30.00","70.00","< 5","10","56.90"
"18 - 19 School Year","63","Oakland Schools","63150","Troy School District","06393","Athens High School","63","Oakland","LEA School","High School","City: Small","Oakland Region","5","11","Social Studies","Asian","27","18","33","34.60","23.10","42.30","78","48.90"
"18 - 19 School Year","63","Oakland Schools","63150","Troy School District","06393","Athens High School","63","Oakland","LEA School","High School","City: Small","Oakland Region","5","11","Social Studies","Male","70","58","48","39.80","33.00","27.30","176","54.70"
"18 - 19 School Year","63","Oakland Schools","63150","Troy School District","06393","Athens High School","63","Oakland","LEA School","High School","City: Small","Oakland Region","5","11","Social Studies","Female","52","63","57","30.20","36.60","33.10","172","49.20"
"18 - 19 School Year","63","Oakland Schools","63150","Troy School District","06393","Athens High School","63","Oakland","LEA School","High School","City: Small","Oakland Region","5","11","Social Studies","English Learners","< 10","< 10","< 10","20.00","45.00","35.00","20","43.70"
"18 - 19 School Year","63","Oakland Schools","63150","Troy School District","06393","Athens High School","63","Oakland","LEA School","High School","City: Small","Oakland Region","5","11","Social Studies","Not English Learners","118","112","98","36.00","34.10","29.90","328","52.50"
"18 - 19 School Year","63","Oakland Schools","63150","Troy School District","06393","Athens High School","63","Oakland","LEA School","High School","City: Small","Oakland Region","5","11","Social Studies","Not Migrant","122","121","105","35.10","34.80","30.20","348","52.00"
"18 - 19 School Year","63","Oakland Schools","63150","Troy School District","06393","Athens High School","63","Oakland","LEA School","High School","City: Small","Oakland Region","5","All Grades","Social Studies","Black, not of Hispanic origin","< 10","< 10","< 10","35.30","47.10","17.60","17","55.50"
"18 - 19 School Year","63","Oakland Schools","63150","Troy School District","06393","Athens High School","63","Oakland","LEA School","High School","City: Small","Oakland Region","5","All Grades","Social Studies","Hispanic","< 10","< 10","< 10","< 10","< 10","< 10","< 10","< 10"
"18 - 19 School Year","63","Oakland Schools","63150","Troy School District","06393","Athens High School","63","Oakland","LEA School","High School","City: Small","Oakland Region","5","All Grades","Social Studies","White, not of Hispanic origin","82","85","66","35.20","36.50","28.30","233","52.60"
"18 - 19 School Year","63","Oakland Schools","63150","Troy School District","06393","Athens High School","63","Oakland","LEA School","High School","City: Small","Oakland Region","5","All Grades","Social Studies","Two or More Races","< 10","< 10","< 10","30.00","70.00","< 5","10","56.90"
"18 - 19 School Year","63","Oakland Schools","63150","Troy School District","06393","Athens High School","63","Oakland","LEA School","High School","City: Small","Oakland Region","5","All Grades","Social Studies","Asian","27","18","33","34.60","23.10","42.30","78","48.90"
"18 - 19 School Year","63","Oakland Schools","63150","Troy School District","06393","Athens High School","63","Oakland","LEA School","High School","City: Small","Oakland Region","5","All Grades","Social Studies","Male","70","58","48","39.80","33.00","27.30","176","54.70"
"18 - 19 School Year","63","Oakland Schools","63150","Troy School District","06393","Athens High School","63","Oakland","LEA School","High School","City: Small","Oakland Region","5","All Grades","Social Studies","Female","52","63","57","30.20","36.60","33.10","172","49.20"
"18 - 19 School Year","63","Oakland Schools","63150","Troy School District","06393","Athens High School","63","Oakland","LEA School","High School","City: Small","Oakland Region","5","All Grades","Social Studies","English Learners","< 10","< 10","< 10","20.00","45.00","35.00","20","43.70"
"18 - 19 School Year","63","Oakland Schools","63150","Troy School District","06393","Athens High School","63","Oakland","LEA School","High School","City: Small","Oakland Region","5","All Grades","Social Studies","Not English Learners","118","112","98","36.00","34.10","29.90","328","52.50"
"18 - 19 School Year","63","Oakland Schools","63150","Troy School District","06393","Athens High School","63","Oakland","LEA School","High School","City: Small","Oakland Region","5","All Grades","Social Studies","Not Migrant","122","121","105","35.10","34.80","30.20","348","52.00"
"18 - 19 School Year","63","Oakland Schools","63150","Troy School District","06393","Athens High School","63","Oakland","LEA School","High School","City: Small","Oakland Region","5","11","Mathematics","Students with Disabilities","< 10","< 10","11","26.10","26.10","47.80","23","41.80"
"18 - 19 School Year","63","Oakland Schools","63150","Troy School District","06393","Athens High School","63","Oakland","LEA School","High School","City: Small","Oakland Region","5","All Grades","Social Studies","American Indian or Alaska Native","< 10","< 10","< 10","< 10","< 10","< 10","< 10","< 10"
"18 - 19 School Year","63","Oakland Schools","63150","Troy School District","06393","Athens High School","63","Oakland","LEA School","High School","City: Small","Oakland Region","5","All Grades","Social Studies","Not Economically Disadvantaged","106","94","84","37.30","33.10","29.60","284","52.50"
"18 - 19 School Year","63","Oakland Schools","63150","Troy School District","06393","Athens High School","63","Oakland","LEA School","High School","City: Small","Oakland Region","5","All Grades","Social Studies","Economically Disadvantaged","16","27","21","25.00","42.20","32.80","64","49.90"
"18 - 19 School Year","63","Oakland Schools","63150","Troy School District","06393","Athens High School","63","Oakland","LEA School","High School","City: Small","Oakland Region","5","All Grades","Social Studies","All Students","122","121","105","35.10","34.80","30.20","348","52.00"
"18 - 19 School Year","63","Oakland Schools","63150","Troy School District","06393","Athens High School","63","Oakland","LEA School","High School","City: Small","Oakland Region","5","All Grades","English Language Arts","Students with Disabilities","< 10","12","< 10","8.70","52.20","39.10","23","41.90"
"18 - 19 School Year","63","Oakland Schools","63150","Troy School District","06393","Athens High School","63","Oakland","LEA School","High School","City: Small","Oakland Region","5","11","English Language Arts","Students with Disabilities","< 10","12","< 10","8.70","52.20","39.10","23","41.90"
"18 - 19 School Year","63","Oakland Schools","63150","Troy School District","06393","Athens High School","63","Oakland","LEA School","High School","City: Small","Oakland Region","5","All Grades","Mathematics","Students with Disabilities","< 10","< 10","11","26.10","26.10","47.80","23","41.80"
"18 - 19 School Year","63","Oakland Schools","63150","Troy School District","06393","Athens High School","63","Oakland","LEA School","High School","City: Small","Oakland Region","5","11","English Language Arts","Not Migrant","114","149","83","32.90","43.10","24.00","346","54.50"
"18 - 19 School Year","63","Oakland Schools","63150","Troy School District","06393","Athens High School","63","Oakland","LEA School","High School","City: Small","Oakland Region","5","11","English Language Arts","Not English Learners","106","140","80","32.50","42.90","24.50","326","54.40"
"18 - 19 School Year","63","Oakland Schools","63150","Troy School District","06393","Athens High School","63","Oakland","LEA School","High School","City: Small","Oakland Region","5","11","English Language Arts","English Learners","< 10","< 10","< 10","40.00","45.00","15.00","20","55.70"
"18 - 19 School Year","63","Oakland Schools","63150","Troy School District","06393","Athens High School","63","Oakland","LEA School","High School","City: Small","Oakland Region","5","11","English Language Arts","Female","50","69","52","29.20","40.40","30.40","171","51.40"
"18 - 19 School Year","63","Oakland Schools","63150","Troy School District","06393","Athens High School","63","Oakland","LEA School","High School","City: Small","Oakland Region","5","11","English Language Arts","Male","64","80","31","36.60","45.70","17.70","175","57.40"
"18 - 19 School Year","63","Oakland Schools","63150","Troy School District","06393","Athens High School","63","Oakland","LEA School","High School","City: Small","Oakland Region","5","11","English Language Arts","Asian","42","23","12","54.50","29.90","15.60","77","65.60"
"18 - 19 School Year","63","Oakland Schools","63150","Troy School District","06393","Athens High School","63","Oakland","LEA School","High School","City: Small","Oakland Region","5","11","English Language Arts","Two or More Races","< 10","< 10","< 10","40.00","30.00","30.00","10","52.30"
"18 - 19 School Year","63","Oakland Schools","63150","Troy School District","06393","Athens High School","63","Oakland","LEA School","High School","City: Small","Oakland Region","5","11","English Language Arts","White, not of Hispanic origin","62","110","60","26.70","47.40","25.90","232","51.30"
"18 - 19 School Year","63","Oakland Schools","63150","Troy School District","06393","Athens High School","63","Oakland","LEA School","High School","City: Small","Oakland Region","5","11","English Language Arts","Hispanic","< 10","< 10","< 10","< 10","< 10","< 10","< 10","< 10"
"18 - 19 School Year","63","Oakland Schools","63150","Troy School District","06393","Athens High School","63","Oakland","LEA School","High School","City: Small","Oakland Region","5","11","English Language Arts","Black, not of Hispanic origin","< 10","< 10","< 10","29.40","47.10","23.50","17","55.20"
"18 - 19 School Year","63","Oakland Schools","63150","Troy School District","06393","Athens High School","63","Oakland","LEA School","High School","City: Small","Oakland Region","5","11","English Language Arts","American Indian or Alaska Native","< 10","< 10","< 10","< 10","< 10","< 10","< 10","< 10"
"18 - 19 School Year","63","Oakland Schools","63150","Troy School District","06393","Athens High School","63","Oakland","LEA School","High School","City: Small","Oakland Region","5","11","English Language Arts","Not Economically Disadvantaged","95","116","71","33.70","41.10","25.20","282","54.50"
"18 - 19 School Year","63","Oakland Schools","63150","Troy School District","06393","Athens High School","63","Oakland","LEA School","High School","City: Small","Oakland Region","5","11","English Language Arts","Economically Disadvantaged","19","33","12","29.70","51.60","18.80","64","54.50"
"18 - 19 School Year","63","Oakland Schools","63150","Troy School District","06393","Athens High School","63","Oakland","LEA School","High School","City: Small","Oakland Region","5","11","English Language Arts","All Students","114","149","83","32.90","43.10","24.00","346","54.50"
"18 - 19 School Year","63","Oakland Schools","63150","Troy School District","06393","Athens High School","63","Oakland","LEA School","High School","City: Small","Oakland Region","5","All Grades","English Language Arts","Not Migrant","114","149","83","32.90","43.10","24.00","346","54.50"
"18 - 19 School Year","63","Oakland Schools","63150","Troy School District","06393","Athens High School","63","Oakland","LEA School","High School","City: Small","Oakland Region","5","All Grades","English Language Arts","Not English Learners","106","140","80","32.50","42.90","24.50","326","54.40"
"18 - 19 School Year","63","Oakland Schools","63150","Troy School District","06393","Athens High School","63","Oakland","LEA School","High School","City: Small","Oakland Region","5","All Grades","English Language Arts","English Learners","< 10","< 10","< 10","40.00","45.00","15.00","20","55.70"
"18 - 19 School Year","63","Oakland Schools","63150","Troy School District","06393","Athens High School","63","Oakland","LEA School","High School","City: Small","Oakland Region","5","All Grades","English Language Arts","Female","50","69","52","29.20","40.40","30.40","171","51.40"
"18 - 19 School Year","63","Oakland Schools","63150","Troy School District","06393","Athens High School","63","Oakland","LEA School","High School","City: Small","Oakland Region","5","All Grades","English Language Arts","Male","64","80","31","36.60","45.70","17.70","175","57.40"
"18 - 19 School Year","63","Oakland Schools","63150","Troy School District","06393","Athens High School","63","Oakland","LEA School","High School","City: Small","Oakland Region","5","All Grades","English Language Arts","Asian","42","23","12","54.50","29.90","15.60","77","65.60"
"18 - 19 School Year","63","Oakland Schools","63150","Troy School District","06393","Athens High School","63","Oakland","LEA School","High School","City: Small","Oakland Region","5","All Grades","English Language Arts","Two or More Races","< 10","< 10","< 10","40.00","30.00","30.00","10","52.30"
"18 - 19 School Year","63","Oakland Schools","63150","Troy School District","06393","Athens High School","63","Oakland","LEA School","High School","City: Small","Oakland Region","5","All Grades","English Language Arts","White, not of Hispanic origin","62","110","60","26.70","47.40","25.90","232","51.30"
"18 - 19 School Year","63","Oakland Schools","63150","Troy School District","06393","Athens High School","63","Oakland","LEA School","High School","City: Small","Oakland Region","5","All Grades","English Language Arts","Hispanic","< 10","< 10","< 10","< 10","< 10","< 10","< 10","< 10"
"18 - 19 School Year","63","Oakland Schools","63150","Troy School District","06393","Athens High School","63","Oakland","LEA School","High School","City: Small","Oakland Region","5","All Grades","English Language Arts","Black, not of Hispanic origin","< 10","< 10","< 10","29.40","47.10","23.50","17","55.20"
"18 - 19 School Year","63","Oakland Schools","63150","Troy School District","06393","Athens High School","63","Oakland","LEA School","High School","City: Small","Oakland Region","5","All Grades","English Language Arts","American Indian or Alaska Native","< 10","< 10","< 10","< 10","< 10","< 10","< 10","< 10"
"18 - 19 School Year","63","Oakland Schools","63150","Troy School District","06393","Athens High School","63","Oakland","LEA School","High School","City: Small","Oakland Region","5","All Grades","English Language Arts","Not Economically Disadvantaged","95","116","71","33.70","41.10","25.20","282","54.50"
"18 - 19 School Year","63","Oakland Schools","63150","Troy School District","06393","Athens High School","63","Oakland","LEA School","High School","City: Small","Oakland Region","5","All Grades","English Language Arts","Economically Disadvantaged","19","33","12","29.70","51.60","18.80","64","54.50"
"18 - 19 School Year","63","Oakland Schools","63150","Troy School District","06393","Athens High School","63","Oakland","LEA School","High School","City: Small","Oakland Region","5","All Grades","English Language Arts","All Students","114","149","83","32.90","43.10","24.00","346","54.50"
"18 - 19 School Year","63","Oakland Schools","63150","Troy School District","06393","Athens High School","63","Oakland","LEA School","High School","City: Small","Oakland Region","5","11","Mathematics","Not Migrant","146","117","84","42.10","33.70","24.20","347","58.10"
"18 - 19 School Year","63","Oakland Schools","63150","Troy School District","06393","Athens High School","63","Oakland","LEA School","High School","City: Small","Oakland Region","5","All Grades","Mathematics","All Students","146","117","84","42.10","33.70","24.20","347","58.10"
"18 - 19 School Year","63","Oakland Schools","63150","Troy School District","06393","Athens High School","63","Oakland","LEA School","High School","City: Small","Oakland Region","5","All Grades","Mathematics","Economically Disadvantaged","32","15","17","50.00","23.40","26.60","64","59.80"
"18 - 19 School Year","63","Oakland Schools","63150","Troy School District","06393","Athens High School","63","Oakland","LEA School","High School","City: Small","Oakland Region","5","All Grades","Mathematics","Not Economically Disadvantaged","114","102","67","40.30","36.00","23.70","283","57.70"
"18 - 19 School Year","63","Oakland Schools","63150","Troy School District","06393","Athens High School","63","Oakland","LEA School","High School","City: Small","Oakland Region","5","All Grades","Mathematics","American Indian or Alaska Native","< 10","< 10","< 10","< 10","< 10","< 10","< 10","< 10"
"18 - 19 School Year","63","Oakland Schools","63150","Troy School District","06393","Athens High School","63","Oakland","LEA School","High School","City: Small","Oakland Region","5","All Grades","Mathematics","Black, not of Hispanic origin","< 10","10","< 10","35.30","58.80","5.90","17","62.20"
"18 - 19 School Year","63","Oakland Schools","63150","Troy School District","06393","Athens High School","63","Oakland","LEA School","High School","City: Small","Oakland Region","5","All Grades","Mathematics","Hispanic","< 10","< 10","< 10","< 10","< 10","< 10","< 10","< 10"
"18 - 19 School Year","63","Oakland Schools","63150","Troy School District","06393","Athens High School","63","Oakland","LEA School","High School","City: Small","Oakland Region","5","All Grades","Mathematics","White, not of Hispanic origin","89","80","63","38.40","34.50","27.20","232","54.80"
"18 - 19 School Year","63","Oakland Schools","63150","Troy School District","06393","Athens High School","63","Oakland","LEA School","High School","City: Small","Oakland Region","5","All Grades","Mathematics","Two or More Races","< 10","< 10","< 10","30.00","50.00","20.00","10","62.20"
"18 - 19 School Year","63","Oakland Schools","63150","Troy School District","06393","Athens High School","63","Oakland","LEA School","High School","City: Small","Oakland Region","5","All Grades","Mathematics","Asian","47","19","12","60.30","24.40","15.40","78","70.00"
"18 - 19 School Year","63","Oakland Schools","63150","Troy School District","06393","Athens High School","63","Oakland","LEA School","High School","City: Small","Oakland Region","5","All Grades","Mathematics","Male","82","58","36","46.60","33.00","20.50","176","61.30"
"18 - 19 School Year","63","Oakland Schools","63150","Troy School District","06393","Athens High School","63","Oakland","LEA School","High School","City: Small","Oakland Region","5","All Grades","Mathematics","Female","64","59","48","37.40","34.50","28.10","171","54.70"
"18 - 19 School Year","63","Oakland Schools","63150","Troy School District","06393","Athens High School","63","Oakland","LEA School","High School","City: Small","Oakland Region","5","All Grades","Mathematics","English Learners","10","< 10","< 10","50.00","20.00","30.00","20","59.40"
"18 - 19 School Year","63","Oakland Schools","63150","Troy School District","06393","Athens High School","63","Oakland","LEA School","High School","City: Small","Oakland Region","5","All Grades","Mathematics","Not English Learners","136","113","78","41.60","34.60","23.90","327","58.00"
"18 - 19 School Year","63","Oakland Schools","63150","Troy School District","06393","Athens High School","63","Oakland","LEA School","High School","City: Small","Oakland Region","5","All Grades","Mathematics","Not Migrant","146","117","84","42.10","33.70","24.20","347","58.10"
"18 - 19 School Year","63","Oakland Schools","63150","Troy School District","06393","Athens High School","63","Oakland","LEA School","High School","City: Small","Oakland Region","5","11","Mathematics","All Students","146","117","84","42.10","33.70","24.20","347","58.10"
"18 - 19 School Year","63","Oakland Schools","63150","Troy School District","06393","Athens High School","63","Oakland","LEA School","High School","City: Small","Oakland Region","5","11","Mathematics","Economically Disadvantaged","32","15","17","50.00","23.40","26.60","64","59.80"
"18 - 19 School Year","63","Oakland Schools","63150","Troy School District","06393","Athens High School","63","Oakland","LEA School","High School","City: Small","Oakland Region","5","11","Mathematics","Not Economically Disadvantaged","114","102","67","40.30","36.00","23.70","283","57.70"
"18 - 19 School Year","63","Oakland Schools","63150","Troy School District","06393","Athens High School","63","Oakland","LEA School","High School","City: Small","Oakland Region","5","11","Mathematics","American Indian or Alaska Native","< 10","< 10","< 10","< 10","< 10","< 10","< 10","< 10"
"18 - 19 School Year","63","Oakland Schools","63150","Troy School District","06393","Athens High School","63","Oakland","LEA School","High School","City: Small","Oakland Region","5","11","Mathematics","Black, not of Hispanic origin","< 10","10","< 10","35.30","58.80","5.90","17","62.20"
"18 - 19 School Year","63","Oakland Schools","63150","Troy School District","06393","Athens High School","63","Oakland","LEA School","High School","City: Small","Oakland Region","5","11","Mathematics","Hispanic","< 10","< 10","< 10","< 10","< 10","< 10","< 10","< 10"
"18 - 19 School Year","63","Oakland Schools","63150","Troy School District","06393","Athens High School","63","Oakland","LEA School","High School","City: Small","Oakland Region","5","11","Mathematics","White, not of Hispanic origin","89","80","63","38.40","34.50","27.20","232","54.80"
"18 - 19 School Year","63","Oakland Schools","63150","Troy School District","06393","Athens High School","63","Oakland","LEA School","High School","City: Small","Oakland Region","5","11","Mathematics","Two or More Races","< 10","< 10","< 10","30.00","50.00","20.00","10","62.20"
"18 - 19 School Year","63","Oakland Schools","63150","Troy School District","06393","Athens High School","63","Oakland","LEA School","High School","City: Small","Oakland Region","5","11","Mathematics","Asian","47","19","12","60.30","24.40","15.40","78","70.00"
"18 - 19 School Year","63","Oakland Schools","63150","Troy School District","06393","Athens High School","63","Oakland","LEA School","High School","City: Small","Oakland Region","5","11","Mathematics","Male","82","58","36","46.60","33.00","20.50","176","61.30"
"18 - 19 School Year","63","Oakland Schools","63150","Troy School District","06393","Athens High School","63","Oakland","LEA School","High School","City: Small","Oakland Region","5","11","Mathematics","Female","64","59","48","37.40","34.50","28.10","171","54.70"
"18 - 19 School Year","63","Oakland Schools","63150","Troy School District","06393","Athens High School","63","Oakland","LEA School","High School","City: Small","Oakland Region","5","11","Mathematics","English Learners","10","< 10","< 10","50.00","20.00","30.00","20","59.40"
"18 - 19 School Year","63","Oakland Schools","63150","Troy School District","06393","Athens High School","63","Oakland","LEA School","High School","City: Small","Oakland Region","5","11","Mathematics","Not English Learners","136","113","78","41.60","34.60","23.90","327","58.00"
"18 - 19 School Year","63","Oakland Schools","63150","Troy School District","06393","Athens High School","63","Oakland","LEA School","High School","City: Small","Oakland Region","5","11","Social Studies","Students with Disabilities","< 10","11","< 10","26.10","47.80","26.10","23","47.50"
"18 - 19 School Year","63","Oakland Schools","63150","Troy School District","06393","Athens High School","63","Oakland","LEA School","High School","City: Small","Oakland Region","5","All Grades","Social Studies","Students with Disabilities","< 10","11","< 10","26.10","47.80","26.10","23","47.50"
"18 - 19 School Year","63","Oakland Schools","63150","Troy School District","06393","Athens High School","63","Oakland","LEA School","High School","City: Small","Oakland Region","5","All Grades","Science","Students with Disabilities","< 10","< 10","< 10","< 10","< 10","< 10","< 10","< 10"
"18 - 19 School Year","63","Oakland Schools","63150","Troy School District","06393","Athens High School","63","Oakland","LEA School","High School","City: Small","Oakland Region","5","11","Science","Students with Disabilities","< 10","< 10","< 10","< 10","< 10","< 10","< 10","< 10"
"18 - 19 School Year","63","Oakland Schools","63150","Troy School District","06939","Wass Elementary School","63","Oakland","LEA School","Elementary","City: Small","Oakland Region","5","All Grades","English Language Arts","Students without Disabilities","48","46","32","38.10","36.50","25.40","126","56.50"
"18 - 19 School Year","63","Oakland Schools","63150","Troy School District","06939","Wass Elementary School","63","Oakland","LEA School","Elementary","City: Small","Oakland Region","5","04","English Language Arts","Students without Disabilities","34","17","< 10","58.60","29.30","12.10","58","69.50"
"18 - 19 School Year","63","Oakland Schools","63150","Troy School District","06939","Wass Elementary School","63","Oakland","LEA School","Elementary","City: Small","Oakland Region","5","05","English Language Arts","Students without Disabilities","14","29","25","20.60","42.60","36.80","68","45.40"
"18 - 19 School Year","63","Oakland Schools","63150","Troy School District","06939","Wass Elementary School","63","Oakland","LEA School","Elementary","City: Small","Oakland Region","5","05","Mathematics","Students without Disabilities","33","28","< 10","48.50","41.20","10.30","68","67.10"
"18 - 19 School Year","63","Oakland Schools","63150","Troy School District","06939","Wass Elementary School","63","Oakland","LEA School","Elementary","City: Small","Oakland Region","5","04","Mathematics","Students without Disabilities","26","25","< 10","43.30","41.70","15.00","60","60.90"
"18 - 19 School Year","63","Oakland Schools","63150","Troy School District","06939","Wass Elementary School","63","Oakland","LEA School","Elementary","City: Small","Oakland Region","5","All Grades","Mathematics","Students without Disabilities","59","53","16","46.10","41.40","12.50","128","64.20"
"18 - 19 School Year","63","Oakland Schools","63150","Troy School District","06939","Wass Elementary School","63","Oakland","LEA School","Elementary","City: Small","Oakland Region","5","05","Mathematics","Students with Disabilities","< 10","< 10","< 10","< 10","< 10","< 10","< 10","< 10"
"18 - 19 School Year","63","Oakland Schools","63150","Troy School District","06939","Wass Elementary School","63","Oakland","LEA School","Elementary","City: Small","Oakland Region","5","04","Mathematics","Students with Disabilities","< 10","< 10","< 10","< 10","< 10","< 10","< 10","< 10"
"18 - 19 School Year","63","Oakland Schools","63150","Troy School District","06939","Wass Elementary School","63","Oakland","LEA School","Elementary","City: Small","Oakland Region","5","All Grades","Mathematics","Students with Disabilities","< 10","< 10","< 10","10.00","70.00","20.00","10","48.70"
"18 - 19 School Year","63","Oakland Schools","63150","Troy School District","06939","Wass Elementary School","63","Oakland","LEA School","Elementary","City: Small","Oakland Region","5","05","English Language Arts","Students with Disabilities","< 10","< 10","< 10","< 10","< 10","< 10","< 10","< 10"
"18 - 19 School Year","63","Oakland Schools","63150","Troy School District","06939","Wass Elementary School","63","Oakland","LEA School","Elementary","City: Small","Oakland Region","5","04","English Language Arts","Students with Disabilities","< 10","< 10","< 10","< 10","< 10","< 10","< 10","< 10"
"18 - 19 School Year","63","Oakland Schools","63150","Troy School District","06939","Wass Elementary School","63","Oakland","LEA School","Elementary","City: Small","Oakland Region","5","All Grades","English Language Arts","Students with Disabilities","< 10","< 10","< 10","30.00","70.00","< 5","10","63.90"
"18 - 19 School Year","63","Oakland Schools","63150","Troy School District","06939","Wass Elementary School","63","Oakland","LEA School","Elementary","City: Small","Oakland Region","5","All Grades","English Language Arts","All Students","51","53","32","37.50","39.00","23.50","136","57.00"
"18 - 19 School Year","63","Oakland Schools","63150","Troy School District","06939","Wass Elementary School","63","Oakland","LEA School","Elementary","City: Small","Oakland Region","5","All Grades","English Language Arts","Economically Disadvantaged","< 10","< 10","< 10","21.40","50.00","28.60","14","50.60"
"18 - 19 School Year","63","Oakland Schools","63150","Troy School District","06939","Wass Elementary School","63","Oakland","LEA School","Elementary","City: Small","Oakland Region","5","All Grades","English Language Arts","Not Economically Disadvantaged","48","46","28","39.30","37.70","23.00","122","57.80"
"18 - 19 School Year","63","Oakland Schools","63150","Troy School District","06939","Wass Elementary School","63","Oakland","LEA School","Elementary","City: Small","Oakland Region","5","All Grades","English Language Arts","Native Hawaiian or Other Pacific Islander","< 10","< 10","< 10","< 10","< 10","< 10","< 10","< 10"
"18 - 19 School Year","63","Oakland Schools","63150","Troy School District","06939","Wass Elementary School","63","Oakland","LEA School","Elementary","City: Small","Oakland Region","5","All Grades","English Language Arts","Black, not of Hispanic origin","< 10","< 10","< 10","< 10","< 10","< 10","< 10","< 10"
"18 - 19 School Year","63","Oakland Schools","63150","Troy School District","06939","Wass Elementary School","63","Oakland","LEA School","Elementary","City: Small","Oakland Region","5","All Grades","English Language Arts","Hispanic","< 10","< 10","< 10","< 10","< 10","< 10","< 10","< 10"
"18 - 19 School Year","63","Oakland Schools","63150","Troy School District","06939","Wass Elementary School","63","Oakland","LEA School","Elementary","City: Small","Oakland Region","5","All Grades","English Language Arts","White, not of Hispanic origin","32","31","18","39.50","38.30","22.20","81","57.00"
"18 - 19 School Year","63","Oakland Schools","63150","Troy School District","06939","Wass Elementary School","63","Oakland","LEA School","Elementary","City: Small","Oakland Region","5","All Grades","English Language Arts","Two or More Races","< 10","< 10","< 10","< 10","< 10","< 10","< 10","< 10"
"18 - 19 School Year","63","Oakland Schools","63150","Troy School District","06939","Wass Elementary School","63","Oakland","LEA School","Elementary","City: Small","Oakland Region","5","All Grades","English Language Arts","Asian","14","15","10","35.90","38.50","25.60","39","57.50"
"18 - 19 School Year","63","Oakland Schools","63150","Troy School District","06939","Wass Elementary School","63","Oakland","LEA School","Elementary","City: Small","Oakland Region","5","All Grades","English Language Arts","Male","29","28","19","38.20","36.80","25.00","76","57.40"
"18 - 19 School Year","63","Oakland Schools","63150","Troy School District","06939","Wass Elementary School","63","Oakland","LEA School","Elementary","City: Small","Oakland Region","5","04","English Language Arts","Female","17","< 10","< 10","63.00","29.60","7.40","27","71.10"
"18 - 19 School Year","63","Oakland Schools","63150","Troy School District","06939","Wass Elementary School","63","Oakland","LEA School","Elementary","City: Small","Oakland Region","5","04","English Language Arts","English Learners","< 10","< 10","< 10","< 10","< 10","< 10","< 10","< 10"
"18 - 19 School Year","63","Oakland Schools","63150","Troy School District","06939","Wass Elementary School","63","Oakland","LEA School","Elementary","City: Small","Oakland Region","5","04","English Language Arts","Not English Learners","34","17","< 10","60.70","30.40","8.90","56","70.70"
"18 - 19 School Year","63","Oakland Schools","63150","Troy School District","06939","Wass Elementary School","63","Oakland","LEA School","Elementary","City: Small","Oakland Region","5","04","English Language Arts","Not Migrant","37","20","< 10","57.80","31.30","10.90","64","69.10"
"18 - 19 School Year","63","Oakland Schools","63150","Troy School District","06939","Wass Elementary School","63","Oakland","LEA School","Elementary","City: Small","Oakland Region","5","05","English Language Arts","All Students","14","33","25","19.40","45.80","34.70","72","46.30"
"18 - 19 School Year","63","Oakland Schools","63150","Troy School District","06939","Wass Elementary School","63","Oakland","LEA School","Elementary","City: Small","Oakland Region","5","05","English Language Arts","Economically Disadvantaged","< 10","< 10","< 10","< 10","< 10","< 10","< 10","< 10"
"18 - 19 School Year","63","Oakland Schools","63150","Troy School District","06939","Wass Elementary School","63","Oakland","LEA School","Elementary","City: Small","Oakland Region","5","05","English Language Arts","Not Economically Disadvantaged","14","27","22","22.20","42.90","34.90","63","46.90"
"18 - 19 School Year","63","Oakland Schools","63150","Troy School District","06939","Wass Elementary School","63","Oakland","LEA School","Elementary","City: Small","Oakland Region","5","05","English Language Arts","Native Hawaiian or Other Pacific Islander","< 10","< 10","< 10","< 10","< 10","< 10","< 10","< 10"
"18 - 19 School Year","63","Oakland Schools","63150","Troy School District","06939","Wass Elementary School","63","Oakland","LEA School","Elementary","City: Small","Oakland Region","5","05","English Language Arts","Black, not of Hispanic origin","< 10","< 10","< 10","< 10","< 10","< 10","< 10","< 10"
"18 - 19 School Year","63","Oakland Schools","63150","Troy School District","06939","Wass Elementary School","63","Oakland","LEA School","Elementary","City: Small","Oakland Region","5","05","English Language Arts","Hispanic","< 10","< 10","< 10","< 10","< 10","< 10","< 10","< 10"
"18 - 19 School Year","63","Oakland Schools","63150","Troy School District","06939","Wass Elementary School","63","Oakland","LEA School","Elementary","City: Small","Oakland Region","5","05","English Language Arts","White, not of Hispanic origin","< 10","21","16","17.80","46.70","35.60","45","45.60"
"18 - 19 School Year","63","Oakland Schools","63150","Troy School District","06939","Wass Elementary School","63","Oakland","LEA School","Elementary","City: Small","Oakland Region","5","05","English Language Arts","Two or More Races","< 10","< 10","< 10","< 10","< 10","< 10","< 10","< 10"
"18 - 19 School Year","63","Oakland Schools","63150","Troy School District","06939","Wass Elementary School","63","Oakland","LEA School","Elementary","City: Small","Oakland Region","5","05","English Language Arts","Asian","< 10","< 10","< 10","27.80","38.90","33.30","18","46.90"
"18 - 19 School Year","63","Oakland Schools","63150","Troy School District","06939","Wass Elementary School","63","Oakland","LEA School","Elementary","City: Small","Oakland Region","5","05","English Language Arts","Male","< 10","16","14","23.10","41.00","35.90","39","47.70"
"18 - 19 School Year","63","Oakland Schools","63150","Troy School District","06939","Wass Elementary School","63","Oakland","LEA School","Elementary","City: Small","Oakland Region","5","05","English Language Arts","Female","< 10","17","11","15.20","51.50","33.30","33","44.70"
"18 - 19 School Year","63","Oakland Schools","63150","Troy School District","06939","Wass Elementary School","63","Oakland","LEA School","Elementary","City: Small","Oakland Region","5","05","English Language Arts","English Learners","< 10","< 10","< 10","< 10","< 10","< 10","< 10","< 10"
"18 - 19 School Year","63","Oakland Schools","63150","Troy School District","06939","Wass Elementary School","63","Oakland","LEA School","Elementary","City: Small","Oakland Region","5","05","English Language Arts","Not English Learners","12","31","23","18.20","47.00","34.80","66","45.90"
"18 - 19 School Year","63","Oakland Schools","63150","Troy School District","06939","Wass Elementary School","63","Oakland","LEA School","Elementary","City: Small","Oakland Region","5","05","English Language Arts","Not Migrant","14","33","25","19.40","45.80","34.70","72","46.30"
"18 - 19 School Year","63","Oakland Schools","63150","Troy School District","06939","Wass Elementary School","63","Oakland","LEA School","Elementary","City: Small","Oakland Region","5","04","English Language Arts","Male","20","12","< 10","54.10","32.40","13.50","37","67.60"
"18 - 19 School Year","63","Oakland Schools","63150","Troy School District","06939","Wass Elementary School","63","Oakland","LEA School","Elementary","City: Small","Oakland Region","5","04","English Language Arts","Asian","< 10","< 10","< 10","42.90","38.10","19.00","21","66.60"
"18 - 19 School Year","63","Oakland Schools","63150","Troy School District","06939","Wass Elementary School","63","Oakland","LEA School","Elementary","City: Small","Oakland Region","5","04","English Language Arts","Two or More Races","< 10","< 10","< 10","< 10","< 10","< 10","< 10","< 10"
"18 - 19 School Year","63","Oakland Schools","63150","Troy School District","06939","Wass Elementary School","63","Oakland","LEA School","Elementary","City: Small","Oakland Region","5","04","English Language Arts","White, not of Hispanic origin","24","10","< 10","66.70","27.80","5.60","36","71.40"
"18 - 19 School Year","63","Oakland Schools","63150","Troy School District","06939","Wass Elementary School","63","Oakland","LEA School","Elementary","City: Small","Oakland Region","5","04","English Language Arts","Hispanic","< 10","< 10","< 10","< 10","< 10","< 10","< 10","< 10"
"18 - 19 School Year","63","Oakland Schools","63150","Troy School District","06939","Wass Elementary School","63","Oakland","LEA School","Elementary","City: Small","Oakland Region","5","04","English Language Arts","Black, not of Hispanic origin","< 10","< 10","< 10","< 10","< 10","< 10","< 10","< 10"
"18 - 19 School Year","63","Oakland Schools","63150","Troy School District","06939","Wass Elementary School","63","Oakland","LEA School","Elementary","City: Small","Oakland Region","5","04","English Language Arts","Not Economically Disadvantaged","34","19","< 10","57.60","32.20","10.20","59","69.40"
"18 - 19 School Year","63","Oakland Schools","63150","Troy School District","06939","Wass Elementary School","63","Oakland","LEA School","Elementary","City: Small","Oakland Region","5","04","English Language Arts","Economically Disadvantaged","< 10","< 10","< 10","< 10","< 10","< 10","< 10","< 10"
"18 - 19 School Year","63","Oakland Schools","63150","Troy School District","06939","Wass Elementary School","63","Oakland","LEA School","Elementary","City: Small","Oakland Region","5","04","English Language Arts","All Students","37","20","< 10","57.80","31.30","10.90","64","69.10"
"18 - 19 School Year","63","Oakland Schools","63150","Troy School District","06939","Wass Elementary School","63","Oakland","LEA School","Elementary","City: Small","Oakland Region","5","All Grades","English Language Arts","Not Migrant","51","53","32","37.50","39.00","23.50","136","57.00"
"18 - 19 School Year","63","Oakland Schools","63150","Troy School District","06939","Wass Elementary School","63","Oakland","LEA School","Elementary","City: Small","Oakland Region","5","All Grades","English Language Arts","Not English Learners","46","48","28","37.70","39.30","23.00","122","57.30"
"18 - 19 School Year","63","Oakland Schools","63150","Troy School District","06939","Wass Elementary School","63","Oakland","LEA School","Elementary","City: Small","Oakland Region","5","All Grades","English Language Arts","English Learners","< 10","< 10","< 10","35.70","35.70","28.60","14","55.10"
"18 - 19 School Year","63","Oakland Schools","63150","Troy School District","06939","Wass Elementary School","63","Oakland","LEA School","Elementary","City: Small","Oakland Region","5","All Grades","English Language Arts","Female","22","25","13","36.70","41.70","21.70","60","56.60"
"18 - 19 School Year","63","Oakland Schools","63150","Troy School District","06939","Wass Elementary School","63","Oakland","LEA School","Elementary","City: Small","Oakland Region","5","All Grades","Mathematics","Not Migrant","60","60","18","43.50","43.50","13.00","138","63.00"
"18 - 19 School Year","63","Oakland Schools","63150","Troy School District","06939","Wass Elementary School","63","Oakland","LEA School","Elementary","City: Small","Oakland Region","5","All Grades","Mathematics","Not English Learners","49","58","15","40.20","47.50","12.30","122","62.00"
"18 - 19 School Year","63","Oakland Schools","63150","Troy School District","06939","Wass Elementary School","63","Oakland","LEA School","Elementary","City: Small","Oakland Region","5","All Grades","Mathematics","English Learners","11","< 10","< 10","68.80","12.50","18.80","16","71.20"
"18 - 19 School Year","63","Oakland Schools","63150","Troy School District","06939","Wass Elementary School","63","Oakland","LEA School","Elementary","City: Small","Oakland Region","5","All Grades","Mathematics","Female","29","26","< 10","47.50","42.60","9.80","61","65.00"
"18 - 19 School Year","63","Oakland Schools","63150","Troy School District","06939","Wass Elementary School","63","Oakland","LEA School","Elementary","City: Small","Oakland Region","5","All Grades","Mathematics","Male","31","34","12","40.30","44.20","15.60","77","61.50"
"18 - 19 School Year","63","Oakland Schools","63150","Troy School District","06939","Wass Elementary School","63","Oakland","LEA School","Elementary","City: Small","Oakland Region","5","All Grades","Mathematics","Asian","20","16","< 10","50.00","40.00","10.00","40","67.20"
"18 - 19 School Year","63","Oakland Schools","63150","Troy School District","06939","Wass Elementary School","63","Oakland","LEA School","Elementary","City: Small","Oakland Region","5","All Grades","Mathematics","Two or More Races","< 10","< 10","< 10","< 10","< 10","< 10","< 10","< 10"
"18 - 19 School Year","63","Oakland Schools","63150","Troy School District","06939","Wass Elementary School","63","Oakland","LEA School","Elementary","City: Small","Oakland Region","5","All Grades","Mathematics","White, not of Hispanic origin","32","40","10","39.00","48.80","12.20","82","60.70"
"18 - 19 School Year","63","Oakland Schools","63150","Troy School District","06939","Wass Elementary School","63","Oakland","LEA School","Elementary","City: Small","Oakland Region","5","All Grades","Mathematics","Hispanic","< 10","< 10","< 10","< 10","< 10","< 10","< 10","< 10"
"18 - 19 School Year","63","Oakland Schools","63150","Troy School District","06939","Wass Elementary School","63","Oakland","LEA School","Elementary","City: Small","Oakland Region","5","All Grades","Mathematics","Black, not of Hispanic origin","< 10","< 10","< 10","< 10","< 10","< 10","< 10","< 10"
"18 - 19 School Year","63","Oakland Schools","63150","Troy School District","06939","Wass Elementary School","63","Oakland","LEA School","Elementary","City: Small","Oakland Region","5","All Grades","Mathematics","Native Hawaiian or Other Pacific Islander","< 10","< 10","< 10","< 10","< 10","< 10","< 10","< 10"
"18 - 19 School Year","63","Oakland Schools","63150","Troy School District","06939","Wass Elementary School","63","Oakland","LEA School","Elementary","City: Small","Oakland Region","5","All Grades","Mathematics","Not Economically Disadvantaged","55","56","13","44.40","45.20","10.50","124","64.00"
"18 - 19 School Year","63","Oakland Schools","63150","Troy School District","06939","Wass Elementary School","63","Oakland","LEA School","Elementary","City: Small","Oakland Region","5","All Grades","Mathematics","Economically Disadvantaged","< 10","< 10","< 10","35.70","28.60","35.70","14","54.90"
"18 - 19 School Year","63","Oakland Schools","63150","Troy School District","06939","Wass Elementary School","63","Oakland","LEA School","Elementary","City: Small","Oakland Region","5","All Grades","Mathematics","All Students","60","60","18","43.50","43.50","13.00","138","63.00"
"18 - 19 School Year","63","Oakland Schools","63150","Troy School District","06939","Wass Elementary School","63","Oakland","LEA School","Elementary","City: Small","Oakland Region","5","05","Mathematics","Not Migrant","34","30","< 10","47.20","41.70","11.10","72","66.60"
"18 - 19 School Year","63","Oakland Schools","63150","Troy School District","06939","Wass Elementary School","63","Oakland","LEA School","Elementary","City: Small","Oakland Region","5","05","Mathematics","Not English Learners","30","30","< 10","45.50","45.50","9.10","66","66.20"
"18 - 19 School Year","63","Oakland Schools","63150","Troy School District","06939","Wass Elementary School","63","Oakland","LEA School","Elementary","City: Small","Oakland Region","5","05","Mathematics","English Learners","< 10","< 10","< 10","< 10","< 10","< 10","< 10","< 10"
"18 - 19 School Year","63","Oakland Schools","63150","Troy School District","06939","Wass Elementary School","63","Oakland","LEA School","Elementary","City: Small","Oakland Region","5","05","Mathematics","Female","17","13","< 10","51.50","39.40","9.10","33","68.80"
"18 - 19 School Year","63","Oakland Schools","63150","Troy School District","06939","Wass Elementary School","63","Oakland","LEA School","Elementary","City: Small","Oakland Region","5","05","Mathematics","Male","17","17","< 10","43.60","43.60","12.80","39","64.70"
"18 - 19 School Year","63","Oakland Schools","63150","Troy School District","06939","Wass Elementary School","63","Oakland","LEA School","Elementary","City: Small","Oakland Region","5","05","Mathematics","Asian","< 10","< 10","< 10","44.40","50.00","5.60","18","69.20"
"18 - 19 School Year","63","Oakland Schools","63150","Troy School District","06939","Wass Elementary School","63","Oakland","LEA School","Elementary","City: Small","Oakland Region","5","05","Mathematics","Two or More Races","< 10","< 10","< 10","< 10","< 10","< 10","< 10","< 10"
"18 - 19 School Year","63","Oakland Schools","63150","Troy School District","06939","Wass Elementary School","63","Oakland","LEA School","Elementary","City: Small","Oakland Region","5","05","Mathematics","White, not of Hispanic origin","19","20","< 10","42.20","44.40","13.30","45","62.80"
"18 - 19 School Year","63","Oakland Schools","63150","Troy School District","06939","Wass Elementary School","63","Oakland","LEA School","Elementary","City: Small","Oakland Region","5","05","Mathematics","Hispanic","< 10","< 10","< 10","< 10","< 10","< 10","< 10","< 10"
"18 - 19 School Year","63","Oakland Schools","63150","Troy School District","06939","Wass Elementary School","63","Oakland","LEA School","Elementary","City: Small","Oakland Region","5","05","Mathematics","Black, not of Hispanic origin","< 10","< 10","< 10","< 10","< 10","< 10","< 10","< 10"
"18 - 19 School Year","63","Oakland Schools","63150","Troy School District","06939","Wass Elementary School","63","Oakland","LEA School","Elementary","City: Small","Oakland Region","5","05","Mathematics","Native Hawaiian or Other Pacific Islander","< 10","< 10","< 10","< 10","< 10","< 10","< 10","< 10"
"18 - 19 School Year","63","Oakland Schools","63150","Troy School District","06939","Wass Elementary School","63","Oakland","LEA School","Elementary","City: Small","Oakland Region","5","05","Mathematics","Not Economically Disadvantaged","32","28","< 10","50.80","44.40","< 5","63","69.70"
"18 - 19 School Year","63","Oakland Schools","63150","Troy School District","06939","Wass Elementary School","63","Oakland","LEA School","Elementary","City: Small","Oakland Region","5","05","Mathematics","Economically Disadvantaged","< 10","< 10","< 10","< 10","< 10","< 10","< 10","< 10"
"18 - 19 School Year","63","Oakland Schools","63150","Troy School District","06939","Wass Elementary School","63","Oakland","LEA School","Elementary","City: Small","Oakland Region","5","05","Mathematics","All Students","34","30","< 10","47.20","41.70","11.10","72","66.60"
"18 - 19 School Year","63","Oakland Schools","63150","Troy School District","06939","Wass Elementary School","63","Oakland","LEA School","Elementary","City: Small","Oakland Region","5","04","Mathematics","All Students","26","30","10","39.40","45.50","15.20","66","59.20"
"18 - 19 School Year","63","Oakland Schools","63150","Troy School District","06939","Wass Elementary School","63","Oakland","LEA School","Elementary","City: Small","Oakland Region","5","04","Mathematics","Economically Disadvantaged","< 10","< 10","< 10","< 10","< 10","< 10","< 10","< 10"
"18 - 19 School Year","63","Oakland Schools","63150","Troy School District","06939","Wass Elementary School","63","Oakland","LEA School","Elementary","City: Small","Oakland Region","5","04","Mathematics","Not Economically Disadvantaged","23","28","10","37.70","45.90","16.40","61","58.10"
"18 - 19 School Year","63","Oakland Schools","63150","Troy School District","06939","Wass Elementary School","63","Oakland","LEA School","Elementary","City: Small","Oakland Region","5","04","Mathematics","Black, not of Hispanic origin","< 10","< 10","< 10","< 10","< 10","< 10","< 10","< 10"
"18 - 19 School Year","63","Oakland Schools","63150","Troy School District","06939","Wass Elementary School","63","Oakland","LEA School","Elementary","City: Small","Oakland Region","5","04","Mathematics","Hispanic","< 10","< 10","< 10","< 10","< 10","< 10","< 10","< 10"
"18 - 19 School Year","63","Oakland Schools","63150","Troy School District","06939","Wass Elementary School","63","Oakland","LEA School","Elementary","City: Small","Oakland Region","5","04","Mathematics","White, not of Hispanic origin","13","20","< 10","35.10","54.10","10.80","37","58.20"
"18 - 19 School Year","63","Oakland Schools","63150","Troy School District","06939","Wass Elementary School","63","Oakland","LEA School","Elementary","City: Small","Oakland Region","5","04","Mathematics","Two or More Races","< 10","< 10","< 10","< 10","< 10","< 10","< 10","< 10"
"18 - 19 School Year","63","Oakland Schools","63150","Troy School District","06939","Wass Elementary School","63","Oakland","LEA School","Elementary","City: Small","Oakland Region","5","04","Mathematics","Asian","12","< 10","< 10","54.50","31.80","13.60","22","65.60"
"18 - 19 School Year","63","Oakland Schools","63150","Troy School District","06939","Wass Elementary School","63","Oakland","LEA School","Elementary","City: Small","Oakland Region","5","04","Mathematics","Male","14","17","< 10","36.80","44.70","18.40","38","58.20"
"18 - 19 School Year","63","Oakland Schools","63150","Troy School District","06939","Wass Elementary School","63","Oakland","LEA School","Elementary","City: Small","Oakland Region","5","04","Mathematics","Female","12","13","< 10","42.90","46.40","10.70","28","60.50"
"18 - 19 School Year","63","Oakland Schools","63150","Troy School District","06939","Wass Elementary School","63","Oakland","LEA School","Elementary","City: Small","Oakland Region","5","04","Mathematics","English Learners","< 10","< 10","< 10","70.00","20.00","10.00","10","71.40"
"18 - 19 School Year","63","Oakland Schools","63150","Troy School District","06939","Wass Elementary School","63","Oakland","LEA School","Elementary","City: Small","Oakland Region","5","04","Mathematics","Not English Learners","19","28","< 10","33.90","50.00","16.10","56","57.00"
"18 - 19 School Year","63","Oakland Schools","63150","Troy School District","06939","Wass Elementary School","63","Oakland","LEA School","Elementary","City: Small","Oakland Region","5","04","Mathematics","Not Migrant","26","30","10","39.40","45.50","15.20","66","59.20"
"18 - 19 School Year","63","Oakland Schools","63150","Troy School District","06940","Bemis Elementary School","63","Oakland","LEA School","Elementary","City: Small","Oakland Region","5","All Grades","English Language Arts","Students without Disabilities","68","75","29","39.50","43.60","16.90","172","60.10"
"18 - 19 School Year","63","Oakland Schools","63150","Troy School District","06940","Bemis Elementary School","63","Oakland","LEA School","Elementary","City: Small","Oakland Region","5","05","English Language Arts","Students without Disabilities","37","42","16","38.90","44.20","16.80","95","59.60"
"18 - 19 School Year","63","Oakland Schools","63150","Troy School District","06940","Bemis Elementary School","63","Oakland","LEA School","Elementary","City: Small","Oakland Region","5","04","English Language Arts","Students without Disabilities","31","33","13","40.30","42.90","16.90","77","60.60"
"18 - 19 School Year","63","Oakland Schools","63150","Troy School District","06940","Bemis Elementary School","63","Oakland","LEA School","Elementary","City: Small","Oakland Region","5","04","English Language Arts","Not Migrant","31","36","13","38.80","45.00","16.30","80","60.50"
"18 - 19 School Year","63","Oakland Schools","63150","Troy School District","06940","Bemis Elementary School","63","Oakland","LEA School","Elementary","City: Small","Oakland Region","5","04","English Language Arts","Not English Learners","29","31","11","40.80","43.70","15.50","71","61.20"
"18 - 19 School Year","63","Oakland Schools","63150","Troy School District","06940","Bemis Elementary School","63","Oakland","LEA School","Elementary","City: Small","Oakland Region","5","04","English Language Arts","English Learners","< 10","< 10","< 10","< 10","< 10","< 10","< 10","< 10"
"18 - 19 School Year","63","Oakland Schools","63150","Troy School District","06940","Bemis Elementary School","63","Oakland","LEA School","Elementary","City: Small","Oakland Region","5","04","English Language Arts","Female","15","16","< 10","42.90","45.70","11.40","35","61.90"
"18 - 19 School Year","63","Oakland Schools","63150","Troy School District","06940","Bemis Elementary School","63","Oakland","LEA School","Elementary","City: Small","Oakland Region","5","04","English Language Arts","Male","16","20","< 10","35.60","44.40","20.00","45","59.30"
"18 - 19 School Year","63","Oakland Schools","63150","Troy School District","06940","Bemis Elementary School","63","Oakland","LEA School","Elementary","City: Small","Oakland Region","5","04","English Language Arts","Asian","22","23","< 10","42.30","44.20","13.50","52","62.20"
"18 - 19 School Year","63","Oakland Schools","63150","Troy School District","06940","Bemis Elementary School","63","Oakland","LEA School","Elementary","City: Small","Oakland Region","5","04","English Language Arts","White, not of Hispanic origin","< 10","11","< 10","33.30","45.80","20.80","24","57.80"
"18 - 19 School Year","63","Oakland Schools","63150","Troy School District","06940","Bemis Elementary School","63","Oakland","LEA School","Elementary","City: Small","Oakland Region","5","04","English Language Arts","Black, not of Hispanic origin","< 10","< 10","< 10","< 10","< 10","< 10","< 10","< 10"
"18 - 19 School Year","63","Oakland Schools","63150","Troy School District","06940","Bemis Elementary School","63","Oakland","LEA School","Elementary","City: Small","Oakland Region","5","04","English Language Arts","Not Economically Disadvantaged","28","35","12","37.30","46.70","16.00","75","59.90"
"18 - 19 School Year","63","Oakland Schools","63150","Troy School District","06940","Bemis Elementary School","63","Oakland","LEA School","Elementary","City: Small","Oakland Region","5","04","English Language Arts","Economically Disadvantaged","< 10","< 10","< 10","< 10","< 10","< 10","< 10","< 10"
"18 - 19 School Year","63","Oakland Schools","63150","Troy School District","06940","Bemis Elementary School","63","Oakland","LEA School","Elementary","City: Small","Oakland Region","5","04","English Language Arts","All Students","31","36","13","38.80","45.00","16.30","80","60.50"
"18 - 19 School Year","63","Oakland Schools","63150","Troy School District","06940","Bemis Elementary School","63","Oakland","LEA School","Elementary","City: Small","Oakland Region","5","04","Mathematics","Students without Disabilities","27","43","< 10","34.20","54.40","11.40","79","61.80"
"18 - 19 School Year","63","Oakland Schools","63150","Troy School District","06940","Bemis Elementary School","63","Oakland","LEA School","Elementary","City: Small","Oakland Region","5","05","Mathematics","Students without Disabilities","61","29","< 10","62.20","29.60","8.20","98","73.00"
"18 - 19 School Year","63","Oakland Schools","63150","Troy School District","06940","Bemis Elementary School","63","Oakland","LEA School","Elementary","City: Small","Oakland Region","5","All Grades","Mathematics","Students without Disabilities","88","72","17","49.70","40.70","9.60","177","68.00"
"18 - 19 School Year","63","Oakland Schools","63150","Troy School District","06940","Bemis Elementary School","63","Oakland","LEA School","Elementary","City: Small","Oakland Region","5","05","Mathematics","Students with Disabilities","< 10","< 10","< 10","< 10","< 10","< 10","< 10","< 10"
"18 - 19 School Year","63","Oakland Schools","63150","Troy School District","06940","Bemis Elementary School","63","Oakland","LEA School","Elementary","City: Small","Oakland Region","5","04","Mathematics","Students with Disabilities","< 10","< 10","< 10","< 10","< 10","< 10","< 10","< 10"
"18 - 19 School Year","63","Oakland Schools","63150","Troy School District","06940","Bemis Elementary School","63","Oakland","LEA School","Elementary","City: Small","Oakland Region","5","All Grades","Mathematics","Students with Disabilities","< 10","< 10","< 10","< 10","< 10","< 10","< 10","< 10"
"18 - 19 School Year","63","Oakland Schools","63150","Troy School District","06940","Bemis Elementary School","63","Oakland","LEA School","Elementary","City: Small","Oakland Region","5","All Grades","English Language Arts","Students with Disabilities","< 10","< 10","< 10","< 10","< 10","< 10","< 10","< 10"
"18 - 19 School Year","63","Oakland Schools","63150","Troy School District","06940","Bemis Elementary School","63","Oakland","LEA School","Elementary","City: Small","Oakland Region","5","05","English Language Arts","Students with Disabilities","< 10","< 10","< 10","< 10","< 10","< 10","< 10","< 10"
"18 - 19 School Year","63","Oakland Schools","63150","Troy School District","06940","Bemis Elementary School","63","Oakland","LEA School","Elementary","City: Small","Oakland Region","5","05","English Language Arts","Not Migrant","38","45","17","38.00","45.00","17.00","100","59.50"
"18 - 19 School Year","63","Oakland Schools","63150","Troy School District","06940","Bemis Elementary School","63","Oakland","LEA School","Elementary","City: Small","Oakland Region","5","05","English Language Arts","Not English Learners","36","41","17","38.30","43.60","18.10","94","58.70"
"18 - 19 School Year","63","Oakland Schools","63150","Troy School District","06940","Bemis Elementary School","63","Oakland","LEA School","Elementary","City: Small","Oakland Region","5","05","English Language Arts","English Learners","< 10","< 10","< 10","< 10","< 10","< 10","< 10","< 10"
"18 - 19 School Year","63","Oakland Schools","63150","Troy School District","06940","Bemis Elementary School","63","Oakland","LEA School","Elementary","City: Small","Oakland Region","5","05","English Language Arts","Female","22","23","10","40.00","41.80","18.20","55","58.90"
"18 - 19 School Year","63","Oakland Schools","63150","Troy School District","06940","Bemis Elementary School","63","Oakland","LEA School","Elementary","City: Small","Oakland Region","5","05","English Language Arts","Male","16","22","< 10","35.60","48.90","15.60","45","60.30"
"18 - 19 School Year","63","Oakland Schools","63150","Troy School District","06940","Bemis Elementary School","63","Oakland","LEA School","Elementary","City: Small","Oakland Region","5","05","English Language Arts","Asian","32","29","12","43.80","39.70","16.40","73","61.90"
"18 - 19 School Year","63","Oakland Schools","63150","Troy School District","06940","Bemis Elementary School","63","Oakland","LEA School","Elementary","City: Small","Oakland Region","5","05","English Language Arts","Two or More Races","< 10","< 10","< 10","< 10","< 10","< 10","< 10","< 10"
"18 - 19 School Year","63","Oakland Schools","63150","Troy School District","06940","Bemis Elementary School","63","Oakland","LEA School","Elementary","City: Small","Oakland Region","5","05","English Language Arts","White, not of Hispanic origin","< 10","11","< 10","17.60","64.70","17.60","17","51.60"
"18 - 19 School Year","63","Oakland Schools","63150","Troy School District","06940","Bemis Elementary School","63","Oakland","LEA School","Elementary","City: Small","Oakland Region","5","05","English Language Arts","Hispanic","< 10","< 10","< 10","< 10","< 10","< 10","< 10","< 10"
"18 - 19 School Year","63","Oakland Schools","63150","Troy School District","06940","Bemis Elementary School","63","Oakland","LEA School","Elementary","City: Small","Oakland Region","5","05","English Language Arts","Black, not of Hispanic origin","< 10","< 10","< 10","< 10","< 10","< 10","< 10","< 10"
"18 - 19 School Year","63","Oakland Schools","63150","Troy School District","06940","Bemis Elementary School","63","Oakland","LEA School","Elementary","City: Small","Oakland Region","5","05","English Language Arts","Not Economically Disadvantaged","37","42","17","38.50","43.80","17.70","96","59.40"
"18 - 19 School Year","63","Oakland Schools","63150","Troy School District","06940","Bemis Elementary School","63","Oakland","LEA School","Elementary","City: Small","Oakland Region","5","05","English Language Arts","Economically Disadvantaged","< 10","< 10","< 10","< 10","< 10","< 10","< 10","< 10"
"18 - 19 School Year","63","Oakland Schools","63150","Troy School District","06940","Bemis Elementary School","63","Oakland","LEA School","Elementary","City: Small","Oakland Region","5","05","English Language Arts","All Students","38","45","17","38.00","45.00","17.00","100","59.50"
"18 - 19 School Year","63","Oakland Schools","63150","Troy School District","06940","Bemis Elementary School","63","Oakland","LEA School","Elementary","City: Small","Oakland Region","5","All Grades","English Language Arts","All Students","69","81","30","38.30","45.00","16.70","180","59.90"
"18 - 19 School Year","63","Oakland Schools","63150","Troy School District","06940","Bemis Elementary School","63","Oakland","LEA School","Elementary","City: Small","Oakland Region","5","All Grades","English Language Arts","Economically Disadvantaged","< 10","< 10","< 10","< 10","< 10","< 10","< 10","< 10"
"18 - 19 School Year","63","Oakland Schools","63150","Troy School District","06940","Bemis Elementary School","63","Oakland","LEA School","Elementary","City: Small","Oakland Region","5","All Grades","English Language Arts","Not Economically Disadvantaged","65","77","29","38.00","45.00","17.00","171","59.60"
"18 - 19 School Year","63","Oakland Schools","63150","Troy School District","06940","Bemis Elementary School","63","Oakland","LEA School","Elementary","City: Small","Oakland Region","5","All Grades","English Language Arts","Black, not of Hispanic origin","< 10","< 10","< 10","< 10","< 10","< 10","< 10","< 10"
"18 - 19 School Year","63","Oakland Schools","63150","Troy School District","06940","Bemis Elementary School","63","Oakland","LEA School","Elementary","City: Small","Oakland Region","5","All Grades","English Language Arts","Hispanic","< 10","< 10","< 10","< 10","< 10","< 10","< 10","< 10"
"18 - 19 School Year","63","Oakland Schools","63150","Troy School District","06940","Bemis Elementary School","63","Oakland","LEA School","Elementary","City: Small","Oakland Region","5","All Grades","English Language Arts","White, not of Hispanic origin","11","22","< 10","26.80","53.70","19.50","41","55.20"
"18 - 19 School Year","63","Oakland Schools","63150","Troy School District","06940","Bemis Elementary School","63","Oakland","LEA School","Elementary","City: Small","Oakland Region","5","All Grades","English Language Arts","Not Migrant","69","81","30","38.30","45.00","16.70","180","59.90"
"18 - 19 School Year","63","Oakland Schools","63150","Troy School District","06940","Bemis Elementary School","63","Oakland","LEA School","Elementary","City: Small","Oakland Region","5","All Grades","English Language Arts","Not English Learners","65","72","28","39.40","43.60","17.00","165","59.80"
"18 - 19 School Year","63","Oakland Schools","63150","Troy School District","06940","Bemis Elementary School","63","Oakland","LEA School","Elementary","City: Small","Oakland Region","5","All Grades","English Language Arts","English Learners","< 10","< 10","< 10","26.70","60.00","13.30","15","61.70"
"18 - 19 School Year","63","Oakland Schools","63150","Troy School District","06940","Bemis Elementary School","63","Oakland","LEA School","Elementary","City: Small","Oakland Region","5","All Grades","English Language Arts","Female","37","39","14","41.10","43.30","15.60","90","60.10"
"18 - 19 School Year","63","Oakland Schools","63150","Troy School District","06940","Bemis Elementary School","63","Oakland","LEA School","Elementary","City: Small","Oakland Region","5","All Grades","English Language Arts","Male","32","42","16","35.60","46.70","17.80","90","59.80"
"18 - 19 School Year","63","Oakland Schools","63150","Troy School District","06940","Bemis Elementary School","63","Oakland","LEA School","Elementary","City: Small","Oakland Region","5","All Grades","English Language Arts","Asian","54","52","19","43.20","41.60","15.20","125","62.10"
"18 - 19 School Year","63","Oakland Schools","63150","Troy School District","06940","Bemis Elementary School","63","Oakland","LEA School","Elementary","City: Small","Oakland Region","5","All Grades","English Language Arts","Two or More Races","< 10","< 10","< 10","< 10","< 10","< 10","< 10","< 10"
"18 - 19 School Year","63","Oakland Schools","63150","Troy School District","06940","Bemis Elementary School","63","Oakland","LEA School","Elementary","City: Small","Oakland Region","5","05","Mathematics","All Students","64","31","< 10","62.10","30.10","7.80","103","73.20"
"18 - 19 School Year","63","Oakland Schools","63150","Troy School District","06940","Bemis Elementary School","63","Oakland","LEA School","Elementary","City: Small","Oakland Region","5","All Grades","Mathematics","All Students","92","76","17","49.70","41.10","9.20","185","68.00"
"18 - 19 School Year","63","Oakland Schools","63150","Troy School District","06940","Bemis Elementary School","63","Oakland","LEA School","Elementary","City: Small","Oakland Region","5","05","Mathematics","Economically Disadvantaged","< 10","< 10","< 10","< 10","< 10","< 10","< 10","< 10"
"18 - 19 School Year","63","Oakland Schools","63150","Troy School District","06940","Bemis Elementary School","63","Oakland","LEA School","Elementary","City: Small","Oakland Region","5","05","Mathematics","Not Economically Disadvantaged","60","30","< 10","61.20","30.60","8.20","98","72.70"
"18 - 19 School Year","63","Oakland Schools","63150","Troy School District","06940","Bemis Elementary School","63","Oakland","LEA School","Elementary","City: Small","Oakland Region","5","05","Mathematics","Black, not of Hispanic origin","< 10","< 10","< 10","< 10","< 10","< 10","< 10","< 10"
"18 - 19 School Year","63","Oakland Schools","63150","Troy School District","06940","Bemis Elementary School","63","Oakland","LEA School","Elementary","City: Small","Oakland Region","5","05","Mathematics","Hispanic","< 10","< 10","< 10","< 10","< 10","< 10","< 10","< 10"
"18 - 19 School Year","63","Oakland Schools","63150","Troy School District","06940","Bemis Elementary School","63","Oakland","LEA School","Elementary","City: Small","Oakland Region","5","05","Mathematics","White, not of Hispanic origin","< 10","< 10","< 10","52.90","35.30","11.80","17","69.10"
"18 - 19 School Year","63","Oakland Schools","63150","Troy School District","06940","Bemis Elementary School","63","Oakland","LEA School","Elementary","City: Small","Oakland Region","5","05","Mathematics","Two or More Races","< 10","< 10","< 10","< 10","< 10","< 10","< 10","< 10"
"18 - 19 School Year","63","Oakland Schools","63150","Troy School District","06940","Bemis Elementary School","63","Oakland","LEA School","Elementary","City: Small","Oakland Region","5","05","Mathematics","Asian","50","21","< 10","65.80","27.60","6.60","76","75.20"
"18 - 19 School Year","63","Oakland Schools","63150","Troy School District","06940","Bemis Elementary School","63","Oakland","LEA School","Elementary","City: Small","Oakland Region","5","05","Mathematics","Male","31","13","< 10","66.00","27.70","6.40","47","73.60"
"18 - 19 School Year","63","Oakland Schools","63150","Troy School District","06940","Bemis Elementary School","63","Oakland","LEA School","Elementary","City: Small","Oakland Region","5","05","Mathematics","Female","33","18","< 10","58.90","32.10","8.90","56","72.80"
"18 - 19 School Year","63","Oakland Schools","63150","Troy School District","06940","Bemis Elementary School","63","Oakland","LEA School","Elementary","City: Small","Oakland Region","5","05","Mathematics","English Learners","< 10","< 10","< 10","< 10","< 10","< 10","< 10","< 10"
"18 - 19 School Year","63","Oakland Schools","63150","Troy School District","06940","Bemis Elementary School","63","Oakland","LEA School","Elementary","City: Small","Oakland Region","5","05","Mathematics","Not English Learners","58","30","< 10","60.40","31.30","8.30","96","72.70"
"18 - 19 School Year","63","Oakland Schools","63150","Troy School District","06940","Bemis Elementary School","63","Oakland","LEA School","Elementary","City: Small","Oakland Region","5","05","Mathematics","Not Migrant","64","31","< 10","62.10","30.10","7.80","103","73.20"
"18 - 19 School Year","63","Oakland Schools","63150","Troy School District","06940","Bemis Elementary School","63","Oakland","LEA School","Elementary","City: Small","Oakland Region","5","04","Mathematics","Not Economically Disadvantaged","26","42","< 10","34.20","55.30","10.50","76","61.90"
"18 - 19 School Year","63","Oakland Schools","63150","Troy School District","06940","Bemis Elementary School","63","Oakland","LEA School","Elementary","City: Small","Oakland Region","5","04","English Language Arts","Students with Disabilities","< 10","< 10","< 10","< 10","< 10","< 10","< 10","< 10"
"18 - 19 School Year","63","Oakland Schools","63150","Troy School District","06940","Bemis Elementary School","63","Oakland","LEA School","Elementary","City: Small","Oakland Region","5","All Grades","Mathematics","Asian","72","49","< 10","55.40","37.70","6.90","130","71.40"
"18 - 19 School Year","63","Oakland Schools","63150","Troy School District","06940","Bemis Elementary School","63","Oakland","LEA School","Elementary","City: Small","Oakland Region","5","04","Mathematics","Black, not of Hispanic origin","< 10","< 10","< 10","< 10","< 10","< 10","< 10","< 10"
"18 - 19 School Year","63","Oakland Schools","63150","Troy School District","06940","Bemis Elementary School","63","Oakland","LEA School","Elementary","City: Small","Oakland Region","5","04","Mathematics","White, not of Hispanic origin","< 10","14","< 10","20.80","58.30","20.80","24","50.80"
"18 - 19 School Year","63","Oakland Schools","63150","Troy School District","06940","Bemis Elementary School","63","Oakland","LEA School","Elementary","City: Small","Oakland Region","5","04","Mathematics","Asian","22","28","< 10","40.70","51.90","7.40","54","65.90"
"18 - 19 School Year","63","Oakland Schools","63150","Troy School District","06940","Bemis Elementary School","63","Oakland","LEA School","Elementary","City: Small","Oakland Region","5","04","Mathematics","Male","16","26","< 10","34.80","56.50","8.70","46","63.70"
"18 - 19 School Year","63","Oakland Schools","63150","Troy School District","06940","Bemis Elementary School","63","Oakland","LEA School","Elementary","City: Small","Oakland Region","5","04","Mathematics","Female","12","19","< 10","33.30","52.80","13.90","36","58.80"
"18 - 19 School Year","63","Oakland Schools","63150","Troy School District","06940","Bemis Elementary School","63","Oakland","LEA School","Elementary","City: Small","Oakland Region","5","04","Mathematics","English Learners","< 10","< 10","< 10","40.00","50.00","10.00","10","63.00"
"18 - 19 School Year","63","Oakland Schools","63150","Troy School District","06940","Bemis Elementary School","63","Oakland","LEA School","Elementary","City: Small","Oakland Region","5","04","Mathematics","Not English Learners","24","40","< 10","33.30","55.60","11.10","72","61.40"
"18 - 19 School Year","63","Oakland Schools","63150","Troy School District","06940","Bemis Elementary School","63","Oakland","LEA School","Elementary","City: Small","Oakland Region","5","04","Mathematics","Not Migrant","28","45","< 10","34.10","54.90","11.00","82","61.60"
"18 - 19 School Year","63","Oakland Schools","63150","Troy School District","06940","Bemis Elementary School","63","Oakland","LEA School","Elementary","City: Small","Oakland Region","5","All Grades","Mathematics","Male","47","39","< 10","50.50","41.90","7.50","93","68.70"
"18 - 19 School Year","63","Oakland Schools","63150","Troy School District","06940","Bemis Elementary School","63","Oakland","LEA School","Elementary","City: Small","Oakland Region","5","All Grades","Mathematics","Female","45","37","10","48.90","40.20","10.90","92","67.30"
"18 - 19 School Year","63","Oakland Schools","63150","Troy School District","06940","Bemis Elementary School","63","Oakland","LEA School","Elementary","City: Small","Oakland Region","5","All Grades","Mathematics","English Learners","10","< 10","< 10","58.80","35.30","5.90","17","69.90"
"18 - 19 School Year","63","Oakland Schools","63150","Troy School District","06940","Bemis Elementary School","63","Oakland","LEA School","Elementary","City: Small","Oakland Region","5","All Grades","Mathematics","Not English Learners","82","70","16","48.80","41.70","9.50","168","67.80"
"18 - 19 School Year","63","Oakland Schools","63150","Troy School District","06940","Bemis Elementary School","63","Oakland","LEA School","Elementary","City: Small","Oakland Region","5","All Grades","Mathematics","Not Migrant","92","76","17","49.70","41.10","9.20","185","68.00"
"18 - 19 School Year","63","Oakland Schools","63150","Troy School District","06940","Bemis Elementary School","63","Oakland","LEA School","Elementary","City: Small","Oakland Region","5","04","Mathematics","All Students","28","45","< 10","34.10","54.90","11.00","82","61.60"
"18 - 19 School Year","63","Oakland Schools","63150","Troy School District","06940","Bemis Elementary School","63","Oakland","LEA School","Elementary","City: Small","Oakland Region","5","04","Mathematics","Economically Disadvantaged","< 10","< 10","< 10","< 10","< 10","< 10","< 10","< 10"
"18 - 19 School Year","63","Oakland Schools","63150","Troy School District","06940","Bemis Elementary School","63","Oakland","LEA School","Elementary","City: Small","Oakland Region","5","All Grades","Mathematics","Two or More Races","< 10","< 10","< 10","< 10","< 10","< 10","< 10","< 10"
"18 - 19 School Year","63","Oakland Schools","63150","Troy School District","06940","Bemis Elementary School","63","Oakland","LEA School","Elementary","City: Small","Oakland Region","5","All Grades","Mathematics","White, not of Hispanic origin","14","20","< 10","34.10","48.80","17.10","41","58.30"
"18 - 19 School Year","63","Oakland Schools","63150","Troy School District","06940","Bemis Elementary School","63","Oakland","LEA School","Elementary","City: Small","Oakland Region","5","All Grades","Mathematics","Hispanic","< 10","< 10","< 10","< 10","< 10","< 10","< 10","< 10"
"18 - 19 School Year","63","Oakland Schools","63150","Troy School District","06940","Bemis Elementary School","63","Oakland","LEA School","Elementary","City: Small","Oakland Region","5","All Grades","Mathematics","Black, not of Hispanic origin","< 10","< 10","< 10","< 10","< 10","< 10","< 10","< 10"
"18 - 19 School Year","63","Oakland Schools","63150","Troy School District","06940","Bemis Elementary School","63","Oakland","LEA School","Elementary","City: Small","Oakland Region","5","All Grades","Mathematics","Not Economically Disadvantaged","86","72","16","49.40","41.40","9.20","174","68.00"
"18 - 19 School Year","63","Oakland Schools","63150","Troy School District","06940","Bemis Elementary School","63","Oakland","LEA School","Elementary","City: Small","Oakland Region","5","All Grades","Mathematics","Economically Disadvantaged","< 10","< 10","< 10","54.50","36.40","9.10","11","68.80"
"18 - 19 School Year","63","Oakland Schools","63150","Troy School District","06941","Barnard Elementary School","63","Oakland","LEA School","Elementary","City: Small","Oakland Region","5","05","English Language Arts","Students without Disabilities","30","27","15","41.70","37.50","20.80","72","56.60"
"18 - 19 School Year","63","Oakland Schools","63150","Troy School District","06941","Barnard Elementary School","63","Oakland","LEA School","Elementary","City: Small","Oakland Region","5","All Grades","English Language Arts","Students without Disabilities","61","55","19","45.20","40.70","14.10","135","61.90"
"18 - 19 School Year","63","Oakland Schools","63150","Troy School District","06941","Barnard Elementary School","63","Oakland","LEA School","Elementary","City: Small","Oakland Region","5","04","English Language Arts","Students without Disabilities","31","28","< 10","49.20","44.40","6.30","63","68.10"
"18 - 19 School Year","63","Oakland Schools","63150","Troy School District","06941","Barnard Elementary School","63","Oakland","LEA School","Elementary","City: Small","Oakland Region","5","All Grades","Mathematics","Students without Disabilities","50","65","20","37.00","48.10","14.80","135","59.40"
"18 - 19 School Year","63","Oakland Schools","63150","Troy School District","06941","Barnard Elementary School","63","Oakland","LEA School","Elementary","City: Small","Oakland Region","5","04","Mathematics","Students without Disabilities","31","26","< 10","49.20","41.30","9.50","63","65.70"
"18 - 19 School Year","63","Oakland Schools","63150","Troy School District","06941","Barnard Elementary School","63","Oakland","LEA School","Elementary","City: Small","Oakland Region","5","05","Mathematics","Students without Disabilities","19","39","14","26.40","54.20","19.40","72","53.90"
"18 - 19 School Year","63","Oakland Schools","63150","Troy School District","06941","Barnard Elementary School","63","Oakland","LEA School","Elementary","City: Small","Oakland Region","5","05","Mathematics","Students with Disabilities","< 10","< 10","< 10","20.00","50.00","30.00","10","39.90"
"18 - 19 School Year","63","Oakland Schools","63150","Troy School District","06941","Barnard Elementary School","63","Oakland","LEA School","Elementary","City: Small","Oakland Region","5","04","Mathematics","Students with Disabilities","< 10","< 10","< 10","< 10","< 10","< 10","< 10","< 10"
"18 - 19 School Year","63","Oakland Schools","63150","Troy School District","06941","Barnard Elementary School","63","Oakland","LEA School","Elementary","City: Small","Oakland Region","5","All Grades","Mathematics","Students with Disabilities","< 10","< 10","< 10","37.50","43.80","18.80","16","52.60"
"18 - 19 School Year","63","Oakland Schools","63150","Troy School District","06941","Barnard Elementary School","63","Oakland","LEA School","Elementary","City: Small","Oakland Region","5","05","English Language Arts","Students with Disabilities","< 10","< 10","< 10","< 5","90.00","10.00","10","46.40"
"18 - 19 School Year","63","Oakland Schools","63150","Troy School District","06941","Barnard Elementary School","63","Oakland","LEA School","Elementary","City: Small","Oakland Region","5","04","English Language Arts","Students with Disabilities","< 10","< 10","< 10","< 10","< 10","< 10","< 10","< 10"
"18 - 19 School Year","63","Oakland Schools","63150","Troy School District","06941","Barnard Elementary School","63","Oakland","LEA School","Elementary","City: Small","Oakland Region","5","All Grades","English Language Arts","Students with Disabilities","< 10","10","< 10","18.80","62.50","18.80","16","49.80"
"18 - 19 School Year","63","Oakland Schools","63150","Troy School District","06941","Barnard Elementary School","63","Oakland","LEA School","Elementary","City: Small","Oakland Region","5","04","English Language Arts","Not Migrant","34","29","< 10","49.30","42.00","8.70","69","67.00"
"18 - 19 School Year","63","Oakland Schools","63150","Troy School District","06941","Barnard Elementary School","63","Oakland","LEA School","Elementary","City: Small","Oakland Region","5","04","English Language Arts","Not English Learners","28","22","< 10","53.80","42.30","< 5","52","70.70"
"18 - 19 School Year","63","Oakland Schools","63150","Troy School District","06941","Barnard Elementary School","63","Oakland","LEA School","Elementary","City: Small","Oakland Region","5","04","English Language Arts","English Learners","< 10","< 10","< 10","35.30","41.20","23.50","17","55.70"
"18 - 19 School Year","63","Oakland Schools","63150","Troy School District","06941","Barnard Elementary School","63","Oakland","LEA School","Elementary","City: Small","Oakland Region","5","04","English Language Arts","Female","12","11","< 10","48.00","44.00","8.00","25","66.00"
"18 - 19 School Year","63","Oakland Schools","63150","Troy School District","06941","Barnard Elementary School","63","Oakland","LEA School","Elementary","City: Small","Oakland Region","5","04","English Language Arts","Male","22","18","< 10","50.00","40.90","9.10","44","67.50"
"18 - 19 School Year","63","Oakland Schools","63150","Troy School District","06941","Barnard Elementary School","63","Oakland","LEA School","Elementary","City: Small","Oakland Region","5","04","English Language Arts","Asian","< 10","< 10","< 10","42.10","47.40","10.50","19","60.80"
"18 - 19 School Year","63","Oakland Schools","63150","Troy School District","06941","Barnard Elementary School","63","Oakland","LEA School","Elementary","City: Small","Oakland Region","5","All Grades","English Language Arts","Not Migrant","64","65","22","42.40","43.00","14.60","151","60.60"
"18 - 19 School Year","63","Oakland Schools","63150","Troy School District","06941","Barnard Elementary School","63","Oakland","LEA School","Elementary","City: Small","Oakland Region","5","All Grades","English Language Arts","Not English Learners","55","51","15","45.50","42.10","12.40","121","63.10"
"18 - 19 School Year","63","Oakland Schools","63150","Troy School District","06941","Barnard Elementary School","63","Oakland","LEA School","Elementary","City: Small","Oakland Region","5","All Grades","English Language Arts","English Learners","< 10","14","< 10","30.00","46.70","23.30","30","50.80"
"18 - 19 School Year","63","Oakland Schools","63150","Troy School District","06941","Barnard Elementary School","63","Oakland","LEA School","Elementary","City: Small","Oakland Region","5","All Grades","English Language Arts","Female","28","23","< 10","46.70","38.30","15.00","60","61.10"
"18 - 19 School Year","63","Oakland Schools","63150","Troy School District","06941","Barnard Elementary School","63","Oakland","LEA School","Elementary","City: Small","Oakland Region","5","All Grades","English Language Arts","Male","36","42","13","39.60","46.20","14.30","91","60.40"
"18 - 19 School Year","63","Oakland Schools","63150","Troy School District","06941","Barnard Elementary School","63","Oakland","LEA School","Elementary","City: Small","Oakland Region","5","All Grades","English Language Arts","Asian","18","22","< 10","41.90","51.20","7.00","43","61.50"
"18 - 19 School Year","63","Oakland Schools","63150","Troy School District","06941","Barnard Elementary School","63","Oakland","LEA School","Elementary","City: Small","Oakland Region","5","All Grades","English Language Arts","Two or More Races","< 10","< 10","< 10","< 10","< 10","< 10","< 10","< 10"
"18 - 19 School Year","63","Oakland Schools","63150","Troy School District","06941","Barnard Elementary School","63","Oakland","LEA School","Elementary","City: Small","Oakland Region","5","All Grades","English Language Arts","White, not of Hispanic origin","41","34","17","44.60","37.00","18.50","92","60.40"
"18 - 19 School Year","63","Oakland Schools","63150","Troy School District","06941","Barnard Elementary School","63","Oakland","LEA School","Elementary","City: Small","Oakland Region","5","All Grades","English Language Arts","Hispanic","< 10","< 10","< 10","< 10","< 10","< 10","< 10","< 10"
"18 - 19 School Year","63","Oakland Schools","63150","Troy School District","06941","Barnard Elementary School","63","Oakland","LEA School","Elementary","City: Small","Oakland Region","5","All Grades","English Language Arts","Black, not of Hispanic origin","< 10","< 10","< 10","< 10","< 10","< 10","< 10","< 10"
"18 - 19 School Year","63","Oakland Schools","63150","Troy School District","06941","Barnard Elementary School","63","Oakland","LEA School","Elementary","City: Small","Oakland Region","5","All Grades","English Language Arts","Not Economically Disadvantaged","48","51","20","40.30","42.90","16.80","119","58.90"
"18 - 19 School Year","63","Oakland Schools","63150","Troy School District","06941","Barnard Elementary School","63","Oakland","LEA School","Elementary","City: Small","Oakland Region","5","All Grades","English Language Arts","Economically Disadvantaged","16","14","< 10","50.00","43.80","6.30","32","67.30"
"18 - 19 School Year","63","Oakland Schools","63150","Troy School District","06941","Barnard Elementary School","63","Oakland","LEA School","Elementary","City: Small","Oakland Region","5","All Grades","English Language Arts","All Students","64","65","22","42.40","43.00","14.60","151","60.60"
"18 - 19 School Year","63","Oakland Schools","63150","Troy School District","06941","Barnard Elementary School","63","Oakland","LEA School","Elementary","City: Small","Oakland Region","5","04","English Language Arts","Two or More Races","< 10","< 10","< 10","< 10","< 10","< 10","< 10","< 10"
"18 - 19 School Year","63","Oakland Schools","63150","Troy School District","06941","Barnard Elementary School","63","Oakland","LEA School","Elementary","City: Small","Oakland Region","5","04","English Language Arts","White, not of Hispanic origin","23","17","< 10","53.50","39.50","7.00","43","69.50"
"18 - 19 School Year","63","Oakland Schools","63150","Troy School District","06941","Barnard Elementary School","63","Oakland","LEA School","Elementary","City: Small","Oakland Region","5","04","English Language Arts","Hispanic","< 10","< 10","< 10","< 10","< 10","< 10","< 10","< 10"
"18 - 19 School Year","63","Oakland Schools","63150","Troy School District","06941","Barnard Elementary School","63","Oakland","LEA School","Elementary","City: Small","Oakland Region","5","04","English Language Arts","Black, not of Hispanic origin","< 10","< 10","< 10","< 10","< 10","< 10","< 10","< 10"
"18 - 19 School Year","63","Oakland Schools","63150","Troy School District","06941","Barnard Elementary School","63","Oakland","LEA School","Elementary","City: Small","Oakland Region","5","04","English Language Arts","Not Economically Disadvantaged","26","22","< 10","49.10","41.50","9.40","53","66.50"
"18 - 19 School Year","63","Oakland Schools","63150","Troy School District","06941","Barnard Elementary School","63","Oakland","LEA School","Elementary","City: Small","Oakland Region","5","04","English Language Arts","Economically Disadvantaged","< 10","< 10","< 10","50.00","43.80","6.30","16","68.60"
"18 - 19 School Year","63","Oakland Schools","63150","Troy School District","06941","Barnard Elementary School","63","Oakland","LEA School","Elementary","City: Small","Oakland Region","5","04","English Language Arts","All Students","34","29","< 10","49.30","42.00","8.70","69","67.00"
"18 - 19 School Year","63","Oakland Schools","63150","Troy School District","06941","Barnard Elementary School","63","Oakland","LEA School","Elementary","City: Small","Oakland Region","5","05","English Language Arts","Not Migrant","30","36","16","36.60","43.90","19.50","82","55.30"
"18 - 19 School Year","63","Oakland Schools","63150","Troy School District","06941","Barnard Elementary School","63","Oakland","LEA School","Elementary","City: Small","Oakland Region","5","05","English Language Arts","Not English Learners","27","29","13","39.10","42.00","18.80","69","57.40"
"18 - 19 School Year","63","Oakland Schools","63150","Troy School District","06941","Barnard Elementary School","63","Oakland","LEA School","Elementary","City: Small","Oakland Region","5","05","English Language Arts","English Learners","< 10","< 10","< 10","23.10","53.80","23.10","13","44.30"
"18 - 19 School Year","63","Oakland Schools","63150","Troy School District","06941","Barnard Elementary School","63","Oakland","LEA School","Elementary","City: Small","Oakland Region","5","05","English Language Arts","Female","16","12","< 10","45.70","34.30","20.00","35","57.60"
"18 - 19 School Year","63","Oakland Schools","63150","Troy School District","06941","Barnard Elementary School","63","Oakland","LEA School","Elementary","City: Small","Oakland Region","5","05","English Language Arts","Male","14","24","< 10","29.80","51.10","19.10","47","53.60"
"18 - 19 School Year","63","Oakland Schools","63150","Troy School District","06941","Barnard Elementary School","63","Oakland","LEA School","Elementary","City: Small","Oakland Region","5","05","English Language Arts","Asian","10","13","< 10","41.70","54.20","< 5","24","62.00"
"18 - 19 School Year","63","Oakland Schools","63150","Troy School District","06941","Barnard Elementary School","63","Oakland","LEA School","Elementary","City: Small","Oakland Region","5","05","English Language Arts","Two or More Races","< 10","< 10","< 10","< 10","< 10","< 10","< 10","< 10"
"18 - 19 School Year","63","Oakland Schools","63150","Troy School District","06941","Barnard Elementary School","63","Oakland","LEA School","Elementary","City: Small","Oakland Region","5","05","English Language Arts","White, not of Hispanic origin","18","17","14","36.70","34.70","28.60","49","52.40"
"18 - 19 School Year","63","Oakland Schools","63150","Troy School District","06941","Barnard Elementary School","63","Oakland","LEA School","Elementary","City: Small","Oakland Region","5","05","English Language Arts","Hispanic","< 10","< 10","< 10","< 10","< 10","< 10","< 10","< 10"
"18 - 19 School Year","63","Oakland Schools","63150","Troy School District","06941","Barnard Elementary School","63","Oakland","LEA School","Elementary","City: Small","Oakland Region","5","05","English Language Arts","Black, not of Hispanic origin","< 10","< 10","< 10","< 10","< 10","< 10","< 10","< 10"
"18 - 19 School Year","63","Oakland Schools","63150","Troy School District","06941","Barnard Elementary School","63","Oakland","LEA School","Elementary","City: Small","Oakland Region","5","05","English Language Arts","Not Economically Disadvantaged","22","29","15","33.30","43.90","22.70","66","52.70"
"18 - 19 School Year","63","Oakland Schools","63150","Troy School District","06941","Barnard Elementary School","63","Oakland","LEA School","Elementary","City: Small","Oakland Region","5","05","English Language Arts","Economically Disadvantaged","< 10","< 10","< 10","50.00","43.80","6.30","16","66.00"
"18 - 19 School Year","63","Oakland Schools","63150","Troy School District","06941","Barnard Elementary School","63","Oakland","LEA School","Elementary","City: Small","Oakland Region","5","05","English Language Arts","All Students","30","36","16","36.60","43.90","19.50","82","55.30"
"18 - 19 School Year","63","Oakland Schools","63150","Troy School District","06941","Barnard Elementary School","63","Oakland","LEA School","Elementary","City: Small","Oakland Region","5","All Grades","Mathematics","Not Migrant","56","72","23","37.10","47.70","15.20","151","58.70"
"18 - 19 School Year","63","Oakland Schools","63150","Troy School District","06941","Barnard Elementary School","63","Oakland","LEA School","Elementary","City: Small","Oakland Region","5","All Grades","Mathematics","Not English Learners","46","57","18","38.00","47.10","14.90","121","58.80"
"18 - 19 School Year","63","Oakland Schools","63150","Troy School District","06941","Barnard Elementary School","63","Oakland","LEA School","Elementary","City: Small","Oakland Region","5","All Grades","Mathematics","English Learners","10","15","< 10","33.30","50.00","16.70","30","58.10"
"18 - 19 School Year","63","Oakland Schools","63150","Troy School District","06941","Barnard Elementary School","63","Oakland","LEA School","Elementary","City: Small","Oakland Region","5","All Grades","Mathematics","Female","17","31","12","28.30","51.70","20.00","60","53.40"
"18 - 19 School Year","63","Oakland Schools","63150","Troy School District","06941","Barnard Elementary School","63","Oakland","LEA School","Elementary","City: Small","Oakland Region","5","All Grades","Mathematics","Male","39","41","11","42.90","45.10","12.10","91","62.20"
"18 - 19 School Year","63","Oakland Schools","63150","Troy School District","06941","Barnard Elementary School","63","Oakland","LEA School","Elementary","City: Small","Oakland Region","5","All Grades","Mathematics","Asian","18","20","< 10","41.90","46.50","11.60","43","63.40"
"18 - 19 School Year","63","Oakland Schools","63150","Troy School District","06941","Barnard Elementary School","63","Oakland","LEA School","Elementary","City: Small","Oakland Region","5","All Grades","Mathematics","Two or More Races","< 10","< 10","< 10","< 10","< 10","< 10","< 10","< 10"
"18 - 19 School Year","63","Oakland Schools","63150","Troy School District","06941","Barnard Elementary School","63","Oakland","LEA School","Elementary","City: Small","Oakland Region","5","All Grades","Mathematics","White, not of Hispanic origin","33","44","15","35.90","47.80","16.30","92","57.80"
"18 - 19 School Year","63","Oakland Schools","63150","Troy School District","06941","Barnard Elementary School","63","Oakland","LEA School","Elementary","City: Small","Oakland Region","5","All Grades","Mathematics","Hispanic","< 10","< 10","< 10","< 10","< 10","< 10","< 10","< 10"
"18 - 19 School Year","63","Oakland Schools","63150","Troy School District","06941","Barnard Elementary School","63","Oakland","LEA School","Elementary","City: Small","Oakland Region","5","All Grades","Mathematics","Black, not of Hispanic origin","< 10","< 10","< 10","< 10","< 10","< 10","< 10","< 10"
"18 - 19 School Year","63","Oakland Schools","63150","Troy School District","06941","Barnard Elementary School","63","Oakland","LEA School","Elementary","City: Small","Oakland Region","5","All Grades","Mathematics","Not Economically Disadvantaged","45","56","18","37.80","47.10","15.10","119","59.00"
"18 - 19 School Year","63","Oakland Schools","63150","Troy School District","06941","Barnard Elementary School","63","Oakland","LEA School","Elementary","City: Small","Oakland Region","5","All Grades","Mathematics","Economically Disadvantaged","11","16","< 10","34.40","50.00","15.60","32","57.30"
"18 - 19 School Year","63","Oakland Schools","63150","Troy School District","06941","Barnard Elementary School","63","Oakland","LEA School","Elementary","City: Small","Oakland Region","5","All Grades","Mathematics","All Students","56","72","23","37.10","47.70","15.20","151","58.70"
"18 - 19 School Year","63","Oakland Schools","63150","Troy School District","06941","Barnard Elementary School","63","Oakland","LEA School","Elementary","City: Small","Oakland Region","5","04","Mathematics","Not Migrant","35","28","< 10","50.70","40.60","8.70","69","66.40"
"18 - 19 School Year","63","Oakland Schools","63150","Troy School District","06941","Barnard Elementary School","63","Oakland","LEA School","Elementary","City: Small","Oakland Region","5","04","Mathematics","Not English Learners","28","21","< 10","53.80","40.40","5.80","52","68.50"
"18 - 19 School Year","63","Oakland Schools","63150","Troy School District","06941","Barnard Elementary School","63","Oakland","LEA School","Elementary","City: Small","Oakland Region","5","04","Mathematics","English Learners","< 10","< 10","< 10","41.20","41.20","17.60","17","60.00"
"18 - 19 School Year","63","Oakland Schools","63150","Troy School District","06941","Barnard Elementary School","63","Oakland","LEA School","Elementary","City: Small","Oakland Region","5","04","Mathematics","Female","11","12","< 10","44.00","48.00","8.00","25","62.80"
"18 - 19 School Year","63","Oakland Schools","63150","Troy School District","06941","Barnard Elementary School","63","Oakland","LEA School","Elementary","City: Small","Oakland Region","5","04","Mathematics","Male","24","16","< 10","54.50","36.40","9.10","44","68.40"
"18 - 19 School Year","63","Oakland Schools","63150","Troy School District","06941","Barnard Elementary School","63","Oakland","LEA School","Elementary","City: Small","Oakland Region","5","04","Mathematics","Asian","10","< 10","< 10","52.60","36.80","10.50","19","68.40"
"18 - 19 School Year","63","Oakland Schools","63150","Troy School District","06941","Barnard Elementary School","63","Oakland","LEA School","Elementary","City: Small","Oakland Region","5","04","Mathematics","Two or More Races","< 10","< 10","< 10","< 10","< 10","< 10","< 10","< 10"
"18 - 19 School Year","63","Oakland Schools","63150","Troy School District","06941","Barnard Elementary School","63","Oakland","LEA School","Elementary","City: Small","Oakland Region","5","04","Mathematics","White, not of Hispanic origin","20","19","< 10","46.50","44.20","9.30","43","64.70"
"18 - 19 School Year","63","Oakland Schools","63150","Troy School District","06941","Barnard Elementary School","63","Oakland","LEA School","Elementary","City: Small","Oakland Region","5","04","Mathematics","Hispanic","< 10","< 10","< 10","< 10","< 10","< 10","< 10","< 10"
"18 - 19 School Year","63","Oakland Schools","63150","Troy School District","06941","Barnard Elementary School","63","Oakland","LEA School","Elementary","City: Small","Oakland Region","5","04","Mathematics","Black, not of Hispanic origin","< 10","< 10","< 10","< 10","< 10","< 10","< 10","< 10"
"18 - 19 School Year","63","Oakland Schools","63150","Troy School District","06941","Barnard Elementary School","63","Oakland","LEA School","Elementary","City: Small","Oakland Region","5","04","Mathematics","Not Economically Disadvantaged","27","21","< 10","50.90","39.60","9.40","53","66.80"
"18 - 19 School Year","63","Oakland Schools","63150","Troy School District","06941","Barnard Elementary School","63","Oakland","LEA School","Elementary","City: Small","Oakland Region","5","04","Mathematics","Economically Disadvantaged","< 10","< 10","< 10","50.00","43.80","6.30","16","65.10"
"18 - 19 School Year","63","Oakland Schools","63150","Troy School District","06941","Barnard Elementary School","63","Oakland","LEA School","Elementary","City: Small","Oakland Region","5","04","Mathematics","All Students","35","28","< 10","50.70","40.60","8.70","69","66.40"
"18 - 19 School Year","63","Oakland Schools","63150","Troy School District","06941","Barnard Elementary School","63","Oakland","LEA School","Elementary","City: Small","Oakland Region","5","05","Mathematics","Not Migrant","21","44","17","25.60","53.70","20.70","82","52.20"
"18 - 19 School Year","63","Oakland Schools","63150","Troy School District","06941","Barnard Elementary School","63","Oakland","LEA School","Elementary","City: Small","Oakland Region","5","05","Mathematics","Not English Learners","18","36","15","26.10","52.20","21.70","69","51.60"
"18 - 19 School Year","63","Oakland Schools","63150","Troy School District","06941","Barnard Elementary School","63","Oakland","LEA School","Elementary","City: Small","Oakland Region","5","05","Mathematics","English Learners","< 10","< 10","< 10","23.10","61.50","15.40","13","55.70"
"18 - 19 School Year","63","Oakland Schools","63150","Troy School District","06941","Barnard Elementary School","63","Oakland","LEA School","Elementary","City: Small","Oakland Region","5","05","Mathematics","Female","< 10","19","10","17.10","54.30","28.60","35","46.60"
"18 - 19 School Year","63","Oakland Schools","63150","Troy School District","06941","Barnard Elementary School","63","Oakland","LEA School","Elementary","City: Small","Oakland Region","5","05","Mathematics","Male","15","25","< 10","31.90","53.20","14.90","47","56.40"
"18 - 19 School Year","63","Oakland Schools","63150","Troy School District","06941","Barnard Elementary School","63","Oakland","LEA School","Elementary","City: Small","Oakland Region","5","05","Mathematics","Asian","< 10","13","< 10","33.30","54.20","12.50","24","59.50"
"18 - 19 School Year","63","Oakland Schools","63150","Troy School District","06941","Barnard Elementary School","63","Oakland","LEA School","Elementary","City: Small","Oakland Region","5","05","Mathematics","Two or More Races","< 10","< 10","< 10","< 10","< 10","< 10","< 10","< 10"
"18 - 19 School Year","63","Oakland Schools","63150","Troy School District","06941","Barnard Elementary School","63","Oakland","LEA School","Elementary","City: Small","Oakland Region","5","05","Mathematics","White, not of Hispanic origin","13","25","11","26.50","51.00","22.40","49","51.70"
"18 - 19 School Year","63","Oakland Schools","63150","Troy School District","06941","Barnard Elementary School","63","Oakland","LEA School","Elementary","City: Small","Oakland Region","5","05","Mathematics","Hispanic","< 10","< 10","< 10","< 10","< 10","< 10","< 10","< 10"
"18 - 19 School Year","63","Oakland Schools","63150","Troy School District","06941","Barnard Elementary School","63","Oakland","LEA School","Elementary","City: Small","Oakland Region","5","05","Mathematics","Black, not of Hispanic origin","< 10","< 10","< 10","< 10","< 10","< 10","< 10","< 10"
"18 - 19 School Year","63","Oakland Schools","63150","Troy School District","06941","Barnard Elementary School","63","Oakland","LEA School","Elementary","City: Small","Oakland Region","5","05","Mathematics","Not Economically Disadvantaged","18","35","13","27.30","53.00","19.70","66","52.80"
"18 - 19 School Year","63","Oakland Schools","63150","Troy School District","06941","Barnard Elementary School","63","Oakland","LEA School","Elementary","City: Small","Oakland Region","5","05","Mathematics","Economically Disadvantaged","< 10","< 10","< 10","18.80","56.30","25.00","16","49.60"
"18 - 19 School Year","63","Oakland Schools","63150","Troy School District","06941","Barnard Elementary School","63","Oakland","LEA School","Elementary","City: Small","Oakland Region","5","05","Mathematics","All Students","21","44","17","25.60","53.70","20.70","82","52.20"
"18 - 19 School Year","63","Oakland Schools","63150","Troy School District","08286","Troy College and Career High School","63","Oakland","LEA School","Middle_High School","City: Small","Oakland Region","5","11","Social Studies","Students with Disabilities","< 10","< 10","< 10","< 10","< 10","< 10","< 10","< 10"
"18 - 19 School Year","63","Oakland Schools","63150","Troy School District","08286","Troy College and Career High School","63","Oakland","LEA School","Middle_High School","City: Small","Oakland Region","5","08","Social Studies","Students with Disabilities","< 10","< 10","< 10","< 10","< 10","< 10","< 10","< 10"
"18 - 19 School Year","63","Oakland Schools","63150","Troy School District","08286","Troy College and Career High School","63","Oakland","LEA School","Middle_High School","City: Small","Oakland Region","5","All Grades","Social Studies","Students with Disabilities","< 10","< 10","< 10","< 10","< 10","< 10","< 10","< 10"
"18 - 19 School Year","63","Oakland Schools","63150","Troy School District","08286","Troy College and Career High School","63","Oakland","LEA School","Middle_High School","City: Small","Oakland Region","5","All Grades","Mathematics","Students without Disabilities","10","< 10","19","27.00","21.60","51.40","37","38.10"
"18 - 19 School Year","63","Oakland Schools","63150","Troy School District","08286","Troy College and Career High School","63","Oakland","LEA School","Middle_High School","City: Small","Oakland Region","5","All Grades","English Language Arts","Students without Disabilities","18","11","10","46.20","28.20","25.60","39","57.60"
"18 - 19 School Year","63","Oakland Schools","63150","Troy School District","08286","Troy College and Career High School","63","Oakland","LEA School","Middle_High School","City: Small","Oakland Region","5","06","English Language Arts","Students without Disabilities","< 10","< 10","< 10","< 10","< 10","< 10","< 10","< 10"
"18 - 19 School Year","63","Oakland Schools","63150","Troy School District","08286","Troy College and Career High School","63","Oakland","LEA School","Middle_High School","City: Small","Oakland Region","5","11","English Language Arts","Students without Disabilities","15","< 10","< 10","51.70","24.10","24.10","29","59.90"
"18 - 19 School Year","63","Oakland Schools","63150","Troy School District","08286","Troy College and Career High School","63","Oakland","LEA School","Middle_High School","City: Small","Oakland Region","5","07","English Language Arts","Students without Disabilities","< 10","< 10","< 10","< 10","< 10","< 10","< 10","< 10"
"18 - 19 School Year","63","Oakland Schools","63150","Troy School District","08286","Troy College and Career High School","63","Oakland","LEA School","Middle_High School","City: Small","Oakland Region","5","07","Mathematics","Students without Disabilities","< 10","< 10","< 10","< 10","< 10","< 10","< 10","< 10"
"18 - 19 School Year","63","Oakland Schools","63150","Troy School District","08286","Troy College and Career High School","63","Oakland","LEA School","Middle_High School","City: Small","Oakland Region","5","11","Mathematics","Students without Disabilities","< 10","< 10","12","29.60","25.90","44.40","27","41.00"
"18 - 19 School Year","63","Oakland Schools","63150","Troy School District","08286","Troy College and Career High School","63","Oakland","LEA School","Middle_High School","City: Small","Oakland Region","5","06","Mathematics","Students without Disabilities","< 10","< 10","< 10","< 10","< 10","< 10","< 10","< 10"
"18 - 19 School Year","63","Oakland Schools","63150","Troy School District","08286","Troy College and Career High School","63","Oakland","LEA School","Middle_High School","City: Small","Oakland Region","5","08","Mathematics","Students without Disabilities","< 10","< 10","< 10","< 10","< 10","< 10","< 10","< 10"
"18 - 19 School Year","63","Oakland Schools","63150","Troy School District","08286","Troy College and Career High School","63","Oakland","LEA School","Middle_High School","City: Small","Oakland Region","5","08","English Language Arts","Students without Disabilities","< 10","< 10","< 10","< 10","< 10","< 10","< 10","< 10"
"18 - 19 School Year","63","Oakland Schools","63150","Troy School District","08286","Troy College and Career High School","63","Oakland","LEA School","Middle_High School","City: Small","Oakland Region","5","07","English Language Arts","All Students","< 10","< 10","< 10","< 10","< 10","< 10","< 10","< 10"
"18 - 19 School Year","63","Oakland Schools","63150","Troy School District","08286","Troy College and Career High School","63","Oakland","LEA School","Middle_High School","City: Small","Oakland Region","5","07","English Language Arts","Economically Disadvantaged","< 10","< 10","< 10","< 10","< 10","< 10","< 10","< 10"
"18 - 19 School Year","63","Oakland Schools","63150","Troy School District","08286","Troy College and Career High School","63","Oakland","LEA School","Middle_High School","City: Small","Oakland Region","5","07","English Language Arts","Not Economically Disadvantaged","< 10","< 10","< 10","< 10","< 10","< 10","< 10","< 10"
"18 - 19 School Year","63","Oakland Schools","63150","Troy School District","08286","Troy College and Career High School","63","Oakland","LEA School","Middle_High School","City: Small","Oakland Region","5","08","English Language Arts","Not Migrant","< 10","< 10","< 10","< 10","< 10","< 10","< 10","< 10"
"18 - 19 School Year","63","Oakland Schools","63150","Troy School District","08286","Troy College and Career High School","63","Oakland","LEA School","Middle_High School","City: Small","Oakland Region","5","08","English Language Arts","Not English Learners","< 10","< 10","< 10","< 10","< 10","< 10","< 10","< 10"
"18 - 19 School Year","63","Oakland Schools","63150","Troy School District","08286","Troy College and Career High School","63","Oakland","LEA School","Middle_High School","City: Small","Oakland Region","5","08","English Language Arts","Female","< 10","< 10","< 10","< 10","< 10","< 10","< 10","< 10"
"18 - 19 School Year","63","Oakland Schools","63150","Troy School District","08286","Troy College and Career High School","63","Oakland","LEA School","Middle_High School","City: Small","Oakland Region","5","08","English Language Arts","Male","< 10","< 10","< 10","< 10","< 10","< 10","< 10","< 10"
"18 - 19 School Year","63","Oakland Schools","63150","Troy School District","08286","Troy College and Career High School","63","Oakland","LEA School","Middle_High School","City: Small","Oakland Region","5","08","English Language Arts","White, not of Hispanic origin","< 10","< 10","< 10","< 10","< 10","< 10","< 10","< 10"
"18 - 19 School Year","63","Oakland Schools","63150","Troy School District","08286","Troy College and Career High School","63","Oakland","LEA School","Middle_High School","City: Small","Oakland Region","5","08","English Language Arts","Not Economically Disadvantaged","< 10","< 10","< 10","< 10","< 10","< 10","< 10","< 10"
"18 - 19 School Year","63","Oakland Schools","63150","Troy School District","08286","Troy College and Career High School","63","Oakland","LEA School","Middle_High School","City: Small","Oakland Region","5","08","English Language Arts","Economically Disadvantaged","< 10","< 10","< 10","< 10","< 10","< 10","< 10","< 10"
"18 - 19 School Year","63","Oakland Schools","63150","Troy School District","08286","Troy College and Career High School","63","Oakland","LEA School","Middle_High School","City: Small","Oakland Region","5","08","English Language Arts","All Students","< 10","< 10","< 10","< 10","< 10","< 10","< 10","< 10"
"18 - 19 School Year","63","Oakland Schools","63150","Troy School District","08286","Troy College and Career High School","63","Oakland","LEA School","Middle_High School","City: Small","Oakland Region","5","06","English Language Arts","Not Migrant","< 10","< 10","< 10","< 10","< 10","< 10","< 10","< 10"
"18 - 19 School Year","63","Oakland Schools","63150","Troy School District","08286","Troy College and Career High School","63","Oakland","LEA School","Middle_High School","City: Small","Oakland Region","5","06","English Language Arts","Not English Learners","< 10","< 10","< 10","< 10","< 10","< 10","< 10","< 10"
"18 - 19 School Year","63","Oakland Schools","63150","Troy School District","08286","Troy College and Career High School","63","Oakland","LEA School","Middle_High School","City: Small","Oakland Region","5","06","English Language Arts","Male","< 10","< 10","< 10","< 10","< 10","< 10","< 10","< 10"
"18 - 19 School Year","63","Oakland Schools","63150","Troy School District","08286","Troy College and Career High School","63","Oakland","LEA School","Middle_High School","City: Small","Oakland Region","5","06","English Language Arts","White, not of Hispanic origin","< 10","< 10","< 10","< 10","< 10","< 10","< 10","< 10"
"18 - 19 School Year","63","Oakland Schools","63150","Troy School District","08286","Troy College and Career High School","63","Oakland","LEA School","Middle_High School","City: Small","Oakland Region","5","06","English Language Arts","Not Economically Disadvantaged","< 10","< 10","< 10","< 10","< 10","< 10","< 10","< 10"
"18 - 19 School Year","63","Oakland Schools","63150","Troy School District","08286","Troy College and Career High School","63","Oakland","LEA School","Middle_High School","City: Small","Oakland Region","5","06","English Language Arts","All Students","< 10","< 10","< 10","< 10","< 10","< 10","< 10","< 10"
"18 - 19 School Year","63","Oakland Schools","63150","Troy School District","08286","Troy College and Career High School","63","Oakland","LEA School","Middle_High School","City: Small","Oakland Region","5","11","English Language Arts","Not Migrant","17","< 10","< 10","48.60","25.70","25.70","35","57.60"
"18 - 19 School Year","63","Oakland Schools","63150","Troy School District","08286","Troy College and Career High School","63","Oakland","LEA School","Middle_High School","City: Small","Oakland Region","5","11","English Language Arts","Not English Learners","17","< 10","< 10","48.60","25.70","25.70","35","57.60"
"18 - 19 School Year","63","Oakland Schools","63150","Troy School District","08286","Troy College and Career High School","63","Oakland","LEA School","Middle_High School","City: Small","Oakland Region","5","11","English Language Arts","Female","< 10","< 10","< 10","25.00","33.30","41.70","12","47.50"
"18 - 19 School Year","63","Oakland Schools","63150","Troy School District","08286","Troy College and Career High School","63","Oakland","LEA School","Middle_High School","City: Small","Oakland Region","5","11","English Language Arts","Male","14","< 10","< 10","60.90","21.70","17.40","23","62.90"
"18 - 19 School Year","63","Oakland Schools","63150","Troy School District","08286","Troy College and Career High School","63","Oakland","LEA School","Middle_High School","City: Small","Oakland Region","5","11","English Language Arts","Asian","< 10","< 10","< 10","< 10","< 10","< 10","< 10","< 10"
"18 - 19 School Year","63","Oakland Schools","63150","Troy School District","08286","Troy College and Career High School","63","Oakland","LEA School","Middle_High School","City: Small","Oakland Region","5","11","English Language Arts","White, not of Hispanic origin","12","< 10","< 10","42.90","25.00","32.10","28","52.90"
"18 - 19 School Year","63","Oakland Schools","63150","Troy School District","08286","Troy College and Career High School","63","Oakland","LEA School","Middle_High School","City: Small","Oakland Region","5","11","English Language Arts","Hispanic","< 10","< 10","< 10","< 10","< 10","< 10","< 10","< 10"
"18 - 19 School Year","63","Oakland Schools","63150","Troy School District","08286","Troy College and Career High School","63","Oakland","LEA School","Middle_High School","City: Small","Oakland Region","5","11","English Language Arts","Black, not of Hispanic origin","< 10","< 10","< 10","< 10","< 10","< 10","< 10","< 10"
"18 - 19 School Year","63","Oakland Schools","63150","Troy School District","08286","Troy College and Career High School","63","Oakland","LEA School","Middle_High School","City: Small","Oakland Region","5","11","English Language Arts","Not Economically Disadvantaged","11","< 10","< 10","47.80","26.10","26.10","23","58.20"
"18 - 19 School Year","63","Oakland Schools","63150","Troy School District","08286","Troy College and Career High School","63","Oakland","LEA School","Middle_High School","City: Small","Oakland Region","5","11","English Language Arts","Economically Disadvantaged","< 10","< 10","< 10","50.00","25.00","25.00","12","56.60"
"18 - 19 School Year","63","Oakland Schools","63150","Troy School District","08286","Troy College and Career High School","63","Oakland","LEA School","Middle_High School","City: Small","Oakland Region","5","11","English Language Arts","All Students","17","< 10","< 10","48.60","25.70","25.70","35","57.60"
"18 - 19 School Year","63","Oakland Schools","63150","Troy School District","08286","Troy College and Career High School","63","Oakland","LEA School","Middle_High School","City: Small","Oakland Region","5","07","English Language Arts","Not Migrant","< 10","< 10","< 10","< 10","< 10","< 10","< 10","< 10"
"18 - 19 School Year","63","Oakland Schools","63150","Troy School District","08286","Troy College and Career High School","63","Oakland","LEA School","Middle_High School","City: Small","Oakland Region","5","07","English Language Arts","Not English Learners","< 10","< 10","< 10","< 10","< 10","< 10","< 10","< 10"
"18 - 19 School Year","63","Oakland Schools","63150","Troy School District","08286","Troy College and Career High School","63","Oakland","LEA School","Middle_High School","City: Small","Oakland Region","5","07","English Language Arts","Female","< 10","< 10","< 10","< 10","< 10","< 10","< 10","< 10"
"18 - 19 School Year","63","Oakland Schools","63150","Troy School District","08286","Troy College and Career High School","63","Oakland","LEA School","Middle_High School","City: Small","Oakland Region","5","07","English Language Arts","Male","< 10","< 10","< 10","< 10","< 10","< 10","< 10","< 10"
"18 - 19 School Year","63","Oakland Schools","63150","Troy School District","08286","Troy College and Career High School","63","Oakland","LEA School","Middle_High School","City: Small","Oakland Region","5","07","English Language Arts","Two or More Races","< 10","< 10","< 10","< 10","< 10","< 10","< 10","< 10"
"18 - 19 School Year","63","Oakland Schools","63150","Troy School District","08286","Troy College and Career High School","63","Oakland","LEA School","Middle_High School","City: Small","Oakland Region","5","07","English Language Arts","White, not of Hispanic origin","< 10","< 10","< 10","< 10","< 10","< 10","< 10","< 10"
"18 - 19 School Year","63","Oakland Schools","63150","Troy School District","08286","Troy College and Career High School","63","Oakland","LEA School","Middle_High School","City: Small","Oakland Region","5","07","English Language Arts","Black, not of Hispanic origin","< 10","< 10","< 10","< 10","< 10","< 10","< 10","< 10"
"18 - 19 School Year","63","Oakland Schools","63150","Troy School District","08286","Troy College and Career High School","63","Oakland","LEA School","Middle_High School","City: Small","Oakland Region","5","11","Mathematics","Students with Disabilities","< 10","< 10","< 10","< 10","< 10","< 10","< 10","< 10"
"18 - 19 School Year","63","Oakland Schools","63150","Troy School District","08286","Troy College and Career High School","63","Oakland","LEA School","Middle_High School","City: Small","Oakland Region","5","08","Mathematics","Students with Disabilities","< 10","< 10","< 10","< 10","< 10","< 10","< 10","< 10"
"18 - 19 School Year","63","Oakland Schools","63150","Troy School District","08286","Troy College and Career High School","63","Oakland","LEA School","Middle_High School","City: Small","Oakland Region","5","07","Mathematics","Students with Disabilities","< 10","< 10","< 10","< 10","< 10","< 10","< 10","< 10"
"18 - 19 School Year","63","Oakland Schools","63150","Troy School District","08286","Troy College and Career High School","63","Oakland","LEA School","Middle_High School","City: Small","Oakland Region","5","All Grades","Mathematics","Students with Disabilities","< 10","< 10","< 10","< 10","< 10","< 10","< 10","< 10"
"18 - 19 School Year","63","Oakland Schools","63150","Troy School District","08286","Troy College and Career High School","63","Oakland","LEA School","Middle_High School","City: Small","Oakland Region","5","All Grades","Social Studies","Students without Disabilities","< 10","< 10","21","19.40","12.90","67.70","31","28.30"
"18 - 19 School Year","63","Oakland Schools","63150","Troy School District","08286","Troy College and Career High School","63","Oakland","LEA School","Middle_High School","City: Small","Oakland Region","5","08","Social Studies","Students without Disabilities","< 10","< 10","< 10","< 10","< 10","< 10","< 10","< 10"
"18 - 19 School Year","63","Oakland Schools","63150","Troy School District","08286","Troy College and Career High School","63","Oakland","LEA School","Middle_High School","City: Small","Oakland Region","5","11","Social Studies","Students without Disabilities","< 10","< 10","14","27.30","9.10","63.60","22","31.50"
"18 - 19 School Year","63","Oakland Schools","63150","Troy School District","08286","Troy College and Career High School","63","Oakland","LEA School","Middle_High School","City: Small","Oakland Region","5","All Grades","English Language Arts","All Students","20","15","12","42.60","31.90","25.50","47","55.80"
"18 - 19 School Year","63","Oakland Schools","63150","Troy School District","08286","Troy College and Career High School","63","Oakland","LEA School","Middle_High School","City: Small","Oakland Region","5","All Grades","English Language Arts","Economically Disadvantaged","< 10","< 10","< 10","47.40","31.60","21.10","19","58.90"
"18 - 19 School Year","63","Oakland Schools","63150","Troy School District","08286","Troy College and Career High School","63","Oakland","LEA School","Middle_High School","City: Small","Oakland Region","5","All Grades","English Language Arts","Not Economically Disadvantaged","11","< 10","< 10","39.30","32.10","28.60","28","53.70"
"18 - 19 School Year","63","Oakland Schools","63150","Troy School District","08286","Troy College and Career High School","63","Oakland","LEA School","Middle_High School","City: Small","Oakland Region","5","All Grades","English Language Arts","Black, not of Hispanic origin","< 10","< 10","< 10","< 10","< 10","< 10","< 10","< 10"
"18 - 19 School Year","63","Oakland Schools","63150","Troy School District","08286","Troy College and Career High School","63","Oakland","LEA School","Middle_High School","City: Small","Oakland Region","5","All Grades","English Language Arts","Hispanic","< 10","< 10","< 10","< 10","< 10","< 10","< 10","< 10"
"18 - 19 School Year","63","Oakland Schools","63150","Troy School District","08286","Troy College and Career High School","63","Oakland","LEA School","Middle_High School","City: Small","Oakland Region","5","All Grades","English Language Arts","White, not of Hispanic origin","13","13","12","34.20","34.20","31.60","38","49.80"
"18 - 19 School Year","63","Oakland Schools","63150","Troy School District","08286","Troy College and Career High School","63","Oakland","LEA School","Middle_High School","City: Small","Oakland Region","5","All Grades","English Language Arts","Two or More Races","< 10","< 10","< 10","< 10","< 10","< 10","< 10","< 10"
"18 - 19 School Year","63","Oakland Schools","63150","Troy School District","08286","Troy College and Career High School","63","Oakland","LEA School","Middle_High School","City: Small","Oakland Region","5","All Grades","English Language Arts","Asian","< 10","< 10","< 10","< 10","< 10","< 10","< 10","< 10"
"18 - 19 School Year","63","Oakland Schools","63150","Troy School District","08286","Troy College and Career High School","63","Oakland","LEA School","Middle_High School","City: Small","Oakland Region","5","All Grades","English Language Arts","Male","14","< 10","< 10","50.00","28.60","21.40","28","58.50"
"18 - 19 School Year","63","Oakland Schools","63150","Troy School District","08286","Troy College and Career High School","63","Oakland","LEA School","Middle_High School","City: Small","Oakland Region","5","All Grades","English Language Arts","Female","< 10","< 10","< 10","31.60","36.80","31.60","19","51.90"
"18 - 19 School Year","63","Oakland Schools","63150","Troy School District","08286","Troy College and Career High School","63","Oakland","LEA School","Middle_High School","City: Small","Oakland Region","5","All Grades","English Language Arts","Not English Learners","20","15","12","42.60","31.90","25.50","47","55.80"
"18 - 19 School Year","63","Oakland Schools","63150","Troy School District","08286","Troy College and Career High School","63","Oakland","LEA School","Middle_High School","City: Small","Oakland Region","5","All Grades","English Language Arts","Not Migrant","20","15","12","42.60","31.90","25.50","47","55.80"
"18 - 19 School Year","63","Oakland Schools","63150","Troy School District","08286","Troy College and Career High School","63","Oakland","LEA School","Middle_High School","City: Small","Oakland Region","5","All Grades","Social Studies","Economically Disadvantaged","< 10","< 10","10","28.60","< 5","71.40","14","34.50"
"18 - 19 School Year","63","Oakland Schools","63150","Troy School District","08286","Troy College and Career High School","63","Oakland","LEA School","Middle_High School","City: Small","Oakland Region","5","All Grades","Social Studies","Not Economically Disadvantaged","< 10","< 10","15","20.80","16.70","62.50","24","29.20"
"18 - 19 School Year","63","Oakland Schools","63150","Troy School District","08286","Troy College and Career High School","63","Oakland","LEA School","Middle_High School","City: Small","Oakland Region","5","All Grades","Social Studies","Black, not of Hispanic origin","< 10","< 10","< 10","< 10","< 10","< 10","< 10","< 10"
"18 - 19 School Year","63","Oakland Schools","63150","Troy School District","08286","Troy College and Career High School","63","Oakland","LEA School","Middle_High School","City: Small","Oakland Region","5","All Grades","Social Studies","White, not of Hispanic origin","< 10","< 10","19","25.80","12.90","61.30","31","33.10"
"18 - 19 School Year","63","Oakland Schools","63150","Troy School District","08286","Troy College and Career High School","63","Oakland","LEA School","Middle_High School","City: Small","Oakland Region","5","All Grades","Social Studies","Two or More Races","< 10","< 10","< 10","< 10","< 10","< 10","< 10","< 10"
"18 - 19 School Year","63","Oakland Schools","63150","Troy School District","08286","Troy College and Career High School","63","Oakland","LEA School","Middle_High School","City: Small","Oakland Region","5","All Grades","Social Studies","Asian","< 10","< 10","< 10","< 10","< 10","< 10","< 10","< 10"
"18 - 19 School Year","63","Oakland Schools","63150","Troy School District","08286","Troy College and Career High School","63","Oakland","LEA School","Middle_High School","City: Small","Oakland Region","5","All Grades","Social Studies","Male","< 10","< 10","10","30.00","20.00","50.00","20","40.30"
"18 - 19 School Year","63","Oakland Schools","63150","Troy School District","08286","Troy College and Career High School","63","Oakland","LEA School","Middle_High School","City: Small","Oakland Region","5","All Grades","Social Studies","Female","< 10","< 10","15","16.70","< 5","83.30","18","20.90"
"18 - 19 School Year","63","Oakland Schools","63150","Troy School District","08286","Troy College and Career High School","63","Oakland","LEA School","Middle_High School","City: Small","Oakland Region","5","All Grades","Social Studies","Not English Learners","< 10","< 10","25","23.70","10.50","65.80","38","31.10"
"18 - 19 School Year","63","Oakland Schools","63150","Troy School District","08286","Troy College and Career High School","63","Oakland","LEA School","Middle_High School","City: Small","Oakland Region","5","All Grades","Social Studies","Not Migrant","< 10","< 10","25","23.70","10.50","65.80","38","31.10"
"18 - 19 School Year","63","Oakland Schools","63150","Troy School District","08286","Troy College and Career High School","63","Oakland","LEA School","Middle_High School","City: Small","Oakland Region","5","08","Social Studies","All Students","< 10","< 10","< 10","< 5","20.00","80.00","10","19.40"
"18 - 19 School Year","63","Oakland Schools","63150","Troy School District","08286","Troy College and Career High School","63","Oakland","LEA School","Middle_High School","City: Small","Oakland Region","5","08","Social Studies","Economically Disadvantaged","< 10","< 10","< 10","< 10","< 10","< 10","< 10","< 10"
"18 - 19 School Year","63","Oakland Schools","63150","Troy School District","08286","Troy College and Career High School","63","Oakland","LEA School","Middle_High School","City: Small","Oakland Region","5","08","Social Studies","Not Economically Disadvantaged","< 10","< 10","< 10","< 10","< 10","< 10","< 10","< 10"
"18 - 19 School Year","63","Oakland Schools","63150","Troy School District","08286","Troy College and Career High School","63","Oakland","LEA School","Middle_High School","City: Small","Oakland Region","5","08","Social Studies","White, not of Hispanic origin","< 10","< 10","< 10","< 10","< 10","< 10","< 10","< 10"
"18 - 19 School Year","63","Oakland Schools","63150","Troy School District","08286","Troy College and Career High School","63","Oakland","LEA School","Middle_High School","City: Small","Oakland Region","5","08","Social Studies","Two or More Races","< 10","< 10","< 10","< 10","< 10","< 10","< 10","< 10"
"18 - 19 School Year","63","Oakland Schools","63150","Troy School District","08286","Troy College and Career High School","63","Oakland","LEA School","Middle_High School","City: Small","Oakland Region","5","08","Social Studies","Asian","< 10","< 10","< 10","< 10","< 10","< 10","< 10","< 10"
"18 - 19 School Year","63","Oakland Schools","63150","Troy School District","08286","Troy College and Career High School","63","Oakland","LEA School","Middle_High School","City: Small","Oakland Region","5","08","Social Studies","Male","< 10","< 10","< 10","< 10","< 10","< 10","< 10","< 10"
"18 - 19 School Year","63","Oakland Schools","63150","Troy School District","08286","Troy College and Career High School","63","Oakland","LEA School","Middle_High School","City: Small","Oakland Region","5","08","Social Studies","Female","< 10","< 10","< 10","< 10","< 10","< 10","< 10","< 10"
"18 - 19 School Year","63","Oakland Schools","63150","Troy School District","08286","Troy College and Career High School","63","Oakland","LEA School","Middle_High School","City: Small","Oakland Region","5","08","Social Studies","Not English Learners","< 10","< 10","< 10","< 5","20.00","80.00","10","19.40"
"18 - 19 School Year","63","Oakland Schools","63150","Troy School District","08286","Troy College and Career High School","63","Oakland","LEA School","Middle_High School","City: Small","Oakland Region","5","08","Social Studies","Not Migrant","< 10","< 10","< 10","< 5","20.00","80.00","10","19.40"
"18 - 19 School Year","63","Oakland Schools","63150","Troy School District","08286","Troy College and Career High School","63","Oakland","LEA School","Middle_High School","City: Small","Oakland Region","5","11","Social Studies","All Students","< 10","< 10","17","32.10","7.10","60.70","28","35.30"
"18 - 19 School Year","63","Oakland Schools","63150","Troy School District","08286","Troy College and Career High School","63","Oakland","LEA School","Middle_High School","City: Small","Oakland Region","5","11","Social Studies","Economically Disadvantaged","< 10","< 10","< 10","36.40","< 5","63.60","11","38.30"
"18 - 19 School Year","63","Oakland Schools","63150","Troy School District","08286","Troy College and Career High School","63","Oakland","LEA School","Middle_High School","City: Small","Oakland Region","5","11","Social Studies","Not Economically Disadvantaged","< 10","< 10","10","29.40","11.80","58.80","17","33.40"
"18 - 19 School Year","63","Oakland Schools","63150","Troy School District","08286","Troy College and Career High School","63","Oakland","LEA School","Middle_High School","City: Small","Oakland Region","5","11","Social Studies","Black, not of Hispanic origin","< 10","< 10","< 10","< 10","< 10","< 10","< 10","< 10"
"18 - 19 School Year","63","Oakland Schools","63150","Troy School District","08286","Troy College and Career High School","63","Oakland","LEA School","Middle_High School","City: Small","Oakland Region","5","11","Social Studies","White, not of Hispanic origin","< 10","< 10","13","34.80","8.70","56.50","23","37.30"
"18 - 19 School Year","63","Oakland Schools","63150","Troy School District","08286","Troy College and Career High School","63","Oakland","LEA School","Middle_High School","City: Small","Oakland Region","5","11","Social Studies","Asian","< 10","< 10","< 10","< 10","< 10","< 10","< 10","< 10"
"18 - 19 School Year","63","Oakland Schools","63150","Troy School District","08286","Troy College and Career High School","63","Oakland","LEA School","Middle_High School","City: Small","Oakland Region","5","11","Social Studies","Male","< 10","< 10","< 10","40.00","13.30","46.70","15","45.70"
"18 - 19 School Year","63","Oakland Schools","63150","Troy School District","08286","Troy College and Career High School","63","Oakland","LEA School","Middle_High School","City: Small","Oakland Region","5","11","Social Studies","Female","< 10","< 10","10","23.10","< 5","76.90","13","23.40"
"18 - 19 School Year","63","Oakland Schools","63150","Troy School District","08286","Troy College and Career High School","63","Oakland","LEA School","Middle_High School","City: Small","Oakland Region","5","11","Social Studies","Not English Learners","< 10","< 10","17","32.10","7.10","60.70","28","35.30"
"18 - 19 School Year","63","Oakland Schools","63150","Troy School District","08286","Troy College and Career High School","63","Oakland","LEA School","Middle_High School","City: Small","Oakland Region","5","11","Social Studies","Not Migrant","< 10","< 10","17","32.10","7.10","60.70","28","35.30"
"18 - 19 School Year","63","Oakland Schools","63150","Troy School District","08286","Troy College and Career High School","63","Oakland","LEA School","Middle_High School","City: Small","Oakland Region","5","All Grades","English Language Arts","Students with Disabilities","< 10","< 10","< 10","< 10","< 10","< 10","< 10","< 10"
"18 - 19 School Year","63","Oakland Schools","63150","Troy School District","08286","Troy College and Career High School","63","Oakland","LEA School","Middle_High School","City: Small","Oakland Region","5","07","English Language Arts","Students with Disabilities","< 10","< 10","< 10","< 10","< 10","< 10","< 10","< 10"
"18 - 19 School Year","63","Oakland Schools","63150","Troy School District","08286","Troy College and Career High School","63","Oakland","LEA School","Middle_High School","City: Small","Oakland Region","5","11","English Language Arts","Students with Disabilities","< 10","< 10","< 10","< 10","< 10","< 10","< 10","< 10"
"18 - 19 School Year","63","Oakland Schools","63150","Troy School District","08286","Troy College and Career High School","63","Oakland","LEA School","Middle_High School","City: Small","Oakland Region","5","08","English Language Arts","Students with Disabilities","< 10","< 10","< 10","< 10","< 10","< 10","< 10","< 10"
"18 - 19 School Year","63","Oakland Schools","63150","Troy School District","08286","Troy College and Career High School","63","Oakland","LEA School","Middle_High School","City: Small","Oakland Region","5","08","Mathematics","Not Economically Disadvantaged","< 10","< 10","< 10","< 10","< 10","< 10","< 10","< 10"
"18 - 19 School Year","63","Oakland Schools","63150","Troy School District","08286","Troy College and Career High School","63","Oakland","LEA School","Middle_High School","City: Small","Oakland Region","5","08","Mathematics","White, not of Hispanic origin","< 10","< 10","< 10","< 10","< 10","< 10","< 10","< 10"
"18 - 19 School Year","63","Oakland Schools","63150","Troy School District","08286","Troy College and Career High School","63","Oakland","LEA School","Middle_High School","City: Small","Oakland Region","5","08","Mathematics","Male","< 10","< 10","< 10","< 10","< 10","< 10","< 10","< 10"
"18 - 19 School Year","63","Oakland Schools","63150","Troy School District","08286","Troy College and Career High School","63","Oakland","LEA School","Middle_High School","City: Small","Oakland Region","5","08","Mathematics","Female","< 10","< 10","< 10","< 10","< 10","< 10","< 10","< 10"
"18 - 19 School Year","63","Oakland Schools","63150","Troy School District","08286","Troy College and Career High School","63","Oakland","LEA School","Middle_High School","City: Small","Oakland Region","5","08","Mathematics","Not English Learners","< 10","< 10","< 10","< 10","< 10","< 10","< 10","< 10"
"18 - 19 School Year","63","Oakland Schools","63150","Troy School District","08286","Troy College and Career High School","63","Oakland","LEA School","Middle_High School","City: Small","Oakland Region","5","08","Mathematics","Not Migrant","< 10","< 10","< 10","< 10","< 10","< 10","< 10","< 10"
"18 - 19 School Year","63","Oakland Schools","63150","Troy School District","08286","Troy College and Career High School","63","Oakland","LEA School","Middle_High School","City: Small","Oakland Region","5","07","Mathematics","All Students","< 10","< 10","< 10","< 10","< 10","< 10","< 10","< 10"
"18 - 19 School Year","63","Oakland Schools","63150","Troy School District","08286","Troy College and Career High School","63","Oakland","LEA School","Middle_High School","City: Small","Oakland Region","5","07","Mathematics","Economically Disadvantaged","< 10","< 10","< 10","< 10","< 10","< 10","< 10","< 10"
"18 - 19 School Year","63","Oakland Schools","63150","Troy School District","08286","Troy College and Career High School","63","Oakland","LEA School","Middle_High School","City: Small","Oakland Region","5","07","Mathematics","Not Economically Disadvantaged","< 10","< 10","< 10","< 10","< 10","< 10","< 10","< 10"
"18 - 19 School Year","63","Oakland Schools","63150","Troy School District","08286","Troy College and Career High School","63","Oakland","LEA School","Middle_High School","City: Small","Oakland Region","5","07","Mathematics","Black, not of Hispanic origin","< 10","< 10","< 10","< 10","< 10","< 10","< 10","< 10"
"18 - 19 School Year","63","Oakland Schools","63150","Troy School District","08286","Troy College and Career High School","63","Oakland","LEA School","Middle_High School","City: Small","Oakland Region","5","07","Mathematics","White, not of Hispanic origin","< 10","< 10","< 10","< 10","< 10","< 10","< 10","< 10"
"18 - 19 School Year","63","Oakland Schools","63150","Troy School District","08286","Troy College and Career High School","63","Oakland","LEA School","Middle_High School","City: Small","Oakland Region","5","07","Mathematics","Two or More Races","< 10","< 10","< 10","< 10","< 10","< 10","< 10","< 10"
"18 - 19 School Year","63","Oakland Schools","63150","Troy School District","08286","Troy College and Career High School","63","Oakland","LEA School","Middle_High School","City: Small","Oakland Region","5","07","Mathematics","Male","< 10","< 10","< 10","< 10","< 10","< 10","< 10","< 10"
"18 - 19 School Year","63","Oakland Schools","63150","Troy School District","08286","Troy College and Career High School","63","Oakland","LEA School","Middle_High School","City: Small","Oakland Region","5","07","Mathematics","Female","< 10","< 10","< 10","< 10","< 10","< 10","< 10","< 10"
"18 - 19 School Year","63","Oakland Schools","63150","Troy School District","08286","Troy College and Career High School","63","Oakland","LEA School","Middle_High School","City: Small","Oakland Region","5","07","Mathematics","Not English Learners","< 10","< 10","< 10","< 10","< 10","< 10","< 10","< 10"
"18 - 19 School Year","63","Oakland Schools","63150","Troy School District","08286","Troy College and Career High School","63","Oakland","LEA School","Middle_High School","City: Small","Oakland Region","5","07","Mathematics","Not Migrant","< 10","< 10","< 10","< 10","< 10","< 10","< 10","< 10"
"18 - 19 School Year","63","Oakland Schools","63150","Troy School District","08286","Troy College and Career High School","63","Oakland","LEA School","Middle_High School","City: Small","Oakland Region","5","All Grades","Mathematics","All Students","11","< 10","25","24.40","20.00","55.60","45","36.50"
"18 - 19 School Year","63","Oakland Schools","63150","Troy School District","08286","Troy College and Career High School","63","Oakland","LEA School","Middle_High School","City: Small","Oakland Region","5","All Grades","Mathematics","Economically Disadvantaged","< 10","< 10","< 10","36.80","15.80","47.40","19","43.20"
"18 - 19 School Year","63","Oakland Schools","63150","Troy School District","08286","Troy College and Career High School","63","Oakland","LEA School","Middle_High School","City: Small","Oakland Region","5","All Grades","Mathematics","Not Economically Disadvantaged","< 10","< 10","16","15.40","23.10","61.50","26","31.60"
"18 - 19 School Year","63","Oakland Schools","63150","Troy School District","08286","Troy College and Career High School","63","Oakland","LEA School","Middle_High School","City: Small","Oakland Region","5","All Grades","Mathematics","Black, not of Hispanic origin","< 10","< 10","< 10","< 10","< 10","< 10","< 10","< 10"
"18 - 19 School Year","63","Oakland Schools","63150","Troy School District","08286","Troy College and Career High School","63","Oakland","LEA School","Middle_High School","City: Small","Oakland Region","5","All Grades","Mathematics","Hispanic","< 10","< 10","< 10","< 10","< 10","< 10","< 10","< 10"
"18 - 19 School Year","63","Oakland Schools","63150","Troy School District","08286","Troy College and Career High School","63","Oakland","LEA School","Middle_High School","City: Small","Oakland Region","5","All Grades","Mathematics","White, not of Hispanic origin","< 10","< 10","21","22.20","19.40","58.30","36","34.50"
"18 - 19 School Year","63","Oakland Schools","63150","Troy School District","08286","Troy College and Career High School","63","Oakland","LEA School","Middle_High School","City: Small","Oakland Region","5","All Grades","Mathematics","Two or More Races","< 10","< 10","< 10","< 10","< 10","< 10","< 10","< 10"
"18 - 19 School Year","63","Oakland Schools","63150","Troy School District","08286","Troy College and Career High School","63","Oakland","LEA School","Middle_High School","City: Small","Oakland Region","5","All Grades","Mathematics","Asian","< 10","< 10","< 10","< 10","< 10","< 10","< 10","< 10"
"18 - 19 School Year","63","Oakland Schools","63150","Troy School District","08286","Troy College and Career High School","63","Oakland","LEA School","Middle_High School","City: Small","Oakland Region","5","All Grades","Mathematics","Male","< 10","< 10","15","15.40","26.90","57.70","26","33.70"
"18 - 19 School Year","63","Oakland Schools","63150","Troy School District","08286","Troy College and Career High School","63","Oakland","LEA School","Middle_High School","City: Small","Oakland Region","5","All Grades","Mathematics","Female","< 10","< 10","10","36.80","10.50","52.60","19","40.40"
"18 - 19 School Year","63","Oakland Schools","63150","Troy School District","08286","Troy College and Career High School","63","Oakland","LEA School","Middle_High School","City: Small","Oakland Region","5","All Grades","Mathematics","Not English Learners","11","< 10","25","24.40","20.00","55.60","45","36.50"
"18 - 19 School Year","63","Oakland Schools","63150","Troy School District","08286","Troy College and Career High School","63","Oakland","LEA School","Middle_High School","City: Small","Oakland Region","5","All Grades","Mathematics","Not Migrant","11","< 10","25","24.40","20.00","55.60","45","36.50"
"18 - 19 School Year","63","Oakland Schools","63150","Troy School District","08286","Troy College and Career High School","63","Oakland","LEA School","Middle_High School","City: Small","Oakland Region","5","11","Mathematics","Not Migrant","< 10","< 10","16","27.30","24.20","48.50","33","39.70"
"18 - 19 School Year","63","Oakland Schools","63150","Troy School District","08286","Troy College and Career High School","63","Oakland","LEA School","Middle_High School","City: Small","Oakland Region","5","11","Mathematics","Not English Learners","< 10","< 10","16","27.30","24.20","48.50","33","39.70"
"18 - 19 School Year","63","Oakland Schools","63150","Troy School District","08286","Troy College and Career High School","63","Oakland","LEA School","Middle_High School","City: Small","Oakland Region","5","11","Mathematics","Female","< 10","< 10","< 10","41.70","8.30","50.00","12","40.10"
"18 - 19 School Year","63","Oakland Schools","63150","Troy School District","08286","Troy College and Career High School","63","Oakland","LEA School","Middle_High School","City: Small","Oakland Region","5","11","Mathematics","Male","< 10","< 10","10","19.00","33.30","47.60","21","39.50"
"18 - 19 School Year","63","Oakland Schools","63150","Troy School District","08286","Troy College and Career High School","63","Oakland","LEA School","Middle_High School","City: Small","Oakland Region","5","11","Mathematics","Asian","< 10","< 10","< 10","< 10","< 10","< 10","< 10","< 10"
"18 - 19 School Year","63","Oakland Schools","63150","Troy School District","08286","Troy College and Career High School","63","Oakland","LEA School","Middle_High School","City: Small","Oakland Region","5","11","Mathematics","White, not of Hispanic origin","< 10","< 10","13","23.10","26.90","50.00","26","38.20"
"18 - 19 School Year","63","Oakland Schools","63150","Troy School District","08286","Troy College and Career High School","63","Oakland","LEA School","Middle_High School","City: Small","Oakland Region","5","11","Mathematics","Hispanic","< 10","< 10","< 10","< 10","< 10","< 10","< 10","< 10"
"18 - 19 School Year","63","Oakland Schools","63150","Troy School District","08286","Troy College and Career High School","63","Oakland","LEA School","Middle_High School","City: Small","Oakland Region","5","11","Mathematics","Black, not of Hispanic origin","< 10","< 10","< 10","< 10","< 10","< 10","< 10","< 10"
"18 - 19 School Year","63","Oakland Schools","63150","Troy School District","08286","Troy College and Career High School","63","Oakland","LEA School","Middle_High School","City: Small","Oakland Region","5","11","Mathematics","Not Economically Disadvantaged","< 10","< 10","11","19.00","28.60","52.40","21","36.00"
"18 - 19 School Year","63","Oakland Schools","63150","Troy School District","08286","Troy College and Career High School","63","Oakland","LEA School","Middle_High School","City: Small","Oakland Region","5","11","Mathematics","Economically Disadvantaged","< 10","< 10","< 10","41.70","16.70","41.70","12","46.20"
"18 - 19 School Year","63","Oakland Schools","63150","Troy School District","08286","Troy College and Career High School","63","Oakland","LEA School","Middle_High School","City: Small","Oakland Region","5","11","Mathematics","All Students","< 10","< 10","16","27.30","24.20","48.50","33","39.70"
"18 - 19 School Year","63","Oakland Schools","63150","Troy School District","08286","Troy College and Career High School","63","Oakland","LEA School","Middle_High School","City: Small","Oakland Region","5","06","Mathematics","Not Migrant","< 10","< 10","< 10","< 10","< 10","< 10","< 10","< 10"
"18 - 19 School Year","63","Oakland Schools","63150","Troy School District","08286","Troy College and Career High School","63","Oakland","LEA School","Middle_High School","City: Small","Oakland Region","5","06","Mathematics","Not English Learners","< 10","< 10","< 10","< 10","< 10","< 10","< 10","< 10"
"18 - 19 School Year","63","Oakland Schools","63150","Troy School District","08286","Troy College and Career High School","63","Oakland","LEA School","Middle_High School","City: Small","Oakland Region","5","06","Mathematics","Male","< 10","< 10","< 10","< 10","< 10","< 10","< 10","< 10"
"18 - 19 School Year","63","Oakland Schools","63150","Troy School District","08286","Troy College and Career High School","63","Oakland","LEA School","Middle_High School","City: Small","Oakland Region","5","06","Mathematics","White, not of Hispanic origin","< 10","< 10","< 10","< 10","< 10","< 10","< 10","< 10"
"18 - 19 School Year","63","Oakland Schools","63150","Troy School District","08286","Troy College and Career High School","63","Oakland","LEA School","Middle_High School","City: Small","Oakland Region","5","06","Mathematics","Not Economically Disadvantaged","< 10","< 10","< 10","< 10","< 10","< 10","< 10","< 10"
"18 - 19 School Year","63","Oakland Schools","63150","Troy School District","08286","Troy College and Career High School","63","Oakland","LEA School","Middle_High School","City: Small","Oakland Region","5","06","Mathematics","All Students","< 10","< 10","< 10","< 10","< 10","< 10","< 10","< 10"
"18 - 19 School Year","63","Oakland Schools","63150","Troy School District","08286","Troy College and Career High School","63","Oakland","LEA School","Middle_High School","City: Small","Oakland Region","5","08","Mathematics","Economically Disadvantaged","< 10","< 10","< 10","< 10","< 10","< 10","< 10","< 10"
"18 - 19 School Year","63","Oakland Schools","63150","Troy School District","08286","Troy College and Career High School","63","Oakland","LEA School","Middle_High School","City: Small","Oakland Region","5","08","Mathematics","All Students","< 10","< 10","< 10","< 10","< 10","< 10","< 10","< 10"
"18 - 19 School Year","63","Oakland Schools","63150","Troy School District","08286","Troy College and Career High School","63","Oakland","LEA School","Middle_High School","City: Small","Oakland Region","5","All Grades","Social Studies","All Students","< 10","< 10","25","23.70","10.50","65.80","38","31.10"
