SchoolYear,TestType,IsdCode,IsdName,DistrictCode,DistrictName,BuildingCode,BuildingName,CountyCode,CountyName,EntityType,SchoolLevel,Locale,Grade,Subject,Subgroup_1,Subgroup_2,PercentAdvanced,PercentProficient,PercentPartiallyProficient,PercentNotProfient
"18 - 19 School Year","M-STEP","63","Oakland Schools","63150","Troy School District","00000","All Buildings","63","Oakland","LEA District","Elem thru High School","City: Small","03","Mathematics","Asian","English Learners","49.1","31.1","*","<=5%"
"18 - 19 School Year","M-STEP","63","Oakland Schools","63150","Troy School District","00000","All Buildings","63","Oakland","LEA District","Elem thru High School","City: Small","03","Mathematics","Asian","Female","54.9","29.5","*","<=5%"
"18 - 19 School Year","M-STEP","63","Oakland Schools","63150","Troy School District","00000","All Buildings","63","Oakland","LEA District","Elem thru High School","City: Small","03","Mathematics","Asian","Male","67.9","21.4","*","<=5%"
"18 - 19 School Year","M-STEP","63","Oakland Schools","63150","Troy School District","00000","All Buildings","63","Oakland","LEA District","Elem thru High School","City: Small","03","Mathematics","Asian","Not English Learners","71.6","20.7","<=5%","<=5%"
"18 - 19 School Year","M-STEP","63","Oakland Schools","63150","Troy School District","00000","All Buildings","63","Oakland","LEA District","Elem thru High School","City: Small","03","Mathematics","Asian","Students with Disabilities","<=50%","<=50%","<=50%","<=50%"
"18 - 19 School Year","M-STEP","63","Oakland Schools","63150","Troy School District","00000","All Buildings","63","Oakland","LEA District","Elem thru High School","City: Small","03","Mathematics","Asian","Students without IEP","63.8","24.3","9.6","2.3"
"18 - 19 School Year","M-STEP","63","Oakland Schools","63150","Troy School District","00000","All Buildings","63","Oakland","LEA District","Elem thru High School","City: Small","03","Mathematics","Black, not of Hispanic origin","English Learners","*","*","*","*"
"18 - 19 School Year","M-STEP","63","Oakland Schools","63150","Troy School District","00000","All Buildings","63","Oakland","LEA District","Elem thru High School","City: Small","03","Mathematics","Black, not of Hispanic origin","Female","<=20%","<=20%","23.5","47.1"
"18 - 19 School Year","M-STEP","63","Oakland Schools","63150","Troy School District","00000","All Buildings","63","Oakland","LEA District","Elem thru High School","City: Small","03","Mathematics","Black, not of Hispanic origin","Male","<=20%","*","<=20%","*"
"18 - 19 School Year","M-STEP","63","Oakland Schools","63150","Troy School District","00000","All Buildings","63","Oakland","LEA District","Elem thru High School","City: Small","03","Mathematics","Black, not of Hispanic origin","Not English Learners","14.7","20.6","14.7","50.0"
"18 - 19 School Year","M-STEP","63","Oakland Schools","63150","Troy School District","00000","All Buildings","63","Oakland","LEA District","Elem thru High School","City: Small","03","Mathematics","Black, not of Hispanic origin","Students with Disabilities","*","*","*","*"
"18 - 19 School Year","M-STEP","63","Oakland Schools","63150","Troy School District","00000","All Buildings","63","Oakland","LEA District","Elem thru High School","City: Small","03","Mathematics","Black, not of Hispanic origin","Students without IEP","<=20%","*","<=20%","*"
"18 - 19 School Year","M-STEP","63","Oakland Schools","63150","Troy School District","00000","All Buildings","63","Oakland","LEA District","Elem thru High School","City: Small","03","Mathematics","Female","English Learners","33.3","36.9","21.6","8.1"
"18 - 19 School Year","M-STEP","63","Oakland Schools","63150","Troy School District","00000","All Buildings","63","Oakland","LEA District","Elem thru High School","City: Small","03","Mathematics","Female","Not English Learners","45.6","28.7","14.4","11.3"
"18 - 19 School Year","M-STEP","63","Oakland Schools","63150","Troy School District","00000","All Buildings","63","Oakland","LEA District","Elem thru High School","City: Small","03","Mathematics","Female","Students with Disabilities","<=20%","<=20%","22.7","45.5"
"18 - 19 School Year","M-STEP","63","Oakland Schools","63150","Troy School District","00000","All Buildings","63","Oakland","LEA District","Elem thru High School","City: Small","03","Mathematics","Female","Students without IEP","43.8","31.7","15.9","8.7"
"18 - 19 School Year","M-STEP","63","Oakland Schools","63150","Troy School District","00000","All Buildings","63","Oakland","LEA District","Elem thru High School","City: Small","03","Mathematics","Hispanic","English Learners","<=20%","*","23.8","28.6"
"18 - 19 School Year","M-STEP","63","Oakland Schools","63150","Troy School District","00000","All Buildings","63","Oakland","LEA District","Elem thru High School","City: Small","03","Mathematics","Hispanic","Female","26.3","26.3","21.1","26.3"
"18 - 19 School Year","M-STEP","63","Oakland Schools","63150","Troy School District","00000","All Buildings","63","Oakland","LEA District","Elem thru High School","City: Small","03","Mathematics","Hispanic","Male","21.1","31.6","26.3","21.1"
"18 - 19 School Year","M-STEP","63","Oakland Schools","63150","Troy School District","00000","All Buildings","63","Oakland","LEA District","Elem thru High School","City: Small","03","Mathematics","Hispanic","Not English Learners","35.3","23.5","*","<=20%"
"18 - 19 School Year","M-STEP","63","Oakland Schools","63150","Troy School District","00000","All Buildings","63","Oakland","LEA District","Elem thru High School","City: Small","03","Mathematics","Hispanic","Students with Disabilities","*","*","*","*"
"18 - 19 School Year","M-STEP","63","Oakland Schools","63150","Troy School District","00000","All Buildings","63","Oakland","LEA District","Elem thru High School","City: Small","03","Mathematics","Hispanic","Students without IEP","26.5","29.4","23.5","20.6"
"18 - 19 School Year","M-STEP","63","Oakland Schools","63150","Troy School District","00000","All Buildings","63","Oakland","LEA District","Elem thru High School","City: Small","03","Mathematics","Male","English Learners","41.7","34.1","16.7","7.6"
"18 - 19 School Year","M-STEP","63","Oakland Schools","63150","Troy School District","00000","All Buildings","63","Oakland","LEA District","Elem thru High School","City: Small","03","Mathematics","Male","Not English Learners","51.4","25.4","12.4","10.7"
"18 - 19 School Year","M-STEP","63","Oakland Schools","63150","Troy School District","00000","All Buildings","63","Oakland","LEA District","Elem thru High School","City: Small","03","Mathematics","Male","Students with Disabilities","14.3","22.4","28.6","34.7"
"18 - 19 School Year","M-STEP","63","Oakland Schools","63150","Troy School District","00000","All Buildings","63","Oakland","LEA District","Elem thru High School","City: Small","03","Mathematics","Male","Students without IEP","52.7","28.4","11.9","7.0"
"18 - 19 School Year","M-STEP","63","Oakland Schools","63150","Troy School District","00000","All Buildings","63","Oakland","LEA District","Elem thru High School","City: Small","03","Mathematics","Native Hawaiian or Other Pacific Islander","English Learners","*","*","*","*"
"18 - 19 School Year","M-STEP","63","Oakland Schools","63150","Troy School District","00000","All Buildings","63","Oakland","LEA District","Elem thru High School","City: Small","03","Mathematics","Native Hawaiian or Other Pacific Islander","Female","*","*","*","*"
"18 - 19 School Year","M-STEP","63","Oakland Schools","63150","Troy School District","00000","All Buildings","63","Oakland","LEA District","Elem thru High School","City: Small","03","Mathematics","Native Hawaiian or Other Pacific Islander","Male","*","*","*","*"
"18 - 19 School Year","M-STEP","63","Oakland Schools","63150","Troy School District","00000","All Buildings","63","Oakland","LEA District","Elem thru High School","City: Small","03","Mathematics","Native Hawaiian or Other Pacific Islander","Not English Learners","*","*","*","*"
"18 - 19 School Year","M-STEP","63","Oakland Schools","63150","Troy School District","00000","All Buildings","63","Oakland","LEA District","Elem thru High School","City: Small","03","Mathematics","Native Hawaiian or Other Pacific Islander","Students without IEP","*","*","*","*"
"18 - 19 School Year","M-STEP","63","Oakland Schools","63150","Troy School District","00000","All Buildings","63","Oakland","LEA District","Elem thru High School","City: Small","03","Mathematics","Students with Disabilities","English Learners","<=20%","*","25.0","25.0"
"18 - 19 School Year","M-STEP","63","Oakland Schools","63150","Troy School District","00000","All Buildings","63","Oakland","LEA District","Elem thru High School","City: Small","03","Mathematics","Students with Disabilities","Not English Learners","18.2","12.7","27.3","41.8"
"18 - 19 School Year","M-STEP","63","Oakland Schools","63150","Troy School District","00000","All Buildings","63","Oakland","LEA District","Elem thru High School","City: Small","03","Mathematics","Students without IEP","English Learners","40.1","34.8","18.5","6.6"
"18 - 19 School Year","M-STEP","63","Oakland Schools","63150","Troy School District","00000","All Buildings","63","Oakland","LEA District","Elem thru High School","City: Small","03","Mathematics","Students without IEP","Not English Learners","51.3","28.3","12.1","8.3"
"18 - 19 School Year","M-STEP","63","Oakland Schools","63150","Troy School District","00000","All Buildings","63","Oakland","LEA District","Elem thru High School","City: Small","03","Mathematics","Two or More Races","English Learners","*","*","*","*"
"18 - 19 School Year","M-STEP","63","Oakland Schools","63150","Troy School District","00000","All Buildings","63","Oakland","LEA District","Elem thru High School","City: Small","03","Mathematics","Two or More Races","Female","<=50%","<=50%","<=50%","<=50%"
"18 - 19 School Year","M-STEP","63","Oakland Schools","63150","Troy School District","00000","All Buildings","63","Oakland","LEA District","Elem thru High School","City: Small","03","Mathematics","Two or More Races","Male","<=50%","<=50%","<=50%","<=50%"
"18 - 19 School Year","M-STEP","63","Oakland Schools","63150","Troy School District","00000","All Buildings","63","Oakland","LEA District","Elem thru High School","City: Small","03","Mathematics","Two or More Races","Not English Learners","*","<=20%","<=20%","<=20%"
"18 - 19 School Year","M-STEP","63","Oakland Schools","63150","Troy School District","00000","All Buildings","63","Oakland","LEA District","Elem thru High School","City: Small","03","Mathematics","Two or More Races","Students with Disabilities","*","*","*","*"
"18 - 19 School Year","M-STEP","63","Oakland Schools","63150","Troy School District","00000","All Buildings","63","Oakland","LEA District","Elem thru High School","City: Small","03","Mathematics","Two or More Races","Students without IEP","47.4","21.1","<=20%","<=20%"
"18 - 19 School Year","M-STEP","63","Oakland Schools","63150","Troy School District","00000","All Buildings","63","Oakland","LEA District","Elem thru High School","City: Small","03","Mathematics","White, not of Hispanic origin","English Learners","17.5","49.1","21.1","12.3"
"18 - 19 School Year","M-STEP","63","Oakland Schools","63150","Troy School District","00000","All Buildings","63","Oakland","LEA District","Elem thru High School","City: Small","03","Mathematics","White, not of Hispanic origin","Female","35.9","34.1","18.0","12.0"
"18 - 19 School Year","M-STEP","63","Oakland Schools","63150","Troy School District","00000","All Buildings","63","Oakland","LEA District","Elem thru High School","City: Small","03","Mathematics","White, not of Hispanic origin","Male","37.4","34.3","17.4","10.9"
"18 - 19 School Year","M-STEP","63","Oakland Schools","63150","Troy School District","00000","All Buildings","63","Oakland","LEA District","Elem thru High School","City: Small","03","Mathematics","White, not of Hispanic origin","Not English Learners","39.5","32.1","17.2","11.3"
"18 - 19 School Year","M-STEP","63","Oakland Schools","63150","Troy School District","00000","All Buildings","63","Oakland","LEA District","Elem thru High School","City: Small","03","Mathematics","White, not of Hispanic origin","Students with Disabilities","18.2","13.6","27.3","40.9"
"18 - 19 School Year","M-STEP","63","Oakland Schools","63150","Troy School District","00000","All Buildings","63","Oakland","LEA District","Elem thru High School","City: Small","03","Mathematics","White, not of Hispanic origin","Students without IEP","38.7","36.5","16.6","8.2"
"18 - 19 School Year","M-STEP","63","Oakland Schools","63150","Troy School District","00000","All Buildings","63","Oakland","LEA District","Elem thru High School","City: Small","04","Mathematics","Asian","English Learners","41.2","31.3","22.1","5.3"
"18 - 19 School Year","M-STEP","63","Oakland Schools","63150","Troy School District","00000","All Buildings","63","Oakland","LEA District","Elem thru High School","City: Small","04","Mathematics","Asian","Female","58.8","29.9","*","<=5%"
"18 - 19 School Year","M-STEP","63","Oakland Schools","63150","Troy School District","00000","All Buildings","63","Oakland","LEA District","Elem thru High School","City: Small","04","Mathematics","Asian","Male","64.6","20.6","*","<=5%"
"18 - 19 School Year","M-STEP","63","Oakland Schools","63150","Troy School District","00000","All Buildings","63","Oakland","LEA District","Elem thru High School","City: Small","04","Mathematics","Asian","Not English Learners","*","*","<=5%","<=5%"
"18 - 19 School Year","M-STEP","63","Oakland Schools","63150","Troy School District","00000","All Buildings","63","Oakland","LEA District","Elem thru High School","City: Small","04","Mathematics","Asian","Students with Disabilities","<=50%","<=50%","<=50%","<=50%"
"18 - 19 School Year","M-STEP","63","Oakland Schools","63150","Troy School District","00000","All Buildings","63","Oakland","LEA District","Elem thru High School","City: Small","04","Mathematics","Asian","Students without IEP","63.3","24.9","10.3","1.5"
"18 - 19 School Year","M-STEP","63","Oakland Schools","63150","Troy School District","00000","All Buildings","63","Oakland","LEA District","Elem thru High School","City: Small","04","Mathematics","Black, not of Hispanic origin","Female","<=20%","<=20%","*","*"
"18 - 19 School Year","M-STEP","63","Oakland Schools","63150","Troy School District","00000","All Buildings","63","Oakland","LEA District","Elem thru High School","City: Small","04","Mathematics","Black, not of Hispanic origin","Male","<=50%","<=50%","<=50%","<=50%"
"18 - 19 School Year","M-STEP","63","Oakland Schools","63150","Troy School District","00000","All Buildings","63","Oakland","LEA District","Elem thru High School","City: Small","04","Mathematics","Black, not of Hispanic origin","Not English Learners","<=10%","*","42.9","34.3"
"18 - 19 School Year","M-STEP","63","Oakland Schools","63150","Troy School District","00000","All Buildings","63","Oakland","LEA District","Elem thru High School","City: Small","04","Mathematics","Black, not of Hispanic origin","Students with Disabilities","*","*","*","*"
"18 - 19 School Year","M-STEP","63","Oakland Schools","63150","Troy School District","00000","All Buildings","63","Oakland","LEA District","Elem thru High School","City: Small","04","Mathematics","Black, not of Hispanic origin","Students without IEP","<=10%","*","43.8","31.3"
"18 - 19 School Year","M-STEP","63","Oakland Schools","63150","Troy School District","00000","All Buildings","63","Oakland","LEA District","Elem thru High School","City: Small","04","Mathematics","Female","English Learners","23.6","31.5","33.7","11.2"
"18 - 19 School Year","M-STEP","63","Oakland Schools","63150","Troy School District","00000","All Buildings","63","Oakland","LEA District","Elem thru High School","City: Small","04","Mathematics","Female","Not English Learners","43.6","30.1","17.3","9.0"
"18 - 19 School Year","M-STEP","63","Oakland Schools","63150","Troy School District","00000","All Buildings","63","Oakland","LEA District","Elem thru High School","City: Small","04","Mathematics","Female","Students with Disabilities","<=20%","<=20%","*","*"
"18 - 19 School Year","M-STEP","63","Oakland Schools","63150","Troy School District","00000","All Buildings","63","Oakland","LEA District","Elem thru High School","City: Small","04","Mathematics","Female","Students without IEP","41.3","31.6","20.1","7.0"
"18 - 19 School Year","M-STEP","63","Oakland Schools","63150","Troy School District","00000","All Buildings","63","Oakland","LEA District","Elem thru High School","City: Small","04","Mathematics","Hispanic","English Learners","*","*","*","*"
"18 - 19 School Year","M-STEP","63","Oakland Schools","63150","Troy School District","00000","All Buildings","63","Oakland","LEA District","Elem thru High School","City: Small","04","Mathematics","Hispanic","Female","*","*","*","*"
"18 - 19 School Year","M-STEP","63","Oakland Schools","63150","Troy School District","00000","All Buildings","63","Oakland","LEA District","Elem thru High School","City: Small","04","Mathematics","Hispanic","Male","<=50%",">=50%","<=50%","<=50%"
"18 - 19 School Year","M-STEP","63","Oakland Schools","63150","Troy School District","00000","All Buildings","63","Oakland","LEA District","Elem thru High School","City: Small","04","Mathematics","Hispanic","Not English Learners","*","*","*","*"
"18 - 19 School Year","M-STEP","63","Oakland Schools","63150","Troy School District","00000","All Buildings","63","Oakland","LEA District","Elem thru High School","City: Small","04","Mathematics","Hispanic","Students with Disabilities","*","*","*","*"
"18 - 19 School Year","M-STEP","63","Oakland Schools","63150","Troy School District","00000","All Buildings","63","Oakland","LEA District","Elem thru High School","City: Small","04","Mathematics","Hispanic","Students without IEP","<=20%","*","*","<=20%"
"18 - 19 School Year","M-STEP","63","Oakland Schools","63150","Troy School District","00000","All Buildings","63","Oakland","LEA District","Elem thru High School","City: Small","04","Mathematics","Male","English Learners","35.2","26.2","27.9","10.7"
"18 - 19 School Year","M-STEP","63","Oakland Schools","63150","Troy School District","00000","All Buildings","63","Oakland","LEA District","Elem thru High School","City: Small","04","Mathematics","Male","Not English Learners","49.2","31.1","15.7","4.0"
"18 - 19 School Year","M-STEP","63","Oakland Schools","63150","Troy School District","00000","All Buildings","63","Oakland","LEA District","Elem thru High School","City: Small","04","Mathematics","Male","Students with Disabilities","10.6","27.7","34.0","27.7"
"18 - 19 School Year","M-STEP","63","Oakland Schools","63150","Troy School District","00000","All Buildings","63","Oakland","LEA District","Elem thru High School","City: Small","04","Mathematics","Male","Students without IEP","49.5","30.0","17.3","3.3"
"18 - 19 School Year","M-STEP","63","Oakland Schools","63150","Troy School District","00000","All Buildings","63","Oakland","LEA District","Elem thru High School","City: Small","04","Mathematics","Native Hawaiian or Other Pacific Islander","English Learners","*","*","*","*"
"18 - 19 School Year","M-STEP","63","Oakland Schools","63150","Troy School District","00000","All Buildings","63","Oakland","LEA District","Elem thru High School","City: Small","04","Mathematics","Native Hawaiian or Other Pacific Islander","Male","*","*","*","*"
"18 - 19 School Year","M-STEP","63","Oakland Schools","63150","Troy School District","00000","All Buildings","63","Oakland","LEA District","Elem thru High School","City: Small","04","Mathematics","Native Hawaiian or Other Pacific Islander","Students with Disabilities","*","*","*","*"
"18 - 19 School Year","M-STEP","63","Oakland Schools","63150","Troy School District","00000","All Buildings","63","Oakland","LEA District","Elem thru High School","City: Small","04","Mathematics","Students with Disabilities","English Learners","<=20%","<=20%","*","*"
"18 - 19 School Year","M-STEP","63","Oakland Schools","63150","Troy School District","00000","All Buildings","63","Oakland","LEA District","Elem thru High School","City: Small","04","Mathematics","Students with Disabilities","Not English Learners","10.6","27.7","27.7","34.0"
"18 - 19 School Year","M-STEP","63","Oakland Schools","63150","Troy School District","00000","All Buildings","63","Oakland","LEA District","Elem thru High School","City: Small","04","Mathematics","Students without IEP","English Learners","33.3","30.7","28.6","7.4"
"18 - 19 School Year","M-STEP","63","Oakland Schools","63150","Troy School District","00000","All Buildings","63","Oakland","LEA District","Elem thru High School","City: Small","04","Mathematics","Students without IEP","Not English Learners","49.1","30.8","15.7","4.4"
"18 - 19 School Year","M-STEP","63","Oakland Schools","63150","Troy School District","00000","All Buildings","63","Oakland","LEA District","Elem thru High School","City: Small","04","Mathematics","Two or More Races","English Learners","*","*","*","*"
"18 - 19 School Year","M-STEP","63","Oakland Schools","63150","Troy School District","00000","All Buildings","63","Oakland","LEA District","Elem thru High School","City: Small","04","Mathematics","Two or More Races","Female","<=50%",">=50%","<=50%","<=50%"
"18 - 19 School Year","M-STEP","63","Oakland Schools","63150","Troy School District","00000","All Buildings","63","Oakland","LEA District","Elem thru High School","City: Small","04","Mathematics","Two or More Races","Male","<=50%","<=50%","<=50%","<=50%"
"18 - 19 School Year","M-STEP","63","Oakland Schools","63150","Troy School District","00000","All Buildings","63","Oakland","LEA District","Elem thru High School","City: Small","04","Mathematics","Two or More Races","Not English Learners","<=20%","*","*","<=20%"
"18 - 19 School Year","M-STEP","63","Oakland Schools","63150","Troy School District","00000","All Buildings","63","Oakland","LEA District","Elem thru High School","City: Small","04","Mathematics","Two or More Races","Students with Disabilities","*","*","*","*"
"18 - 19 School Year","M-STEP","63","Oakland Schools","63150","Troy School District","00000","All Buildings","63","Oakland","LEA District","Elem thru High School","City: Small","04","Mathematics","Two or More Races","Students without IEP","28.0","44.0","*","<=20%"
"18 - 19 School Year","M-STEP","63","Oakland Schools","63150","Troy School District","00000","All Buildings","63","Oakland","LEA District","Elem thru High School","City: Small","04","Mathematics","White, not of Hispanic origin","English Learners","10.8","26.2","44.6","18.5"
"18 - 19 School Year","M-STEP","63","Oakland Schools","63150","Troy School District","00000","All Buildings","63","Oakland","LEA District","Elem thru High School","City: Small","04","Mathematics","White, not of Hispanic origin","Female","29.1","32.0","26.7","12.1"
"18 - 19 School Year","M-STEP","63","Oakland Schools","63150","Troy School District","00000","All Buildings","63","Oakland","LEA District","Elem thru High School","City: Small","04","Mathematics","White, not of Hispanic origin","Male","36.8","36.4","20.3","6.5"
"18 - 19 School Year","M-STEP","63","Oakland Schools","63150","Troy School District","00000","All Buildings","63","Oakland","LEA District","Elem thru High School","City: Small","04","Mathematics","White, not of Hispanic origin","Not English Learners","37.1","35.8","19.6","7.5"
"18 - 19 School Year","M-STEP","63","Oakland Schools","63150","Troy School District","00000","All Buildings","63","Oakland","LEA District","Elem thru High School","City: Small","04","Mathematics","White, not of Hispanic origin","Students with Disabilities","<=10%","*","34.0","34.0"
"18 - 19 School Year","M-STEP","63","Oakland Schools","63150","Troy School District","00000","All Buildings","63","Oakland","LEA District","Elem thru High School","City: Small","04","Mathematics","White, not of Hispanic origin","Students without IEP","36.2","35.9","22.0","5.9"
"18 - 19 School Year","M-STEP","63","Oakland Schools","63150","Troy School District","00000","All Buildings","63","Oakland","LEA District","Elem thru High School","City: Small","05","Mathematics","American Indian or Alaska Native","Female","*","*","*","*"
"18 - 19 School Year","M-STEP","63","Oakland Schools","63150","Troy School District","00000","All Buildings","63","Oakland","LEA District","Elem thru High School","City: Small","05","Mathematics","American Indian or Alaska Native","Male","*","*","*","*"
"18 - 19 School Year","M-STEP","63","Oakland Schools","63150","Troy School District","00000","All Buildings","63","Oakland","LEA District","Elem thru High School","City: Small","05","Mathematics","American Indian or Alaska Native","Not English Learners","*","*","*","*"
"18 - 19 School Year","M-STEP","63","Oakland Schools","63150","Troy School District","00000","All Buildings","63","Oakland","LEA District","Elem thru High School","City: Small","05","Mathematics","American Indian or Alaska Native","Students with Disabilities","*","*","*","*"
"18 - 19 School Year","M-STEP","63","Oakland Schools","63150","Troy School District","00000","All Buildings","63","Oakland","LEA District","Elem thru High School","City: Small","05","Mathematics","Asian","English Learners","33.3","33.3","25.0","8.3"
"18 - 19 School Year","M-STEP","63","Oakland Schools","63150","Troy School District","00000","All Buildings","63","Oakland","LEA District","Elem thru High School","City: Small","05","Mathematics","Asian","Female","60.2","22.3","*","<=5%"
"18 - 19 School Year","M-STEP","63","Oakland Schools","63150","Troy School District","00000","All Buildings","63","Oakland","LEA District","Elem thru High School","City: Small","05","Mathematics","Asian","Male","69.5","17.4","*","<=5%"
"18 - 19 School Year","M-STEP","63","Oakland Schools","63150","Troy School District","00000","All Buildings","63","Oakland","LEA District","Elem thru High School","City: Small","05","Mathematics","Asian","Not English Learners","74.4","15.7","*","<=1%"
"18 - 19 School Year","M-STEP","63","Oakland Schools","63150","Troy School District","00000","All Buildings","63","Oakland","LEA District","Elem thru High School","City: Small","05","Mathematics","Asian","Students with Disabilities","<=20%","*","33.3","22.2"
"18 - 19 School Year","M-STEP","63","Oakland Schools","63150","Troy School District","00000","All Buildings","63","Oakland","LEA District","Elem thru High School","City: Small","05","Mathematics","Asian","Students without IEP","66.8","19.6","11.7","1.8"
"18 - 19 School Year","M-STEP","63","Oakland Schools","63150","Troy School District","00000","All Buildings","63","Oakland","LEA District","Elem thru High School","City: Small","05","Mathematics","Black, not of Hispanic origin","English Learners","*","*","*","*"
"18 - 19 School Year","M-STEP","63","Oakland Schools","63150","Troy School District","00000","All Buildings","63","Oakland","LEA District","Elem thru High School","City: Small","05","Mathematics","Black, not of Hispanic origin","Female","<=20%","<=20%","*","*"
"18 - 19 School Year","M-STEP","63","Oakland Schools","63150","Troy School District","00000","All Buildings","63","Oakland","LEA District","Elem thru High School","City: Small","05","Mathematics","Black, not of Hispanic origin","Male","<=20%","<=20%","21.7","52.2"
"18 - 19 School Year","M-STEP","63","Oakland Schools","63150","Troy School District","00000","All Buildings","63","Oakland","LEA District","Elem thru High School","City: Small","05","Mathematics","Black, not of Hispanic origin","Not English Learners","*","<=10%","28.3","52.2"
"18 - 19 School Year","M-STEP","63","Oakland Schools","63150","Troy School District","00000","All Buildings","63","Oakland","LEA District","Elem thru High School","City: Small","05","Mathematics","Black, not of Hispanic origin","Students with Disabilities","<=50%","<=50%","<=50%",">=50%"
"18 - 19 School Year","M-STEP","63","Oakland Schools","63150","Troy School District","00000","All Buildings","63","Oakland","LEA District","Elem thru High School","City: Small","05","Mathematics","Black, not of Hispanic origin","Students without IEP","15.6","12.5","37.5","34.4"
"18 - 19 School Year","M-STEP","63","Oakland Schools","63150","Troy School District","00000","All Buildings","63","Oakland","LEA District","Elem thru High School","City: Small","05","Mathematics","Female","English Learners","17.9","26.2","29.8","26.2"
"18 - 19 School Year","M-STEP","63","Oakland Schools","63150","Troy School District","00000","All Buildings","63","Oakland","LEA District","Elem thru High School","City: Small","05","Mathematics","Female","Not English Learners","45.4","20.2","22.8","11.5"
"18 - 19 School Year","M-STEP","63","Oakland Schools","63150","Troy School District","00000","All Buildings","63","Oakland","LEA District","Elem thru High School","City: Small","05","Mathematics","Female","Students with Disabilities","<=10%","<=10%","*","*"
"18 - 19 School Year","M-STEP","63","Oakland Schools","63150","Troy School District","00000","All Buildings","63","Oakland","LEA District","Elem thru High School","City: Small","05","Mathematics","Female","Students without IEP","43.9","22.4","23.1","10.5"
"18 - 19 School Year","M-STEP","63","Oakland Schools","63150","Troy School District","00000","All Buildings","63","Oakland","LEA District","Elem thru High School","City: Small","05","Mathematics","Hispanic","English Learners","<=20%","<=20%","<=20%","*"
"18 - 19 School Year","M-STEP","63","Oakland Schools","63150","Troy School District","00000","All Buildings","63","Oakland","LEA District","Elem thru High School","City: Small","05","Mathematics","Hispanic","Female","<=20%","*","<=20%","*"
"18 - 19 School Year","M-STEP","63","Oakland Schools","63150","Troy School District","00000","All Buildings","63","Oakland","LEA District","Elem thru High School","City: Small","05","Mathematics","Hispanic","Male","*","<=20%","27.8","33.3"
"18 - 19 School Year","M-STEP","63","Oakland Schools","63150","Troy School District","00000","All Buildings","63","Oakland","LEA District","Elem thru High School","City: Small","05","Mathematics","Hispanic","Not English Learners","<=50%","<=50%","<=50%","<=50%"
"18 - 19 School Year","M-STEP","63","Oakland Schools","63150","Troy School District","00000","All Buildings","63","Oakland","LEA District","Elem thru High School","City: Small","05","Mathematics","Hispanic","Students with Disabilities","*","*","*","*"
"18 - 19 School Year","M-STEP","63","Oakland Schools","63150","Troy School District","00000","All Buildings","63","Oakland","LEA District","Elem thru High School","City: Small","05","Mathematics","Hispanic","Students without IEP","23.1","26.9","23.1","26.9"
"18 - 19 School Year","M-STEP","63","Oakland Schools","63150","Troy School District","00000","All Buildings","63","Oakland","LEA District","Elem thru High School","City: Small","05","Mathematics","Male","English Learners","27.6","25.3","31.0","16.1"
"18 - 19 School Year","M-STEP","63","Oakland Schools","63150","Troy School District","00000","All Buildings","63","Oakland","LEA District","Elem thru High School","City: Small","05","Mathematics","Male","Not English Learners","50.2","19.6","16.7","13.4"
"18 - 19 School Year","M-STEP","63","Oakland Schools","63150","Troy School District","00000","All Buildings","63","Oakland","LEA District","Elem thru High School","City: Small","05","Mathematics","Male","Students with Disabilities","6.9","16.7","22.2","54.2"
"18 - 19 School Year","M-STEP","63","Oakland Schools","63150","Troy School District","00000","All Buildings","63","Oakland","LEA District","Elem thru High School","City: Small","05","Mathematics","Male","Students without IEP","52.8","21.2","18.7","7.3"
"18 - 19 School Year","M-STEP","63","Oakland Schools","63150","Troy School District","00000","All Buildings","63","Oakland","LEA District","Elem thru High School","City: Small","05","Mathematics","Native Hawaiian or Other Pacific Islander","English Learners","*","*","*","*"
"18 - 19 School Year","M-STEP","63","Oakland Schools","63150","Troy School District","00000","All Buildings","63","Oakland","LEA District","Elem thru High School","City: Small","05","Mathematics","Native Hawaiian or Other Pacific Islander","Female","*","*","*","*"
"18 - 19 School Year","M-STEP","63","Oakland Schools","63150","Troy School District","00000","All Buildings","63","Oakland","LEA District","Elem thru High School","City: Small","05","Mathematics","Native Hawaiian or Other Pacific Islander","Not English Learners","*","*","*","*"
"18 - 19 School Year","M-STEP","63","Oakland Schools","63150","Troy School District","00000","All Buildings","63","Oakland","LEA District","Elem thru High School","City: Small","05","Mathematics","Native Hawaiian or Other Pacific Islander","Students with Disabilities","*","*","*","*"
"18 - 19 School Year","M-STEP","63","Oakland Schools","63150","Troy School District","00000","All Buildings","63","Oakland","LEA District","Elem thru High School","City: Small","05","Mathematics","Native Hawaiian or Other Pacific Islander","Students without IEP","*","*","*","*"
"18 - 19 School Year","M-STEP","63","Oakland Schools","63150","Troy School District","00000","All Buildings","63","Oakland","LEA District","Elem thru High School","City: Small","05","Mathematics","Students with Disabilities","English Learners","<=10%","*","39.4","39.4"
"18 - 19 School Year","M-STEP","63","Oakland Schools","63150","Troy School District","00000","All Buildings","63","Oakland","LEA District","Elem thru High School","City: Small","05","Mathematics","Students with Disabilities","Not English Learners","<=5%","*","21.1","61.8"
"18 - 19 School Year","M-STEP","63","Oakland Schools","63150","Troy School District","00000","All Buildings","63","Oakland","LEA District","Elem thru High School","City: Small","05","Mathematics","Students without IEP","English Learners","26.8","28.3","28.3","16.7"
"18 - 19 School Year","M-STEP","63","Oakland Schools","63150","Troy School District","00000","All Buildings","63","Oakland","LEA District","Elem thru High School","City: Small","05","Mathematics","Students without IEP","Not English Learners","52.5","20.6","19.5","7.4"
"18 - 19 School Year","M-STEP","63","Oakland Schools","63150","Troy School District","00000","All Buildings","63","Oakland","LEA District","Elem thru High School","City: Small","05","Mathematics","Two or More Races","English Learners","*","*","*","*"
"18 - 19 School Year","M-STEP","63","Oakland Schools","63150","Troy School District","00000","All Buildings","63","Oakland","LEA District","Elem thru High School","City: Small","05","Mathematics","Two or More Races","Female","<=50%","<=50%","<=50%","<=50%"
"18 - 19 School Year","M-STEP","63","Oakland Schools","63150","Troy School District","00000","All Buildings","63","Oakland","LEA District","Elem thru High School","City: Small","05","Mathematics","Two or More Races","Male","<=50%","<=50%","<=50%","<=50%"
"18 - 19 School Year","M-STEP","63","Oakland Schools","63150","Troy School District","00000","All Buildings","63","Oakland","LEA District","Elem thru High School","City: Small","05","Mathematics","Two or More Races","Not English Learners","32.0","24.0","*","<=20%"
"18 - 19 School Year","M-STEP","63","Oakland Schools","63150","Troy School District","00000","All Buildings","63","Oakland","LEA District","Elem thru High School","City: Small","05","Mathematics","Two or More Races","Students with Disabilities","*","*","*","*"
"18 - 19 School Year","M-STEP","63","Oakland Schools","63150","Troy School District","00000","All Buildings","63","Oakland","LEA District","Elem thru High School","City: Small","05","Mathematics","Two or More Races","Students without IEP","33.3","25.0","*","<=20%"
"18 - 19 School Year","M-STEP","63","Oakland Schools","63150","Troy School District","00000","All Buildings","63","Oakland","LEA District","Elem thru High School","City: Small","05","Mathematics","White, not of Hispanic origin","English Learners","<=10%","*","44.2","32.7"
"18 - 19 School Year","M-STEP","63","Oakland Schools","63150","Troy School District","00000","All Buildings","63","Oakland","LEA District","Elem thru High School","City: Small","05","Mathematics","White, not of Hispanic origin","Female","27.8","21.2","33.8","17.2"
"18 - 19 School Year","M-STEP","63","Oakland Schools","63150","Troy School District","00000","All Buildings","63","Oakland","LEA District","Elem thru High School","City: Small","05","Mathematics","White, not of Hispanic origin","Male","34.6","23.3","24.1","18.0"
"18 - 19 School Year","M-STEP","63","Oakland Schools","63150","Troy School District","00000","All Buildings","63","Oakland","LEA District","Elem thru High School","City: Small","05","Mathematics","White, not of Hispanic origin","Not English Learners","34.7","23.3","26.2","15.8"
"18 - 19 School Year","M-STEP","63","Oakland Schools","63150","Troy School District","00000","All Buildings","63","Oakland","LEA District","Elem thru High School","City: Small","05","Mathematics","White, not of Hispanic origin","Students with Disabilities","<=5%","*","30.2","54.0"
"18 - 19 School Year","M-STEP","63","Oakland Schools","63150","Troy School District","00000","All Buildings","63","Oakland","LEA District","Elem thru High School","City: Small","05","Mathematics","White, not of Hispanic origin","Students without IEP","36.2","23.9","27.9","12.0"
"18 - 19 School Year","M-STEP","63","Oakland Schools","63150","Troy School District","00000","All Buildings","63","Oakland","LEA District","Elem thru High School","City: Small","06","Mathematics","Asian","English Learners","45.5","16.7","18.2","19.7"
"18 - 19 School Year","M-STEP","63","Oakland Schools","63150","Troy School District","00000","All Buildings","63","Oakland","LEA District","Elem thru High School","City: Small","06","Mathematics","Asian","Female","72.7","12.9","9.3","5.2"
"18 - 19 School Year","M-STEP","63","Oakland Schools","63150","Troy School District","00000","All Buildings","63","Oakland","LEA District","Elem thru High School","City: Small","06","Mathematics","Asian","Male","78.3","11.8","*","<=5%"
"18 - 19 School Year","M-STEP","63","Oakland Schools","63150","Troy School District","00000","All Buildings","63","Oakland","LEA District","Elem thru High School","City: Small","06","Mathematics","Asian","Not English Learners","81.6","11.5","5.1","1.8"
"18 - 19 School Year","M-STEP","63","Oakland Schools","63150","Troy School District","00000","All Buildings","63","Oakland","LEA District","Elem thru High School","City: Small","06","Mathematics","Asian","Students with Disabilities","*","*","*","*"
"18 - 19 School Year","M-STEP","63","Oakland Schools","63150","Troy School District","00000","All Buildings","63","Oakland","LEA District","Elem thru High School","City: Small","06","Mathematics","Asian","Students without IEP","76.2","12.3","7.2","4.4"
"18 - 19 School Year","M-STEP","63","Oakland Schools","63150","Troy School District","00000","All Buildings","63","Oakland","LEA District","Elem thru High School","City: Small","06","Mathematics","Black, not of Hispanic origin","English Learners","*","*","*","*"
"18 - 19 School Year","M-STEP","63","Oakland Schools","63150","Troy School District","00000","All Buildings","63","Oakland","LEA District","Elem thru High School","City: Small","06","Mathematics","Black, not of Hispanic origin","Female","<=20%","<=20%","50.0","27.8"
"18 - 19 School Year","M-STEP","63","Oakland Schools","63150","Troy School District","00000","All Buildings","63","Oakland","LEA District","Elem thru High School","City: Small","06","Mathematics","Black, not of Hispanic origin","Male","<=20%","*","31.8","27.3"
"18 - 19 School Year","M-STEP","63","Oakland Schools","63150","Troy School District","00000","All Buildings","63","Oakland","LEA District","Elem thru High School","City: Small","06","Mathematics","Black, not of Hispanic origin","Not English Learners","12.8","20.5","41.0","25.6"
"18 - 19 School Year","M-STEP","63","Oakland Schools","63150","Troy School District","00000","All Buildings","63","Oakland","LEA District","Elem thru High School","City: Small","06","Mathematics","Black, not of Hispanic origin","Students with Disabilities","*","*","*","*"
"18 - 19 School Year","M-STEP","63","Oakland Schools","63150","Troy School District","00000","All Buildings","63","Oakland","LEA District","Elem thru High School","City: Small","06","Mathematics","Black, not of Hispanic origin","Students without IEP","15.2","24.2","45.5","15.2"
"18 - 19 School Year","M-STEP","63","Oakland Schools","63150","Troy School District","00000","All Buildings","63","Oakland","LEA District","Elem thru High School","City: Small","06","Mathematics","Female","English Learners","31.4","13.7","27.5","27.5"
"18 - 19 School Year","M-STEP","63","Oakland Schools","63150","Troy School District","00000","All Buildings","63","Oakland","LEA District","Elem thru High School","City: Small","06","Mathematics","Female","Not English Learners","52.5","20.9","19.1","7.5"
"18 - 19 School Year","M-STEP","63","Oakland Schools","63150","Troy School District","00000","All Buildings","63","Oakland","LEA District","Elem thru High School","City: Small","06","Mathematics","Female","Students with Disabilities","<=20%","<=20%","*","*"
"18 - 19 School Year","M-STEP","63","Oakland Schools","63150","Troy School District","00000","All Buildings","63","Oakland","LEA District","Elem thru High School","City: Small","06","Mathematics","Female","Students without IEP","52.3","20.9","19.4","7.4"
"18 - 19 School Year","M-STEP","63","Oakland Schools","63150","Troy School District","00000","All Buildings","63","Oakland","LEA District","Elem thru High School","City: Small","06","Mathematics","Hispanic","English Learners","*","*","*","*"
"18 - 19 School Year","M-STEP","63","Oakland Schools","63150","Troy School District","00000","All Buildings","63","Oakland","LEA District","Elem thru High School","City: Small","06","Mathematics","Hispanic","Female","<=50%","<=50%","<=50%","<=50%"
"18 - 19 School Year","M-STEP","63","Oakland Schools","63150","Troy School District","00000","All Buildings","63","Oakland","LEA District","Elem thru High School","City: Small","06","Mathematics","Hispanic","Male","<=20%","<=20%","47.4","31.6"
"18 - 19 School Year","M-STEP","63","Oakland Schools","63150","Troy School District","00000","All Buildings","63","Oakland","LEA District","Elem thru High School","City: Small","06","Mathematics","Hispanic","Not English Learners","*","<=20%","39.1","21.7"
"18 - 19 School Year","M-STEP","63","Oakland Schools","63150","Troy School District","00000","All Buildings","63","Oakland","LEA District","Elem thru High School","City: Small","06","Mathematics","Hispanic","Students with Disabilities","*","*","*","*"
"18 - 19 School Year","M-STEP","63","Oakland Schools","63150","Troy School District","00000","All Buildings","63","Oakland","LEA District","Elem thru High School","City: Small","06","Mathematics","Hispanic","Students without IEP","*","<=20%","*","<=20%"
"18 - 19 School Year","M-STEP","63","Oakland Schools","63150","Troy School District","00000","All Buildings","63","Oakland","LEA District","Elem thru High School","City: Small","06","Mathematics","Male","English Learners","30.6","19.4","24.2","25.8"
"18 - 19 School Year","M-STEP","63","Oakland Schools","63150","Troy School District","00000","All Buildings","63","Oakland","LEA District","Elem thru High School","City: Small","06","Mathematics","Male","Not English Learners","54.9","20.2","17.3","7.6"
"18 - 19 School Year","M-STEP","63","Oakland Schools","63150","Troy School District","00000","All Buildings","63","Oakland","LEA District","Elem thru High School","City: Small","06","Mathematics","Male","Students with Disabilities","13.8","19.0","19.0","48.3"
"18 - 19 School Year","M-STEP","63","Oakland Schools","63150","Troy School District","00000","All Buildings","63","Oakland","LEA District","Elem thru High School","City: Small","06","Mathematics","Male","Students without IEP","56.8","20.3","18.0","5.0"
"18 - 19 School Year","M-STEP","63","Oakland Schools","63150","Troy School District","00000","All Buildings","63","Oakland","LEA District","Elem thru High School","City: Small","06","Mathematics","Students with Disabilities","English Learners","<=20%","<=20%","<=20%","*"
"18 - 19 School Year","M-STEP","63","Oakland Schools","63150","Troy School District","00000","All Buildings","63","Oakland","LEA District","Elem thru High School","City: Small","06","Mathematics","Students with Disabilities","Not English Learners","12.7","15.9","23.8","47.6"
"18 - 19 School Year","M-STEP","63","Oakland Schools","63150","Troy School District","00000","All Buildings","63","Oakland","LEA District","Elem thru High School","City: Small","06","Mathematics","Students without IEP","English Learners","35.1","17.5","26.8","20.6"
"18 - 19 School Year","M-STEP","63","Oakland Schools","63150","Troy School District","00000","All Buildings","63","Oakland","LEA District","Elem thru High School","City: Small","06","Mathematics","Students without IEP","Not English Learners","56.8","20.9","17.7","4.6"
"18 - 19 School Year","M-STEP","63","Oakland Schools","63150","Troy School District","00000","All Buildings","63","Oakland","LEA District","Elem thru High School","City: Small","06","Mathematics","Two or More Races","Female",">=50%","<=50%","<=50%","<=50%"
"18 - 19 School Year","M-STEP","63","Oakland Schools","63150","Troy School District","00000","All Buildings","63","Oakland","LEA District","Elem thru High School","City: Small","06","Mathematics","Two or More Races","Male","45.5","27.3","<=20%","<=20%"
"18 - 19 School Year","M-STEP","63","Oakland Schools","63150","Troy School District","00000","All Buildings","63","Oakland","LEA District","Elem thru High School","City: Small","06","Mathematics","Two or More Races","Not English Learners","53.1","21.9","*","<=10%"
"18 - 19 School Year","M-STEP","63","Oakland Schools","63150","Troy School District","00000","All Buildings","63","Oakland","LEA District","Elem thru High School","City: Small","06","Mathematics","Two or More Races","Students with Disabilities","*","*","*","*"
"18 - 19 School Year","M-STEP","63","Oakland Schools","63150","Troy School District","00000","All Buildings","63","Oakland","LEA District","Elem thru High School","City: Small","06","Mathematics","Two or More Races","Students without IEP","*","*","<=20%","<=20%"
"18 - 19 School Year","M-STEP","63","Oakland Schools","63150","Troy School District","00000","All Buildings","63","Oakland","LEA District","Elem thru High School","City: Small","06","Mathematics","White, not of Hispanic origin","English Learners","10.5","21.1","34.2","34.2"
"18 - 19 School Year","M-STEP","63","Oakland Schools","63150","Troy School District","00000","All Buildings","63","Oakland","LEA District","Elem thru High School","City: Small","06","Mathematics","White, not of Hispanic origin","Female","35.8","27.2","25.7","11.3"
"18 - 19 School Year","M-STEP","63","Oakland Schools","63150","Troy School District","00000","All Buildings","63","Oakland","LEA District","Elem thru High School","City: Small","06","Mathematics","White, not of Hispanic origin","Male","39.5","25.5","24.4","10.7"
"18 - 19 School Year","M-STEP","63","Oakland Schools","63150","Troy School District","00000","All Buildings","63","Oakland","LEA District","Elem thru High School","City: Small","06","Mathematics","White, not of Hispanic origin","Not English Learners","39.8","26.7","24.3","9.2"
"18 - 19 School Year","M-STEP","63","Oakland Schools","63150","Troy School District","00000","All Buildings","63","Oakland","LEA District","Elem thru High School","City: Small","06","Mathematics","White, not of Hispanic origin","Students with Disabilities","10.3","19.0","24.1","46.6"
"18 - 19 School Year","M-STEP","63","Oakland Schools","63150","Troy School District","00000","All Buildings","63","Oakland","LEA District","Elem thru High School","City: Small","06","Mathematics","White, not of Hispanic origin","Students without IEP","41.1","27.2","25.1","6.6"
"18 - 19 School Year","M-STEP","63","Oakland Schools","63150","Troy School District","00000","All Buildings","63","Oakland","LEA District","Elem thru High School","City: Small","07","Mathematics","American Indian or Alaska Native","Male","*","*","*","*"
"18 - 19 School Year","M-STEP","63","Oakland Schools","63150","Troy School District","00000","All Buildings","63","Oakland","LEA District","Elem thru High School","City: Small","07","Mathematics","American Indian or Alaska Native","Not English Learners","*","*","*","*"
"18 - 19 School Year","M-STEP","63","Oakland Schools","63150","Troy School District","00000","All Buildings","63","Oakland","LEA District","Elem thru High School","City: Small","07","Mathematics","American Indian or Alaska Native","Students without IEP","*","*","*","*"
"18 - 19 School Year","M-STEP","63","Oakland Schools","63150","Troy School District","00000","All Buildings","63","Oakland","LEA District","Elem thru High School","City: Small","07","Mathematics","Asian","English Learners","43.5","18.8","27.5","10.1"
"18 - 19 School Year","M-STEP","63","Oakland Schools","63150","Troy School District","00000","All Buildings","63","Oakland","LEA District","Elem thru High School","City: Small","07","Mathematics","Asian","Female","72.1","10.9","*","<=5%"
"18 - 19 School Year","M-STEP","63","Oakland Schools","63150","Troy School District","00000","All Buildings","63","Oakland","LEA District","Elem thru High School","City: Small","07","Mathematics","Asian","Male","81.3","9.7","*","<=5%"
"18 - 19 School Year","M-STEP","63","Oakland Schools","63150","Troy School District","00000","All Buildings","63","Oakland","LEA District","Elem thru High School","City: Small","07","Mathematics","Asian","Not English Learners","85.3","8.1","*","<=5%"
"18 - 19 School Year","M-STEP","63","Oakland Schools","63150","Troy School District","00000","All Buildings","63","Oakland","LEA District","Elem thru High School","City: Small","07","Mathematics","Asian","Students with Disabilities","*","*","*","*"
"18 - 19 School Year","M-STEP","63","Oakland Schools","63150","Troy School District","00000","All Buildings","63","Oakland","LEA District","Elem thru High School","City: Small","07","Mathematics","Asian","Students without IEP","77.7","10.1","10.7","1.5"
"18 - 19 School Year","M-STEP","63","Oakland Schools","63150","Troy School District","00000","All Buildings","63","Oakland","LEA District","Elem thru High School","City: Small","07","Mathematics","Black, not of Hispanic origin","English Learners","*","*","*","*"
"18 - 19 School Year","M-STEP","63","Oakland Schools","63150","Troy School District","00000","All Buildings","63","Oakland","LEA District","Elem thru High School","City: Small","07","Mathematics","Black, not of Hispanic origin","Female","<=20%","*","42.9","28.6"
"18 - 19 School Year","M-STEP","63","Oakland Schools","63150","Troy School District","00000","All Buildings","63","Oakland","LEA District","Elem thru High School","City: Small","07","Mathematics","Black, not of Hispanic origin","Male","<=20%","<=20%","27.3","40.9"
"18 - 19 School Year","M-STEP","63","Oakland Schools","63150","Troy School District","00000","All Buildings","63","Oakland","LEA District","Elem thru High School","City: Small","07","Mathematics","Black, not of Hispanic origin","Not English Learners","12.2","17.1","36.6","34.1"
"18 - 19 School Year","M-STEP","63","Oakland Schools","63150","Troy School District","00000","All Buildings","63","Oakland","LEA District","Elem thru High School","City: Small","07","Mathematics","Black, not of Hispanic origin","Students with Disabilities","*","*","*","*"
"18 - 19 School Year","M-STEP","63","Oakland Schools","63150","Troy School District","00000","All Buildings","63","Oakland","LEA District","Elem thru High School","City: Small","07","Mathematics","Black, not of Hispanic origin","Students without IEP","10.3","20.5","35.9","33.3"
"18 - 19 School Year","M-STEP","63","Oakland Schools","63150","Troy School District","00000","All Buildings","63","Oakland","LEA District","Elem thru High School","City: Small","07","Mathematics","Female","English Learners","21.7","17.4","34.8","26.1"
"18 - 19 School Year","M-STEP","63","Oakland Schools","63150","Troy School District","00000","All Buildings","63","Oakland","LEA District","Elem thru High School","City: Small","07","Mathematics","Female","Not English Learners","47.6","18.9","21.9","11.6"
"18 - 19 School Year","M-STEP","63","Oakland Schools","63150","Troy School District","00000","All Buildings","63","Oakland","LEA District","Elem thru High School","City: Small","07","Mathematics","Female","Students with Disabilities","<=10%","<=10%","*","*"
"18 - 19 School Year","M-STEP","63","Oakland Schools","63150","Troy School District","00000","All Buildings","63","Oakland","LEA District","Elem thru High School","City: Small","07","Mathematics","Female","Students without IEP","48.1","19.8","23.0","9.1"
"18 - 19 School Year","M-STEP","63","Oakland Schools","63150","Troy School District","00000","All Buildings","63","Oakland","LEA District","Elem thru High School","City: Small","07","Mathematics","Hispanic","English Learners","<=20%","*","31.3","31.3"
"18 - 19 School Year","M-STEP","63","Oakland Schools","63150","Troy School District","00000","All Buildings","63","Oakland","LEA District","Elem thru High School","City: Small","07","Mathematics","Hispanic","Female","<=20%","*","<=20%","*"
"18 - 19 School Year","M-STEP","63","Oakland Schools","63150","Troy School District","00000","All Buildings","63","Oakland","LEA District","Elem thru High School","City: Small","07","Mathematics","Hispanic","Male","23.5","29.4","<=20%","*"
"18 - 19 School Year","M-STEP","63","Oakland Schools","63150","Troy School District","00000","All Buildings","63","Oakland","LEA District","Elem thru High School","City: Small","07","Mathematics","Hispanic","Not English Learners","22.7","45.5","<=20%","*"
"18 - 19 School Year","M-STEP","63","Oakland Schools","63150","Troy School District","00000","All Buildings","63","Oakland","LEA District","Elem thru High School","City: Small","07","Mathematics","Hispanic","Students with Disabilities","*","*","*","*"
"18 - 19 School Year","M-STEP","63","Oakland Schools","63150","Troy School District","00000","All Buildings","63","Oakland","LEA District","Elem thru High School","City: Small","07","Mathematics","Hispanic","Students without IEP","22.6","45.2","16.1","16.1"
"18 - 19 School Year","M-STEP","63","Oakland Schools","63150","Troy School District","00000","All Buildings","63","Oakland","LEA District","Elem thru High School","City: Small","07","Mathematics","Male","English Learners","35.2","18.3","26.8","19.7"
"18 - 19 School Year","M-STEP","63","Oakland Schools","63150","Troy School District","00000","All Buildings","63","Oakland","LEA District","Elem thru High School","City: Small","07","Mathematics","Male","Not English Learners","57.6","16.3","15.1","11.1"
"18 - 19 School Year","M-STEP","63","Oakland Schools","63150","Troy School District","00000","All Buildings","63","Oakland","LEA District","Elem thru High School","City: Small","07","Mathematics","Male","Students with Disabilities","23.2","10.7","19.6","46.4"
"18 - 19 School Year","M-STEP","63","Oakland Schools","63150","Troy School District","00000","All Buildings","63","Oakland","LEA District","Elem thru High School","City: Small","07","Mathematics","Male","Students without IEP","58.3","17.2","16.4","8.1"
"18 - 19 School Year","M-STEP","63","Oakland Schools","63150","Troy School District","00000","All Buildings","63","Oakland","LEA District","Elem thru High School","City: Small","07","Mathematics","Native Hawaiian or Other Pacific Islander","Male","*","*","*","*"
"18 - 19 School Year","M-STEP","63","Oakland Schools","63150","Troy School District","00000","All Buildings","63","Oakland","LEA District","Elem thru High School","City: Small","07","Mathematics","Native Hawaiian or Other Pacific Islander","Not English Learners","*","*","*","*"
"18 - 19 School Year","M-STEP","63","Oakland Schools","63150","Troy School District","00000","All Buildings","63","Oakland","LEA District","Elem thru High School","City: Small","07","Mathematics","Native Hawaiian or Other Pacific Islander","Students without IEP","*","*","*","*"
"18 - 19 School Year","M-STEP","63","Oakland Schools","63150","Troy School District","00000","All Buildings","63","Oakland","LEA District","Elem thru High School","City: Small","07","Mathematics","Students with Disabilities","English Learners","<=20%","<=20%","<=20%","*"
"18 - 19 School Year","M-STEP","63","Oakland Schools","63150","Troy School District","00000","All Buildings","63","Oakland","LEA District","Elem thru High School","City: Small","07","Mathematics","Students with Disabilities","Not English Learners","18.3","8.5","23.9","49.3"
"18 - 19 School Year","M-STEP","63","Oakland Schools","63150","Troy School District","00000","All Buildings","63","Oakland","LEA District","Elem thru High School","City: Small","07","Mathematics","Students without IEP","English Learners","34.0","20.0","33.0","13.0"
"18 - 19 School Year","M-STEP","63","Oakland Schools","63150","Troy School District","00000","All Buildings","63","Oakland","LEA District","Elem thru High School","City: Small","07","Mathematics","Students without IEP","Not English Learners","55.4","18.4","18.1","8.1"
"18 - 19 School Year","M-STEP","63","Oakland Schools","63150","Troy School District","00000","All Buildings","63","Oakland","LEA District","Elem thru High School","City: Small","07","Mathematics","Two or More Races","English Learners","*","*","*","*"
"18 - 19 School Year","M-STEP","63","Oakland Schools","63150","Troy School District","00000","All Buildings","63","Oakland","LEA District","Elem thru High School","City: Small","07","Mathematics","Two or More Races","Female","*","<=20%","26.3","21.1"
"18 - 19 School Year","M-STEP","63","Oakland Schools","63150","Troy School District","00000","All Buildings","63","Oakland","LEA District","Elem thru High School","City: Small","07","Mathematics","Two or More Races","Male","*","<=20%","*","<=20%"
"18 - 19 School Year","M-STEP","63","Oakland Schools","63150","Troy School District","00000","All Buildings","63","Oakland","LEA District","Elem thru High School","City: Small","07","Mathematics","Two or More Races","Not English Learners","45.7","11.4","22.9","20.0"
"18 - 19 School Year","M-STEP","63","Oakland Schools","63150","Troy School District","00000","All Buildings","63","Oakland","LEA District","Elem thru High School","City: Small","07","Mathematics","Two or More Races","Students with Disabilities","*","*","*","*"
"18 - 19 School Year","M-STEP","63","Oakland Schools","63150","Troy School District","00000","All Buildings","63","Oakland","LEA District","Elem thru High School","City: Small","07","Mathematics","Two or More Races","Students without IEP","*","<=20%","*","<=20%"
"18 - 19 School Year","M-STEP","63","Oakland Schools","63150","Troy School District","00000","All Buildings","63","Oakland","LEA District","Elem thru High School","City: Small","07","Mathematics","White, not of Hispanic origin","English Learners","<=20%","<=20%","34.5","44.8"
"18 - 19 School Year","M-STEP","63","Oakland Schools","63150","Troy School District","00000","All Buildings","63","Oakland","LEA District","Elem thru High School","City: Small","07","Mathematics","White, not of Hispanic origin","Female","34.8","21.7","27.5","15.9"
"18 - 19 School Year","M-STEP","63","Oakland Schools","63150","Troy School District","00000","All Buildings","63","Oakland","LEA District","Elem thru High School","City: Small","07","Mathematics","White, not of Hispanic origin","Male","42.5","20.7","21.4","15.4"
"18 - 19 School Year","M-STEP","63","Oakland Schools","63150","Troy School District","00000","All Buildings","63","Oakland","LEA District","Elem thru High School","City: Small","07","Mathematics","White, not of Hispanic origin","Not English Learners","40.2","21.8","23.9","14.0"
"18 - 19 School Year","M-STEP","63","Oakland Schools","63150","Troy School District","00000","All Buildings","63","Oakland","LEA District","Elem thru High School","City: Small","07","Mathematics","White, not of Hispanic origin","Students with Disabilities","18.2","9.1","24.2","48.5"
"18 - 19 School Year","M-STEP","63","Oakland Schools","63150","Troy School District","00000","All Buildings","63","Oakland","LEA District","Elem thru High School","City: Small","07","Mathematics","White, not of Hispanic origin","Students without IEP","41.4","22.9","24.5","11.2"
"18 - 19 School Year","M-STEP","63","Oakland Schools","63150","Troy School District","00174","Baker Middle School","63","Oakland","LEA School","Middle School","City: Small","06","Mathematics","Asian","English Learners","*","<=20%","22.7","22.7"
"18 - 19 School Year","M-STEP","63","Oakland Schools","63150","Troy School District","00174","Baker Middle School","63","Oakland","LEA School","Middle School","City: Small","06","Mathematics","Asian","Female","45.5","25.0","*","<=10%"
"18 - 19 School Year","M-STEP","63","Oakland Schools","63150","Troy School District","00174","Baker Middle School","63","Oakland","LEA School","Middle School","City: Small","06","Mathematics","Asian","Male","63.4","19.5","<=10%","<=10%"
"18 - 19 School Year","M-STEP","63","Oakland Schools","63150","Troy School District","00174","Baker Middle School","63","Oakland","LEA School","Middle School","City: Small","06","Mathematics","Asian","Not English Learners","60.3","23.8","*","<=5%"
"18 - 19 School Year","M-STEP","63","Oakland Schools","63150","Troy School District","00174","Baker Middle School","63","Oakland","LEA School","Middle School","City: Small","06","Mathematics","Asian","Students with Disabilities","*","*","*","*"
"18 - 19 School Year","M-STEP","63","Oakland Schools","63150","Troy School District","00174","Baker Middle School","63","Oakland","LEA School","Middle School","City: Small","06","Mathematics","Asian","Students without IEP","54.9","22.0","14.6","8.5"
"18 - 19 School Year","M-STEP","63","Oakland Schools","63150","Troy School District","00174","Baker Middle School","63","Oakland","LEA School","Middle School","City: Small","06","Mathematics","Black, not of Hispanic origin","Female","*","*","*","*"
"18 - 19 School Year","M-STEP","63","Oakland Schools","63150","Troy School District","00174","Baker Middle School","63","Oakland","LEA School","Middle School","City: Small","06","Mathematics","Black, not of Hispanic origin","Male","<=50%","<=50%","<=50%","<=50%"
"18 - 19 School Year","M-STEP","63","Oakland Schools","63150","Troy School District","00174","Baker Middle School","63","Oakland","LEA School","Middle School","City: Small","06","Mathematics","Black, not of Hispanic origin","Not English Learners","<=50%","<=50%","<=50%","<=50%"
"18 - 19 School Year","M-STEP","63","Oakland Schools","63150","Troy School District","00174","Baker Middle School","63","Oakland","LEA School","Middle School","City: Small","06","Mathematics","Black, not of Hispanic origin","Students with Disabilities","*","*","*","*"
"18 - 19 School Year","M-STEP","63","Oakland Schools","63150","Troy School District","00174","Baker Middle School","63","Oakland","LEA School","Middle School","City: Small","06","Mathematics","Black, not of Hispanic origin","Students without IEP","<=50%","<=50%",">=50%","<=50%"
"18 - 19 School Year","M-STEP","63","Oakland Schools","63150","Troy School District","00174","Baker Middle School","63","Oakland","LEA School","Middle School","City: Small","06","Mathematics","Female","English Learners","*","<=20%","35.0","25.0"
"18 - 19 School Year","M-STEP","63","Oakland Schools","63150","Troy School District","00174","Baker Middle School","63","Oakland","LEA School","Middle School","City: Small","06","Mathematics","Female","Not English Learners","37.2","26.6","28.7","7.4"
"18 - 19 School Year","M-STEP","63","Oakland Schools","63150","Troy School District","00174","Baker Middle School","63","Oakland","LEA School","Middle School","City: Small","06","Mathematics","Female","Students with Disabilities","*","*","*","*"
"18 - 19 School Year","M-STEP","63","Oakland Schools","63150","Troy School District","00174","Baker Middle School","63","Oakland","LEA School","Middle School","City: Small","06","Mathematics","Female","Students without IEP","36.1","25.9","28.7","9.3"
"18 - 19 School Year","M-STEP","63","Oakland Schools","63150","Troy School District","00174","Baker Middle School","63","Oakland","LEA School","Middle School","City: Small","06","Mathematics","Hispanic","English Learners","*","*","*","*"
"18 - 19 School Year","M-STEP","63","Oakland Schools","63150","Troy School District","00174","Baker Middle School","63","Oakland","LEA School","Middle School","City: Small","06","Mathematics","Hispanic","Female","*","*","*","*"
"18 - 19 School Year","M-STEP","63","Oakland Schools","63150","Troy School District","00174","Baker Middle School","63","Oakland","LEA School","Middle School","City: Small","06","Mathematics","Hispanic","Male","*","*","*","*"
"18 - 19 School Year","M-STEP","63","Oakland Schools","63150","Troy School District","00174","Baker Middle School","63","Oakland","LEA School","Middle School","City: Small","06","Mathematics","Hispanic","Not English Learners","*","*","*","*"
"18 - 19 School Year","M-STEP","63","Oakland Schools","63150","Troy School District","00174","Baker Middle School","63","Oakland","LEA School","Middle School","City: Small","06","Mathematics","Hispanic","Students without IEP","*","*","*","*"
"18 - 19 School Year","M-STEP","63","Oakland Schools","63150","Troy School District","00174","Baker Middle School","63","Oakland","LEA School","Middle School","City: Small","06","Mathematics","Male","English Learners","27.8","33.3","*","<=20%"
"18 - 19 School Year","M-STEP","63","Oakland Schools","63150","Troy School District","00174","Baker Middle School","63","Oakland","LEA School","Middle School","City: Small","06","Mathematics","Male","Not English Learners","41.4","24.3","25.2","9.0"
"18 - 19 School Year","M-STEP","63","Oakland Schools","63150","Troy School District","00174","Baker Middle School","63","Oakland","LEA School","Middle School","City: Small","06","Mathematics","Male","Students with Disabilities","<=20%","*","<=20%","*"
"18 - 19 School Year","M-STEP","63","Oakland Schools","63150","Troy School District","00174","Baker Middle School","63","Oakland","LEA School","Middle School","City: Small","06","Mathematics","Male","Students without IEP","43.4","24.8","25.7","6.2"
"18 - 19 School Year","M-STEP","63","Oakland Schools","63150","Troy School District","00174","Baker Middle School","63","Oakland","LEA School","Middle School","City: Small","06","Mathematics","Students with Disabilities","English Learners","*","*","*","*"
"18 - 19 School Year","M-STEP","63","Oakland Schools","63150","Troy School District","00174","Baker Middle School","63","Oakland","LEA School","Middle School","City: Small","06","Mathematics","Students with Disabilities","Not English Learners","<=20%","*","22.2","44.4"
"18 - 19 School Year","M-STEP","63","Oakland Schools","63150","Troy School District","00174","Baker Middle School","63","Oakland","LEA School","Middle School","City: Small","06","Mathematics","Students without IEP","English Learners","26.5","23.5","26.5","23.5"
"18 - 19 School Year","M-STEP","63","Oakland Schools","63150","Troy School District","00174","Baker Middle School","63","Oakland","LEA School","Middle School","City: Small","06","Mathematics","Students without IEP","Not English Learners","42.2","25.7","*","<=5%"
"18 - 19 School Year","M-STEP","63","Oakland Schools","63150","Troy School District","00174","Baker Middle School","63","Oakland","LEA School","Middle School","City: Small","06","Mathematics","Two or More Races","Female","*","*","*","*"
"18 - 19 School Year","M-STEP","63","Oakland Schools","63150","Troy School District","00174","Baker Middle School","63","Oakland","LEA School","Middle School","City: Small","06","Mathematics","Two or More Races","Male","*","*","*","*"
"18 - 19 School Year","M-STEP","63","Oakland Schools","63150","Troy School District","00174","Baker Middle School","63","Oakland","LEA School","Middle School","City: Small","06","Mathematics","Two or More Races","Not English Learners","<=50%","<=50%","<=50%","<=50%"
"18 - 19 School Year","M-STEP","63","Oakland Schools","63150","Troy School District","00174","Baker Middle School","63","Oakland","LEA School","Middle School","City: Small","06","Mathematics","Two or More Races","Students with Disabilities","*","*","*","*"
"18 - 19 School Year","M-STEP","63","Oakland Schools","63150","Troy School District","00174","Baker Middle School","63","Oakland","LEA School","Middle School","City: Small","06","Mathematics","Two or More Races","Students without IEP",">=50%","<=50%","<=50%","<=50%"
"18 - 19 School Year","M-STEP","63","Oakland Schools","63150","Troy School District","00174","Baker Middle School","63","Oakland","LEA School","Middle School","City: Small","06","Mathematics","White, not of Hispanic origin","English Learners","<=50%","<=50%","<=50%","<=50%"
"18 - 19 School Year","M-STEP","63","Oakland Schools","63150","Troy School District","00174","Baker Middle School","63","Oakland","LEA School","Middle School","City: Small","06","Mathematics","White, not of Hispanic origin","Female","30.5","27.1","*","<=10%"
"18 - 19 School Year","M-STEP","63","Oakland Schools","63150","Troy School District","00174","Baker Middle School","63","Oakland","LEA School","Middle School","City: Small","06","Mathematics","White, not of Hispanic origin","Male","29.9","28.4","31.3","10.4"
"18 - 19 School Year","M-STEP","63","Oakland Schools","63150","Troy School District","00174","Baker Middle School","63","Oakland","LEA School","Middle School","City: Small","06","Mathematics","White, not of Hispanic origin","Not English Learners","32.4","27.0","33.3","7.2"
"18 - 19 School Year","M-STEP","63","Oakland Schools","63150","Troy School District","00174","Baker Middle School","63","Oakland","LEA School","Middle School","City: Small","06","Mathematics","White, not of Hispanic origin","Students with Disabilities","<=20%","*","31.3","31.3"
"18 - 19 School Year","M-STEP","63","Oakland Schools","63150","Troy School District","00174","Baker Middle School","63","Oakland","LEA School","Middle School","City: Small","06","Mathematics","White, not of Hispanic origin","Students without IEP","32.7","28.2","*","<=5%"
"18 - 19 School Year","M-STEP","63","Oakland Schools","63150","Troy School District","00174","Baker Middle School","63","Oakland","LEA School","Middle School","City: Small","07","Mathematics","Asian","English Learners","*","<=20%","44.4","27.8"
"18 - 19 School Year","M-STEP","63","Oakland Schools","63150","Troy School District","00174","Baker Middle School","63","Oakland","LEA School","Middle School","City: Small","07","Mathematics","Asian","Female","*","<=10%","*","<=10%"
"18 - 19 School Year","M-STEP","63","Oakland Schools","63150","Troy School District","00174","Baker Middle School","63","Oakland","LEA School","Middle School","City: Small","07","Mathematics","Asian","Male","*","<=10%","*","<=10%"
"18 - 19 School Year","M-STEP","63","Oakland Schools","63150","Troy School District","00174","Baker Middle School","63","Oakland","LEA School","Middle School","City: Small","07","Mathematics","Asian","Not English Learners","75.4","10.5","*","<=10%"
"18 - 19 School Year","M-STEP","63","Oakland Schools","63150","Troy School District","00174","Baker Middle School","63","Oakland","LEA School","Middle School","City: Small","07","Mathematics","Asian","Students with Disabilities","*","*","*","*"
"18 - 19 School Year","M-STEP","63","Oakland Schools","63150","Troy School District","00174","Baker Middle School","63","Oakland","LEA School","Middle School","City: Small","07","Mathematics","Asian","Students without IEP","63.5","9.5","21.6","5.4"
"18 - 19 School Year","M-STEP","63","Oakland Schools","63150","Troy School District","00174","Baker Middle School","63","Oakland","LEA School","Middle School","City: Small","07","Mathematics","Black, not of Hispanic origin","English Learners","*","*","*","*"
"18 - 19 School Year","M-STEP","63","Oakland Schools","63150","Troy School District","00174","Baker Middle School","63","Oakland","LEA School","Middle School","City: Small","07","Mathematics","Black, not of Hispanic origin","Female","*","*","*","*"
"18 - 19 School Year","M-STEP","63","Oakland Schools","63150","Troy School District","00174","Baker Middle School","63","Oakland","LEA School","Middle School","City: Small","07","Mathematics","Black, not of Hispanic origin","Male","*","*","*","*"
"18 - 19 School Year","M-STEP","63","Oakland Schools","63150","Troy School District","00174","Baker Middle School","63","Oakland","LEA School","Middle School","City: Small","07","Mathematics","Black, not of Hispanic origin","Not English Learners","*","*","*","*"
"18 - 19 School Year","M-STEP","63","Oakland Schools","63150","Troy School District","00174","Baker Middle School","63","Oakland","LEA School","Middle School","City: Small","07","Mathematics","Black, not of Hispanic origin","Students without IEP","*","*","*","*"
"18 - 19 School Year","M-STEP","63","Oakland Schools","63150","Troy School District","00174","Baker Middle School","63","Oakland","LEA School","Middle School","City: Small","07","Mathematics","Female","English Learners","*","*","*","*"
"18 - 19 School Year","M-STEP","63","Oakland Schools","63150","Troy School District","00174","Baker Middle School","63","Oakland","LEA School","Middle School","City: Small","07","Mathematics","Female","Not English Learners","42.7","14.6","29.2","13.5"
"18 - 19 School Year","M-STEP","63","Oakland Schools","63150","Troy School District","00174","Baker Middle School","63","Oakland","LEA School","Middle School","City: Small","07","Mathematics","Female","Students with Disabilities","*","*","*","*"
"18 - 19 School Year","M-STEP","63","Oakland Schools","63150","Troy School District","00174","Baker Middle School","63","Oakland","LEA School","Middle School","City: Small","07","Mathematics","Female","Students without IEP","39.8","14.6","30.1","15.5"
"18 - 19 School Year","M-STEP","63","Oakland Schools","63150","Troy School District","00174","Baker Middle School","63","Oakland","LEA School","Middle School","City: Small","07","Mathematics","Hispanic","English Learners","*","*","*","*"
"18 - 19 School Year","M-STEP","63","Oakland Schools","63150","Troy School District","00174","Baker Middle School","63","Oakland","LEA School","Middle School","City: Small","07","Mathematics","Hispanic","Female","*","*","*","*"
"18 - 19 School Year","M-STEP","63","Oakland Schools","63150","Troy School District","00174","Baker Middle School","63","Oakland","LEA School","Middle School","City: Small","07","Mathematics","Hispanic","Male","*","*","*","*"
"18 - 19 School Year","M-STEP","63","Oakland Schools","63150","Troy School District","00174","Baker Middle School","63","Oakland","LEA School","Middle School","City: Small","07","Mathematics","Hispanic","Not English Learners","*","*","*","*"
"18 - 19 School Year","M-STEP","63","Oakland Schools","63150","Troy School District","00174","Baker Middle School","63","Oakland","LEA School","Middle School","City: Small","07","Mathematics","Hispanic","Students with Disabilities","*","*","*","*"
"18 - 19 School Year","M-STEP","63","Oakland Schools","63150","Troy School District","00174","Baker Middle School","63","Oakland","LEA School","Middle School","City: Small","07","Mathematics","Hispanic","Students without IEP","*","*","*","*"
"18 - 19 School Year","M-STEP","63","Oakland Schools","63150","Troy School District","00174","Baker Middle School","63","Oakland","LEA School","Middle School","City: Small","07","Mathematics","Male","English Learners","<=20%","<=20%","*","*"
"18 - 19 School Year","M-STEP","63","Oakland Schools","63150","Troy School District","00174","Baker Middle School","63","Oakland","LEA School","Middle School","City: Small","07","Mathematics","Male","Not English Learners","52.0","17.6","20.6","9.8"
"18 - 19 School Year","M-STEP","63","Oakland Schools","63150","Troy School District","00174","Baker Middle School","63","Oakland","LEA School","Middle School","City: Small","07","Mathematics","Male","Students with Disabilities","*","*","*","*"
"18 - 19 School Year","M-STEP","63","Oakland Schools","63150","Troy School District","00174","Baker Middle School","63","Oakland","LEA School","Middle School","City: Small","07","Mathematics","Male","Students without IEP","47.9","15.4","24.8","12.0"
"18 - 19 School Year","M-STEP","63","Oakland Schools","63150","Troy School District","00174","Baker Middle School","63","Oakland","LEA School","Middle School","City: Small","07","Mathematics","Students with Disabilities","English Learners","*","*","*","*"
"18 - 19 School Year","M-STEP","63","Oakland Schools","63150","Troy School District","00174","Baker Middle School","63","Oakland","LEA School","Middle School","City: Small","07","Mathematics","Students with Disabilities","Not English Learners","*","*","*","*"
"18 - 19 School Year","M-STEP","63","Oakland Schools","63150","Troy School District","00174","Baker Middle School","63","Oakland","LEA School","Middle School","City: Small","07","Mathematics","Students without IEP","English Learners","<=20%","<=20%","*","*"
"18 - 19 School Year","M-STEP","63","Oakland Schools","63150","Troy School District","00174","Baker Middle School","63","Oakland","LEA School","Middle School","City: Small","07","Mathematics","Students without IEP","Not English Learners","48.7","16.8","24.6","9.9"
"18 - 19 School Year","M-STEP","63","Oakland Schools","63150","Troy School District","00174","Baker Middle School","63","Oakland","LEA School","Middle School","City: Small","07","Mathematics","Two or More Races","Female","*","*","*","*"
"18 - 19 School Year","M-STEP","63","Oakland Schools","63150","Troy School District","00174","Baker Middle School","63","Oakland","LEA School","Middle School","City: Small","07","Mathematics","Two or More Races","Male","*","*","*","*"
"18 - 19 School Year","M-STEP","63","Oakland Schools","63150","Troy School District","00174","Baker Middle School","63","Oakland","LEA School","Middle School","City: Small","07","Mathematics","Two or More Races","Not English Learners",">=50%","<=50%","<=50%","<=50%"
"18 - 19 School Year","M-STEP","63","Oakland Schools","63150","Troy School District","00174","Baker Middle School","63","Oakland","LEA School","Middle School","City: Small","07","Mathematics","Two or More Races","Students with Disabilities","*","*","*","*"
"18 - 19 School Year","M-STEP","63","Oakland Schools","63150","Troy School District","00174","Baker Middle School","63","Oakland","LEA School","Middle School","City: Small","07","Mathematics","Two or More Races","Students without IEP",">=50%","<=50%","<=50%","<=50%"
"18 - 19 School Year","M-STEP","63","Oakland Schools","63150","Troy School District","00174","Baker Middle School","63","Oakland","LEA School","Middle School","City: Small","07","Mathematics","White, not of Hispanic origin","English Learners","*","*","*","*"
"18 - 19 School Year","M-STEP","63","Oakland Schools","63150","Troy School District","00174","Baker Middle School","63","Oakland","LEA School","Middle School","City: Small","07","Mathematics","White, not of Hispanic origin","Female","30.9","18.2","32.7","18.2"
"18 - 19 School Year","M-STEP","63","Oakland Schools","63150","Troy School District","00174","Baker Middle School","63","Oakland","LEA School","Middle School","City: Small","07","Mathematics","White, not of Hispanic origin","Male","36.1","16.7","30.6","16.7"
"18 - 19 School Year","M-STEP","63","Oakland Schools","63150","Troy School District","00174","Baker Middle School","63","Oakland","LEA School","Middle School","City: Small","07","Mathematics","White, not of Hispanic origin","Not English Learners","36.4","18.6","31.4","13.6"
"18 - 19 School Year","M-STEP","63","Oakland Schools","63150","Troy School District","00174","Baker Middle School","63","Oakland","LEA School","Middle School","City: Small","07","Mathematics","White, not of Hispanic origin","Students with Disabilities","*","*","*","*"
"18 - 19 School Year","M-STEP","63","Oakland Schools","63150","Troy School District","00174","Baker Middle School","63","Oakland","LEA School","Middle School","City: Small","07","Mathematics","White, not of Hispanic origin","Students without IEP","35.3","18.5","31.9","14.3"
"18 - 19 School Year","M-STEP","63","Oakland Schools","63150","Troy School District","02161","Leonard Elementary School","63","Oakland","LEA School","Elementary","City: Small","03","Mathematics","Asian","English Learners","*","*","*","*"
"18 - 19 School Year","M-STEP","63","Oakland Schools","63150","Troy School District","02161","Leonard Elementary School","63","Oakland","LEA School","Elementary","City: Small","03","Mathematics","Asian","Female",">=50%","<=50%","<=50%","<=50%"
"18 - 19 School Year","M-STEP","63","Oakland Schools","63150","Troy School District","02161","Leonard Elementary School","63","Oakland","LEA School","Elementary","City: Small","03","Mathematics","Asian","Male","*","*","<=20%","<=20%"
"18 - 19 School Year","M-STEP","63","Oakland Schools","63150","Troy School District","02161","Leonard Elementary School","63","Oakland","LEA School","Elementary","City: Small","03","Mathematics","Asian","Not English Learners","*","*","<=20%","<=20%"
"18 - 19 School Year","M-STEP","63","Oakland Schools","63150","Troy School District","02161","Leonard Elementary School","63","Oakland","LEA School","Elementary","City: Small","03","Mathematics","Asian","Students with Disabilities","*","*","*","*"
"18 - 19 School Year","M-STEP","63","Oakland Schools","63150","Troy School District","02161","Leonard Elementary School","63","Oakland","LEA School","Elementary","City: Small","03","Mathematics","Asian","Students without IEP","*","*","<=20%","<=20%"
"18 - 19 School Year","M-STEP","63","Oakland Schools","63150","Troy School District","02161","Leonard Elementary School","63","Oakland","LEA School","Elementary","City: Small","03","Mathematics","Black, not of Hispanic origin","Female","*","*","*","*"
"18 - 19 School Year","M-STEP","63","Oakland Schools","63150","Troy School District","02161","Leonard Elementary School","63","Oakland","LEA School","Elementary","City: Small","03","Mathematics","Black, not of Hispanic origin","Male","*","*","*","*"
"18 - 19 School Year","M-STEP","63","Oakland Schools","63150","Troy School District","02161","Leonard Elementary School","63","Oakland","LEA School","Elementary","City: Small","03","Mathematics","Black, not of Hispanic origin","Not English Learners","*","*","*","*"
"18 - 19 School Year","M-STEP","63","Oakland Schools","63150","Troy School District","02161","Leonard Elementary School","63","Oakland","LEA School","Elementary","City: Small","03","Mathematics","Black, not of Hispanic origin","Students with Disabilities","*","*","*","*"
"18 - 19 School Year","M-STEP","63","Oakland Schools","63150","Troy School District","02161","Leonard Elementary School","63","Oakland","LEA School","Elementary","City: Small","03","Mathematics","Black, not of Hispanic origin","Students without IEP","*","*","*","*"
"18 - 19 School Year","M-STEP","63","Oakland Schools","63150","Troy School District","02161","Leonard Elementary School","63","Oakland","LEA School","Elementary","City: Small","03","Mathematics","Female","English Learners","*","*","*","*"
"18 - 19 School Year","M-STEP","63","Oakland Schools","63150","Troy School District","02161","Leonard Elementary School","63","Oakland","LEA School","Elementary","City: Small","03","Mathematics","Female","Not English Learners","54.5","27.3","*","<=10%"
"18 - 19 School Year","M-STEP","63","Oakland Schools","63150","Troy School District","02161","Leonard Elementary School","63","Oakland","LEA School","Elementary","City: Small","03","Mathematics","Female","Students with Disabilities","*","*","*","*"
"18 - 19 School Year","M-STEP","63","Oakland Schools","63150","Troy School District","02161","Leonard Elementary School","63","Oakland","LEA School","Elementary","City: Small","03","Mathematics","Female","Students without IEP","50.0","32.4","*","<=10%"
"18 - 19 School Year","M-STEP","63","Oakland Schools","63150","Troy School District","02161","Leonard Elementary School","63","Oakland","LEA School","Elementary","City: Small","03","Mathematics","Hispanic","English Learners","*","*","*","*"
"18 - 19 School Year","M-STEP","63","Oakland Schools","63150","Troy School District","02161","Leonard Elementary School","63","Oakland","LEA School","Elementary","City: Small","03","Mathematics","Hispanic","Female","*","*","*","*"
"18 - 19 School Year","M-STEP","63","Oakland Schools","63150","Troy School District","02161","Leonard Elementary School","63","Oakland","LEA School","Elementary","City: Small","03","Mathematics","Hispanic","Male","*","*","*","*"
"18 - 19 School Year","M-STEP","63","Oakland Schools","63150","Troy School District","02161","Leonard Elementary School","63","Oakland","LEA School","Elementary","City: Small","03","Mathematics","Hispanic","Not English Learners","*","*","*","*"
"18 - 19 School Year","M-STEP","63","Oakland Schools","63150","Troy School District","02161","Leonard Elementary School","63","Oakland","LEA School","Elementary","City: Small","03","Mathematics","Hispanic","Students without IEP","*","*","*","*"
"18 - 19 School Year","M-STEP","63","Oakland Schools","63150","Troy School District","02161","Leonard Elementary School","63","Oakland","LEA School","Elementary","City: Small","03","Mathematics","Male","English Learners","<=50%",">=50%","<=50%","<=50%"
"18 - 19 School Year","M-STEP","63","Oakland Schools","63150","Troy School District","02161","Leonard Elementary School","63","Oakland","LEA School","Elementary","City: Small","03","Mathematics","Male","Not English Learners","55.3","28.9","*","<=10%"
"18 - 19 School Year","M-STEP","63","Oakland Schools","63150","Troy School District","02161","Leonard Elementary School","63","Oakland","LEA School","Elementary","City: Small","03","Mathematics","Male","Students with Disabilities","*","*","*","*"
"18 - 19 School Year","M-STEP","63","Oakland Schools","63150","Troy School District","02161","Leonard Elementary School","63","Oakland","LEA School","Elementary","City: Small","03","Mathematics","Male","Students without IEP","*","*","<=10%","<=10%"
"18 - 19 School Year","M-STEP","63","Oakland Schools","63150","Troy School District","02161","Leonard Elementary School","63","Oakland","LEA School","Elementary","City: Small","03","Mathematics","Students with Disabilities","English Learners","*","*","*","*"
"18 - 19 School Year","M-STEP","63","Oakland Schools","63150","Troy School District","02161","Leonard Elementary School","63","Oakland","LEA School","Elementary","City: Small","03","Mathematics","Students with Disabilities","Not English Learners","*","*","*","*"
"18 - 19 School Year","M-STEP","63","Oakland Schools","63150","Troy School District","02161","Leonard Elementary School","63","Oakland","LEA School","Elementary","City: Small","03","Mathematics","Students without IEP","English Learners","<=50%",">=50%","<=50%","<=50%"
"18 - 19 School Year","M-STEP","63","Oakland Schools","63150","Troy School District","02161","Leonard Elementary School","63","Oakland","LEA School","Elementary","City: Small","03","Mathematics","Students without IEP","Not English Learners","56.3","29.7","*","<=5%"
"18 - 19 School Year","M-STEP","63","Oakland Schools","63150","Troy School District","02161","Leonard Elementary School","63","Oakland","LEA School","Elementary","City: Small","03","Mathematics","Two or More Races","Female","*","*","*","*"
"18 - 19 School Year","M-STEP","63","Oakland Schools","63150","Troy School District","02161","Leonard Elementary School","63","Oakland","LEA School","Elementary","City: Small","03","Mathematics","Two or More Races","Male","*","*","*","*"
"18 - 19 School Year","M-STEP","63","Oakland Schools","63150","Troy School District","02161","Leonard Elementary School","63","Oakland","LEA School","Elementary","City: Small","03","Mathematics","Two or More Races","Not English Learners","*","*","*","*"
"18 - 19 School Year","M-STEP","63","Oakland Schools","63150","Troy School District","02161","Leonard Elementary School","63","Oakland","LEA School","Elementary","City: Small","03","Mathematics","Two or More Races","Students without IEP","*","*","*","*"
"18 - 19 School Year","M-STEP","63","Oakland Schools","63150","Troy School District","02161","Leonard Elementary School","63","Oakland","LEA School","Elementary","City: Small","03","Mathematics","White, not of Hispanic origin","English Learners","*","*","*","*"
"18 - 19 School Year","M-STEP","63","Oakland Schools","63150","Troy School District","02161","Leonard Elementary School","63","Oakland","LEA School","Elementary","City: Small","03","Mathematics","White, not of Hispanic origin","Female","52.6","26.3","*","<=20%"
"18 - 19 School Year","M-STEP","63","Oakland Schools","63150","Troy School District","02161","Leonard Elementary School","63","Oakland","LEA School","Elementary","City: Small","03","Mathematics","White, not of Hispanic origin","Male","44.4","29.6","*","<=20%"
"18 - 19 School Year","M-STEP","63","Oakland Schools","63150","Troy School District","02161","Leonard Elementary School","63","Oakland","LEA School","Elementary","City: Small","03","Mathematics","White, not of Hispanic origin","Not English Learners","52.4","26.2","*","<=10%"
"18 - 19 School Year","M-STEP","63","Oakland Schools","63150","Troy School District","02161","Leonard Elementary School","63","Oakland","LEA School","Elementary","City: Small","03","Mathematics","White, not of Hispanic origin","Students with Disabilities","*","*","*","*"
"18 - 19 School Year","M-STEP","63","Oakland Schools","63150","Troy School District","02161","Leonard Elementary School","63","Oakland","LEA School","Elementary","City: Small","03","Mathematics","White, not of Hispanic origin","Students without IEP","50.0","32.5","*","<=10%"
"18 - 19 School Year","M-STEP","63","Oakland Schools","63150","Troy School District","02161","Leonard Elementary School","63","Oakland","LEA School","Elementary","City: Small","04","Mathematics","Asian","English Learners",">=50%","<=50%","<=50%","<=50%"
"18 - 19 School Year","M-STEP","63","Oakland Schools","63150","Troy School District","02161","Leonard Elementary School","63","Oakland","LEA School","Elementary","City: Small","04","Mathematics","Asian","Female","*","*","<=20%","<=20%"
"18 - 19 School Year","M-STEP","63","Oakland Schools","63150","Troy School District","02161","Leonard Elementary School","63","Oakland","LEA School","Elementary","City: Small","04","Mathematics","Asian","Male",">=50%","<=50%","<=50%","<=50%"
"18 - 19 School Year","M-STEP","63","Oakland Schools","63150","Troy School District","02161","Leonard Elementary School","63","Oakland","LEA School","Elementary","City: Small","04","Mathematics","Asian","Not English Learners","*","*","<=20%","<=20%"
"18 - 19 School Year","M-STEP","63","Oakland Schools","63150","Troy School District","02161","Leonard Elementary School","63","Oakland","LEA School","Elementary","City: Small","04","Mathematics","Asian","Students without IEP","*","*","<=10%","<=10%"
"18 - 19 School Year","M-STEP","63","Oakland Schools","63150","Troy School District","02161","Leonard Elementary School","63","Oakland","LEA School","Elementary","City: Small","04","Mathematics","Black, not of Hispanic origin","Female","*","*","*","*"
"18 - 19 School Year","M-STEP","63","Oakland Schools","63150","Troy School District","02161","Leonard Elementary School","63","Oakland","LEA School","Elementary","City: Small","04","Mathematics","Black, not of Hispanic origin","Male","*","*","*","*"
"18 - 19 School Year","M-STEP","63","Oakland Schools","63150","Troy School District","02161","Leonard Elementary School","63","Oakland","LEA School","Elementary","City: Small","04","Mathematics","Black, not of Hispanic origin","Not English Learners","*","*","*","*"
"18 - 19 School Year","M-STEP","63","Oakland Schools","63150","Troy School District","02161","Leonard Elementary School","63","Oakland","LEA School","Elementary","City: Small","04","Mathematics","Black, not of Hispanic origin","Students without IEP","*","*","*","*"
"18 - 19 School Year","M-STEP","63","Oakland Schools","63150","Troy School District","02161","Leonard Elementary School","63","Oakland","LEA School","Elementary","City: Small","04","Mathematics","Female","English Learners","*","*","*","*"
"18 - 19 School Year","M-STEP","63","Oakland Schools","63150","Troy School District","02161","Leonard Elementary School","63","Oakland","LEA School","Elementary","City: Small","04","Mathematics","Female","Not English Learners","62.5","25.0","<=10%","<=10%"
"18 - 19 School Year","M-STEP","63","Oakland Schools","63150","Troy School District","02161","Leonard Elementary School","63","Oakland","LEA School","Elementary","City: Small","04","Mathematics","Female","Students with Disabilities","*","*","*","*"
"18 - 19 School Year","M-STEP","63","Oakland Schools","63150","Troy School District","02161","Leonard Elementary School","63","Oakland","LEA School","Elementary","City: Small","04","Mathematics","Female","Students without IEP","63.9","25.0","<=10%","<=10%"
"18 - 19 School Year","M-STEP","63","Oakland Schools","63150","Troy School District","02161","Leonard Elementary School","63","Oakland","LEA School","Elementary","City: Small","04","Mathematics","Hispanic","Male","*","*","*","*"
"18 - 19 School Year","M-STEP","63","Oakland Schools","63150","Troy School District","02161","Leonard Elementary School","63","Oakland","LEA School","Elementary","City: Small","04","Mathematics","Hispanic","Not English Learners","*","*","*","*"
"18 - 19 School Year","M-STEP","63","Oakland Schools","63150","Troy School District","02161","Leonard Elementary School","63","Oakland","LEA School","Elementary","City: Small","04","Mathematics","Hispanic","Students without IEP","*","*","*","*"
"18 - 19 School Year","M-STEP","63","Oakland Schools","63150","Troy School District","02161","Leonard Elementary School","63","Oakland","LEA School","Elementary","City: Small","04","Mathematics","Male","English Learners","*","*","*","*"
"18 - 19 School Year","M-STEP","63","Oakland Schools","63150","Troy School District","02161","Leonard Elementary School","63","Oakland","LEA School","Elementary","City: Small","04","Mathematics","Male","Not English Learners","*","*","<=20%","<=20%"
"18 - 19 School Year","M-STEP","63","Oakland Schools","63150","Troy School District","02161","Leonard Elementary School","63","Oakland","LEA School","Elementary","City: Small","04","Mathematics","Male","Students without IEP","*","*","<=20%","<=20%"
"18 - 19 School Year","M-STEP","63","Oakland Schools","63150","Troy School District","02161","Leonard Elementary School","63","Oakland","LEA School","Elementary","City: Small","04","Mathematics","Students with Disabilities","Not English Learners","*","*","*","*"
"18 - 19 School Year","M-STEP","63","Oakland Schools","63150","Troy School District","02161","Leonard Elementary School","63","Oakland","LEA School","Elementary","City: Small","04","Mathematics","Students without IEP","English Learners",">=50%","<=50%","<=50%","<=50%"
"18 - 19 School Year","M-STEP","63","Oakland Schools","63150","Troy School District","02161","Leonard Elementary School","63","Oakland","LEA School","Elementary","City: Small","04","Mathematics","Students without IEP","Not English Learners","60.8","27.5","<=10%","<=10%"
"18 - 19 School Year","M-STEP","63","Oakland Schools","63150","Troy School District","02161","Leonard Elementary School","63","Oakland","LEA School","Elementary","City: Small","04","Mathematics","Two or More Races","English Learners","*","*","*","*"
"18 - 19 School Year","M-STEP","63","Oakland Schools","63150","Troy School District","02161","Leonard Elementary School","63","Oakland","LEA School","Elementary","City: Small","04","Mathematics","Two or More Races","Female","*","*","*","*"
"18 - 19 School Year","M-STEP","63","Oakland Schools","63150","Troy School District","02161","Leonard Elementary School","63","Oakland","LEA School","Elementary","City: Small","04","Mathematics","Two or More Races","Male","*","*","*","*"
"18 - 19 School Year","M-STEP","63","Oakland Schools","63150","Troy School District","02161","Leonard Elementary School","63","Oakland","LEA School","Elementary","City: Small","04","Mathematics","Two or More Races","Not English Learners","*","*","*","*"
"18 - 19 School Year","M-STEP","63","Oakland Schools","63150","Troy School District","02161","Leonard Elementary School","63","Oakland","LEA School","Elementary","City: Small","04","Mathematics","Two or More Races","Students without IEP","*","*","*","*"
"18 - 19 School Year","M-STEP","63","Oakland Schools","63150","Troy School District","02161","Leonard Elementary School","63","Oakland","LEA School","Elementary","City: Small","04","Mathematics","White, not of Hispanic origin","English Learners","*","*","*","*"
"18 - 19 School Year","M-STEP","63","Oakland Schools","63150","Troy School District","02161","Leonard Elementary School","63","Oakland","LEA School","Elementary","City: Small","04","Mathematics","White, not of Hispanic origin","Female",">=50%","<=50%","<=50%","<=50%"
"18 - 19 School Year","M-STEP","63","Oakland Schools","63150","Troy School District","02161","Leonard Elementary School","63","Oakland","LEA School","Elementary","City: Small","04","Mathematics","White, not of Hispanic origin","Male",">=50%","<=50%","<=50%","<=50%"
"18 - 19 School Year","M-STEP","63","Oakland Schools","63150","Troy School District","02161","Leonard Elementary School","63","Oakland","LEA School","Elementary","City: Small","04","Mathematics","White, not of Hispanic origin","Not English Learners","*","<=20%","<=20%","<=20%"
"18 - 19 School Year","M-STEP","63","Oakland Schools","63150","Troy School District","02161","Leonard Elementary School","63","Oakland","LEA School","Elementary","City: Small","04","Mathematics","White, not of Hispanic origin","Students with Disabilities","*","*","*","*"
"18 - 19 School Year","M-STEP","63","Oakland Schools","63150","Troy School District","02161","Leonard Elementary School","63","Oakland","LEA School","Elementary","City: Small","04","Mathematics","White, not of Hispanic origin","Students without IEP","*","<=20%","<=20%","<=20%"
"18 - 19 School Year","M-STEP","63","Oakland Schools","63150","Troy School District","02161","Leonard Elementary School","63","Oakland","LEA School","Elementary","City: Small","05","Mathematics","Asian","English Learners","*","*","*","*"
"18 - 19 School Year","M-STEP","63","Oakland Schools","63150","Troy School District","02161","Leonard Elementary School","63","Oakland","LEA School","Elementary","City: Small","05","Mathematics","Asian","Female",">=50%","<=50%","<=50%","<=50%"
"18 - 19 School Year","M-STEP","63","Oakland Schools","63150","Troy School District","02161","Leonard Elementary School","63","Oakland","LEA School","Elementary","City: Small","05","Mathematics","Asian","Male","*","*","<=20%","<=20%"
"18 - 19 School Year","M-STEP","63","Oakland Schools","63150","Troy School District","02161","Leonard Elementary School","63","Oakland","LEA School","Elementary","City: Small","05","Mathematics","Asian","Not English Learners","*","*","<=20%","<=20%"
"18 - 19 School Year","M-STEP","63","Oakland Schools","63150","Troy School District","02161","Leonard Elementary School","63","Oakland","LEA School","Elementary","City: Small","05","Mathematics","Asian","Students with Disabilities","*","*","*","*"
"18 - 19 School Year","M-STEP","63","Oakland Schools","63150","Troy School District","02161","Leonard Elementary School","63","Oakland","LEA School","Elementary","City: Small","05","Mathematics","Asian","Students without IEP","*","*","<=20%","<=20%"
"18 - 19 School Year","M-STEP","63","Oakland Schools","63150","Troy School District","02161","Leonard Elementary School","63","Oakland","LEA School","Elementary","City: Small","05","Mathematics","Black, not of Hispanic origin","Female","*","*","*","*"
"18 - 19 School Year","M-STEP","63","Oakland Schools","63150","Troy School District","02161","Leonard Elementary School","63","Oakland","LEA School","Elementary","City: Small","05","Mathematics","Black, not of Hispanic origin","Male","*","*","*","*"
"18 - 19 School Year","M-STEP","63","Oakland Schools","63150","Troy School District","02161","Leonard Elementary School","63","Oakland","LEA School","Elementary","City: Small","05","Mathematics","Black, not of Hispanic origin","Not English Learners","*","*","*","*"
"18 - 19 School Year","M-STEP","63","Oakland Schools","63150","Troy School District","02161","Leonard Elementary School","63","Oakland","LEA School","Elementary","City: Small","05","Mathematics","Black, not of Hispanic origin","Students with Disabilities","*","*","*","*"
"18 - 19 School Year","M-STEP","63","Oakland Schools","63150","Troy School District","02161","Leonard Elementary School","63","Oakland","LEA School","Elementary","City: Small","05","Mathematics","Black, not of Hispanic origin","Students without IEP","*","*","*","*"
"18 - 19 School Year","M-STEP","63","Oakland Schools","63150","Troy School District","02161","Leonard Elementary School","63","Oakland","LEA School","Elementary","City: Small","05","Mathematics","Female","English Learners","*","*","*","*"
"18 - 19 School Year","M-STEP","63","Oakland Schools","63150","Troy School District","02161","Leonard Elementary School","63","Oakland","LEA School","Elementary","City: Small","05","Mathematics","Female","Not English Learners","35.3","23.5","*","<=10%"
"18 - 19 School Year","M-STEP","63","Oakland Schools","63150","Troy School District","02161","Leonard Elementary School","63","Oakland","LEA School","Elementary","City: Small","05","Mathematics","Female","Students with Disabilities","*","*","*","*"
"18 - 19 School Year","M-STEP","63","Oakland Schools","63150","Troy School District","02161","Leonard Elementary School","63","Oakland","LEA School","Elementary","City: Small","05","Mathematics","Female","Students without IEP","37.1","31.4","*","<=10%"
"18 - 19 School Year","M-STEP","63","Oakland Schools","63150","Troy School District","02161","Leonard Elementary School","63","Oakland","LEA School","Elementary","City: Small","05","Mathematics","Hispanic","English Learners","*","*","*","*"
"18 - 19 School Year","M-STEP","63","Oakland Schools","63150","Troy School District","02161","Leonard Elementary School","63","Oakland","LEA School","Elementary","City: Small","05","Mathematics","Hispanic","Female","*","*","*","*"
"18 - 19 School Year","M-STEP","63","Oakland Schools","63150","Troy School District","02161","Leonard Elementary School","63","Oakland","LEA School","Elementary","City: Small","05","Mathematics","Hispanic","Male","*","*","*","*"
"18 - 19 School Year","M-STEP","63","Oakland Schools","63150","Troy School District","02161","Leonard Elementary School","63","Oakland","LEA School","Elementary","City: Small","05","Mathematics","Hispanic","Not English Learners","*","*","*","*"
"18 - 19 School Year","M-STEP","63","Oakland Schools","63150","Troy School District","02161","Leonard Elementary School","63","Oakland","LEA School","Elementary","City: Small","05","Mathematics","Hispanic","Students with Disabilities","*","*","*","*"
"18 - 19 School Year","M-STEP","63","Oakland Schools","63150","Troy School District","02161","Leonard Elementary School","63","Oakland","LEA School","Elementary","City: Small","05","Mathematics","Hispanic","Students without IEP","*","*","*","*"
"18 - 19 School Year","M-STEP","63","Oakland Schools","63150","Troy School District","02161","Leonard Elementary School","63","Oakland","LEA School","Elementary","City: Small","05","Mathematics","Male","English Learners","*","*","*","*"
"18 - 19 School Year","M-STEP","63","Oakland Schools","63150","Troy School District","02161","Leonard Elementary School","63","Oakland","LEA School","Elementary","City: Small","05","Mathematics","Male","Not English Learners","56.8","21.6","10.8","10.8"
"18 - 19 School Year","M-STEP","63","Oakland Schools","63150","Troy School District","02161","Leonard Elementary School","63","Oakland","LEA School","Elementary","City: Small","05","Mathematics","Male","Students with Disabilities","*","*","*","*"
"18 - 19 School Year","M-STEP","63","Oakland Schools","63150","Troy School District","02161","Leonard Elementary School","63","Oakland","LEA School","Elementary","City: Small","05","Mathematics","Male","Students without IEP","58.3","25.0","*","<=10%"
"18 - 19 School Year","M-STEP","63","Oakland Schools","63150","Troy School District","02161","Leonard Elementary School","63","Oakland","LEA School","Elementary","City: Small","05","Mathematics","Students with Disabilities","English Learners","*","*","*","*"
"18 - 19 School Year","M-STEP","63","Oakland Schools","63150","Troy School District","02161","Leonard Elementary School","63","Oakland","LEA School","Elementary","City: Small","05","Mathematics","Students with Disabilities","Not English Learners","*","*","*","*"
"18 - 19 School Year","M-STEP","63","Oakland Schools","63150","Troy School District","02161","Leonard Elementary School","63","Oakland","LEA School","Elementary","City: Small","05","Mathematics","Students without IEP","English Learners","*","*","*","*"
"18 - 19 School Year","M-STEP","63","Oakland Schools","63150","Troy School District","02161","Leonard Elementary School","63","Oakland","LEA School","Elementary","City: Small","05","Mathematics","Students without IEP","Not English Learners","51.6","25.0","*","<=5%"
"18 - 19 School Year","M-STEP","63","Oakland Schools","63150","Troy School District","02161","Leonard Elementary School","63","Oakland","LEA School","Elementary","City: Small","05","Mathematics","Two or More Races","Female","*","*","*","*"
"18 - 19 School Year","M-STEP","63","Oakland Schools","63150","Troy School District","02161","Leonard Elementary School","63","Oakland","LEA School","Elementary","City: Small","05","Mathematics","Two or More Races","Male","*","*","*","*"
"18 - 19 School Year","M-STEP","63","Oakland Schools","63150","Troy School District","02161","Leonard Elementary School","63","Oakland","LEA School","Elementary","City: Small","05","Mathematics","Two or More Races","Not English Learners","*","*","*","*"
"18 - 19 School Year","M-STEP","63","Oakland Schools","63150","Troy School District","02161","Leonard Elementary School","63","Oakland","LEA School","Elementary","City: Small","05","Mathematics","Two or More Races","Students without IEP","*","*","*","*"
"18 - 19 School Year","M-STEP","63","Oakland Schools","63150","Troy School District","02161","Leonard Elementary School","63","Oakland","LEA School","Elementary","City: Small","05","Mathematics","White, not of Hispanic origin","English Learners","*","*","*","*"
"18 - 19 School Year","M-STEP","63","Oakland Schools","63150","Troy School District","02161","Leonard Elementary School","63","Oakland","LEA School","Elementary","City: Small","05","Mathematics","White, not of Hispanic origin","Female","28.6","28.6","*","<=20%"
"18 - 19 School Year","M-STEP","63","Oakland Schools","63150","Troy School District","02161","Leonard Elementary School","63","Oakland","LEA School","Elementary","City: Small","05","Mathematics","White, not of Hispanic origin","Male","*","<=20%","<=20%","<=20%"
"18 - 19 School Year","M-STEP","63","Oakland Schools","63150","Troy School District","02161","Leonard Elementary School","63","Oakland","LEA School","Elementary","City: Small","05","Mathematics","White, not of Hispanic origin","Not English Learners","38.2","20.6","26.5","14.7"
"18 - 19 School Year","M-STEP","63","Oakland Schools","63150","Troy School District","02161","Leonard Elementary School","63","Oakland","LEA School","Elementary","City: Small","05","Mathematics","White, not of Hispanic origin","Students with Disabilities","*","*","*","*"
"18 - 19 School Year","M-STEP","63","Oakland Schools","63150","Troy School District","02161","Leonard Elementary School","63","Oakland","LEA School","Elementary","City: Small","05","Mathematics","White, not of Hispanic origin","Students without IEP","40.6","28.1","*","<=10%"
"18 - 19 School Year","M-STEP","63","Oakland Schools","63150","Troy School District","02618","Morse Elementary School","63","Oakland","LEA School","Elementary","City: Small","03","Mathematics","Asian","English Learners","35.3","41.2","<=20%","<=20%"
"18 - 19 School Year","M-STEP","63","Oakland Schools","63150","Troy School District","02618","Morse Elementary School","63","Oakland","LEA School","Elementary","City: Small","03","Mathematics","Asian","Female","<=20%","*","<=20%","<=20%"
"18 - 19 School Year","M-STEP","63","Oakland Schools","63150","Troy School District","02618","Morse Elementary School","63","Oakland","LEA School","Elementary","City: Small","03","Mathematics","Asian","Male",">=50%","<=50%","<=50%","<=50%"
"18 - 19 School Year","M-STEP","63","Oakland Schools","63150","Troy School District","02618","Morse Elementary School","63","Oakland","LEA School","Elementary","City: Small","03","Mathematics","Asian","Not English Learners","<=50%","<=50%","<=50%","<=50%"
"18 - 19 School Year","M-STEP","63","Oakland Schools","63150","Troy School District","02618","Morse Elementary School","63","Oakland","LEA School","Elementary","City: Small","03","Mathematics","Asian","Students with Disabilities","*","*","*","*"
"18 - 19 School Year","M-STEP","63","Oakland Schools","63150","Troy School District","02618","Morse Elementary School","63","Oakland","LEA School","Elementary","City: Small","03","Mathematics","Asian","Students without IEP","*","*","<=20%","<=20%"
"18 - 19 School Year","M-STEP","63","Oakland Schools","63150","Troy School District","02618","Morse Elementary School","63","Oakland","LEA School","Elementary","City: Small","03","Mathematics","Black, not of Hispanic origin","Female","*","*","*","*"
"18 - 19 School Year","M-STEP","63","Oakland Schools","63150","Troy School District","02618","Morse Elementary School","63","Oakland","LEA School","Elementary","City: Small","03","Mathematics","Black, not of Hispanic origin","Male","*","*","*","*"
"18 - 19 School Year","M-STEP","63","Oakland Schools","63150","Troy School District","02618","Morse Elementary School","63","Oakland","LEA School","Elementary","City: Small","03","Mathematics","Black, not of Hispanic origin","Not English Learners","*","*","*","*"
"18 - 19 School Year","M-STEP","63","Oakland Schools","63150","Troy School District","02618","Morse Elementary School","63","Oakland","LEA School","Elementary","City: Small","03","Mathematics","Black, not of Hispanic origin","Students with Disabilities","*","*","*","*"
"18 - 19 School Year","M-STEP","63","Oakland Schools","63150","Troy School District","02618","Morse Elementary School","63","Oakland","LEA School","Elementary","City: Small","03","Mathematics","Black, not of Hispanic origin","Students without IEP","*","*","*","*"
"18 - 19 School Year","M-STEP","63","Oakland Schools","63150","Troy School District","02618","Morse Elementary School","63","Oakland","LEA School","Elementary","City: Small","03","Mathematics","Female","English Learners","<=50%","<=50%","<=50%","<=50%"
"18 - 19 School Year","M-STEP","63","Oakland Schools","63150","Troy School District","02618","Morse Elementary School","63","Oakland","LEA School","Elementary","City: Small","03","Mathematics","Female","Not English Learners","<=20%","*","<=20%","*"
"18 - 19 School Year","M-STEP","63","Oakland Schools","63150","Troy School District","02618","Morse Elementary School","63","Oakland","LEA School","Elementary","City: Small","03","Mathematics","Female","Students with Disabilities","*","*","*","*"
"18 - 19 School Year","M-STEP","63","Oakland Schools","63150","Troy School District","02618","Morse Elementary School","63","Oakland","LEA School","Elementary","City: Small","03","Mathematics","Female","Students without IEP","<=10%","*","20.6","35.3"
"18 - 19 School Year","M-STEP","63","Oakland Schools","63150","Troy School District","02618","Morse Elementary School","63","Oakland","LEA School","Elementary","City: Small","03","Mathematics","Hispanic","English Learners","*","*","*","*"
"18 - 19 School Year","M-STEP","63","Oakland Schools","63150","Troy School District","02618","Morse Elementary School","63","Oakland","LEA School","Elementary","City: Small","03","Mathematics","Hispanic","Female","*","*","*","*"
"18 - 19 School Year","M-STEP","63","Oakland Schools","63150","Troy School District","02618","Morse Elementary School","63","Oakland","LEA School","Elementary","City: Small","03","Mathematics","Hispanic","Male","*","*","*","*"
"18 - 19 School Year","M-STEP","63","Oakland Schools","63150","Troy School District","02618","Morse Elementary School","63","Oakland","LEA School","Elementary","City: Small","03","Mathematics","Hispanic","Students without IEP","*","*","*","*"
"18 - 19 School Year","M-STEP","63","Oakland Schools","63150","Troy School District","02618","Morse Elementary School","63","Oakland","LEA School","Elementary","City: Small","03","Mathematics","Male","English Learners","<=50%","<=50%","<=50%","<=50%"
"18 - 19 School Year","M-STEP","63","Oakland Schools","63150","Troy School District","02618","Morse Elementary School","63","Oakland","LEA School","Elementary","City: Small","03","Mathematics","Male","Not English Learners","22.2","27.8","<=20%","*"
"18 - 19 School Year","M-STEP","63","Oakland Schools","63150","Troy School District","02618","Morse Elementary School","63","Oakland","LEA School","Elementary","City: Small","03","Mathematics","Male","Students with Disabilities","*","*","*","*"
"18 - 19 School Year","M-STEP","63","Oakland Schools","63150","Troy School District","02618","Morse Elementary School","63","Oakland","LEA School","Elementary","City: Small","03","Mathematics","Male","Students without IEP","34.6","34.6","<=20%","*"
"18 - 19 School Year","M-STEP","63","Oakland Schools","63150","Troy School District","02618","Morse Elementary School","63","Oakland","LEA School","Elementary","City: Small","03","Mathematics","Students with Disabilities","Not English Learners","*","*","*","*"
"18 - 19 School Year","M-STEP","63","Oakland Schools","63150","Troy School District","02618","Morse Elementary School","63","Oakland","LEA School","Elementary","City: Small","03","Mathematics","Students without IEP","English Learners","23.1","42.3","<=20%","*"
"18 - 19 School Year","M-STEP","63","Oakland Schools","63150","Troy School District","02618","Morse Elementary School","63","Oakland","LEA School","Elementary","City: Small","03","Mathematics","Students without IEP","Not English Learners","17.6","29.4","11.8","41.2"
"18 - 19 School Year","M-STEP","63","Oakland Schools","63150","Troy School District","02618","Morse Elementary School","63","Oakland","LEA School","Elementary","City: Small","03","Mathematics","Two or More Races","English Learners","*","*","*","*"
"18 - 19 School Year","M-STEP","63","Oakland Schools","63150","Troy School District","02618","Morse Elementary School","63","Oakland","LEA School","Elementary","City: Small","03","Mathematics","Two or More Races","Female","*","*","*","*"
"18 - 19 School Year","M-STEP","63","Oakland Schools","63150","Troy School District","02618","Morse Elementary School","63","Oakland","LEA School","Elementary","City: Small","03","Mathematics","Two or More Races","Male","*","*","*","*"
"18 - 19 School Year","M-STEP","63","Oakland Schools","63150","Troy School District","02618","Morse Elementary School","63","Oakland","LEA School","Elementary","City: Small","03","Mathematics","Two or More Races","Not English Learners","*","*","*","*"
"18 - 19 School Year","M-STEP","63","Oakland Schools","63150","Troy School District","02618","Morse Elementary School","63","Oakland","LEA School","Elementary","City: Small","03","Mathematics","Two or More Races","Students without IEP","*","*","*","*"
"18 - 19 School Year","M-STEP","63","Oakland Schools","63150","Troy School District","02618","Morse Elementary School","63","Oakland","LEA School","Elementary","City: Small","03","Mathematics","White, not of Hispanic origin","English Learners","*","*","*","*"
"18 - 19 School Year","M-STEP","63","Oakland Schools","63150","Troy School District","02618","Morse Elementary School","63","Oakland","LEA School","Elementary","City: Small","03","Mathematics","White, not of Hispanic origin","Female","<=50%","<=50%","<=50%","<=50%"
"18 - 19 School Year","M-STEP","63","Oakland Schools","63150","Troy School District","02618","Morse Elementary School","63","Oakland","LEA School","Elementary","City: Small","03","Mathematics","White, not of Hispanic origin","Male","<=50%","<=50%","<=50%",">=50%"
"18 - 19 School Year","M-STEP","63","Oakland Schools","63150","Troy School District","02618","Morse Elementary School","63","Oakland","LEA School","Elementary","City: Small","03","Mathematics","White, not of Hispanic origin","Not English Learners","<=20%","*","<=20%","*"
"18 - 19 School Year","M-STEP","63","Oakland Schools","63150","Troy School District","02618","Morse Elementary School","63","Oakland","LEA School","Elementary","City: Small","03","Mathematics","White, not of Hispanic origin","Students with Disabilities","*","*","*","*"
"18 - 19 School Year","M-STEP","63","Oakland Schools","63150","Troy School District","02618","Morse Elementary School","63","Oakland","LEA School","Elementary","City: Small","03","Mathematics","White, not of Hispanic origin","Students without IEP","<=20%","*","<=20%","*"
"18 - 19 School Year","M-STEP","63","Oakland Schools","63150","Troy School District","02618","Morse Elementary School","63","Oakland","LEA School","Elementary","City: Small","04","Mathematics","Asian","English Learners","*","<=20%","*","<=20%"
"18 - 19 School Year","M-STEP","63","Oakland Schools","63150","Troy School District","02618","Morse Elementary School","63","Oakland","LEA School","Elementary","City: Small","04","Mathematics","Asian","Female","43.8","25.0","*","<=20%"
"18 - 19 School Year","M-STEP","63","Oakland Schools","63150","Troy School District","02618","Morse Elementary School","63","Oakland","LEA School","Elementary","City: Small","04","Mathematics","Asian","Male","52.6","21.1","*","<=20%"
"18 - 19 School Year","M-STEP","63","Oakland Schools","63150","Troy School District","02618","Morse Elementary School","63","Oakland","LEA School","Elementary","City: Small","04","Mathematics","Asian","Not English Learners","*","*","<=20%","<=20%"
"18 - 19 School Year","M-STEP","63","Oakland Schools","63150","Troy School District","02618","Morse Elementary School","63","Oakland","LEA School","Elementary","City: Small","04","Mathematics","Asian","Students without IEP","48.6","22.9","*","<=10%"
"18 - 19 School Year","M-STEP","63","Oakland Schools","63150","Troy School District","02618","Morse Elementary School","63","Oakland","LEA School","Elementary","City: Small","04","Mathematics","Black, not of Hispanic origin","Female","*","*","*","*"
"18 - 19 School Year","M-STEP","63","Oakland Schools","63150","Troy School District","02618","Morse Elementary School","63","Oakland","LEA School","Elementary","City: Small","04","Mathematics","Black, not of Hispanic origin","Male","*","*","*","*"
"18 - 19 School Year","M-STEP","63","Oakland Schools","63150","Troy School District","02618","Morse Elementary School","63","Oakland","LEA School","Elementary","City: Small","04","Mathematics","Black, not of Hispanic origin","Not English Learners","*","*","*","*"
"18 - 19 School Year","M-STEP","63","Oakland Schools","63150","Troy School District","02618","Morse Elementary School","63","Oakland","LEA School","Elementary","City: Small","04","Mathematics","Black, not of Hispanic origin","Students without IEP","*","*","*","*"
"18 - 19 School Year","M-STEP","63","Oakland Schools","63150","Troy School District","02618","Morse Elementary School","63","Oakland","LEA School","Elementary","City: Small","04","Mathematics","Female","English Learners","<=50%","<=50%","<=50%","<=50%"
"18 - 19 School Year","M-STEP","63","Oakland Schools","63150","Troy School District","02618","Morse Elementary School","63","Oakland","LEA School","Elementary","City: Small","04","Mathematics","Female","Not English Learners","25.9","22.2","<=20%","*"
"18 - 19 School Year","M-STEP","63","Oakland Schools","63150","Troy School District","02618","Morse Elementary School","63","Oakland","LEA School","Elementary","City: Small","04","Mathematics","Female","Students with Disabilities","*","*","*","*"
"18 - 19 School Year","M-STEP","63","Oakland Schools","63150","Troy School District","02618","Morse Elementary School","63","Oakland","LEA School","Elementary","City: Small","04","Mathematics","Female","Students without IEP","25.7","20.0","28.6","25.7"
"18 - 19 School Year","M-STEP","63","Oakland Schools","63150","Troy School District","02618","Morse Elementary School","63","Oakland","LEA School","Elementary","City: Small","04","Mathematics","Hispanic","English Learners","*","*","*","*"
"18 - 19 School Year","M-STEP","63","Oakland Schools","63150","Troy School District","02618","Morse Elementary School","63","Oakland","LEA School","Elementary","City: Small","04","Mathematics","Hispanic","Female","*","*","*","*"
"18 - 19 School Year","M-STEP","63","Oakland Schools","63150","Troy School District","02618","Morse Elementary School","63","Oakland","LEA School","Elementary","City: Small","04","Mathematics","Hispanic","Male","*","*","*","*"
"18 - 19 School Year","M-STEP","63","Oakland Schools","63150","Troy School District","02618","Morse Elementary School","63","Oakland","LEA School","Elementary","City: Small","04","Mathematics","Hispanic","Not English Learners","*","*","*","*"
"18 - 19 School Year","M-STEP","63","Oakland Schools","63150","Troy School District","02618","Morse Elementary School","63","Oakland","LEA School","Elementary","City: Small","04","Mathematics","Hispanic","Students with Disabilities","*","*","*","*"
"18 - 19 School Year","M-STEP","63","Oakland Schools","63150","Troy School District","02618","Morse Elementary School","63","Oakland","LEA School","Elementary","City: Small","04","Mathematics","Hispanic","Students without IEP","*","*","*","*"
"18 - 19 School Year","M-STEP","63","Oakland Schools","63150","Troy School District","02618","Morse Elementary School","63","Oakland","LEA School","Elementary","City: Small","04","Mathematics","Male","English Learners","*","<=20%","*","<=20%"
"18 - 19 School Year","M-STEP","63","Oakland Schools","63150","Troy School District","02618","Morse Elementary School","63","Oakland","LEA School","Elementary","City: Small","04","Mathematics","Male","Not English Learners","27.8","27.8","*","<=20%"
"18 - 19 School Year","M-STEP","63","Oakland Schools","63150","Troy School District","02618","Morse Elementary School","63","Oakland","LEA School","Elementary","City: Small","04","Mathematics","Male","Students with Disabilities","*","*","*","*"
"18 - 19 School Year","M-STEP","63","Oakland Schools","63150","Troy School District","02618","Morse Elementary School","63","Oakland","LEA School","Elementary","City: Small","04","Mathematics","Male","Students without IEP","44.8","20.7","*","<=20%"
"18 - 19 School Year","M-STEP","63","Oakland Schools","63150","Troy School District","02618","Morse Elementary School","63","Oakland","LEA School","Elementary","City: Small","04","Mathematics","Native Hawaiian or Other Pacific Islander","English Learners","*","*","*","*"
"18 - 19 School Year","M-STEP","63","Oakland Schools","63150","Troy School District","02618","Morse Elementary School","63","Oakland","LEA School","Elementary","City: Small","04","Mathematics","Native Hawaiian or Other Pacific Islander","Male","*","*","*","*"
"18 - 19 School Year","M-STEP","63","Oakland Schools","63150","Troy School District","02618","Morse Elementary School","63","Oakland","LEA School","Elementary","City: Small","04","Mathematics","Native Hawaiian or Other Pacific Islander","Students with Disabilities","*","*","*","*"
"18 - 19 School Year","M-STEP","63","Oakland Schools","63150","Troy School District","02618","Morse Elementary School","63","Oakland","LEA School","Elementary","City: Small","04","Mathematics","Students with Disabilities","English Learners","*","*","*","*"
"18 - 19 School Year","M-STEP","63","Oakland Schools","63150","Troy School District","02618","Morse Elementary School","63","Oakland","LEA School","Elementary","City: Small","04","Mathematics","Students with Disabilities","Not English Learners","*","*","*","*"
"18 - 19 School Year","M-STEP","63","Oakland Schools","63150","Troy School District","02618","Morse Elementary School","63","Oakland","LEA School","Elementary","City: Small","04","Mathematics","Students without IEP","English Learners","*","<=20%","*","<=20%"
"18 - 19 School Year","M-STEP","63","Oakland Schools","63150","Troy School District","02618","Morse Elementary School","63","Oakland","LEA School","Elementary","City: Small","04","Mathematics","Students without IEP","Not English Learners","31.6","26.3","23.7","18.4"
"18 - 19 School Year","M-STEP","63","Oakland Schools","63150","Troy School District","02618","Morse Elementary School","63","Oakland","LEA School","Elementary","City: Small","04","Mathematics","Two or More Races","Female","*","*","*","*"
"18 - 19 School Year","M-STEP","63","Oakland Schools","63150","Troy School District","02618","Morse Elementary School","63","Oakland","LEA School","Elementary","City: Small","04","Mathematics","Two or More Races","Male","*","*","*","*"
"18 - 19 School Year","M-STEP","63","Oakland Schools","63150","Troy School District","02618","Morse Elementary School","63","Oakland","LEA School","Elementary","City: Small","04","Mathematics","Two or More Races","Not English Learners","*","*","*","*"
"18 - 19 School Year","M-STEP","63","Oakland Schools","63150","Troy School District","02618","Morse Elementary School","63","Oakland","LEA School","Elementary","City: Small","04","Mathematics","Two or More Races","Students with Disabilities","*","*","*","*"
"18 - 19 School Year","M-STEP","63","Oakland Schools","63150","Troy School District","02618","Morse Elementary School","63","Oakland","LEA School","Elementary","City: Small","04","Mathematics","Two or More Races","Students without IEP","*","*","*","*"
"18 - 19 School Year","M-STEP","63","Oakland Schools","63150","Troy School District","02618","Morse Elementary School","63","Oakland","LEA School","Elementary","City: Small","04","Mathematics","White, not of Hispanic origin","English Learners","*","*","*","*"
"18 - 19 School Year","M-STEP","63","Oakland Schools","63150","Troy School District","02618","Morse Elementary School","63","Oakland","LEA School","Elementary","City: Small","04","Mathematics","White, not of Hispanic origin","Female","<=20%","<=20%","*","*"
"18 - 19 School Year","M-STEP","63","Oakland Schools","63150","Troy School District","02618","Morse Elementary School","63","Oakland","LEA School","Elementary","City: Small","04","Mathematics","White, not of Hispanic origin","Male","<=50%","<=50%","<=50%","<=50%"
"18 - 19 School Year","M-STEP","63","Oakland Schools","63150","Troy School District","02618","Morse Elementary School","63","Oakland","LEA School","Elementary","City: Small","04","Mathematics","White, not of Hispanic origin","Not English Learners","<=20%","<=20%","31.8","40.9"
"18 - 19 School Year","M-STEP","63","Oakland Schools","63150","Troy School District","02618","Morse Elementary School","63","Oakland","LEA School","Elementary","City: Small","04","Mathematics","White, not of Hispanic origin","Students with Disabilities","*","*","*","*"
"18 - 19 School Year","M-STEP","63","Oakland Schools","63150","Troy School District","02618","Morse Elementary School","63","Oakland","LEA School","Elementary","City: Small","04","Mathematics","White, not of Hispanic origin","Students without IEP","*","<=20%","36.4","27.3"
"18 - 19 School Year","M-STEP","63","Oakland Schools","63150","Troy School District","02618","Morse Elementary School","63","Oakland","LEA School","Elementary","City: Small","05","Mathematics","Asian","English Learners","<=50%",">=50%","<=50%","<=50%"
"18 - 19 School Year","M-STEP","63","Oakland Schools","63150","Troy School District","02618","Morse Elementary School","63","Oakland","LEA School","Elementary","City: Small","05","Mathematics","Asian","Female","*","*","<=20%","<=20%"
"18 - 19 School Year","M-STEP","63","Oakland Schools","63150","Troy School District","02618","Morse Elementary School","63","Oakland","LEA School","Elementary","City: Small","05","Mathematics","Asian","Male","*","*","*","*"
"18 - 19 School Year","M-STEP","63","Oakland Schools","63150","Troy School District","02618","Morse Elementary School","63","Oakland","LEA School","Elementary","City: Small","05","Mathematics","Asian","Not English Learners",">=50%","<=50%","<=50%","<=50%"
"18 - 19 School Year","M-STEP","63","Oakland Schools","63150","Troy School District","02618","Morse Elementary School","63","Oakland","LEA School","Elementary","City: Small","05","Mathematics","Asian","Students without IEP","*","*","<=20%","<=20%"
"18 - 19 School Year","M-STEP","63","Oakland Schools","63150","Troy School District","02618","Morse Elementary School","63","Oakland","LEA School","Elementary","City: Small","05","Mathematics","Black, not of Hispanic origin","Female","*","*","*","*"
"18 - 19 School Year","M-STEP","63","Oakland Schools","63150","Troy School District","02618","Morse Elementary School","63","Oakland","LEA School","Elementary","City: Small","05","Mathematics","Black, not of Hispanic origin","Male","*","*","*","*"
"18 - 19 School Year","M-STEP","63","Oakland Schools","63150","Troy School District","02618","Morse Elementary School","63","Oakland","LEA School","Elementary","City: Small","05","Mathematics","Black, not of Hispanic origin","Not English Learners","<=50%","<=50%","<=50%",">=50%"
"18 - 19 School Year","M-STEP","63","Oakland Schools","63150","Troy School District","02618","Morse Elementary School","63","Oakland","LEA School","Elementary","City: Small","05","Mathematics","Black, not of Hispanic origin","Students with Disabilities","*","*","*","*"
"18 - 19 School Year","M-STEP","63","Oakland Schools","63150","Troy School District","02618","Morse Elementary School","63","Oakland","LEA School","Elementary","City: Small","05","Mathematics","Black, not of Hispanic origin","Students without IEP","*","*","*","*"
"18 - 19 School Year","M-STEP","63","Oakland Schools","63150","Troy School District","02618","Morse Elementary School","63","Oakland","LEA School","Elementary","City: Small","05","Mathematics","Female","English Learners","<=50%","<=50%","<=50%","<=50%"
"18 - 19 School Year","M-STEP","63","Oakland Schools","63150","Troy School District","02618","Morse Elementary School","63","Oakland","LEA School","Elementary","City: Small","05","Mathematics","Female","Not English Learners","*","<=20%","20.7","24.1"
"18 - 19 School Year","M-STEP","63","Oakland Schools","63150","Troy School District","02618","Morse Elementary School","63","Oakland","LEA School","Elementary","City: Small","05","Mathematics","Female","Students with Disabilities","*","*","*","*"
"18 - 19 School Year","M-STEP","63","Oakland Schools","63150","Troy School District","02618","Morse Elementary School","63","Oakland","LEA School","Elementary","City: Small","05","Mathematics","Female","Students without IEP","33.3","21.4","21.4","23.8"
"18 - 19 School Year","M-STEP","63","Oakland Schools","63150","Troy School District","02618","Morse Elementary School","63","Oakland","LEA School","Elementary","City: Small","05","Mathematics","Hispanic","English Learners","*","*","*","*"
"18 - 19 School Year","M-STEP","63","Oakland Schools","63150","Troy School District","02618","Morse Elementary School","63","Oakland","LEA School","Elementary","City: Small","05","Mathematics","Hispanic","Female","*","*","*","*"
"18 - 19 School Year","M-STEP","63","Oakland Schools","63150","Troy School District","02618","Morse Elementary School","63","Oakland","LEA School","Elementary","City: Small","05","Mathematics","Hispanic","Male","*","*","*","*"
"18 - 19 School Year","M-STEP","63","Oakland Schools","63150","Troy School District","02618","Morse Elementary School","63","Oakland","LEA School","Elementary","City: Small","05","Mathematics","Hispanic","Not English Learners","*","*","*","*"
"18 - 19 School Year","M-STEP","63","Oakland Schools","63150","Troy School District","02618","Morse Elementary School","63","Oakland","LEA School","Elementary","City: Small","05","Mathematics","Hispanic","Students with Disabilities","*","*","*","*"
"18 - 19 School Year","M-STEP","63","Oakland Schools","63150","Troy School District","02618","Morse Elementary School","63","Oakland","LEA School","Elementary","City: Small","05","Mathematics","Hispanic","Students without IEP","*","*","*","*"
"18 - 19 School Year","M-STEP","63","Oakland Schools","63150","Troy School District","02618","Morse Elementary School","63","Oakland","LEA School","Elementary","City: Small","05","Mathematics","Male","English Learners","<=50%","<=50%","<=50%","<=50%"
"18 - 19 School Year","M-STEP","63","Oakland Schools","63150","Troy School District","02618","Morse Elementary School","63","Oakland","LEA School","Elementary","City: Small","05","Mathematics","Male","Not English Learners","*","<=20%","<=20%","*"
"18 - 19 School Year","M-STEP","63","Oakland Schools","63150","Troy School District","02618","Morse Elementary School","63","Oakland","LEA School","Elementary","City: Small","05","Mathematics","Male","Students with Disabilities","*","*","*","*"
"18 - 19 School Year","M-STEP","63","Oakland Schools","63150","Troy School District","02618","Morse Elementary School","63","Oakland","LEA School","Elementary","City: Small","05","Mathematics","Male","Students without IEP","34.5","20.7","<=20%","*"
"18 - 19 School Year","M-STEP","63","Oakland Schools","63150","Troy School District","02618","Morse Elementary School","63","Oakland","LEA School","Elementary","City: Small","05","Mathematics","Students with Disabilities","English Learners","*","*","*","*"
"18 - 19 School Year","M-STEP","63","Oakland Schools","63150","Troy School District","02618","Morse Elementary School","63","Oakland","LEA School","Elementary","City: Small","05","Mathematics","Students with Disabilities","Not English Learners","*","*","*","*"
"18 - 19 School Year","M-STEP","63","Oakland Schools","63150","Troy School District","02618","Morse Elementary School","63","Oakland","LEA School","Elementary","City: Small","05","Mathematics","Students without IEP","English Learners","<=20%","*","<=20%","*"
"18 - 19 School Year","M-STEP","63","Oakland Schools","63150","Troy School District","02618","Morse Elementary School","63","Oakland","LEA School","Elementary","City: Small","05","Mathematics","Students without IEP","Not English Learners","41.3","17.4","17.4","23.9"
"18 - 19 School Year","M-STEP","63","Oakland Schools","63150","Troy School District","02618","Morse Elementary School","63","Oakland","LEA School","Elementary","City: Small","05","Mathematics","Two or More Races","Female","*","*","*","*"
"18 - 19 School Year","M-STEP","63","Oakland Schools","63150","Troy School District","02618","Morse Elementary School","63","Oakland","LEA School","Elementary","City: Small","05","Mathematics","Two or More Races","Male","*","*","*","*"
"18 - 19 School Year","M-STEP","63","Oakland Schools","63150","Troy School District","02618","Morse Elementary School","63","Oakland","LEA School","Elementary","City: Small","05","Mathematics","Two or More Races","Not English Learners","*","*","*","*"
"18 - 19 School Year","M-STEP","63","Oakland Schools","63150","Troy School District","02618","Morse Elementary School","63","Oakland","LEA School","Elementary","City: Small","05","Mathematics","Two or More Races","Students without IEP","*","*","*","*"
"18 - 19 School Year","M-STEP","63","Oakland Schools","63150","Troy School District","02618","Morse Elementary School","63","Oakland","LEA School","Elementary","City: Small","05","Mathematics","White, not of Hispanic origin","English Learners","*","*","*","*"
"18 - 19 School Year","M-STEP","63","Oakland Schools","63150","Troy School District","02618","Morse Elementary School","63","Oakland","LEA School","Elementary","City: Small","05","Mathematics","White, not of Hispanic origin","Female","<=50%","<=50%","<=50%","<=50%"
"18 - 19 School Year","M-STEP","63","Oakland Schools","63150","Troy School District","02618","Morse Elementary School","63","Oakland","LEA School","Elementary","City: Small","05","Mathematics","White, not of Hispanic origin","Male","*","<=20%","21.1","36.8"
"18 - 19 School Year","M-STEP","63","Oakland Schools","63150","Troy School District","02618","Morse Elementary School","63","Oakland","LEA School","Elementary","City: Small","05","Mathematics","White, not of Hispanic origin","Not English Learners","*","<=20%","26.9","26.9"
"18 - 19 School Year","M-STEP","63","Oakland Schools","63150","Troy School District","02618","Morse Elementary School","63","Oakland","LEA School","Elementary","City: Small","05","Mathematics","White, not of Hispanic origin","Students with Disabilities","*","*","*","*"
"18 - 19 School Year","M-STEP","63","Oakland Schools","63150","Troy School District","02618","Morse Elementary School","63","Oakland","LEA School","Elementary","City: Small","05","Mathematics","White, not of Hispanic origin","Students without IEP","*","<=20%","26.7","30.0"
"18 - 19 School Year","M-STEP","63","Oakland Schools","63150","Troy School District","03715","Hamilton Elementary School","63","Oakland","LEA School","Elementary","City: Small","03","Mathematics","Asian","English Learners","36.8","26.3","*","<=20%"
"18 - 19 School Year","M-STEP","63","Oakland Schools","63150","Troy School District","03715","Hamilton Elementary School","63","Oakland","LEA School","Elementary","City: Small","03","Mathematics","Asian","Female","*","*","<=20%","<=20%"
"18 - 19 School Year","M-STEP","63","Oakland Schools","63150","Troy School District","03715","Hamilton Elementary School","63","Oakland","LEA School","Elementary","City: Small","03","Mathematics","Asian","Male","*","*","<=20%","<=20%"
"18 - 19 School Year","M-STEP","63","Oakland Schools","63150","Troy School District","03715","Hamilton Elementary School","63","Oakland","LEA School","Elementary","City: Small","03","Mathematics","Asian","Not English Learners","*","*","<=20%","<=20%"
"18 - 19 School Year","M-STEP","63","Oakland Schools","63150","Troy School District","03715","Hamilton Elementary School","63","Oakland","LEA School","Elementary","City: Small","03","Mathematics","Asian","Students with Disabilities","*","*","*","*"
"18 - 19 School Year","M-STEP","63","Oakland Schools","63150","Troy School District","03715","Hamilton Elementary School","63","Oakland","LEA School","Elementary","City: Small","03","Mathematics","Asian","Students without IEP","48.6","34.3","*","<=10%"
"18 - 19 School Year","M-STEP","63","Oakland Schools","63150","Troy School District","03715","Hamilton Elementary School","63","Oakland","LEA School","Elementary","City: Small","03","Mathematics","Black, not of Hispanic origin","Female","*","*","*","*"
"18 - 19 School Year","M-STEP","63","Oakland Schools","63150","Troy School District","03715","Hamilton Elementary School","63","Oakland","LEA School","Elementary","City: Small","03","Mathematics","Black, not of Hispanic origin","Male","*","*","*","*"
"18 - 19 School Year","M-STEP","63","Oakland Schools","63150","Troy School District","03715","Hamilton Elementary School","63","Oakland","LEA School","Elementary","City: Small","03","Mathematics","Black, not of Hispanic origin","Not English Learners","*","*","*","*"
"18 - 19 School Year","M-STEP","63","Oakland Schools","63150","Troy School District","03715","Hamilton Elementary School","63","Oakland","LEA School","Elementary","City: Small","03","Mathematics","Black, not of Hispanic origin","Students without IEP","*","*","*","*"
"18 - 19 School Year","M-STEP","63","Oakland Schools","63150","Troy School District","03715","Hamilton Elementary School","63","Oakland","LEA School","Elementary","City: Small","03","Mathematics","Female","English Learners","<=50%","<=50%","<=50%","<=50%"
"18 - 19 School Year","M-STEP","63","Oakland Schools","63150","Troy School District","03715","Hamilton Elementary School","63","Oakland","LEA School","Elementary","City: Small","03","Mathematics","Female","Not English Learners","*","*","<=20%","<=20%"
"18 - 19 School Year","M-STEP","63","Oakland Schools","63150","Troy School District","03715","Hamilton Elementary School","63","Oakland","LEA School","Elementary","City: Small","03","Mathematics","Female","Students with Disabilities","*","*","*","*"
"18 - 19 School Year","M-STEP","63","Oakland Schools","63150","Troy School District","03715","Hamilton Elementary School","63","Oakland","LEA School","Elementary","City: Small","03","Mathematics","Female","Students without IEP","45.7","40.0","<=10%","<=10%"
"18 - 19 School Year","M-STEP","63","Oakland Schools","63150","Troy School District","03715","Hamilton Elementary School","63","Oakland","LEA School","Elementary","City: Small","03","Mathematics","Hispanic","English Learners","*","*","*","*"
"18 - 19 School Year","M-STEP","63","Oakland Schools","63150","Troy School District","03715","Hamilton Elementary School","63","Oakland","LEA School","Elementary","City: Small","03","Mathematics","Hispanic","Female","*","*","*","*"
"18 - 19 School Year","M-STEP","63","Oakland Schools","63150","Troy School District","03715","Hamilton Elementary School","63","Oakland","LEA School","Elementary","City: Small","03","Mathematics","Hispanic","Male","*","*","*","*"
"18 - 19 School Year","M-STEP","63","Oakland Schools","63150","Troy School District","03715","Hamilton Elementary School","63","Oakland","LEA School","Elementary","City: Small","03","Mathematics","Hispanic","Not English Learners","*","*","*","*"
"18 - 19 School Year","M-STEP","63","Oakland Schools","63150","Troy School District","03715","Hamilton Elementary School","63","Oakland","LEA School","Elementary","City: Small","03","Mathematics","Hispanic","Students with Disabilities","*","*","*","*"
"18 - 19 School Year","M-STEP","63","Oakland Schools","63150","Troy School District","03715","Hamilton Elementary School","63","Oakland","LEA School","Elementary","City: Small","03","Mathematics","Hispanic","Students without IEP","*","*","*","*"
"18 - 19 School Year","M-STEP","63","Oakland Schools","63150","Troy School District","03715","Hamilton Elementary School","63","Oakland","LEA School","Elementary","City: Small","03","Mathematics","Male","English Learners","<=50%","<=50%","<=50%","<=50%"
"18 - 19 School Year","M-STEP","63","Oakland Schools","63150","Troy School District","03715","Hamilton Elementary School","63","Oakland","LEA School","Elementary","City: Small","03","Mathematics","Male","Not English Learners","40.6","21.9","25.0","12.5"
"18 - 19 School Year","M-STEP","63","Oakland Schools","63150","Troy School District","03715","Hamilton Elementary School","63","Oakland","LEA School","Elementary","City: Small","03","Mathematics","Male","Students with Disabilities","*","*","*","*"
"18 - 19 School Year","M-STEP","63","Oakland Schools","63150","Troy School District","03715","Hamilton Elementary School","63","Oakland","LEA School","Elementary","City: Small","03","Mathematics","Male","Students without IEP","37.8","26.7","24.4","11.1"
"18 - 19 School Year","M-STEP","63","Oakland Schools","63150","Troy School District","03715","Hamilton Elementary School","63","Oakland","LEA School","Elementary","City: Small","03","Mathematics","Native Hawaiian or Other Pacific Islander","Male","*","*","*","*"
"18 - 19 School Year","M-STEP","63","Oakland Schools","63150","Troy School District","03715","Hamilton Elementary School","63","Oakland","LEA School","Elementary","City: Small","03","Mathematics","Native Hawaiian or Other Pacific Islander","Not English Learners","*","*","*","*"
"18 - 19 School Year","M-STEP","63","Oakland Schools","63150","Troy School District","03715","Hamilton Elementary School","63","Oakland","LEA School","Elementary","City: Small","03","Mathematics","Native Hawaiian or Other Pacific Islander","Students without IEP","*","*","*","*"
"18 - 19 School Year","M-STEP","63","Oakland Schools","63150","Troy School District","03715","Hamilton Elementary School","63","Oakland","LEA School","Elementary","City: Small","03","Mathematics","Students with Disabilities","English Learners","*","*","*","*"
"18 - 19 School Year","M-STEP","63","Oakland Schools","63150","Troy School District","03715","Hamilton Elementary School","63","Oakland","LEA School","Elementary","City: Small","03","Mathematics","Students with Disabilities","Not English Learners","*","*","*","*"
"18 - 19 School Year","M-STEP","63","Oakland Schools","63150","Troy School District","03715","Hamilton Elementary School","63","Oakland","LEA School","Elementary","City: Small","03","Mathematics","Students without IEP","English Learners","37.5","33.3","*","<=20%"
"18 - 19 School Year","M-STEP","63","Oakland Schools","63150","Troy School District","03715","Hamilton Elementary School","63","Oakland","LEA School","Elementary","City: Small","03","Mathematics","Students without IEP","Not English Learners","42.9","32.1","14.3","10.7"
"18 - 19 School Year","M-STEP","63","Oakland Schools","63150","Troy School District","03715","Hamilton Elementary School","63","Oakland","LEA School","Elementary","City: Small","03","Mathematics","Two or More Races","Female","*","*","*","*"
"18 - 19 School Year","M-STEP","63","Oakland Schools","63150","Troy School District","03715","Hamilton Elementary School","63","Oakland","LEA School","Elementary","City: Small","03","Mathematics","Two or More Races","Not English Learners","*","*","*","*"
"18 - 19 School Year","M-STEP","63","Oakland Schools","63150","Troy School District","03715","Hamilton Elementary School","63","Oakland","LEA School","Elementary","City: Small","03","Mathematics","Two or More Races","Students without IEP","*","*","*","*"
"18 - 19 School Year","M-STEP","63","Oakland Schools","63150","Troy School District","03715","Hamilton Elementary School","63","Oakland","LEA School","Elementary","City: Small","03","Mathematics","White, not of Hispanic origin","English Learners","*","*","*","*"
"18 - 19 School Year","M-STEP","63","Oakland Schools","63150","Troy School District","03715","Hamilton Elementary School","63","Oakland","LEA School","Elementary","City: Small","03","Mathematics","White, not of Hispanic origin","Female","<=50%",">=50%","<=50%","<=50%"
"18 - 19 School Year","M-STEP","63","Oakland Schools","63150","Troy School District","03715","Hamilton Elementary School","63","Oakland","LEA School","Elementary","City: Small","03","Mathematics","White, not of Hispanic origin","Male","34.8","21.7","*","<=20%"
"18 - 19 School Year","M-STEP","63","Oakland Schools","63150","Troy School District","03715","Hamilton Elementary School","63","Oakland","LEA School","Elementary","City: Small","03","Mathematics","White, not of Hispanic origin","Not English Learners","32.4","32.4","*","<=10%"
"18 - 19 School Year","M-STEP","63","Oakland Schools","63150","Troy School District","03715","Hamilton Elementary School","63","Oakland","LEA School","Elementary","City: Small","03","Mathematics","White, not of Hispanic origin","Students with Disabilities","*","*","*","*"
"18 - 19 School Year","M-STEP","63","Oakland Schools","63150","Troy School District","03715","Hamilton Elementary School","63","Oakland","LEA School","Elementary","City: Small","03","Mathematics","White, not of Hispanic origin","Students without IEP","34.3","34.3","*","<=10%"
"18 - 19 School Year","M-STEP","63","Oakland Schools","63150","Troy School District","03715","Hamilton Elementary School","63","Oakland","LEA School","Elementary","City: Small","04","Mathematics","Asian","English Learners","<=50%","<=50%","<=50%","<=50%"
"18 - 19 School Year","M-STEP","63","Oakland Schools","63150","Troy School District","03715","Hamilton Elementary School","63","Oakland","LEA School","Elementary","City: Small","04","Mathematics","Asian","Female","*","<=20%","<=20%","<=20%"
"18 - 19 School Year","M-STEP","63","Oakland Schools","63150","Troy School District","03715","Hamilton Elementary School","63","Oakland","LEA School","Elementary","City: Small","04","Mathematics","Asian","Male",">=50%","<=50%","<=50%","<=50%"
"18 - 19 School Year","M-STEP","63","Oakland Schools","63150","Troy School District","03715","Hamilton Elementary School","63","Oakland","LEA School","Elementary","City: Small","04","Mathematics","Asian","Not English Learners","*","<=20%","<=20%","<=20%"
"18 - 19 School Year","M-STEP","63","Oakland Schools","63150","Troy School District","03715","Hamilton Elementary School","63","Oakland","LEA School","Elementary","City: Small","04","Mathematics","Asian","Students with Disabilities","*","*","*","*"
"18 - 19 School Year","M-STEP","63","Oakland Schools","63150","Troy School District","03715","Hamilton Elementary School","63","Oakland","LEA School","Elementary","City: Small","04","Mathematics","Asian","Students without IEP","61.8","23.5","*","<=10%"
"18 - 19 School Year","M-STEP","63","Oakland Schools","63150","Troy School District","03715","Hamilton Elementary School","63","Oakland","LEA School","Elementary","City: Small","04","Mathematics","Black, not of Hispanic origin","Female","*","*","*","*"
"18 - 19 School Year","M-STEP","63","Oakland Schools","63150","Troy School District","03715","Hamilton Elementary School","63","Oakland","LEA School","Elementary","City: Small","04","Mathematics","Black, not of Hispanic origin","Male","*","*","*","*"
"18 - 19 School Year","M-STEP","63","Oakland Schools","63150","Troy School District","03715","Hamilton Elementary School","63","Oakland","LEA School","Elementary","City: Small","04","Mathematics","Black, not of Hispanic origin","Not English Learners","*","*","*","*"
"18 - 19 School Year","M-STEP","63","Oakland Schools","63150","Troy School District","03715","Hamilton Elementary School","63","Oakland","LEA School","Elementary","City: Small","04","Mathematics","Black, not of Hispanic origin","Students without IEP","*","*","*","*"
"18 - 19 School Year","M-STEP","63","Oakland Schools","63150","Troy School District","03715","Hamilton Elementary School","63","Oakland","LEA School","Elementary","City: Small","04","Mathematics","Female","English Learners","*","*","*","*"
"18 - 19 School Year","M-STEP","63","Oakland Schools","63150","Troy School District","03715","Hamilton Elementary School","63","Oakland","LEA School","Elementary","City: Small","04","Mathematics","Female","Not English Learners","57.1","14.3","*","<=10%"
"18 - 19 School Year","M-STEP","63","Oakland Schools","63150","Troy School District","03715","Hamilton Elementary School","63","Oakland","LEA School","Elementary","City: Small","04","Mathematics","Female","Students without IEP","54.0","14.0","*","<=10%"
"18 - 19 School Year","M-STEP","63","Oakland Schools","63150","Troy School District","03715","Hamilton Elementary School","63","Oakland","LEA School","Elementary","City: Small","04","Mathematics","Hispanic","English Learners","*","*","*","*"
"18 - 19 School Year","M-STEP","63","Oakland Schools","63150","Troy School District","03715","Hamilton Elementary School","63","Oakland","LEA School","Elementary","City: Small","04","Mathematics","Hispanic","Female","*","*","*","*"
"18 - 19 School Year","M-STEP","63","Oakland Schools","63150","Troy School District","03715","Hamilton Elementary School","63","Oakland","LEA School","Elementary","City: Small","04","Mathematics","Hispanic","Male","*","*","*","*"
"18 - 19 School Year","M-STEP","63","Oakland Schools","63150","Troy School District","03715","Hamilton Elementary School","63","Oakland","LEA School","Elementary","City: Small","04","Mathematics","Hispanic","Not English Learners","*","*","*","*"
"18 - 19 School Year","M-STEP","63","Oakland Schools","63150","Troy School District","03715","Hamilton Elementary School","63","Oakland","LEA School","Elementary","City: Small","04","Mathematics","Hispanic","Students without IEP","*","*","*","*"
"18 - 19 School Year","M-STEP","63","Oakland Schools","63150","Troy School District","03715","Hamilton Elementary School","63","Oakland","LEA School","Elementary","City: Small","04","Mathematics","Male","English Learners","*","*","*","*"
"18 - 19 School Year","M-STEP","63","Oakland Schools","63150","Troy School District","03715","Hamilton Elementary School","63","Oakland","LEA School","Elementary","City: Small","04","Mathematics","Male","Not English Learners","*","*","<=20%","<=20%"
"18 - 19 School Year","M-STEP","63","Oakland Schools","63150","Troy School District","03715","Hamilton Elementary School","63","Oakland","LEA School","Elementary","City: Small","04","Mathematics","Male","Students with Disabilities","*","*","*","*"
"18 - 19 School Year","M-STEP","63","Oakland Schools","63150","Troy School District","03715","Hamilton Elementary School","63","Oakland","LEA School","Elementary","City: Small","04","Mathematics","Male","Students without IEP","39.4","48.5","*","<=10%"
"18 - 19 School Year","M-STEP","63","Oakland Schools","63150","Troy School District","03715","Hamilton Elementary School","63","Oakland","LEA School","Elementary","City: Small","04","Mathematics","Students with Disabilities","English Learners","*","*","*","*"
"18 - 19 School Year","M-STEP","63","Oakland Schools","63150","Troy School District","03715","Hamilton Elementary School","63","Oakland","LEA School","Elementary","City: Small","04","Mathematics","Students with Disabilities","Not English Learners","*","*","*","*"
"18 - 19 School Year","M-STEP","63","Oakland Schools","63150","Troy School District","03715","Hamilton Elementary School","63","Oakland","LEA School","Elementary","City: Small","04","Mathematics","Students without IEP","English Learners","25.0","31.3","*","<=20%"
"18 - 19 School Year","M-STEP","63","Oakland Schools","63150","Troy School District","03715","Hamilton Elementary School","63","Oakland","LEA School","Elementary","City: Small","04","Mathematics","Students without IEP","Not English Learners","53.7","26.9","*","<=5%"
"18 - 19 School Year","M-STEP","63","Oakland Schools","63150","Troy School District","03715","Hamilton Elementary School","63","Oakland","LEA School","Elementary","City: Small","04","Mathematics","Two or More Races","English Learners","*","*","*","*"
"18 - 19 School Year","M-STEP","63","Oakland Schools","63150","Troy School District","03715","Hamilton Elementary School","63","Oakland","LEA School","Elementary","City: Small","04","Mathematics","Two or More Races","Female","*","*","*","*"
"18 - 19 School Year","M-STEP","63","Oakland Schools","63150","Troy School District","03715","Hamilton Elementary School","63","Oakland","LEA School","Elementary","City: Small","04","Mathematics","Two or More Races","Male","*","*","*","*"
"18 - 19 School Year","M-STEP","63","Oakland Schools","63150","Troy School District","03715","Hamilton Elementary School","63","Oakland","LEA School","Elementary","City: Small","04","Mathematics","Two or More Races","Not English Learners","*","*","*","*"
"18 - 19 School Year","M-STEP","63","Oakland Schools","63150","Troy School District","03715","Hamilton Elementary School","63","Oakland","LEA School","Elementary","City: Small","04","Mathematics","Two or More Races","Students without IEP","*","*","*","*"
"18 - 19 School Year","M-STEP","63","Oakland Schools","63150","Troy School District","03715","Hamilton Elementary School","63","Oakland","LEA School","Elementary","City: Small","04","Mathematics","White, not of Hispanic origin","English Learners","*","*","*","*"
"18 - 19 School Year","M-STEP","63","Oakland Schools","63150","Troy School District","03715","Hamilton Elementary School","63","Oakland","LEA School","Elementary","City: Small","04","Mathematics","White, not of Hispanic origin","Female","*","<=20%","*","<=20%"
"18 - 19 School Year","M-STEP","63","Oakland Schools","63150","Troy School District","03715","Hamilton Elementary School","63","Oakland","LEA School","Elementary","City: Small","04","Mathematics","White, not of Hispanic origin","Male","*","*","<=20%","<=20%"
"18 - 19 School Year","M-STEP","63","Oakland Schools","63150","Troy School District","03715","Hamilton Elementary School","63","Oakland","LEA School","Elementary","City: Small","04","Mathematics","White, not of Hispanic origin","Not English Learners","44.4","33.3","*","<=10%"
"18 - 19 School Year","M-STEP","63","Oakland Schools","63150","Troy School District","03715","Hamilton Elementary School","63","Oakland","LEA School","Elementary","City: Small","04","Mathematics","White, not of Hispanic origin","Students with Disabilities","*","*","*","*"
"18 - 19 School Year","M-STEP","63","Oakland Schools","63150","Troy School District","03715","Hamilton Elementary School","63","Oakland","LEA School","Elementary","City: Small","04","Mathematics","White, not of Hispanic origin","Students without IEP","44.4","27.8","*","<=10%"
"18 - 19 School Year","M-STEP","63","Oakland Schools","63150","Troy School District","03715","Hamilton Elementary School","63","Oakland","LEA School","Elementary","City: Small","05","Mathematics","Asian","English Learners",">=50%","<=50%","<=50%","<=50%"
"18 - 19 School Year","M-STEP","63","Oakland Schools","63150","Troy School District","03715","Hamilton Elementary School","63","Oakland","LEA School","Elementary","City: Small","05","Mathematics","Asian","Female","*","<=20%","<=20%","<=20%"
"18 - 19 School Year","M-STEP","63","Oakland Schools","63150","Troy School District","03715","Hamilton Elementary School","63","Oakland","LEA School","Elementary","City: Small","05","Mathematics","Asian","Male","*","<=20%","<=20%","<=20%"
"18 - 19 School Year","M-STEP","63","Oakland Schools","63150","Troy School District","03715","Hamilton Elementary School","63","Oakland","LEA School","Elementary","City: Small","05","Mathematics","Asian","Not English Learners","71.4","16.7","<=10%","<=10%"
"18 - 19 School Year","M-STEP","63","Oakland Schools","63150","Troy School District","03715","Hamilton Elementary School","63","Oakland","LEA School","Elementary","City: Small","05","Mathematics","Asian","Students with Disabilities","*","*","*","*"
"18 - 19 School Year","M-STEP","63","Oakland Schools","63150","Troy School District","03715","Hamilton Elementary School","63","Oakland","LEA School","Elementary","City: Small","05","Mathematics","Asian","Students without IEP","*","*","<=10%","<=10%"
"18 - 19 School Year","M-STEP","63","Oakland Schools","63150","Troy School District","03715","Hamilton Elementary School","63","Oakland","LEA School","Elementary","City: Small","05","Mathematics","Black, not of Hispanic origin","Female","*","*","*","*"
"18 - 19 School Year","M-STEP","63","Oakland Schools","63150","Troy School District","03715","Hamilton Elementary School","63","Oakland","LEA School","Elementary","City: Small","05","Mathematics","Black, not of Hispanic origin","Male","*","*","*","*"
"18 - 19 School Year","M-STEP","63","Oakland Schools","63150","Troy School District","03715","Hamilton Elementary School","63","Oakland","LEA School","Elementary","City: Small","05","Mathematics","Black, not of Hispanic origin","Not English Learners","*","*","*","*"
"18 - 19 School Year","M-STEP","63","Oakland Schools","63150","Troy School District","03715","Hamilton Elementary School","63","Oakland","LEA School","Elementary","City: Small","05","Mathematics","Black, not of Hispanic origin","Students with Disabilities","*","*","*","*"
"18 - 19 School Year","M-STEP","63","Oakland Schools","63150","Troy School District","03715","Hamilton Elementary School","63","Oakland","LEA School","Elementary","City: Small","05","Mathematics","Black, not of Hispanic origin","Students without IEP","*","*","*","*"
"18 - 19 School Year","M-STEP","63","Oakland Schools","63150","Troy School District","03715","Hamilton Elementary School","63","Oakland","LEA School","Elementary","City: Small","05","Mathematics","Female","English Learners","*","*","*","*"
"18 - 19 School Year","M-STEP","63","Oakland Schools","63150","Troy School District","03715","Hamilton Elementary School","63","Oakland","LEA School","Elementary","City: Small","05","Mathematics","Female","Not English Learners","52.9","29.4","*","<=10%"
"18 - 19 School Year","M-STEP","63","Oakland Schools","63150","Troy School District","03715","Hamilton Elementary School","63","Oakland","LEA School","Elementary","City: Small","05","Mathematics","Female","Students with Disabilities","*","*","*","*"
"18 - 19 School Year","M-STEP","63","Oakland Schools","63150","Troy School District","03715","Hamilton Elementary School","63","Oakland","LEA School","Elementary","City: Small","05","Mathematics","Female","Students without IEP","56.4","28.2","*","<=10%"
"18 - 19 School Year","M-STEP","63","Oakland Schools","63150","Troy School District","03715","Hamilton Elementary School","63","Oakland","LEA School","Elementary","City: Small","05","Mathematics","Hispanic","English Learners","*","*","*","*"
"18 - 19 School Year","M-STEP","63","Oakland Schools","63150","Troy School District","03715","Hamilton Elementary School","63","Oakland","LEA School","Elementary","City: Small","05","Mathematics","Hispanic","Female","*","*","*","*"
"18 - 19 School Year","M-STEP","63","Oakland Schools","63150","Troy School District","03715","Hamilton Elementary School","63","Oakland","LEA School","Elementary","City: Small","05","Mathematics","Hispanic","Male","*","*","*","*"
"18 - 19 School Year","M-STEP","63","Oakland Schools","63150","Troy School District","03715","Hamilton Elementary School","63","Oakland","LEA School","Elementary","City: Small","05","Mathematics","Hispanic","Not English Learners","*","*","*","*"
"18 - 19 School Year","M-STEP","63","Oakland Schools","63150","Troy School District","03715","Hamilton Elementary School","63","Oakland","LEA School","Elementary","City: Small","05","Mathematics","Hispanic","Students without IEP","*","*","*","*"
"18 - 19 School Year","M-STEP","63","Oakland Schools","63150","Troy School District","03715","Hamilton Elementary School","63","Oakland","LEA School","Elementary","City: Small","05","Mathematics","Male","English Learners","*","*","*","*"
"18 - 19 School Year","M-STEP","63","Oakland Schools","63150","Troy School District","03715","Hamilton Elementary School","63","Oakland","LEA School","Elementary","City: Small","05","Mathematics","Male","Not English Learners","55.6","16.7","14.8","13.0"
"18 - 19 School Year","M-STEP","63","Oakland Schools","63150","Troy School District","03715","Hamilton Elementary School","63","Oakland","LEA School","Elementary","City: Small","05","Mathematics","Male","Students with Disabilities","*","*","*","*"
"18 - 19 School Year","M-STEP","63","Oakland Schools","63150","Troy School District","03715","Hamilton Elementary School","63","Oakland","LEA School","Elementary","City: Small","05","Mathematics","Male","Students without IEP","63.6","16.4","*","<=10%"
"18 - 19 School Year","M-STEP","63","Oakland Schools","63150","Troy School District","03715","Hamilton Elementary School","63","Oakland","LEA School","Elementary","City: Small","05","Mathematics","Students with Disabilities","English Learners","*","*","*","*"
"18 - 19 School Year","M-STEP","63","Oakland Schools","63150","Troy School District","03715","Hamilton Elementary School","63","Oakland","LEA School","Elementary","City: Small","05","Mathematics","Students with Disabilities","Not English Learners","*","*","*","*"
"18 - 19 School Year","M-STEP","63","Oakland Schools","63150","Troy School District","03715","Hamilton Elementary School","63","Oakland","LEA School","Elementary","City: Small","05","Mathematics","Students without IEP","English Learners",">=50%","<=50%","<=50%","<=50%"
"18 - 19 School Year","M-STEP","63","Oakland Schools","63150","Troy School District","03715","Hamilton Elementary School","63","Oakland","LEA School","Elementary","City: Small","05","Mathematics","Students without IEP","Not English Learners","59.3","23.5","*","<=5%"
"18 - 19 School Year","M-STEP","63","Oakland Schools","63150","Troy School District","03715","Hamilton Elementary School","63","Oakland","LEA School","Elementary","City: Small","05","Mathematics","Two or More Races","Female","*","*","*","*"
"18 - 19 School Year","M-STEP","63","Oakland Schools","63150","Troy School District","03715","Hamilton Elementary School","63","Oakland","LEA School","Elementary","City: Small","05","Mathematics","Two or More Races","Male","*","*","*","*"
"18 - 19 School Year","M-STEP","63","Oakland Schools","63150","Troy School District","03715","Hamilton Elementary School","63","Oakland","LEA School","Elementary","City: Small","05","Mathematics","Two or More Races","Not English Learners","*","*","*","*"
"18 - 19 School Year","M-STEP","63","Oakland Schools","63150","Troy School District","03715","Hamilton Elementary School","63","Oakland","LEA School","Elementary","City: Small","05","Mathematics","Two or More Races","Students without IEP","*","*","*","*"
"18 - 19 School Year","M-STEP","63","Oakland Schools","63150","Troy School District","03715","Hamilton Elementary School","63","Oakland","LEA School","Elementary","City: Small","05","Mathematics","White, not of Hispanic origin","Female","<=50%","<=50%","<=50%","<=50%"
"18 - 19 School Year","M-STEP","63","Oakland Schools","63150","Troy School District","03715","Hamilton Elementary School","63","Oakland","LEA School","Elementary","City: Small","05","Mathematics","White, not of Hispanic origin","Male","*","<=20%","<=20%","<=20%"
"18 - 19 School Year","M-STEP","63","Oakland Schools","63150","Troy School District","03715","Hamilton Elementary School","63","Oakland","LEA School","Elementary","City: Small","05","Mathematics","White, not of Hispanic origin","Not English Learners","42.9","20.0","20.0","17.1"
"18 - 19 School Year","M-STEP","63","Oakland Schools","63150","Troy School District","03715","Hamilton Elementary School","63","Oakland","LEA School","Elementary","City: Small","05","Mathematics","White, not of Hispanic origin","Students with Disabilities","*","*","*","*"
"18 - 19 School Year","M-STEP","63","Oakland Schools","63150","Troy School District","03715","Hamilton Elementary School","63","Oakland","LEA School","Elementary","City: Small","05","Mathematics","White, not of Hispanic origin","Students without IEP","48.4","22.6","*","<=10%"
"18 - 19 School Year","M-STEP","63","Oakland Schools","63150","Troy School District","04227","Troy Union Elementary School","63","Oakland","LEA School","Elementary","City: Small","03","Mathematics","Asian","English Learners","*","*","*","*"
"18 - 19 School Year","M-STEP","63","Oakland Schools","63150","Troy School District","04227","Troy Union Elementary School","63","Oakland","LEA School","Elementary","City: Small","03","Mathematics","Asian","Female","<=50%","<=50%","<=50%","<=50%"
"18 - 19 School Year","M-STEP","63","Oakland Schools","63150","Troy School District","04227","Troy Union Elementary School","63","Oakland","LEA School","Elementary","City: Small","03","Mathematics","Asian","Male","*","*","*","*"
"18 - 19 School Year","M-STEP","63","Oakland Schools","63150","Troy School District","04227","Troy Union Elementary School","63","Oakland","LEA School","Elementary","City: Small","03","Mathematics","Asian","Not English Learners",">=50%","<=50%","<=50%","<=50%"
"18 - 19 School Year","M-STEP","63","Oakland Schools","63150","Troy School District","04227","Troy Union Elementary School","63","Oakland","LEA School","Elementary","City: Small","03","Mathematics","Asian","Students with Disabilities","*","*","*","*"
"18 - 19 School Year","M-STEP","63","Oakland Schools","63150","Troy School District","04227","Troy Union Elementary School","63","Oakland","LEA School","Elementary","City: Small","03","Mathematics","Asian","Students without IEP","*","<=20%","*","<=20%"
"18 - 19 School Year","M-STEP","63","Oakland Schools","63150","Troy School District","04227","Troy Union Elementary School","63","Oakland","LEA School","Elementary","City: Small","03","Mathematics","Black, not of Hispanic origin","Female","*","*","*","*"
"18 - 19 School Year","M-STEP","63","Oakland Schools","63150","Troy School District","04227","Troy Union Elementary School","63","Oakland","LEA School","Elementary","City: Small","03","Mathematics","Black, not of Hispanic origin","Male","*","*","*","*"
"18 - 19 School Year","M-STEP","63","Oakland Schools","63150","Troy School District","04227","Troy Union Elementary School","63","Oakland","LEA School","Elementary","City: Small","03","Mathematics","Black, not of Hispanic origin","Not English Learners","*","*","*","*"
"18 - 19 School Year","M-STEP","63","Oakland Schools","63150","Troy School District","04227","Troy Union Elementary School","63","Oakland","LEA School","Elementary","City: Small","03","Mathematics","Black, not of Hispanic origin","Students without IEP","*","*","*","*"
"18 - 19 School Year","M-STEP","63","Oakland Schools","63150","Troy School District","04227","Troy Union Elementary School","63","Oakland","LEA School","Elementary","City: Small","03","Mathematics","Female","English Learners","<=50%","<=50%","<=50%","<=50%"
"18 - 19 School Year","M-STEP","63","Oakland Schools","63150","Troy School District","04227","Troy Union Elementary School","63","Oakland","LEA School","Elementary","City: Small","03","Mathematics","Female","Not English Learners","25.8","25.8","16.1","32.3"
"18 - 19 School Year","M-STEP","63","Oakland Schools","63150","Troy School District","04227","Troy Union Elementary School","63","Oakland","LEA School","Elementary","City: Small","03","Mathematics","Female","Students with Disabilities","*","*","*","*"
"18 - 19 School Year","M-STEP","63","Oakland Schools","63150","Troy School District","04227","Troy Union Elementary School","63","Oakland","LEA School","Elementary","City: Small","03","Mathematics","Female","Students without IEP","27.0","21.6","21.6","29.7"
"18 - 19 School Year","M-STEP","63","Oakland Schools","63150","Troy School District","04227","Troy Union Elementary School","63","Oakland","LEA School","Elementary","City: Small","03","Mathematics","Hispanic","English Learners","*","*","*","*"
"18 - 19 School Year","M-STEP","63","Oakland Schools","63150","Troy School District","04227","Troy Union Elementary School","63","Oakland","LEA School","Elementary","City: Small","03","Mathematics","Hispanic","Female","*","*","*","*"
"18 - 19 School Year","M-STEP","63","Oakland Schools","63150","Troy School District","04227","Troy Union Elementary School","63","Oakland","LEA School","Elementary","City: Small","03","Mathematics","Hispanic","Male","*","*","*","*"
"18 - 19 School Year","M-STEP","63","Oakland Schools","63150","Troy School District","04227","Troy Union Elementary School","63","Oakland","LEA School","Elementary","City: Small","03","Mathematics","Hispanic","Not English Learners","*","*","*","*"
"18 - 19 School Year","M-STEP","63","Oakland Schools","63150","Troy School District","04227","Troy Union Elementary School","63","Oakland","LEA School","Elementary","City: Small","03","Mathematics","Hispanic","Students without IEP","*","*","*","*"
"18 - 19 School Year","M-STEP","63","Oakland Schools","63150","Troy School District","04227","Troy Union Elementary School","63","Oakland","LEA School","Elementary","City: Small","03","Mathematics","Male","English Learners","*","*","*","*"
"18 - 19 School Year","M-STEP","63","Oakland Schools","63150","Troy School District","04227","Troy Union Elementary School","63","Oakland","LEA School","Elementary","City: Small","03","Mathematics","Male","Not English Learners","23.1","34.6","*","<=20%"
"18 - 19 School Year","M-STEP","63","Oakland Schools","63150","Troy School District","04227","Troy Union Elementary School","63","Oakland","LEA School","Elementary","City: Small","03","Mathematics","Male","Students with Disabilities","*","*","*","*"
"18 - 19 School Year","M-STEP","63","Oakland Schools","63150","Troy School District","04227","Troy Union Elementary School","63","Oakland","LEA School","Elementary","City: Small","03","Mathematics","Male","Students without IEP","25.0","37.5","*","<=20%"
"18 - 19 School Year","M-STEP","63","Oakland Schools","63150","Troy School District","04227","Troy Union Elementary School","63","Oakland","LEA School","Elementary","City: Small","03","Mathematics","Students with Disabilities","English Learners","*","*","*","*"
"18 - 19 School Year","M-STEP","63","Oakland Schools","63150","Troy School District","04227","Troy Union Elementary School","63","Oakland","LEA School","Elementary","City: Small","03","Mathematics","Students with Disabilities","Not English Learners","*","*","*","*"
"18 - 19 School Year","M-STEP","63","Oakland Schools","63150","Troy School District","04227","Troy Union Elementary School","63","Oakland","LEA School","Elementary","City: Small","03","Mathematics","Students without IEP","English Learners","<=50%","<=50%","<=50%","<=50%"
"18 - 19 School Year","M-STEP","63","Oakland Schools","63150","Troy School District","04227","Troy Union Elementary School","63","Oakland","LEA School","Elementary","City: Small","03","Mathematics","Students without IEP","Not English Learners","29.2","31.3","18.8","20.8"
"18 - 19 School Year","M-STEP","63","Oakland Schools","63150","Troy School District","04227","Troy Union Elementary School","63","Oakland","LEA School","Elementary","City: Small","03","Mathematics","Two or More Races","English Learners","*","*","*","*"
"18 - 19 School Year","M-STEP","63","Oakland Schools","63150","Troy School District","04227","Troy Union Elementary School","63","Oakland","LEA School","Elementary","City: Small","03","Mathematics","Two or More Races","Female","*","*","*","*"
"18 - 19 School Year","M-STEP","63","Oakland Schools","63150","Troy School District","04227","Troy Union Elementary School","63","Oakland","LEA School","Elementary","City: Small","03","Mathematics","Two or More Races","Male","*","*","*","*"
"18 - 19 School Year","M-STEP","63","Oakland Schools","63150","Troy School District","04227","Troy Union Elementary School","63","Oakland","LEA School","Elementary","City: Small","03","Mathematics","Two or More Races","Not English Learners","*","*","*","*"
"18 - 19 School Year","M-STEP","63","Oakland Schools","63150","Troy School District","04227","Troy Union Elementary School","63","Oakland","LEA School","Elementary","City: Small","03","Mathematics","Two or More Races","Students with Disabilities","*","*","*","*"
"18 - 19 School Year","M-STEP","63","Oakland Schools","63150","Troy School District","04227","Troy Union Elementary School","63","Oakland","LEA School","Elementary","City: Small","03","Mathematics","Two or More Races","Students without IEP","*","*","*","*"
"18 - 19 School Year","M-STEP","63","Oakland Schools","63150","Troy School District","04227","Troy Union Elementary School","63","Oakland","LEA School","Elementary","City: Small","03","Mathematics","White, not of Hispanic origin","English Learners","*","*","*","*"
"18 - 19 School Year","M-STEP","63","Oakland Schools","63150","Troy School District","04227","Troy Union Elementary School","63","Oakland","LEA School","Elementary","City: Small","03","Mathematics","White, not of Hispanic origin","Female","23.1","26.9","<=20%","*"
"18 - 19 School Year","M-STEP","63","Oakland Schools","63150","Troy School District","04227","Troy Union Elementary School","63","Oakland","LEA School","Elementary","City: Small","03","Mathematics","White, not of Hispanic origin","Male","<=20%","*","*","<=20%"
"18 - 19 School Year","M-STEP","63","Oakland Schools","63150","Troy School District","04227","Troy Union Elementary School","63","Oakland","LEA School","Elementary","City: Small","03","Mathematics","White, not of Hispanic origin","Not English Learners","18.9","32.4","21.6","27.0"
"18 - 19 School Year","M-STEP","63","Oakland Schools","63150","Troy School District","04227","Troy Union Elementary School","63","Oakland","LEA School","Elementary","City: Small","03","Mathematics","White, not of Hispanic origin","Students with Disabilities","*","*","*","*"
"18 - 19 School Year","M-STEP","63","Oakland Schools","63150","Troy School District","04227","Troy Union Elementary School","63","Oakland","LEA School","Elementary","City: Small","03","Mathematics","White, not of Hispanic origin","Students without IEP","22.2","36.1","16.7","25.0"
"18 - 19 School Year","M-STEP","63","Oakland Schools","63150","Troy School District","04227","Troy Union Elementary School","63","Oakland","LEA School","Elementary","City: Small","04","Mathematics","Asian","English Learners","*","*","*","*"
"18 - 19 School Year","M-STEP","63","Oakland Schools","63150","Troy School District","04227","Troy Union Elementary School","63","Oakland","LEA School","Elementary","City: Small","04","Mathematics","Asian","Female","*","*","*","*"
"18 - 19 School Year","M-STEP","63","Oakland Schools","63150","Troy School District","04227","Troy Union Elementary School","63","Oakland","LEA School","Elementary","City: Small","04","Mathematics","Asian","Male",">=50%","<=50%","<=50%","<=50%"
"18 - 19 School Year","M-STEP","63","Oakland Schools","63150","Troy School District","04227","Troy Union Elementary School","63","Oakland","LEA School","Elementary","City: Small","04","Mathematics","Asian","Not English Learners",">=50%","<=50%","<=50%","<=50%"
"18 - 19 School Year","M-STEP","63","Oakland Schools","63150","Troy School District","04227","Troy Union Elementary School","63","Oakland","LEA School","Elementary","City: Small","04","Mathematics","Asian","Students with Disabilities","*","*","*","*"
"18 - 19 School Year","M-STEP","63","Oakland Schools","63150","Troy School District","04227","Troy Union Elementary School","63","Oakland","LEA School","Elementary","City: Small","04","Mathematics","Asian","Students without IEP",">=50%","<=50%","<=50%","<=50%"
"18 - 19 School Year","M-STEP","63","Oakland Schools","63150","Troy School District","04227","Troy Union Elementary School","63","Oakland","LEA School","Elementary","City: Small","04","Mathematics","Black, not of Hispanic origin","Female","*","*","*","*"
"18 - 19 School Year","M-STEP","63","Oakland Schools","63150","Troy School District","04227","Troy Union Elementary School","63","Oakland","LEA School","Elementary","City: Small","04","Mathematics","Black, not of Hispanic origin","Male","*","*","*","*"
"18 - 19 School Year","M-STEP","63","Oakland Schools","63150","Troy School District","04227","Troy Union Elementary School","63","Oakland","LEA School","Elementary","City: Small","04","Mathematics","Black, not of Hispanic origin","Not English Learners","*","*","*","*"
"18 - 19 School Year","M-STEP","63","Oakland Schools","63150","Troy School District","04227","Troy Union Elementary School","63","Oakland","LEA School","Elementary","City: Small","04","Mathematics","Black, not of Hispanic origin","Students with Disabilities","*","*","*","*"
"18 - 19 School Year","M-STEP","63","Oakland Schools","63150","Troy School District","04227","Troy Union Elementary School","63","Oakland","LEA School","Elementary","City: Small","04","Mathematics","Black, not of Hispanic origin","Students without IEP","*","*","*","*"
"18 - 19 School Year","M-STEP","63","Oakland Schools","63150","Troy School District","04227","Troy Union Elementary School","63","Oakland","LEA School","Elementary","City: Small","04","Mathematics","Female","English Learners","<=50%","<=50%","<=50%","<=50%"
"18 - 19 School Year","M-STEP","63","Oakland Schools","63150","Troy School District","04227","Troy Union Elementary School","63","Oakland","LEA School","Elementary","City: Small","04","Mathematics","Female","Not English Learners","*","<=20%","*","<=20%"
"18 - 19 School Year","M-STEP","63","Oakland Schools","63150","Troy School District","04227","Troy Union Elementary School","63","Oakland","LEA School","Elementary","City: Small","04","Mathematics","Female","Students with Disabilities","*","*","*","*"
"18 - 19 School Year","M-STEP","63","Oakland Schools","63150","Troy School District","04227","Troy Union Elementary School","63","Oakland","LEA School","Elementary","City: Small","04","Mathematics","Female","Students without IEP","32.4","24.3","32.4","10.8"
"18 - 19 School Year","M-STEP","63","Oakland Schools","63150","Troy School District","04227","Troy Union Elementary School","63","Oakland","LEA School","Elementary","City: Small","04","Mathematics","Male","English Learners","*","*","*","*"
"18 - 19 School Year","M-STEP","63","Oakland Schools","63150","Troy School District","04227","Troy Union Elementary School","63","Oakland","LEA School","Elementary","City: Small","04","Mathematics","Male","Not English Learners","54.3","28.6","<=10%","<=10%"
"18 - 19 School Year","M-STEP","63","Oakland Schools","63150","Troy School District","04227","Troy Union Elementary School","63","Oakland","LEA School","Elementary","City: Small","04","Mathematics","Male","Students with Disabilities","*","*","*","*"
"18 - 19 School Year","M-STEP","63","Oakland Schools","63150","Troy School District","04227","Troy Union Elementary School","63","Oakland","LEA School","Elementary","City: Small","04","Mathematics","Male","Students without IEP","47.5","30.0","*","<=10%"
"18 - 19 School Year","M-STEP","63","Oakland Schools","63150","Troy School District","04227","Troy Union Elementary School","63","Oakland","LEA School","Elementary","City: Small","04","Mathematics","Students with Disabilities","English Learners","*","*","*","*"
"18 - 19 School Year","M-STEP","63","Oakland Schools","63150","Troy School District","04227","Troy Union Elementary School","63","Oakland","LEA School","Elementary","City: Small","04","Mathematics","Students with Disabilities","Not English Learners","*","*","*","*"
"18 - 19 School Year","M-STEP","63","Oakland Schools","63150","Troy School District","04227","Troy Union Elementary School","63","Oakland","LEA School","Elementary","City: Small","04","Mathematics","Students without IEP","English Learners","<=20%","*","*","<=20%"
"18 - 19 School Year","M-STEP","63","Oakland Schools","63150","Troy School District","04227","Troy Union Elementary School","63","Oakland","LEA School","Elementary","City: Small","04","Mathematics","Students without IEP","Not English Learners","47.5","25.4","*","<=10%"
"18 - 19 School Year","M-STEP","63","Oakland Schools","63150","Troy School District","04227","Troy Union Elementary School","63","Oakland","LEA School","Elementary","City: Small","04","Mathematics","Two or More Races","Female","*","*","*","*"
"18 - 19 School Year","M-STEP","63","Oakland Schools","63150","Troy School District","04227","Troy Union Elementary School","63","Oakland","LEA School","Elementary","City: Small","04","Mathematics","Two or More Races","Male","*","*","*","*"
"18 - 19 School Year","M-STEP","63","Oakland Schools","63150","Troy School District","04227","Troy Union Elementary School","63","Oakland","LEA School","Elementary","City: Small","04","Mathematics","Two or More Races","Not English Learners","*","*","*","*"
"18 - 19 School Year","M-STEP","63","Oakland Schools","63150","Troy School District","04227","Troy Union Elementary School","63","Oakland","LEA School","Elementary","City: Small","04","Mathematics","Two or More Races","Students without IEP","*","*","*","*"
"18 - 19 School Year","M-STEP","63","Oakland Schools","63150","Troy School District","04227","Troy Union Elementary School","63","Oakland","LEA School","Elementary","City: Small","04","Mathematics","White, not of Hispanic origin","English Learners","<=50%","<=50%","<=50%","<=50%"
"18 - 19 School Year","M-STEP","63","Oakland Schools","63150","Troy School District","04227","Troy Union Elementary School","63","Oakland","LEA School","Elementary","City: Small","04","Mathematics","White, not of Hispanic origin","Female","25.8","19.4","41.9","12.9"
"18 - 19 School Year","M-STEP","63","Oakland Schools","63150","Troy School District","04227","Troy Union Elementary School","63","Oakland","LEA School","Elementary","City: Small","04","Mathematics","White, not of Hispanic origin","Male","46.9","34.4","<=10%","<=10%"
"18 - 19 School Year","M-STEP","63","Oakland Schools","63150","Troy School District","04227","Troy Union Elementary School","63","Oakland","LEA School","Elementary","City: Small","04","Mathematics","White, not of Hispanic origin","Not English Learners","44.9","24.5","20.4","10.2"
"18 - 19 School Year","M-STEP","63","Oakland Schools","63150","Troy School District","04227","Troy Union Elementary School","63","Oakland","LEA School","Elementary","City: Small","04","Mathematics","White, not of Hispanic origin","Students with Disabilities","*","*","*","*"
"18 - 19 School Year","M-STEP","63","Oakland Schools","63150","Troy School District","04227","Troy Union Elementary School","63","Oakland","LEA School","Elementary","City: Small","04","Mathematics","White, not of Hispanic origin","Students without IEP","38.6","29.8","*","<=10%"
"18 - 19 School Year","M-STEP","63","Oakland Schools","63150","Troy School District","04227","Troy Union Elementary School","63","Oakland","LEA School","Elementary","City: Small","05","Mathematics","Asian","English Learners","*","*","*","*"
"18 - 19 School Year","M-STEP","63","Oakland Schools","63150","Troy School District","04227","Troy Union Elementary School","63","Oakland","LEA School","Elementary","City: Small","05","Mathematics","Asian","Female","*","*","*","*"
"18 - 19 School Year","M-STEP","63","Oakland Schools","63150","Troy School District","04227","Troy Union Elementary School","63","Oakland","LEA School","Elementary","City: Small","05","Mathematics","Asian","Male",">=50%","<=50%","<=50%","<=50%"
"18 - 19 School Year","M-STEP","63","Oakland Schools","63150","Troy School District","04227","Troy Union Elementary School","63","Oakland","LEA School","Elementary","City: Small","05","Mathematics","Asian","Not English Learners","<=50%","<=50%","<=50%","<=50%"
"18 - 19 School Year","M-STEP","63","Oakland Schools","63150","Troy School District","04227","Troy Union Elementary School","63","Oakland","LEA School","Elementary","City: Small","05","Mathematics","Asian","Students without IEP","35.3","23.5","*","<=20%"
"18 - 19 School Year","M-STEP","63","Oakland Schools","63150","Troy School District","04227","Troy Union Elementary School","63","Oakland","LEA School","Elementary","City: Small","05","Mathematics","Black, not of Hispanic origin","Female","*","*","*","*"
"18 - 19 School Year","M-STEP","63","Oakland Schools","63150","Troy School District","04227","Troy Union Elementary School","63","Oakland","LEA School","Elementary","City: Small","05","Mathematics","Black, not of Hispanic origin","Male","*","*","*","*"
"18 - 19 School Year","M-STEP","63","Oakland Schools","63150","Troy School District","04227","Troy Union Elementary School","63","Oakland","LEA School","Elementary","City: Small","05","Mathematics","Black, not of Hispanic origin","Not English Learners","*","*","*","*"
"18 - 19 School Year","M-STEP","63","Oakland Schools","63150","Troy School District","04227","Troy Union Elementary School","63","Oakland","LEA School","Elementary","City: Small","05","Mathematics","Black, not of Hispanic origin","Students with Disabilities","*","*","*","*"
"18 - 19 School Year","M-STEP","63","Oakland Schools","63150","Troy School District","04227","Troy Union Elementary School","63","Oakland","LEA School","Elementary","City: Small","05","Mathematics","Black, not of Hispanic origin","Students without IEP","*","*","*","*"
"18 - 19 School Year","M-STEP","63","Oakland Schools","63150","Troy School District","04227","Troy Union Elementary School","63","Oakland","LEA School","Elementary","City: Small","05","Mathematics","Female","English Learners","*","*","*","*"
"18 - 19 School Year","M-STEP","63","Oakland Schools","63150","Troy School District","04227","Troy Union Elementary School","63","Oakland","LEA School","Elementary","City: Small","05","Mathematics","Female","Not English Learners","<=20%","*","23.3","40.0"
"18 - 19 School Year","M-STEP","63","Oakland Schools","63150","Troy School District","04227","Troy Union Elementary School","63","Oakland","LEA School","Elementary","City: Small","05","Mathematics","Female","Students with Disabilities","*","*","*","*"
"18 - 19 School Year","M-STEP","63","Oakland Schools","63150","Troy School District","04227","Troy Union Elementary School","63","Oakland","LEA School","Elementary","City: Small","05","Mathematics","Female","Students without IEP","<=10%","*","22.6","35.5"
"18 - 19 School Year","M-STEP","63","Oakland Schools","63150","Troy School District","04227","Troy Union Elementary School","63","Oakland","LEA School","Elementary","City: Small","05","Mathematics","Hispanic","English Learners","*","*","*","*"
"18 - 19 School Year","M-STEP","63","Oakland Schools","63150","Troy School District","04227","Troy Union Elementary School","63","Oakland","LEA School","Elementary","City: Small","05","Mathematics","Hispanic","Female","*","*","*","*"
"18 - 19 School Year","M-STEP","63","Oakland Schools","63150","Troy School District","04227","Troy Union Elementary School","63","Oakland","LEA School","Elementary","City: Small","05","Mathematics","Hispanic","Male","*","*","*","*"
"18 - 19 School Year","M-STEP","63","Oakland Schools","63150","Troy School District","04227","Troy Union Elementary School","63","Oakland","LEA School","Elementary","City: Small","05","Mathematics","Hispanic","Not English Learners","*","*","*","*"
"18 - 19 School Year","M-STEP","63","Oakland Schools","63150","Troy School District","04227","Troy Union Elementary School","63","Oakland","LEA School","Elementary","City: Small","05","Mathematics","Hispanic","Students without IEP","*","*","*","*"
"18 - 19 School Year","M-STEP","63","Oakland Schools","63150","Troy School District","04227","Troy Union Elementary School","63","Oakland","LEA School","Elementary","City: Small","05","Mathematics","Male","English Learners","*","*","*","*"
"18 - 19 School Year","M-STEP","63","Oakland Schools","63150","Troy School District","04227","Troy Union Elementary School","63","Oakland","LEA School","Elementary","City: Small","05","Mathematics","Male","Not English Learners","*","<=20%","36.7","26.7"
"18 - 19 School Year","M-STEP","63","Oakland Schools","63150","Troy School District","04227","Troy Union Elementary School","63","Oakland","LEA School","Elementary","City: Small","05","Mathematics","Male","Students with Disabilities","*","*","*","*"
"18 - 19 School Year","M-STEP","63","Oakland Schools","63150","Troy School District","04227","Troy Union Elementary School","63","Oakland","LEA School","Elementary","City: Small","05","Mathematics","Male","Students without IEP","22.9","20.0","40.0","17.1"
"18 - 19 School Year","M-STEP","63","Oakland Schools","63150","Troy School District","04227","Troy Union Elementary School","63","Oakland","LEA School","Elementary","City: Small","05","Mathematics","Students with Disabilities","English Learners","*","*","*","*"
"18 - 19 School Year","M-STEP","63","Oakland Schools","63150","Troy School District","04227","Troy Union Elementary School","63","Oakland","LEA School","Elementary","City: Small","05","Mathematics","Students with Disabilities","Not English Learners","*","*","*","*"
"18 - 19 School Year","M-STEP","63","Oakland Schools","63150","Troy School District","04227","Troy Union Elementary School","63","Oakland","LEA School","Elementary","City: Small","05","Mathematics","Students without IEP","English Learners","<=50%","<=50%","<=50%","<=50%"
"18 - 19 School Year","M-STEP","63","Oakland Schools","63150","Troy School District","04227","Troy Union Elementary School","63","Oakland","LEA School","Elementary","City: Small","05","Mathematics","Students without IEP","Not English Learners","17.3","25.0","34.6","23.1"
"18 - 19 School Year","M-STEP","63","Oakland Schools","63150","Troy School District","04227","Troy Union Elementary School","63","Oakland","LEA School","Elementary","City: Small","05","Mathematics","Two or More Races","Female","*","*","*","*"
"18 - 19 School Year","M-STEP","63","Oakland Schools","63150","Troy School District","04227","Troy Union Elementary School","63","Oakland","LEA School","Elementary","City: Small","05","Mathematics","Two or More Races","Male","*","*","*","*"
"18 - 19 School Year","M-STEP","63","Oakland Schools","63150","Troy School District","04227","Troy Union Elementary School","63","Oakland","LEA School","Elementary","City: Small","05","Mathematics","Two or More Races","Not English Learners","*","*","*","*"
"18 - 19 School Year","M-STEP","63","Oakland Schools","63150","Troy School District","04227","Troy Union Elementary School","63","Oakland","LEA School","Elementary","City: Small","05","Mathematics","Two or More Races","Students without IEP","*","*","*","*"
"18 - 19 School Year","M-STEP","63","Oakland Schools","63150","Troy School District","04227","Troy Union Elementary School","63","Oakland","LEA School","Elementary","City: Small","05","Mathematics","White, not of Hispanic origin","English Learners","*","*","*","*"
"18 - 19 School Year","M-STEP","63","Oakland Schools","63150","Troy School District","04227","Troy Union Elementary School","63","Oakland","LEA School","Elementary","City: Small","05","Mathematics","White, not of Hispanic origin","Female","<=20%","*","<=20%","*"
"18 - 19 School Year","M-STEP","63","Oakland Schools","63150","Troy School District","04227","Troy Union Elementary School","63","Oakland","LEA School","Elementary","City: Small","05","Mathematics","White, not of Hispanic origin","Male","<=20%","<=20%","44.0","28.0"
"18 - 19 School Year","M-STEP","63","Oakland Schools","63150","Troy School District","04227","Troy Union Elementary School","63","Oakland","LEA School","Elementary","City: Small","05","Mathematics","White, not of Hispanic origin","Not English Learners","<=10%","*","33.3","33.3"
"18 - 19 School Year","M-STEP","63","Oakland Schools","63150","Troy School District","04227","Troy Union Elementary School","63","Oakland","LEA School","Elementary","City: Small","05","Mathematics","White, not of Hispanic origin","Students with Disabilities","*","*","*","*"
"18 - 19 School Year","M-STEP","63","Oakland Schools","63150","Troy School District","04227","Troy Union Elementary School","63","Oakland","LEA School","Elementary","City: Small","05","Mathematics","White, not of Hispanic origin","Students without IEP","<=10%","*","34.1","26.8"
"18 - 19 School Year","M-STEP","63","Oakland Schools","63150","Troy School District","05163","Hill Elementary School","63","Oakland","LEA School","Elementary","City: Small","03","Mathematics","Asian","English Learners","*","*","*","*"
"18 - 19 School Year","M-STEP","63","Oakland Schools","63150","Troy School District","05163","Hill Elementary School","63","Oakland","LEA School","Elementary","City: Small","03","Mathematics","Asian","Female","*","*","*","*"
"18 - 19 School Year","M-STEP","63","Oakland Schools","63150","Troy School District","05163","Hill Elementary School","63","Oakland","LEA School","Elementary","City: Small","03","Mathematics","Asian","Male","*","*","*","*"
"18 - 19 School Year","M-STEP","63","Oakland Schools","63150","Troy School District","05163","Hill Elementary School","63","Oakland","LEA School","Elementary","City: Small","03","Mathematics","Asian","Not English Learners","*","*","*","*"
"18 - 19 School Year","M-STEP","63","Oakland Schools","63150","Troy School District","05163","Hill Elementary School","63","Oakland","LEA School","Elementary","City: Small","03","Mathematics","Asian","Students without IEP","*","*","*","*"
"18 - 19 School Year","M-STEP","63","Oakland Schools","63150","Troy School District","05163","Hill Elementary School","63","Oakland","LEA School","Elementary","City: Small","03","Mathematics","Black, not of Hispanic origin","Female","*","*","*","*"
"18 - 19 School Year","M-STEP","63","Oakland Schools","63150","Troy School District","05163","Hill Elementary School","63","Oakland","LEA School","Elementary","City: Small","03","Mathematics","Black, not of Hispanic origin","Male","*","*","*","*"
"18 - 19 School Year","M-STEP","63","Oakland Schools","63150","Troy School District","05163","Hill Elementary School","63","Oakland","LEA School","Elementary","City: Small","03","Mathematics","Black, not of Hispanic origin","Not English Learners","*","*","*","*"
"18 - 19 School Year","M-STEP","63","Oakland Schools","63150","Troy School District","05163","Hill Elementary School","63","Oakland","LEA School","Elementary","City: Small","03","Mathematics","Black, not of Hispanic origin","Students with Disabilities","*","*","*","*"
"18 - 19 School Year","M-STEP","63","Oakland Schools","63150","Troy School District","05163","Hill Elementary School","63","Oakland","LEA School","Elementary","City: Small","03","Mathematics","Black, not of Hispanic origin","Students without IEP","*","*","*","*"
"18 - 19 School Year","M-STEP","63","Oakland Schools","63150","Troy School District","05163","Hill Elementary School","63","Oakland","LEA School","Elementary","City: Small","03","Mathematics","Female","English Learners","*","*","*","*"
"18 - 19 School Year","M-STEP","63","Oakland Schools","63150","Troy School District","05163","Hill Elementary School","63","Oakland","LEA School","Elementary","City: Small","03","Mathematics","Female","Not English Learners","26.9","46.2","<=20%","<=20%"
"18 - 19 School Year","M-STEP","63","Oakland Schools","63150","Troy School District","05163","Hill Elementary School","63","Oakland","LEA School","Elementary","City: Small","03","Mathematics","Female","Students with Disabilities","*","*","*","*"
"18 - 19 School Year","M-STEP","63","Oakland Schools","63150","Troy School District","05163","Hill Elementary School","63","Oakland","LEA School","Elementary","City: Small","03","Mathematics","Female","Students without IEP","27.6","41.4","<=20%","<=20%"
"18 - 19 School Year","M-STEP","63","Oakland Schools","63150","Troy School District","05163","Hill Elementary School","63","Oakland","LEA School","Elementary","City: Small","03","Mathematics","Hispanic","English Learners","*","*","*","*"
"18 - 19 School Year","M-STEP","63","Oakland Schools","63150","Troy School District","05163","Hill Elementary School","63","Oakland","LEA School","Elementary","City: Small","03","Mathematics","Hispanic","Female","*","*","*","*"
"18 - 19 School Year","M-STEP","63","Oakland Schools","63150","Troy School District","05163","Hill Elementary School","63","Oakland","LEA School","Elementary","City: Small","03","Mathematics","Hispanic","Male","*","*","*","*"
"18 - 19 School Year","M-STEP","63","Oakland Schools","63150","Troy School District","05163","Hill Elementary School","63","Oakland","LEA School","Elementary","City: Small","03","Mathematics","Hispanic","Not English Learners","*","*","*","*"
"18 - 19 School Year","M-STEP","63","Oakland Schools","63150","Troy School District","05163","Hill Elementary School","63","Oakland","LEA School","Elementary","City: Small","03","Mathematics","Hispanic","Students with Disabilities","*","*","*","*"
"18 - 19 School Year","M-STEP","63","Oakland Schools","63150","Troy School District","05163","Hill Elementary School","63","Oakland","LEA School","Elementary","City: Small","03","Mathematics","Hispanic","Students without IEP","*","*","*","*"
"18 - 19 School Year","M-STEP","63","Oakland Schools","63150","Troy School District","05163","Hill Elementary School","63","Oakland","LEA School","Elementary","City: Small","03","Mathematics","Male","English Learners","*","*","*","*"
"18 - 19 School Year","M-STEP","63","Oakland Schools","63150","Troy School District","05163","Hill Elementary School","63","Oakland","LEA School","Elementary","City: Small","03","Mathematics","Male","Not English Learners","36.0","28.0","<=20%","*"
"18 - 19 School Year","M-STEP","63","Oakland Schools","63150","Troy School District","05163","Hill Elementary School","63","Oakland","LEA School","Elementary","City: Small","03","Mathematics","Male","Students with Disabilities","*","*","*","*"
"18 - 19 School Year","M-STEP","63","Oakland Schools","63150","Troy School District","05163","Hill Elementary School","63","Oakland","LEA School","Elementary","City: Small","03","Mathematics","Male","Students without IEP","33.3","41.7","<=20%","<=20%"
"18 - 19 School Year","M-STEP","63","Oakland Schools","63150","Troy School District","05163","Hill Elementary School","63","Oakland","LEA School","Elementary","City: Small","03","Mathematics","Native Hawaiian or Other Pacific Islander","Male","*","*","*","*"
"18 - 19 School Year","M-STEP","63","Oakland Schools","63150","Troy School District","05163","Hill Elementary School","63","Oakland","LEA School","Elementary","City: Small","03","Mathematics","Native Hawaiian or Other Pacific Islander","Not English Learners","*","*","*","*"
"18 - 19 School Year","M-STEP","63","Oakland Schools","63150","Troy School District","05163","Hill Elementary School","63","Oakland","LEA School","Elementary","City: Small","03","Mathematics","Native Hawaiian or Other Pacific Islander","Students without IEP","*","*","*","*"
"18 - 19 School Year","M-STEP","63","Oakland Schools","63150","Troy School District","05163","Hill Elementary School","63","Oakland","LEA School","Elementary","City: Small","03","Mathematics","Students with Disabilities","English Learners","*","*","*","*"
"18 - 19 School Year","M-STEP","63","Oakland Schools","63150","Troy School District","05163","Hill Elementary School","63","Oakland","LEA School","Elementary","City: Small","03","Mathematics","Students with Disabilities","Not English Learners","*","*","*","*"
"18 - 19 School Year","M-STEP","63","Oakland Schools","63150","Troy School District","05163","Hill Elementary School","63","Oakland","LEA School","Elementary","City: Small","03","Mathematics","Students without IEP","English Learners","*","*","*","*"
"18 - 19 School Year","M-STEP","63","Oakland Schools","63150","Troy School District","05163","Hill Elementary School","63","Oakland","LEA School","Elementary","City: Small","03","Mathematics","Students without IEP","Not English Learners","33.3","40.0","13.3","13.3"
"18 - 19 School Year","M-STEP","63","Oakland Schools","63150","Troy School District","05163","Hill Elementary School","63","Oakland","LEA School","Elementary","City: Small","03","Mathematics","White, not of Hispanic origin","English Learners","*","*","*","*"
"18 - 19 School Year","M-STEP","63","Oakland Schools","63150","Troy School District","05163","Hill Elementary School","63","Oakland","LEA School","Elementary","City: Small","03","Mathematics","White, not of Hispanic origin","Female","29.2","45.8","<=20%","<=20%"
"18 - 19 School Year","M-STEP","63","Oakland Schools","63150","Troy School District","05163","Hill Elementary School","63","Oakland","LEA School","Elementary","City: Small","03","Mathematics","White, not of Hispanic origin","Male","<=20%","*","<=20%","*"
"18 - 19 School Year","M-STEP","63","Oakland Schools","63150","Troy School District","05163","Hill Elementary School","63","Oakland","LEA School","Elementary","City: Small","03","Mathematics","White, not of Hispanic origin","Not English Learners","26.3","44.7","10.5","18.4"
"18 - 19 School Year","M-STEP","63","Oakland Schools","63150","Troy School District","05163","Hill Elementary School","63","Oakland","LEA School","Elementary","City: Small","03","Mathematics","White, not of Hispanic origin","Students with Disabilities","*","*","*","*"
"18 - 19 School Year","M-STEP","63","Oakland Schools","63150","Troy School District","05163","Hill Elementary School","63","Oakland","LEA School","Elementary","City: Small","03","Mathematics","White, not of Hispanic origin","Students without IEP","25.6","48.7","15.4","10.3"
"18 - 19 School Year","M-STEP","63","Oakland Schools","63150","Troy School District","05163","Hill Elementary School","63","Oakland","LEA School","Elementary","City: Small","04","Mathematics","Asian","English Learners","*","*","*","*"
"18 - 19 School Year","M-STEP","63","Oakland Schools","63150","Troy School District","05163","Hill Elementary School","63","Oakland","LEA School","Elementary","City: Small","04","Mathematics","Asian","Female","*","*","*","*"
"18 - 19 School Year","M-STEP","63","Oakland Schools","63150","Troy School District","05163","Hill Elementary School","63","Oakland","LEA School","Elementary","City: Small","04","Mathematics","Asian","Male","*","*","*","*"
"18 - 19 School Year","M-STEP","63","Oakland Schools","63150","Troy School District","05163","Hill Elementary School","63","Oakland","LEA School","Elementary","City: Small","04","Mathematics","Asian","Not English Learners","*","*","*","*"
"18 - 19 School Year","M-STEP","63","Oakland Schools","63150","Troy School District","05163","Hill Elementary School","63","Oakland","LEA School","Elementary","City: Small","04","Mathematics","Asian","Students with Disabilities","*","*","*","*"
"18 - 19 School Year","M-STEP","63","Oakland Schools","63150","Troy School District","05163","Hill Elementary School","63","Oakland","LEA School","Elementary","City: Small","04","Mathematics","Asian","Students without IEP",">=50%","<=50%","<=50%","<=50%"
"18 - 19 School Year","M-STEP","63","Oakland Schools","63150","Troy School District","05163","Hill Elementary School","63","Oakland","LEA School","Elementary","City: Small","04","Mathematics","Black, not of Hispanic origin","Female","*","*","*","*"
"18 - 19 School Year","M-STEP","63","Oakland Schools","63150","Troy School District","05163","Hill Elementary School","63","Oakland","LEA School","Elementary","City: Small","04","Mathematics","Black, not of Hispanic origin","Not English Learners","*","*","*","*"
"18 - 19 School Year","M-STEP","63","Oakland Schools","63150","Troy School District","05163","Hill Elementary School","63","Oakland","LEA School","Elementary","City: Small","04","Mathematics","Black, not of Hispanic origin","Students with Disabilities","*","*","*","*"
"18 - 19 School Year","M-STEP","63","Oakland Schools","63150","Troy School District","05163","Hill Elementary School","63","Oakland","LEA School","Elementary","City: Small","04","Mathematics","Black, not of Hispanic origin","Students without IEP","*","*","*","*"
"18 - 19 School Year","M-STEP","63","Oakland Schools","63150","Troy School District","05163","Hill Elementary School","63","Oakland","LEA School","Elementary","City: Small","04","Mathematics","Female","English Learners","*","*","*","*"
"18 - 19 School Year","M-STEP","63","Oakland Schools","63150","Troy School District","05163","Hill Elementary School","63","Oakland","LEA School","Elementary","City: Small","04","Mathematics","Female","Not English Learners","23.1","38.5","<=20%","<=20%"
"18 - 19 School Year","M-STEP","63","Oakland Schools","63150","Troy School District","05163","Hill Elementary School","63","Oakland","LEA School","Elementary","City: Small","04","Mathematics","Female","Students with Disabilities","*","*","*","*"
"18 - 19 School Year","M-STEP","63","Oakland Schools","63150","Troy School District","05163","Hill Elementary School","63","Oakland","LEA School","Elementary","City: Small","04","Mathematics","Female","Students without IEP","24.0","44.0","<=20%","<=20%"
"18 - 19 School Year","M-STEP","63","Oakland Schools","63150","Troy School District","05163","Hill Elementary School","63","Oakland","LEA School","Elementary","City: Small","04","Mathematics","Male","English Learners","*","*","*","*"
"18 - 19 School Year","M-STEP","63","Oakland Schools","63150","Troy School District","05163","Hill Elementary School","63","Oakland","LEA School","Elementary","City: Small","04","Mathematics","Male","Not English Learners","37.5","25.0","*","<=20%"
"18 - 19 School Year","M-STEP","63","Oakland Schools","63150","Troy School District","05163","Hill Elementary School","63","Oakland","LEA School","Elementary","City: Small","04","Mathematics","Male","Students with Disabilities","*","*","*","*"
"18 - 19 School Year","M-STEP","63","Oakland Schools","63150","Troy School District","05163","Hill Elementary School","63","Oakland","LEA School","Elementary","City: Small","04","Mathematics","Male","Students without IEP","42.1","31.6","*","<=20%"
"18 - 19 School Year","M-STEP","63","Oakland Schools","63150","Troy School District","05163","Hill Elementary School","63","Oakland","LEA School","Elementary","City: Small","04","Mathematics","Students with Disabilities","English Learners","*","*","*","*"
"18 - 19 School Year","M-STEP","63","Oakland Schools","63150","Troy School District","05163","Hill Elementary School","63","Oakland","LEA School","Elementary","City: Small","04","Mathematics","Students with Disabilities","Not English Learners","*","*","*","*"
"18 - 19 School Year","M-STEP","63","Oakland Schools","63150","Troy School District","05163","Hill Elementary School","63","Oakland","LEA School","Elementary","City: Small","04","Mathematics","Students without IEP","English Learners","*","*","*","*"
"18 - 19 School Year","M-STEP","63","Oakland Schools","63150","Troy School District","05163","Hill Elementary School","63","Oakland","LEA School","Elementary","City: Small","04","Mathematics","Students without IEP","Not English Learners","33.3","36.1","*","<=10%"
"18 - 19 School Year","M-STEP","63","Oakland Schools","63150","Troy School District","05163","Hill Elementary School","63","Oakland","LEA School","Elementary","City: Small","04","Mathematics","Two or More Races","English Learners","*","*","*","*"
"18 - 19 School Year","M-STEP","63","Oakland Schools","63150","Troy School District","05163","Hill Elementary School","63","Oakland","LEA School","Elementary","City: Small","04","Mathematics","Two or More Races","Female","*","*","*","*"
"18 - 19 School Year","M-STEP","63","Oakland Schools","63150","Troy School District","05163","Hill Elementary School","63","Oakland","LEA School","Elementary","City: Small","04","Mathematics","Two or More Races","Male","*","*","*","*"
"18 - 19 School Year","M-STEP","63","Oakland Schools","63150","Troy School District","05163","Hill Elementary School","63","Oakland","LEA School","Elementary","City: Small","04","Mathematics","Two or More Races","Not English Learners","*","*","*","*"
"18 - 19 School Year","M-STEP","63","Oakland Schools","63150","Troy School District","05163","Hill Elementary School","63","Oakland","LEA School","Elementary","City: Small","04","Mathematics","Two or More Races","Students without IEP","*","*","*","*"
"18 - 19 School Year","M-STEP","63","Oakland Schools","63150","Troy School District","05163","Hill Elementary School","63","Oakland","LEA School","Elementary","City: Small","04","Mathematics","White, not of Hispanic origin","English Learners","*","*","*","*"
"18 - 19 School Year","M-STEP","63","Oakland Schools","63150","Troy School District","05163","Hill Elementary School","63","Oakland","LEA School","Elementary","City: Small","04","Mathematics","White, not of Hispanic origin","Female","22.2","38.9","<=20%","*"
"18 - 19 School Year","M-STEP","63","Oakland Schools","63150","Troy School District","05163","Hill Elementary School","63","Oakland","LEA School","Elementary","City: Small","04","Mathematics","White, not of Hispanic origin","Male","22.2","33.3","*","<=20%"
"18 - 19 School Year","M-STEP","63","Oakland Schools","63150","Troy School District","05163","Hill Elementary School","63","Oakland","LEA School","Elementary","City: Small","04","Mathematics","White, not of Hispanic origin","Not English Learners","25.8","35.5","25.8","12.9"
"18 - 19 School Year","M-STEP","63","Oakland Schools","63150","Troy School District","05163","Hill Elementary School","63","Oakland","LEA School","Elementary","City: Small","04","Mathematics","White, not of Hispanic origin","Students with Disabilities","*","*","*","*"
"18 - 19 School Year","M-STEP","63","Oakland Schools","63150","Troy School District","05163","Hill Elementary School","63","Oakland","LEA School","Elementary","City: Small","04","Mathematics","White, not of Hispanic origin","Students without IEP","27.6","41.4","*","<=20%"
"18 - 19 School Year","M-STEP","63","Oakland Schools","63150","Troy School District","05163","Hill Elementary School","63","Oakland","LEA School","Elementary","City: Small","05","Mathematics","Asian","Female","*","*","*","*"
"18 - 19 School Year","M-STEP","63","Oakland Schools","63150","Troy School District","05163","Hill Elementary School","63","Oakland","LEA School","Elementary","City: Small","05","Mathematics","Asian","Male","*","*","*","*"
"18 - 19 School Year","M-STEP","63","Oakland Schools","63150","Troy School District","05163","Hill Elementary School","63","Oakland","LEA School","Elementary","City: Small","05","Mathematics","Asian","Not English Learners",">=50%","<=50%","<=50%","<=50%"
"18 - 19 School Year","M-STEP","63","Oakland Schools","63150","Troy School District","05163","Hill Elementary School","63","Oakland","LEA School","Elementary","City: Small","05","Mathematics","Asian","Students without IEP",">=50%","<=50%","<=50%","<=50%"
"18 - 19 School Year","M-STEP","63","Oakland Schools","63150","Troy School District","05163","Hill Elementary School","63","Oakland","LEA School","Elementary","City: Small","05","Mathematics","Black, not of Hispanic origin","Female","*","*","*","*"
"18 - 19 School Year","M-STEP","63","Oakland Schools","63150","Troy School District","05163","Hill Elementary School","63","Oakland","LEA School","Elementary","City: Small","05","Mathematics","Black, not of Hispanic origin","Male","*","*","*","*"
"18 - 19 School Year","M-STEP","63","Oakland Schools","63150","Troy School District","05163","Hill Elementary School","63","Oakland","LEA School","Elementary","City: Small","05","Mathematics","Black, not of Hispanic origin","Not English Learners","*","*","*","*"
"18 - 19 School Year","M-STEP","63","Oakland Schools","63150","Troy School District","05163","Hill Elementary School","63","Oakland","LEA School","Elementary","City: Small","05","Mathematics","Black, not of Hispanic origin","Students with Disabilities","*","*","*","*"
"18 - 19 School Year","M-STEP","63","Oakland Schools","63150","Troy School District","05163","Hill Elementary School","63","Oakland","LEA School","Elementary","City: Small","05","Mathematics","Black, not of Hispanic origin","Students without IEP","*","*","*","*"
"18 - 19 School Year","M-STEP","63","Oakland Schools","63150","Troy School District","05163","Hill Elementary School","63","Oakland","LEA School","Elementary","City: Small","05","Mathematics","Female","English Learners","*","*","*","*"
"18 - 19 School Year","M-STEP","63","Oakland Schools","63150","Troy School District","05163","Hill Elementary School","63","Oakland","LEA School","Elementary","City: Small","05","Mathematics","Female","Not English Learners","37.5","25.0","*","<=20%"
"18 - 19 School Year","M-STEP","63","Oakland Schools","63150","Troy School District","05163","Hill Elementary School","63","Oakland","LEA School","Elementary","City: Small","05","Mathematics","Female","Students with Disabilities","*","*","*","*"
"18 - 19 School Year","M-STEP","63","Oakland Schools","63150","Troy School District","05163","Hill Elementary School","63","Oakland","LEA School","Elementary","City: Small","05","Mathematics","Female","Students without IEP","37.5","25.0","*","<=20%"
"18 - 19 School Year","M-STEP","63","Oakland Schools","63150","Troy School District","05163","Hill Elementary School","63","Oakland","LEA School","Elementary","City: Small","05","Mathematics","Hispanic","Female","*","*","*","*"
"18 - 19 School Year","M-STEP","63","Oakland Schools","63150","Troy School District","05163","Hill Elementary School","63","Oakland","LEA School","Elementary","City: Small","05","Mathematics","Hispanic","Not English Learners","*","*","*","*"
"18 - 19 School Year","M-STEP","63","Oakland Schools","63150","Troy School District","05163","Hill Elementary School","63","Oakland","LEA School","Elementary","City: Small","05","Mathematics","Hispanic","Students without IEP","*","*","*","*"
"18 - 19 School Year","M-STEP","63","Oakland Schools","63150","Troy School District","05163","Hill Elementary School","63","Oakland","LEA School","Elementary","City: Small","05","Mathematics","Male","English Learners","*","*","*","*"
"18 - 19 School Year","M-STEP","63","Oakland Schools","63150","Troy School District","05163","Hill Elementary School","63","Oakland","LEA School","Elementary","City: Small","05","Mathematics","Male","Not English Learners","41.4","27.6","<=20%","<=20%"
"18 - 19 School Year","M-STEP","63","Oakland Schools","63150","Troy School District","05163","Hill Elementary School","63","Oakland","LEA School","Elementary","City: Small","05","Mathematics","Male","Students with Disabilities","*","*","*","*"
"18 - 19 School Year","M-STEP","63","Oakland Schools","63150","Troy School District","05163","Hill Elementary School","63","Oakland","LEA School","Elementary","City: Small","05","Mathematics","Male","Students without IEP","44.0","32.0","<=20%","<=20%"
"18 - 19 School Year","M-STEP","63","Oakland Schools","63150","Troy School District","05163","Hill Elementary School","63","Oakland","LEA School","Elementary","City: Small","05","Mathematics","Students with Disabilities","Not English Learners","*","*","*","*"
"18 - 19 School Year","M-STEP","63","Oakland Schools","63150","Troy School District","05163","Hill Elementary School","63","Oakland","LEA School","Elementary","City: Small","05","Mathematics","Students without IEP","English Learners","*","*","*","*"
"18 - 19 School Year","M-STEP","63","Oakland Schools","63150","Troy School District","05163","Hill Elementary School","63","Oakland","LEA School","Elementary","City: Small","05","Mathematics","Students without IEP","Not English Learners","44.7","31.6","*","<=10%"
"18 - 19 School Year","M-STEP","63","Oakland Schools","63150","Troy School District","05163","Hill Elementary School","63","Oakland","LEA School","Elementary","City: Small","05","Mathematics","Two or More Races","Male","*","*","*","*"
"18 - 19 School Year","M-STEP","63","Oakland Schools","63150","Troy School District","05163","Hill Elementary School","63","Oakland","LEA School","Elementary","City: Small","05","Mathematics","Two or More Races","Not English Learners","*","*","*","*"
"18 - 19 School Year","M-STEP","63","Oakland Schools","63150","Troy School District","05163","Hill Elementary School","63","Oakland","LEA School","Elementary","City: Small","05","Mathematics","Two or More Races","Students without IEP","*","*","*","*"
"18 - 19 School Year","M-STEP","63","Oakland Schools","63150","Troy School District","05163","Hill Elementary School","63","Oakland","LEA School","Elementary","City: Small","05","Mathematics","White, not of Hispanic origin","English Learners","*","*","*","*"
"18 - 19 School Year","M-STEP","63","Oakland Schools","63150","Troy School District","05163","Hill Elementary School","63","Oakland","LEA School","Elementary","City: Small","05","Mathematics","White, not of Hispanic origin","Female","<=50%","<=50%","<=50%","<=50%"
"18 - 19 School Year","M-STEP","63","Oakland Schools","63150","Troy School District","05163","Hill Elementary School","63","Oakland","LEA School","Elementary","City: Small","05","Mathematics","White, not of Hispanic origin","Male","38.1","28.6","<=20%","<=20%"
"18 - 19 School Year","M-STEP","63","Oakland Schools","63150","Troy School District","05163","Hill Elementary School","63","Oakland","LEA School","Elementary","City: Small","05","Mathematics","White, not of Hispanic origin","Not English Learners","39.3","28.6","*","<=20%"
"18 - 19 School Year","M-STEP","63","Oakland Schools","63150","Troy School District","05163","Hill Elementary School","63","Oakland","LEA School","Elementary","City: Small","05","Mathematics","White, not of Hispanic origin","Students with Disabilities","*","*","*","*"
"18 - 19 School Year","M-STEP","63","Oakland Schools","63150","Troy School District","05163","Hill Elementary School","63","Oakland","LEA School","Elementary","City: Small","05","Mathematics","White, not of Hispanic origin","Students without IEP","38.5","30.8","*","<=20%"
"18 - 19 School Year","M-STEP","63","Oakland Schools","63150","Troy School District","05413","Smith Middle School","63","Oakland","LEA School","Middle School","City: Small","06","Mathematics","Asian","English Learners","*","*","*","*"
"18 - 19 School Year","M-STEP","63","Oakland Schools","63150","Troy School District","05413","Smith Middle School","63","Oakland","LEA School","Middle School","City: Small","06","Mathematics","Asian","Female","70.0","12.5","*","<=10%"
"18 - 19 School Year","M-STEP","63","Oakland Schools","63150","Troy School District","05413","Smith Middle School","63","Oakland","LEA School","Middle School","City: Small","06","Mathematics","Asian","Male","*","<=10%","<=10%","<=10%"
"18 - 19 School Year","M-STEP","63","Oakland Schools","63150","Troy School District","05413","Smith Middle School","63","Oakland","LEA School","Middle School","City: Small","06","Mathematics","Asian","Not English Learners","81.0","11.1","*","<=5%"
"18 - 19 School Year","M-STEP","63","Oakland Schools","63150","Troy School District","05413","Smith Middle School","63","Oakland","LEA School","Middle School","City: Small","06","Mathematics","Asian","Students with Disabilities","*","*","*","*"
"18 - 19 School Year","M-STEP","63","Oakland Schools","63150","Troy School District","05413","Smith Middle School","63","Oakland","LEA School","Middle School","City: Small","06","Mathematics","Asian","Students without IEP","74.3","11.4","*","<=5%"
"18 - 19 School Year","M-STEP","63","Oakland Schools","63150","Troy School District","05413","Smith Middle School","63","Oakland","LEA School","Middle School","City: Small","06","Mathematics","Black, not of Hispanic origin","English Learners","*","*","*","*"
"18 - 19 School Year","M-STEP","63","Oakland Schools","63150","Troy School District","05413","Smith Middle School","63","Oakland","LEA School","Middle School","City: Small","06","Mathematics","Black, not of Hispanic origin","Female","*","*","*","*"
"18 - 19 School Year","M-STEP","63","Oakland Schools","63150","Troy School District","05413","Smith Middle School","63","Oakland","LEA School","Middle School","City: Small","06","Mathematics","Black, not of Hispanic origin","Male","*","*","*","*"
"18 - 19 School Year","M-STEP","63","Oakland Schools","63150","Troy School District","05413","Smith Middle School","63","Oakland","LEA School","Middle School","City: Small","06","Mathematics","Black, not of Hispanic origin","Not English Learners","*","*","*","*"
"18 - 19 School Year","M-STEP","63","Oakland Schools","63150","Troy School District","05413","Smith Middle School","63","Oakland","LEA School","Middle School","City: Small","06","Mathematics","Black, not of Hispanic origin","Students with Disabilities","*","*","*","*"
"18 - 19 School Year","M-STEP","63","Oakland Schools","63150","Troy School District","05413","Smith Middle School","63","Oakland","LEA School","Middle School","City: Small","06","Mathematics","Black, not of Hispanic origin","Students without IEP","*","*","*","*"
"18 - 19 School Year","M-STEP","63","Oakland Schools","63150","Troy School District","05413","Smith Middle School","63","Oakland","LEA School","Middle School","City: Small","06","Mathematics","Female","English Learners","<=50%","<=50%","<=50%","<=50%"
"18 - 19 School Year","M-STEP","63","Oakland Schools","63150","Troy School District","05413","Smith Middle School","63","Oakland","LEA School","Middle School","City: Small","06","Mathematics","Female","Not English Learners","50.5","18.4","18.4","12.6"
"18 - 19 School Year","M-STEP","63","Oakland Schools","63150","Troy School District","05413","Smith Middle School","63","Oakland","LEA School","Middle School","City: Small","06","Mathematics","Female","Students with Disabilities","*","*","*","*"
"18 - 19 School Year","M-STEP","63","Oakland Schools","63150","Troy School District","05413","Smith Middle School","63","Oakland","LEA School","Middle School","City: Small","06","Mathematics","Female","Students without IEP","50.9","18.9","17.9","12.3"
"18 - 19 School Year","M-STEP","63","Oakland Schools","63150","Troy School District","05413","Smith Middle School","63","Oakland","LEA School","Middle School","City: Small","06","Mathematics","Hispanic","English Learners","*","*","*","*"
"18 - 19 School Year","M-STEP","63","Oakland Schools","63150","Troy School District","05413","Smith Middle School","63","Oakland","LEA School","Middle School","City: Small","06","Mathematics","Hispanic","Female","*","*","*","*"
"18 - 19 School Year","M-STEP","63","Oakland Schools","63150","Troy School District","05413","Smith Middle School","63","Oakland","LEA School","Middle School","City: Small","06","Mathematics","Hispanic","Male","*","*","*","*"
"18 - 19 School Year","M-STEP","63","Oakland Schools","63150","Troy School District","05413","Smith Middle School","63","Oakland","LEA School","Middle School","City: Small","06","Mathematics","Hispanic","Not English Learners","*","*","*","*"
"18 - 19 School Year","M-STEP","63","Oakland Schools","63150","Troy School District","05413","Smith Middle School","63","Oakland","LEA School","Middle School","City: Small","06","Mathematics","Hispanic","Students with Disabilities","*","*","*","*"
"18 - 19 School Year","M-STEP","63","Oakland Schools","63150","Troy School District","05413","Smith Middle School","63","Oakland","LEA School","Middle School","City: Small","06","Mathematics","Hispanic","Students without IEP","*","*","*","*"
"18 - 19 School Year","M-STEP","63","Oakland Schools","63150","Troy School District","05413","Smith Middle School","63","Oakland","LEA School","Middle School","City: Small","06","Mathematics","Male","English Learners","<=50%","<=50%","<=50%","<=50%"
"18 - 19 School Year","M-STEP","63","Oakland Schools","63150","Troy School District","05413","Smith Middle School","63","Oakland","LEA School","Middle School","City: Small","06","Mathematics","Male","Not English Learners","52.0","23.5","12.7","11.8"
"18 - 19 School Year","M-STEP","63","Oakland Schools","63150","Troy School District","05413","Smith Middle School","63","Oakland","LEA School","Middle School","City: Small","06","Mathematics","Male","Students with Disabilities","<=50%","<=50%","<=50%",">=50%"
"18 - 19 School Year","M-STEP","63","Oakland Schools","63150","Troy School District","05413","Smith Middle School","63","Oakland","LEA School","Middle School","City: Small","06","Mathematics","Male","Students without IEP","50.0","23.5","17.6","8.8"
"18 - 19 School Year","M-STEP","63","Oakland Schools","63150","Troy School District","05413","Smith Middle School","63","Oakland","LEA School","Middle School","City: Small","06","Mathematics","Students with Disabilities","English Learners","*","*","*","*"
"18 - 19 School Year","M-STEP","63","Oakland Schools","63150","Troy School District","05413","Smith Middle School","63","Oakland","LEA School","Middle School","City: Small","06","Mathematics","Students with Disabilities","Not English Learners","<=50%","<=50%","<=50%",">=50%"
"18 - 19 School Year","M-STEP","63","Oakland Schools","63150","Troy School District","05413","Smith Middle School","63","Oakland","LEA School","Middle School","City: Small","06","Mathematics","Students without IEP","English Learners","<=20%","<=20%","47.1","23.5"
"18 - 19 School Year","M-STEP","63","Oakland Schools","63150","Troy School District","05413","Smith Middle School","63","Oakland","LEA School","Middle School","City: Small","06","Mathematics","Students without IEP","Not English Learners","53.4","22.0","15.2","9.4"
"18 - 19 School Year","M-STEP","63","Oakland Schools","63150","Troy School District","05413","Smith Middle School","63","Oakland","LEA School","Middle School","City: Small","06","Mathematics","Two or More Races","Female","*","*","*","*"
"18 - 19 School Year","M-STEP","63","Oakland Schools","63150","Troy School District","05413","Smith Middle School","63","Oakland","LEA School","Middle School","City: Small","06","Mathematics","Two or More Races","Male","*","*","*","*"
"18 - 19 School Year","M-STEP","63","Oakland Schools","63150","Troy School District","05413","Smith Middle School","63","Oakland","LEA School","Middle School","City: Small","06","Mathematics","Two or More Races","Not English Learners",">=50%","<=50%","<=50%","<=50%"
"18 - 19 School Year","M-STEP","63","Oakland Schools","63150","Troy School District","05413","Smith Middle School","63","Oakland","LEA School","Middle School","City: Small","06","Mathematics","Two or More Races","Students without IEP",">=50%","<=50%","<=50%","<=50%"
"18 - 19 School Year","M-STEP","63","Oakland Schools","63150","Troy School District","05413","Smith Middle School","63","Oakland","LEA School","Middle School","City: Small","06","Mathematics","White, not of Hispanic origin","English Learners","<=50%","<=50%","<=50%","<=50%"
"18 - 19 School Year","M-STEP","63","Oakland Schools","63150","Troy School District","05413","Smith Middle School","63","Oakland","LEA School","Middle School","City: Small","06","Mathematics","White, not of Hispanic origin","Female","33.3","23.3","21.7","21.7"
"18 - 19 School Year","M-STEP","63","Oakland Schools","63150","Troy School District","05413","Smith Middle School","63","Oakland","LEA School","Middle School","City: Small","06","Mathematics","White, not of Hispanic origin","Male","38.6","25.7","20.0","15.7"
"18 - 19 School Year","M-STEP","63","Oakland Schools","63150","Troy School District","05413","Smith Middle School","63","Oakland","LEA School","Middle School","City: Small","06","Mathematics","White, not of Hispanic origin","Not English Learners","38.1","26.3","19.5","16.1"
"18 - 19 School Year","M-STEP","63","Oakland Schools","63150","Troy School District","05413","Smith Middle School","63","Oakland","LEA School","Middle School","City: Small","06","Mathematics","White, not of Hispanic origin","Students with Disabilities","<=20%","<=20%","<=20%","*"
"18 - 19 School Year","M-STEP","63","Oakland Schools","63150","Troy School District","05413","Smith Middle School","63","Oakland","LEA School","Middle School","City: Small","06","Mathematics","White, not of Hispanic origin","Students without IEP","38.6","27.2","21.1","13.2"
"18 - 19 School Year","M-STEP","63","Oakland Schools","63150","Troy School District","05413","Smith Middle School","63","Oakland","LEA School","Middle School","City: Small","07","Mathematics","Asian","English Learners",">=50%","<=50%","<=50%","<=50%"
"18 - 19 School Year","M-STEP","63","Oakland Schools","63150","Troy School District","05413","Smith Middle School","63","Oakland","LEA School","Middle School","City: Small","07","Mathematics","Asian","Female","*","<=20%","<=20%","<=20%"
"18 - 19 School Year","M-STEP","63","Oakland Schools","63150","Troy School District","05413","Smith Middle School","63","Oakland","LEA School","Middle School","City: Small","07","Mathematics","Asian","Male","*","<=10%","<=10%","<=10%"
"18 - 19 School Year","M-STEP","63","Oakland Schools","63150","Troy School District","05413","Smith Middle School","63","Oakland","LEA School","Middle School","City: Small","07","Mathematics","Asian","Not English Learners","*","<=10%","<=10%","<=10%"
"18 - 19 School Year","M-STEP","63","Oakland Schools","63150","Troy School District","05413","Smith Middle School","63","Oakland","LEA School","Middle School","City: Small","07","Mathematics","Asian","Students with Disabilities","*","*","*","*"
"18 - 19 School Year","M-STEP","63","Oakland Schools","63150","Troy School District","05413","Smith Middle School","63","Oakland","LEA School","Middle School","City: Small","07","Mathematics","Asian","Students without IEP","80.9","10.3","*","<=5%"
"18 - 19 School Year","M-STEP","63","Oakland Schools","63150","Troy School District","05413","Smith Middle School","63","Oakland","LEA School","Middle School","City: Small","07","Mathematics","Black, not of Hispanic origin","Female","*","*","*","*"
"18 - 19 School Year","M-STEP","63","Oakland Schools","63150","Troy School District","05413","Smith Middle School","63","Oakland","LEA School","Middle School","City: Small","07","Mathematics","Black, not of Hispanic origin","Male","*","*","*","*"
"18 - 19 School Year","M-STEP","63","Oakland Schools","63150","Troy School District","05413","Smith Middle School","63","Oakland","LEA School","Middle School","City: Small","07","Mathematics","Black, not of Hispanic origin","Not English Learners","*","*","*","*"
"18 - 19 School Year","M-STEP","63","Oakland Schools","63150","Troy School District","05413","Smith Middle School","63","Oakland","LEA School","Middle School","City: Small","07","Mathematics","Black, not of Hispanic origin","Students with Disabilities","*","*","*","*"
"18 - 19 School Year","M-STEP","63","Oakland Schools","63150","Troy School District","05413","Smith Middle School","63","Oakland","LEA School","Middle School","City: Small","07","Mathematics","Black, not of Hispanic origin","Students without IEP","*","*","*","*"
"18 - 19 School Year","M-STEP","63","Oakland Schools","63150","Troy School District","05413","Smith Middle School","63","Oakland","LEA School","Middle School","City: Small","07","Mathematics","Female","English Learners","<=50%","<=50%","<=50%","<=50%"
"18 - 19 School Year","M-STEP","63","Oakland Schools","63150","Troy School District","05413","Smith Middle School","63","Oakland","LEA School","Middle School","City: Small","07","Mathematics","Female","Not English Learners","41.8","17.3","22.4","18.4"
"18 - 19 School Year","M-STEP","63","Oakland Schools","63150","Troy School District","05413","Smith Middle School","63","Oakland","LEA School","Middle School","City: Small","07","Mathematics","Female","Students with Disabilities","<=50%","<=50%","<=50%",">=50%"
"18 - 19 School Year","M-STEP","63","Oakland Schools","63150","Troy School District","05413","Smith Middle School","63","Oakland","LEA School","Middle School","City: Small","07","Mathematics","Female","Students without IEP","42.3","19.6","24.7","13.4"
"18 - 19 School Year","M-STEP","63","Oakland Schools","63150","Troy School District","05413","Smith Middle School","63","Oakland","LEA School","Middle School","City: Small","07","Mathematics","Hispanic","English Learners","*","*","*","*"
"18 - 19 School Year","M-STEP","63","Oakland Schools","63150","Troy School District","05413","Smith Middle School","63","Oakland","LEA School","Middle School","City: Small","07","Mathematics","Hispanic","Female","*","*","*","*"
"18 - 19 School Year","M-STEP","63","Oakland Schools","63150","Troy School District","05413","Smith Middle School","63","Oakland","LEA School","Middle School","City: Small","07","Mathematics","Hispanic","Male","*","*","*","*"
"18 - 19 School Year","M-STEP","63","Oakland Schools","63150","Troy School District","05413","Smith Middle School","63","Oakland","LEA School","Middle School","City: Small","07","Mathematics","Hispanic","Not English Learners","*","*","*","*"
"18 - 19 School Year","M-STEP","63","Oakland Schools","63150","Troy School District","05413","Smith Middle School","63","Oakland","LEA School","Middle School","City: Small","07","Mathematics","Hispanic","Students with Disabilities","*","*","*","*"
"18 - 19 School Year","M-STEP","63","Oakland Schools","63150","Troy School District","05413","Smith Middle School","63","Oakland","LEA School","Middle School","City: Small","07","Mathematics","Hispanic","Students without IEP","*","*","*","*"
"18 - 19 School Year","M-STEP","63","Oakland Schools","63150","Troy School District","05413","Smith Middle School","63","Oakland","LEA School","Middle School","City: Small","07","Mathematics","Male","English Learners","<=50%","<=50%","<=50%","<=50%"
"18 - 19 School Year","M-STEP","63","Oakland Schools","63150","Troy School District","05413","Smith Middle School","63","Oakland","LEA School","Middle School","City: Small","07","Mathematics","Male","Not English Learners","54.8","11.5","19.2","14.4"
"18 - 19 School Year","M-STEP","63","Oakland Schools","63150","Troy School District","05413","Smith Middle School","63","Oakland","LEA School","Middle School","City: Small","07","Mathematics","Male","Students with Disabilities","<=50%","<=50%","<=50%","<=50%"
"18 - 19 School Year","M-STEP","63","Oakland Schools","63150","Troy School District","05413","Smith Middle School","63","Oakland","LEA School","Middle School","City: Small","07","Mathematics","Male","Students without IEP","53.9","12.7","22.5","10.8"
"18 - 19 School Year","M-STEP","63","Oakland Schools","63150","Troy School District","05413","Smith Middle School","63","Oakland","LEA School","Middle School","City: Small","07","Mathematics","Students with Disabilities","English Learners","*","*","*","*"
"18 - 19 School Year","M-STEP","63","Oakland Schools","63150","Troy School District","05413","Smith Middle School","63","Oakland","LEA School","Middle School","City: Small","07","Mathematics","Students with Disabilities","Not English Learners","*","<=20%","<=20%","*"
"18 - 19 School Year","M-STEP","63","Oakland Schools","63150","Troy School District","05413","Smith Middle School","63","Oakland","LEA School","Middle School","City: Small","07","Mathematics","Students without IEP","English Learners","27.8","27.8","*","<=20%"
"18 - 19 School Year","M-STEP","63","Oakland Schools","63150","Troy School District","05413","Smith Middle School","63","Oakland","LEA School","Middle School","City: Small","07","Mathematics","Students without IEP","Not English Learners","50.3","14.9","22.1","12.7"
"18 - 19 School Year","M-STEP","63","Oakland Schools","63150","Troy School District","05413","Smith Middle School","63","Oakland","LEA School","Middle School","City: Small","07","Mathematics","Two or More Races","English Learners","*","*","*","*"
"18 - 19 School Year","M-STEP","63","Oakland Schools","63150","Troy School District","05413","Smith Middle School","63","Oakland","LEA School","Middle School","City: Small","07","Mathematics","Two or More Races","Female","*","*","*","*"
"18 - 19 School Year","M-STEP","63","Oakland Schools","63150","Troy School District","05413","Smith Middle School","63","Oakland","LEA School","Middle School","City: Small","07","Mathematics","Two or More Races","Male","*","*","*","*"
"18 - 19 School Year","M-STEP","63","Oakland Schools","63150","Troy School District","05413","Smith Middle School","63","Oakland","LEA School","Middle School","City: Small","07","Mathematics","Two or More Races","Not English Learners","*","*","*","*"
"18 - 19 School Year","M-STEP","63","Oakland Schools","63150","Troy School District","05413","Smith Middle School","63","Oakland","LEA School","Middle School","City: Small","07","Mathematics","Two or More Races","Students with Disabilities","*","*","*","*"
"18 - 19 School Year","M-STEP","63","Oakland Schools","63150","Troy School District","05413","Smith Middle School","63","Oakland","LEA School","Middle School","City: Small","07","Mathematics","Two or More Races","Students without IEP","*","*","*","*"
"18 - 19 School Year","M-STEP","63","Oakland Schools","63150","Troy School District","05413","Smith Middle School","63","Oakland","LEA School","Middle School","City: Small","07","Mathematics","White, not of Hispanic origin","English Learners","<=50%","<=50%",">=50%","<=50%"
"18 - 19 School Year","M-STEP","63","Oakland Schools","63150","Troy School District","05413","Smith Middle School","63","Oakland","LEA School","Middle School","City: Small","07","Mathematics","White, not of Hispanic origin","Female","25.4","17.9","32.8","23.9"
"18 - 19 School Year","M-STEP","63","Oakland Schools","63150","Troy School District","05413","Smith Middle School","63","Oakland","LEA School","Middle School","City: Small","07","Mathematics","White, not of Hispanic origin","Male","37.7","17.4","26.1","18.8"
"18 - 19 School Year","M-STEP","63","Oakland Schools","63150","Troy School District","05413","Smith Middle School","63","Oakland","LEA School","Middle School","City: Small","07","Mathematics","White, not of Hispanic origin","Not English Learners","34.1","17.5","27.8","20.6"
"18 - 19 School Year","M-STEP","63","Oakland Schools","63150","Troy School District","05413","Smith Middle School","63","Oakland","LEA School","Middle School","City: Small","07","Mathematics","White, not of Hispanic origin","Students with Disabilities","*","<=20%","<=20%","*"
"18 - 19 School Year","M-STEP","63","Oakland Schools","63150","Troy School District","05413","Smith Middle School","63","Oakland","LEA School","Middle School","City: Small","07","Mathematics","White, not of Hispanic origin","Students without IEP","30.8","18.8","31.6","18.8"
"18 - 19 School Year","M-STEP","63","Oakland Schools","63150","Troy School District","05537","Wattles Elementary School","63","Oakland","LEA School","Elementary","City: Small","03","Mathematics","Asian","English Learners","*","*","<=20%","<=20%"
"18 - 19 School Year","M-STEP","63","Oakland Schools","63150","Troy School District","05537","Wattles Elementary School","63","Oakland","LEA School","Elementary","City: Small","03","Mathematics","Asian","Female","*","*","<=20%","<=20%"
"18 - 19 School Year","M-STEP","63","Oakland Schools","63150","Troy School District","05537","Wattles Elementary School","63","Oakland","LEA School","Elementary","City: Small","03","Mathematics","Asian","Male",">=80%","<=20%","<=20%","<=20%"
"18 - 19 School Year","M-STEP","63","Oakland Schools","63150","Troy School District","05537","Wattles Elementary School","63","Oakland","LEA School","Elementary","City: Small","03","Mathematics","Asian","Not English Learners",">=50%","<=50%","<=50%","<=50%"
"18 - 19 School Year","M-STEP","63","Oakland Schools","63150","Troy School District","05537","Wattles Elementary School","63","Oakland","LEA School","Elementary","City: Small","03","Mathematics","Asian","Students with Disabilities","*","*","*","*"
"18 - 19 School Year","M-STEP","63","Oakland Schools","63150","Troy School District","05537","Wattles Elementary School","63","Oakland","LEA School","Elementary","City: Small","03","Mathematics","Asian","Students without IEP","*","*","<=10%","<=10%"
"18 - 19 School Year","M-STEP","63","Oakland Schools","63150","Troy School District","05537","Wattles Elementary School","63","Oakland","LEA School","Elementary","City: Small","03","Mathematics","Black, not of Hispanic origin","English Learners","*","*","*","*"
"18 - 19 School Year","M-STEP","63","Oakland Schools","63150","Troy School District","05537","Wattles Elementary School","63","Oakland","LEA School","Elementary","City: Small","03","Mathematics","Black, not of Hispanic origin","Female","*","*","*","*"
"18 - 19 School Year","M-STEP","63","Oakland Schools","63150","Troy School District","05537","Wattles Elementary School","63","Oakland","LEA School","Elementary","City: Small","03","Mathematics","Black, not of Hispanic origin","Male","*","*","*","*"
"18 - 19 School Year","M-STEP","63","Oakland Schools","63150","Troy School District","05537","Wattles Elementary School","63","Oakland","LEA School","Elementary","City: Small","03","Mathematics","Black, not of Hispanic origin","Not English Learners","*","*","*","*"
"18 - 19 School Year","M-STEP","63","Oakland Schools","63150","Troy School District","05537","Wattles Elementary School","63","Oakland","LEA School","Elementary","City: Small","03","Mathematics","Black, not of Hispanic origin","Students without IEP","*","*","*","*"
"18 - 19 School Year","M-STEP","63","Oakland Schools","63150","Troy School District","05537","Wattles Elementary School","63","Oakland","LEA School","Elementary","City: Small","03","Mathematics","Female","English Learners","<=50%",">=50%","<=50%","<=50%"
"18 - 19 School Year","M-STEP","63","Oakland Schools","63150","Troy School District","05537","Wattles Elementary School","63","Oakland","LEA School","Elementary","City: Small","03","Mathematics","Female","Not English Learners","*","*","<=20%","<=20%"
"18 - 19 School Year","M-STEP","63","Oakland Schools","63150","Troy School District","05537","Wattles Elementary School","63","Oakland","LEA School","Elementary","City: Small","03","Mathematics","Female","Students with Disabilities","*","*","*","*"
"18 - 19 School Year","M-STEP","63","Oakland Schools","63150","Troy School District","05537","Wattles Elementary School","63","Oakland","LEA School","Elementary","City: Small","03","Mathematics","Female","Students without IEP","47.1","38.2","*","<=10%"
"18 - 19 School Year","M-STEP","63","Oakland Schools","63150","Troy School District","05537","Wattles Elementary School","63","Oakland","LEA School","Elementary","City: Small","03","Mathematics","Hispanic","English Learners","*","*","*","*"
"18 - 19 School Year","M-STEP","63","Oakland Schools","63150","Troy School District","05537","Wattles Elementary School","63","Oakland","LEA School","Elementary","City: Small","03","Mathematics","Hispanic","Male","*","*","*","*"
"18 - 19 School Year","M-STEP","63","Oakland Schools","63150","Troy School District","05537","Wattles Elementary School","63","Oakland","LEA School","Elementary","City: Small","03","Mathematics","Hispanic","Not English Learners","*","*","*","*"
"18 - 19 School Year","M-STEP","63","Oakland Schools","63150","Troy School District","05537","Wattles Elementary School","63","Oakland","LEA School","Elementary","City: Small","03","Mathematics","Hispanic","Students with Disabilities","*","*","*","*"
"18 - 19 School Year","M-STEP","63","Oakland Schools","63150","Troy School District","05537","Wattles Elementary School","63","Oakland","LEA School","Elementary","City: Small","03","Mathematics","Hispanic","Students without IEP","*","*","*","*"
"18 - 19 School Year","M-STEP","63","Oakland Schools","63150","Troy School District","05537","Wattles Elementary School","63","Oakland","LEA School","Elementary","City: Small","03","Mathematics","Male","English Learners",">=50%","<=50%","<=50%","<=50%"
"18 - 19 School Year","M-STEP","63","Oakland Schools","63150","Troy School District","05537","Wattles Elementary School","63","Oakland","LEA School","Elementary","City: Small","03","Mathematics","Male","Not English Learners","*","*","<=20%","<=20%"
"18 - 19 School Year","M-STEP","63","Oakland Schools","63150","Troy School District","05537","Wattles Elementary School","63","Oakland","LEA School","Elementary","City: Small","03","Mathematics","Male","Students with Disabilities","*","*","*","*"
"18 - 19 School Year","M-STEP","63","Oakland Schools","63150","Troy School District","05537","Wattles Elementary School","63","Oakland","LEA School","Elementary","City: Small","03","Mathematics","Male","Students without IEP","*","*","<=10%","<=10%"
"18 - 19 School Year","M-STEP","63","Oakland Schools","63150","Troy School District","05537","Wattles Elementary School","63","Oakland","LEA School","Elementary","City: Small","03","Mathematics","Students with Disabilities","English Learners","*","*","*","*"
"18 - 19 School Year","M-STEP","63","Oakland Schools","63150","Troy School District","05537","Wattles Elementary School","63","Oakland","LEA School","Elementary","City: Small","03","Mathematics","Students with Disabilities","Not English Learners","*","*","*","*"
"18 - 19 School Year","M-STEP","63","Oakland Schools","63150","Troy School District","05537","Wattles Elementary School","63","Oakland","LEA School","Elementary","City: Small","03","Mathematics","Students without IEP","English Learners","*","*","<=20%","<=20%"
"18 - 19 School Year","M-STEP","63","Oakland Schools","63150","Troy School District","05537","Wattles Elementary School","63","Oakland","LEA School","Elementary","City: Small","03","Mathematics","Students without IEP","Not English Learners","60.4","27.1","<=10%","<=10%"
"18 - 19 School Year","M-STEP","63","Oakland Schools","63150","Troy School District","05537","Wattles Elementary School","63","Oakland","LEA School","Elementary","City: Small","03","Mathematics","Two or More Races","Female","*","*","*","*"
"18 - 19 School Year","M-STEP","63","Oakland Schools","63150","Troy School District","05537","Wattles Elementary School","63","Oakland","LEA School","Elementary","City: Small","03","Mathematics","Two or More Races","Male","*","*","*","*"
"18 - 19 School Year","M-STEP","63","Oakland Schools","63150","Troy School District","05537","Wattles Elementary School","63","Oakland","LEA School","Elementary","City: Small","03","Mathematics","Two or More Races","Not English Learners","*","*","*","*"
"18 - 19 School Year","M-STEP","63","Oakland Schools","63150","Troy School District","05537","Wattles Elementary School","63","Oakland","LEA School","Elementary","City: Small","03","Mathematics","Two or More Races","Students without IEP","*","*","*","*"
"18 - 19 School Year","M-STEP","63","Oakland Schools","63150","Troy School District","05537","Wattles Elementary School","63","Oakland","LEA School","Elementary","City: Small","03","Mathematics","White, not of Hispanic origin","English Learners","*","*","*","*"
"18 - 19 School Year","M-STEP","63","Oakland Schools","63150","Troy School District","05537","Wattles Elementary School","63","Oakland","LEA School","Elementary","City: Small","03","Mathematics","White, not of Hispanic origin","Female","37.5","31.3","<=20%","<=20%"
"18 - 19 School Year","M-STEP","63","Oakland Schools","63150","Troy School District","05537","Wattles Elementary School","63","Oakland","LEA School","Elementary","City: Small","03","Mathematics","White, not of Hispanic origin","Male","*","*","<=20%","<=20%"
"18 - 19 School Year","M-STEP","63","Oakland Schools","63150","Troy School District","05537","Wattles Elementary School","63","Oakland","LEA School","Elementary","City: Small","03","Mathematics","White, not of Hispanic origin","Not English Learners","46.4","32.1","<=20%","<=20%"
"18 - 19 School Year","M-STEP","63","Oakland Schools","63150","Troy School District","05537","Wattles Elementary School","63","Oakland","LEA School","Elementary","City: Small","03","Mathematics","White, not of Hispanic origin","Students with Disabilities","*","*","*","*"
"18 - 19 School Year","M-STEP","63","Oakland Schools","63150","Troy School District","05537","Wattles Elementary School","63","Oakland","LEA School","Elementary","City: Small","03","Mathematics","White, not of Hispanic origin","Students without IEP","41.9","38.7","*","<=10%"
"18 - 19 School Year","M-STEP","63","Oakland Schools","63150","Troy School District","05537","Wattles Elementary School","63","Oakland","LEA School","Elementary","City: Small","04","Mathematics","Asian","English Learners","<=50%","<=50%","<=50%","<=50%"
"18 - 19 School Year","M-STEP","63","Oakland Schools","63150","Troy School District","05537","Wattles Elementary School","63","Oakland","LEA School","Elementary","City: Small","04","Mathematics","Asian","Female",">=50%","<=50%","<=50%","<=50%"
"18 - 19 School Year","M-STEP","63","Oakland Schools","63150","Troy School District","05537","Wattles Elementary School","63","Oakland","LEA School","Elementary","City: Small","04","Mathematics","Asian","Male",">=50%","<=50%","<=50%","<=50%"
"18 - 19 School Year","M-STEP","63","Oakland Schools","63150","Troy School District","05537","Wattles Elementary School","63","Oakland","LEA School","Elementary","City: Small","04","Mathematics","Asian","Not English Learners",">=80%","<=20%","<=20%","<=20%"
"18 - 19 School Year","M-STEP","63","Oakland Schools","63150","Troy School District","05537","Wattles Elementary School","63","Oakland","LEA School","Elementary","City: Small","04","Mathematics","Asian","Students with Disabilities","*","*","*","*"
"18 - 19 School Year","M-STEP","63","Oakland Schools","63150","Troy School District","05537","Wattles Elementary School","63","Oakland","LEA School","Elementary","City: Small","04","Mathematics","Asian","Students without IEP","*","*","<=20%","<=20%"
"18 - 19 School Year","M-STEP","63","Oakland Schools","63150","Troy School District","05537","Wattles Elementary School","63","Oakland","LEA School","Elementary","City: Small","04","Mathematics","Black, not of Hispanic origin","Female","*","*","*","*"
"18 - 19 School Year","M-STEP","63","Oakland Schools","63150","Troy School District","05537","Wattles Elementary School","63","Oakland","LEA School","Elementary","City: Small","04","Mathematics","Black, not of Hispanic origin","Male","*","*","*","*"
"18 - 19 School Year","M-STEP","63","Oakland Schools","63150","Troy School District","05537","Wattles Elementary School","63","Oakland","LEA School","Elementary","City: Small","04","Mathematics","Black, not of Hispanic origin","Not English Learners","*","*","*","*"
"18 - 19 School Year","M-STEP","63","Oakland Schools","63150","Troy School District","05537","Wattles Elementary School","63","Oakland","LEA School","Elementary","City: Small","04","Mathematics","Black, not of Hispanic origin","Students without IEP","*","*","*","*"
"18 - 19 School Year","M-STEP","63","Oakland Schools","63150","Troy School District","05537","Wattles Elementary School","63","Oakland","LEA School","Elementary","City: Small","04","Mathematics","Female","English Learners","<=50%",">=50%","<=50%","<=50%"
"18 - 19 School Year","M-STEP","63","Oakland Schools","63150","Troy School District","05537","Wattles Elementary School","63","Oakland","LEA School","Elementary","City: Small","04","Mathematics","Female","Not English Learners","*","<=20%","*","<=20%"
"18 - 19 School Year","M-STEP","63","Oakland Schools","63150","Troy School District","05537","Wattles Elementary School","63","Oakland","LEA School","Elementary","City: Small","04","Mathematics","Female","Students with Disabilities","*","*","*","*"
"18 - 19 School Year","M-STEP","63","Oakland Schools","63150","Troy School District","05537","Wattles Elementary School","63","Oakland","LEA School","Elementary","City: Small","04","Mathematics","Female","Students without IEP","41.4","27.6","*","<=20%"
"18 - 19 School Year","M-STEP","63","Oakland Schools","63150","Troy School District","05537","Wattles Elementary School","63","Oakland","LEA School","Elementary","City: Small","04","Mathematics","Hispanic","English Learners","*","*","*","*"
"18 - 19 School Year","M-STEP","63","Oakland Schools","63150","Troy School District","05537","Wattles Elementary School","63","Oakland","LEA School","Elementary","City: Small","04","Mathematics","Hispanic","Male","*","*","*","*"
"18 - 19 School Year","M-STEP","63","Oakland Schools","63150","Troy School District","05537","Wattles Elementary School","63","Oakland","LEA School","Elementary","City: Small","04","Mathematics","Hispanic","Students without IEP","*","*","*","*"
"18 - 19 School Year","M-STEP","63","Oakland Schools","63150","Troy School District","05537","Wattles Elementary School","63","Oakland","LEA School","Elementary","City: Small","04","Mathematics","Male","English Learners","<=50%","<=50%","<=50%","<=50%"
"18 - 19 School Year","M-STEP","63","Oakland Schools","63150","Troy School District","05537","Wattles Elementary School","63","Oakland","LEA School","Elementary","City: Small","04","Mathematics","Male","Not English Learners","*","<=20%","*","<=20%"
"18 - 19 School Year","M-STEP","63","Oakland Schools","63150","Troy School District","05537","Wattles Elementary School","63","Oakland","LEA School","Elementary","City: Small","04","Mathematics","Male","Students with Disabilities","*","*","*","*"
"18 - 19 School Year","M-STEP","63","Oakland Schools","63150","Troy School District","05537","Wattles Elementary School","63","Oakland","LEA School","Elementary","City: Small","04","Mathematics","Male","Students without IEP","51.3","23.1","*","<=10%"
"18 - 19 School Year","M-STEP","63","Oakland Schools","63150","Troy School District","05537","Wattles Elementary School","63","Oakland","LEA School","Elementary","City: Small","04","Mathematics","Students with Disabilities","English Learners","*","*","*","*"
"18 - 19 School Year","M-STEP","63","Oakland Schools","63150","Troy School District","05537","Wattles Elementary School","63","Oakland","LEA School","Elementary","City: Small","04","Mathematics","Students with Disabilities","Not English Learners","*","*","*","*"
"18 - 19 School Year","M-STEP","63","Oakland Schools","63150","Troy School District","05537","Wattles Elementary School","63","Oakland","LEA School","Elementary","City: Small","04","Mathematics","Students without IEP","English Learners","26.1","43.5","*","<=20%"
"18 - 19 School Year","M-STEP","63","Oakland Schools","63150","Troy School District","05537","Wattles Elementary School","63","Oakland","LEA School","Elementary","City: Small","04","Mathematics","Students without IEP","Not English Learners","57.8","15.6","*","<=10%"
"18 - 19 School Year","M-STEP","63","Oakland Schools","63150","Troy School District","05537","Wattles Elementary School","63","Oakland","LEA School","Elementary","City: Small","04","Mathematics","White, not of Hispanic origin","English Learners","<=50%",">=50%",">=50%","<=50%"
"18 - 19 School Year","M-STEP","63","Oakland Schools","63150","Troy School District","05537","Wattles Elementary School","63","Oakland","LEA School","Elementary","City: Small","04","Mathematics","White, not of Hispanic origin","Female","<=50%","<=50%",">=50%","<=50%"
"18 - 19 School Year","M-STEP","63","Oakland Schools","63150","Troy School District","05537","Wattles Elementary School","63","Oakland","LEA School","Elementary","City: Small","04","Mathematics","White, not of Hispanic origin","Male","33.3","37.5","*","<=20%"
"18 - 19 School Year","M-STEP","63","Oakland Schools","63150","Troy School District","05537","Wattles Elementary School","63","Oakland","LEA School","Elementary","City: Small","04","Mathematics","White, not of Hispanic origin","Not English Learners","41.4","24.1","*","<=20%"
"18 - 19 School Year","M-STEP","63","Oakland Schools","63150","Troy School District","05537","Wattles Elementary School","63","Oakland","LEA School","Elementary","City: Small","04","Mathematics","White, not of Hispanic origin","Students with Disabilities","*","*","*","*"
"18 - 19 School Year","M-STEP","63","Oakland Schools","63150","Troy School District","05537","Wattles Elementary School","63","Oakland","LEA School","Elementary","City: Small","04","Mathematics","White, not of Hispanic origin","Students without IEP","33.3","30.6","*","<=10%"
"18 - 19 School Year","M-STEP","63","Oakland Schools","63150","Troy School District","05537","Wattles Elementary School","63","Oakland","LEA School","Elementary","City: Small","05","Mathematics","Asian","English Learners","*","<=20%","*","<=20%"
"18 - 19 School Year","M-STEP","63","Oakland Schools","63150","Troy School District","05537","Wattles Elementary School","63","Oakland","LEA School","Elementary","City: Small","05","Mathematics","Asian","Female","*","<=20%","*","<=20%"
"18 - 19 School Year","M-STEP","63","Oakland Schools","63150","Troy School District","05537","Wattles Elementary School","63","Oakland","LEA School","Elementary","City: Small","05","Mathematics","Asian","Male","52.2","21.7","*","<=20%"
"18 - 19 School Year","M-STEP","63","Oakland Schools","63150","Troy School District","05537","Wattles Elementary School","63","Oakland","LEA School","Elementary","City: Small","05","Mathematics","Asian","Not English Learners","*","*","<=20%","<=20%"
"18 - 19 School Year","M-STEP","63","Oakland Schools","63150","Troy School District","05537","Wattles Elementary School","63","Oakland","LEA School","Elementary","City: Small","05","Mathematics","Asian","Students with Disabilities","*","*","*","*"
"18 - 19 School Year","M-STEP","63","Oakland Schools","63150","Troy School District","05537","Wattles Elementary School","63","Oakland","LEA School","Elementary","City: Small","05","Mathematics","Asian","Students without IEP","52.4","21.4","*","<=10%"
"18 - 19 School Year","M-STEP","63","Oakland Schools","63150","Troy School District","05537","Wattles Elementary School","63","Oakland","LEA School","Elementary","City: Small","05","Mathematics","Black, not of Hispanic origin","English Learners","*","*","*","*"
"18 - 19 School Year","M-STEP","63","Oakland Schools","63150","Troy School District","05537","Wattles Elementary School","63","Oakland","LEA School","Elementary","City: Small","05","Mathematics","Black, not of Hispanic origin","Female","*","*","*","*"
"18 - 19 School Year","M-STEP","63","Oakland Schools","63150","Troy School District","05537","Wattles Elementary School","63","Oakland","LEA School","Elementary","City: Small","05","Mathematics","Black, not of Hispanic origin","Male","*","*","*","*"
"18 - 19 School Year","M-STEP","63","Oakland Schools","63150","Troy School District","05537","Wattles Elementary School","63","Oakland","LEA School","Elementary","City: Small","05","Mathematics","Black, not of Hispanic origin","Not English Learners","*","*","*","*"
"18 - 19 School Year","M-STEP","63","Oakland Schools","63150","Troy School District","05537","Wattles Elementary School","63","Oakland","LEA School","Elementary","City: Small","05","Mathematics","Black, not of Hispanic origin","Students with Disabilities","*","*","*","*"
"18 - 19 School Year","M-STEP","63","Oakland Schools","63150","Troy School District","05537","Wattles Elementary School","63","Oakland","LEA School","Elementary","City: Small","05","Mathematics","Black, not of Hispanic origin","Students without IEP","*","*","*","*"
"18 - 19 School Year","M-STEP","63","Oakland Schools","63150","Troy School District","05537","Wattles Elementary School","63","Oakland","LEA School","Elementary","City: Small","05","Mathematics","Female","English Learners","<=50%","<=50%",">=50%","<=50%"
"18 - 19 School Year","M-STEP","63","Oakland Schools","63150","Troy School District","05537","Wattles Elementary School","63","Oakland","LEA School","Elementary","City: Small","05","Mathematics","Female","Not English Learners","37.8","24.3","27.0","10.8"
"18 - 19 School Year","M-STEP","63","Oakland Schools","63150","Troy School District","05537","Wattles Elementary School","63","Oakland","LEA School","Elementary","City: Small","05","Mathematics","Female","Students with Disabilities","*","*","*","*"
"18 - 19 School Year","M-STEP","63","Oakland Schools","63150","Troy School District","05537","Wattles Elementary School","63","Oakland","LEA School","Elementary","City: Small","05","Mathematics","Female","Students without IEP","33.3","17.8","35.6","13.3"
"18 - 19 School Year","M-STEP","63","Oakland Schools","63150","Troy School District","05537","Wattles Elementary School","63","Oakland","LEA School","Elementary","City: Small","05","Mathematics","Male","English Learners","*","<=20%","*","<=20%"
"18 - 19 School Year","M-STEP","63","Oakland Schools","63150","Troy School District","05537","Wattles Elementary School","63","Oakland","LEA School","Elementary","City: Small","05","Mathematics","Male","Not English Learners","31.0","20.7","24.1","24.1"
"18 - 19 School Year","M-STEP","63","Oakland Schools","63150","Troy School District","05537","Wattles Elementary School","63","Oakland","LEA School","Elementary","City: Small","05","Mathematics","Male","Students with Disabilities","<=50%","<=50%","<=50%",">=50%"
"18 - 19 School Year","M-STEP","63","Oakland Schools","63150","Troy School District","05537","Wattles Elementary School","63","Oakland","LEA School","Elementary","City: Small","05","Mathematics","Male","Students without IEP","36.6","24.4","*","<=10%"
"18 - 19 School Year","M-STEP","63","Oakland Schools","63150","Troy School District","05537","Wattles Elementary School","63","Oakland","LEA School","Elementary","City: Small","05","Mathematics","Students with Disabilities","English Learners","<=50%","<=50%",">=50%","<=50%"
"18 - 19 School Year","M-STEP","63","Oakland Schools","63150","Troy School District","05537","Wattles Elementary School","63","Oakland","LEA School","Elementary","City: Small","05","Mathematics","Students with Disabilities","Not English Learners","*","*","*","*"
"18 - 19 School Year","M-STEP","63","Oakland Schools","63150","Troy School District","05537","Wattles Elementary School","63","Oakland","LEA School","Elementary","City: Small","05","Mathematics","Students without IEP","English Learners","*","<=20%","*","<=20%"
"18 - 19 School Year","M-STEP","63","Oakland Schools","63150","Troy School District","05537","Wattles Elementary School","63","Oakland","LEA School","Elementary","City: Small","05","Mathematics","Students without IEP","Not English Learners","39.0","23.7","25.4","11.9"
"18 - 19 School Year","M-STEP","63","Oakland Schools","63150","Troy School District","05537","Wattles Elementary School","63","Oakland","LEA School","Elementary","City: Small","05","Mathematics","White, not of Hispanic origin","English Learners","<=50%","<=50%",">=50%","<=50%"
"18 - 19 School Year","M-STEP","63","Oakland Schools","63150","Troy School District","05537","Wattles Elementary School","63","Oakland","LEA School","Elementary","City: Small","05","Mathematics","White, not of Hispanic origin","Female","<=20%","<=20%","*","<=20%"
"18 - 19 School Year","M-STEP","63","Oakland Schools","63150","Troy School District","05537","Wattles Elementary School","63","Oakland","LEA School","Elementary","City: Small","05","Mathematics","White, not of Hispanic origin","Male","<=20%","<=20%","37.0","33.3"
"18 - 19 School Year","M-STEP","63","Oakland Schools","63150","Troy School District","05537","Wattles Elementary School","63","Oakland","LEA School","Elementary","City: Small","05","Mathematics","White, not of Hispanic origin","Not English Learners","18.4","23.7","34.2","23.7"
"18 - 19 School Year","M-STEP","63","Oakland Schools","63150","Troy School District","05537","Wattles Elementary School","63","Oakland","LEA School","Elementary","City: Small","05","Mathematics","White, not of Hispanic origin","Students with Disabilities","<=50%","<=50%","<=50%",">=50%"
"18 - 19 School Year","M-STEP","63","Oakland Schools","63150","Troy School District","05537","Wattles Elementary School","63","Oakland","LEA School","Elementary","City: Small","05","Mathematics","White, not of Hispanic origin","Students without IEP","20.0","22.5","40.0","17.5"
"18 - 19 School Year","M-STEP","63","Oakland Schools","63150","Troy School District","06124","Schroeder Elementary School","63","Oakland","LEA School","Elementary","City: Small","03","Mathematics","Asian","English Learners","*","<=20%","<=20%","<=20%"
"18 - 19 School Year","M-STEP","63","Oakland Schools","63150","Troy School District","06124","Schroeder Elementary School","63","Oakland","LEA School","Elementary","City: Small","03","Mathematics","Asian","Female",">=50%","<=50%","<=50%","<=50%"
"18 - 19 School Year","M-STEP","63","Oakland Schools","63150","Troy School District","06124","Schroeder Elementary School","63","Oakland","LEA School","Elementary","City: Small","03","Mathematics","Asian","Male","*","*","<=10%","<=10%"
"18 - 19 School Year","M-STEP","63","Oakland Schools","63150","Troy School District","06124","Schroeder Elementary School","63","Oakland","LEA School","Elementary","City: Small","03","Mathematics","Asian","Not English Learners",">=80%","<=20%","<=20%","<=20%"
"18 - 19 School Year","M-STEP","63","Oakland Schools","63150","Troy School District","06124","Schroeder Elementary School","63","Oakland","LEA School","Elementary","City: Small","03","Mathematics","Asian","Students with Disabilities","*","*","*","*"
"18 - 19 School Year","M-STEP","63","Oakland Schools","63150","Troy School District","06124","Schroeder Elementary School","63","Oakland","LEA School","Elementary","City: Small","03","Mathematics","Asian","Students without IEP","*","*","<=10%","<=10%"
"18 - 19 School Year","M-STEP","63","Oakland Schools","63150","Troy School District","06124","Schroeder Elementary School","63","Oakland","LEA School","Elementary","City: Small","03","Mathematics","Black, not of Hispanic origin","Female","*","*","*","*"
"18 - 19 School Year","M-STEP","63","Oakland Schools","63150","Troy School District","06124","Schroeder Elementary School","63","Oakland","LEA School","Elementary","City: Small","03","Mathematics","Black, not of Hispanic origin","Male","*","*","*","*"
"18 - 19 School Year","M-STEP","63","Oakland Schools","63150","Troy School District","06124","Schroeder Elementary School","63","Oakland","LEA School","Elementary","City: Small","03","Mathematics","Black, not of Hispanic origin","Not English Learners","*","*","*","*"
"18 - 19 School Year","M-STEP","63","Oakland Schools","63150","Troy School District","06124","Schroeder Elementary School","63","Oakland","LEA School","Elementary","City: Small","03","Mathematics","Black, not of Hispanic origin","Students with Disabilities","*","*","*","*"
"18 - 19 School Year","M-STEP","63","Oakland Schools","63150","Troy School District","06124","Schroeder Elementary School","63","Oakland","LEA School","Elementary","City: Small","03","Mathematics","Black, not of Hispanic origin","Students without IEP","*","*","*","*"
"18 - 19 School Year","M-STEP","63","Oakland Schools","63150","Troy School District","06124","Schroeder Elementary School","63","Oakland","LEA School","Elementary","City: Small","03","Mathematics","Female","English Learners","*","*","*","*"
"18 - 19 School Year","M-STEP","63","Oakland Schools","63150","Troy School District","06124","Schroeder Elementary School","63","Oakland","LEA School","Elementary","City: Small","03","Mathematics","Female","Not English Learners","67.7","12.9","*","<=10%"
"18 - 19 School Year","M-STEP","63","Oakland Schools","63150","Troy School District","06124","Schroeder Elementary School","63","Oakland","LEA School","Elementary","City: Small","03","Mathematics","Female","Students with Disabilities","*","*","*","*"
"18 - 19 School Year","M-STEP","63","Oakland Schools","63150","Troy School District","06124","Schroeder Elementary School","63","Oakland","LEA School","Elementary","City: Small","03","Mathematics","Female","Students without IEP","65.7","20.0","*","<=10%"
"18 - 19 School Year","M-STEP","63","Oakland Schools","63150","Troy School District","06124","Schroeder Elementary School","63","Oakland","LEA School","Elementary","City: Small","03","Mathematics","Hispanic","Female","*","*","*","*"
"18 - 19 School Year","M-STEP","63","Oakland Schools","63150","Troy School District","06124","Schroeder Elementary School","63","Oakland","LEA School","Elementary","City: Small","03","Mathematics","Hispanic","Not English Learners","*","*","*","*"
"18 - 19 School Year","M-STEP","63","Oakland Schools","63150","Troy School District","06124","Schroeder Elementary School","63","Oakland","LEA School","Elementary","City: Small","03","Mathematics","Hispanic","Students without IEP","*","*","*","*"
"18 - 19 School Year","M-STEP","63","Oakland Schools","63150","Troy School District","06124","Schroeder Elementary School","63","Oakland","LEA School","Elementary","City: Small","03","Mathematics","Male","English Learners",">=50%","<=50%","<=50%","<=50%"
"18 - 19 School Year","M-STEP","63","Oakland Schools","63150","Troy School District","06124","Schroeder Elementary School","63","Oakland","LEA School","Elementary","City: Small","03","Mathematics","Male","Not English Learners","*","*","<=10%","<=10%"
"18 - 19 School Year","M-STEP","63","Oakland Schools","63150","Troy School District","06124","Schroeder Elementary School","63","Oakland","LEA School","Elementary","City: Small","03","Mathematics","Male","Students with Disabilities","*","*","*","*"
"18 - 19 School Year","M-STEP","63","Oakland Schools","63150","Troy School District","06124","Schroeder Elementary School","63","Oakland","LEA School","Elementary","City: Small","03","Mathematics","Male","Students without IEP","*","*","<=10%","<=10%"
"18 - 19 School Year","M-STEP","63","Oakland Schools","63150","Troy School District","06124","Schroeder Elementary School","63","Oakland","LEA School","Elementary","City: Small","03","Mathematics","Students with Disabilities","English Learners","*","*","*","*"
"18 - 19 School Year","M-STEP","63","Oakland Schools","63150","Troy School District","06124","Schroeder Elementary School","63","Oakland","LEA School","Elementary","City: Small","03","Mathematics","Students with Disabilities","Not English Learners","*","*","*","*"
"18 - 19 School Year","M-STEP","63","Oakland Schools","63150","Troy School District","06124","Schroeder Elementary School","63","Oakland","LEA School","Elementary","City: Small","03","Mathematics","Students without IEP","English Learners","*","*","<=20%","<=20%"
"18 - 19 School Year","M-STEP","63","Oakland Schools","63150","Troy School District","06124","Schroeder Elementary School","63","Oakland","LEA School","Elementary","City: Small","03","Mathematics","Students without IEP","Not English Learners","68.3","23.8","*","<=5%"
"18 - 19 School Year","M-STEP","63","Oakland Schools","63150","Troy School District","06124","Schroeder Elementary School","63","Oakland","LEA School","Elementary","City: Small","03","Mathematics","White, not of Hispanic origin","English Learners","*","*","*","*"
"18 - 19 School Year","M-STEP","63","Oakland Schools","63150","Troy School District","06124","Schroeder Elementary School","63","Oakland","LEA School","Elementary","City: Small","03","Mathematics","White, not of Hispanic origin","Female","*","*","<=20%","<=20%"
"18 - 19 School Year","M-STEP","63","Oakland Schools","63150","Troy School District","06124","Schroeder Elementary School","63","Oakland","LEA School","Elementary","City: Small","03","Mathematics","White, not of Hispanic origin","Male","*","*","<=20%","<=20%"
"18 - 19 School Year","M-STEP","63","Oakland Schools","63150","Troy School District","06124","Schroeder Elementary School","63","Oakland","LEA School","Elementary","City: Small","03","Mathematics","White, not of Hispanic origin","Not English Learners","56.8","27.0","*","<=10%"
"18 - 19 School Year","M-STEP","63","Oakland Schools","63150","Troy School District","06124","Schroeder Elementary School","63","Oakland","LEA School","Elementary","City: Small","03","Mathematics","White, not of Hispanic origin","Students with Disabilities","*","*","*","*"
"18 - 19 School Year","M-STEP","63","Oakland Schools","63150","Troy School District","06124","Schroeder Elementary School","63","Oakland","LEA School","Elementary","City: Small","03","Mathematics","White, not of Hispanic origin","Students without IEP","*","*","<=10%","<=10%"
"18 - 19 School Year","M-STEP","63","Oakland Schools","63150","Troy School District","06124","Schroeder Elementary School","63","Oakland","LEA School","Elementary","City: Small","04","Mathematics","Asian","English Learners","*","<=20%","<=20%","<=20%"
"18 - 19 School Year","M-STEP","63","Oakland Schools","63150","Troy School District","06124","Schroeder Elementary School","63","Oakland","LEA School","Elementary","City: Small","04","Mathematics","Asian","Female",">=80%","<=20%","<=20%","<=20%"
"18 - 19 School Year","M-STEP","63","Oakland Schools","63150","Troy School District","06124","Schroeder Elementary School","63","Oakland","LEA School","Elementary","City: Small","04","Mathematics","Asian","Male","*","*","<=20%","<=20%"
"18 - 19 School Year","M-STEP","63","Oakland Schools","63150","Troy School District","06124","Schroeder Elementary School","63","Oakland","LEA School","Elementary","City: Small","04","Mathematics","Asian","Not English Learners",">=80%","<=20%","<=20%","<=20%"
"18 - 19 School Year","M-STEP","63","Oakland Schools","63150","Troy School District","06124","Schroeder Elementary School","63","Oakland","LEA School","Elementary","City: Small","04","Mathematics","Asian","Students with Disabilities","*","*","*","*"
"18 - 19 School Year","M-STEP","63","Oakland Schools","63150","Troy School District","06124","Schroeder Elementary School","63","Oakland","LEA School","Elementary","City: Small","04","Mathematics","Asian","Students without IEP","*","*","<=10%","<=10%"
"18 - 19 School Year","M-STEP","63","Oakland Schools","63150","Troy School District","06124","Schroeder Elementary School","63","Oakland","LEA School","Elementary","City: Small","04","Mathematics","Black, not of Hispanic origin","Female","*","*","*","*"
"18 - 19 School Year","M-STEP","63","Oakland Schools","63150","Troy School District","06124","Schroeder Elementary School","63","Oakland","LEA School","Elementary","City: Small","04","Mathematics","Black, not of Hispanic origin","Not English Learners","*","*","*","*"
"18 - 19 School Year","M-STEP","63","Oakland Schools","63150","Troy School District","06124","Schroeder Elementary School","63","Oakland","LEA School","Elementary","City: Small","04","Mathematics","Black, not of Hispanic origin","Students without IEP","*","*","*","*"
"18 - 19 School Year","M-STEP","63","Oakland Schools","63150","Troy School District","06124","Schroeder Elementary School","63","Oakland","LEA School","Elementary","City: Small","04","Mathematics","Female","English Learners","*","*","*","*"
"18 - 19 School Year","M-STEP","63","Oakland Schools","63150","Troy School District","06124","Schroeder Elementary School","63","Oakland","LEA School","Elementary","City: Small","04","Mathematics","Female","Not English Learners","53.1","31.3","<=10%","<=10%"
"18 - 19 School Year","M-STEP","63","Oakland Schools","63150","Troy School District","06124","Schroeder Elementary School","63","Oakland","LEA School","Elementary","City: Small","04","Mathematics","Female","Students with Disabilities","*","*","*","*"
"18 - 19 School Year","M-STEP","63","Oakland Schools","63150","Troy School District","06124","Schroeder Elementary School","63","Oakland","LEA School","Elementary","City: Small","04","Mathematics","Female","Students without IEP","60.0","28.6","<=10%","<=10%"
"18 - 19 School Year","M-STEP","63","Oakland Schools","63150","Troy School District","06124","Schroeder Elementary School","63","Oakland","LEA School","Elementary","City: Small","04","Mathematics","Hispanic","English Learners","*","*","*","*"
"18 - 19 School Year","M-STEP","63","Oakland Schools","63150","Troy School District","06124","Schroeder Elementary School","63","Oakland","LEA School","Elementary","City: Small","04","Mathematics","Hispanic","Male","*","*","*","*"
"18 - 19 School Year","M-STEP","63","Oakland Schools","63150","Troy School District","06124","Schroeder Elementary School","63","Oakland","LEA School","Elementary","City: Small","04","Mathematics","Hispanic","Students without IEP","*","*","*","*"
"18 - 19 School Year","M-STEP","63","Oakland Schools","63150","Troy School District","06124","Schroeder Elementary School","63","Oakland","LEA School","Elementary","City: Small","04","Mathematics","Male","English Learners","<=50%","<=50%","<=50%","<=50%"
"18 - 19 School Year","M-STEP","63","Oakland Schools","63150","Troy School District","06124","Schroeder Elementary School","63","Oakland","LEA School","Elementary","City: Small","04","Mathematics","Male","Not English Learners","*","*","<=20%","<=20%"
"18 - 19 School Year","M-STEP","63","Oakland Schools","63150","Troy School District","06124","Schroeder Elementary School","63","Oakland","LEA School","Elementary","City: Small","04","Mathematics","Male","Students with Disabilities","*","*","*","*"
"18 - 19 School Year","M-STEP","63","Oakland Schools","63150","Troy School District","06124","Schroeder Elementary School","63","Oakland","LEA School","Elementary","City: Small","04","Mathematics","Male","Students without IEP","66.7","19.4","*","<=10%"
"18 - 19 School Year","M-STEP","63","Oakland Schools","63150","Troy School District","06124","Schroeder Elementary School","63","Oakland","LEA School","Elementary","City: Small","04","Mathematics","Students with Disabilities","English Learners","*","*","*","*"
"18 - 19 School Year","M-STEP","63","Oakland Schools","63150","Troy School District","06124","Schroeder Elementary School","63","Oakland","LEA School","Elementary","City: Small","04","Mathematics","Students with Disabilities","Not English Learners","*","*","*","*"
"18 - 19 School Year","M-STEP","63","Oakland Schools","63150","Troy School District","06124","Schroeder Elementary School","63","Oakland","LEA School","Elementary","City: Small","04","Mathematics","Students without IEP","English Learners",">=50%","<=50%","<=50%","<=50%"
"18 - 19 School Year","M-STEP","63","Oakland Schools","63150","Troy School District","06124","Schroeder Elementary School","63","Oakland","LEA School","Elementary","City: Small","04","Mathematics","Students without IEP","Not English Learners","59.6","28.1","<=10%","<=10%"
"18 - 19 School Year","M-STEP","63","Oakland Schools","63150","Troy School District","06124","Schroeder Elementary School","63","Oakland","LEA School","Elementary","City: Small","04","Mathematics","Two or More Races","Female","*","*","*","*"
"18 - 19 School Year","M-STEP","63","Oakland Schools","63150","Troy School District","06124","Schroeder Elementary School","63","Oakland","LEA School","Elementary","City: Small","04","Mathematics","Two or More Races","Male","*","*","*","*"
"18 - 19 School Year","M-STEP","63","Oakland Schools","63150","Troy School District","06124","Schroeder Elementary School","63","Oakland","LEA School","Elementary","City: Small","04","Mathematics","Two or More Races","Not English Learners","*","*","*","*"
"18 - 19 School Year","M-STEP","63","Oakland Schools","63150","Troy School District","06124","Schroeder Elementary School","63","Oakland","LEA School","Elementary","City: Small","04","Mathematics","Two or More Races","Students without IEP","*","*","*","*"
"18 - 19 School Year","M-STEP","63","Oakland Schools","63150","Troy School District","06124","Schroeder Elementary School","63","Oakland","LEA School","Elementary","City: Small","04","Mathematics","White, not of Hispanic origin","English Learners","*","*","*","*"
"18 - 19 School Year","M-STEP","63","Oakland Schools","63150","Troy School District","06124","Schroeder Elementary School","63","Oakland","LEA School","Elementary","City: Small","04","Mathematics","White, not of Hispanic origin","Female","*","*","<=20%","<=20%"
"18 - 19 School Year","M-STEP","63","Oakland Schools","63150","Troy School District","06124","Schroeder Elementary School","63","Oakland","LEA School","Elementary","City: Small","04","Mathematics","White, not of Hispanic origin","Male","*","<=20%","<=20%","<=20%"
"18 - 19 School Year","M-STEP","63","Oakland Schools","63150","Troy School District","06124","Schroeder Elementary School","63","Oakland","LEA School","Elementary","City: Small","04","Mathematics","White, not of Hispanic origin","Not English Learners","42.4","39.4","<=10%","<=10%"
"18 - 19 School Year","M-STEP","63","Oakland Schools","63150","Troy School District","06124","Schroeder Elementary School","63","Oakland","LEA School","Elementary","City: Small","04","Mathematics","White, not of Hispanic origin","Students with Disabilities","*","*","*","*"
"18 - 19 School Year","M-STEP","63","Oakland Schools","63150","Troy School District","06124","Schroeder Elementary School","63","Oakland","LEA School","Elementary","City: Small","04","Mathematics","White, not of Hispanic origin","Students without IEP","*","*","<=20%","<=20%"
"18 - 19 School Year","M-STEP","63","Oakland Schools","63150","Troy School District","06124","Schroeder Elementary School","63","Oakland","LEA School","Elementary","City: Small","05","Mathematics","American Indian or Alaska Native","Male","*","*","*","*"
"18 - 19 School Year","M-STEP","63","Oakland Schools","63150","Troy School District","06124","Schroeder Elementary School","63","Oakland","LEA School","Elementary","City: Small","05","Mathematics","American Indian or Alaska Native","Not English Learners","*","*","*","*"
"18 - 19 School Year","M-STEP","63","Oakland Schools","63150","Troy School District","06124","Schroeder Elementary School","63","Oakland","LEA School","Elementary","City: Small","05","Mathematics","American Indian or Alaska Native","Students with Disabilities","*","*","*","*"
"18 - 19 School Year","M-STEP","63","Oakland Schools","63150","Troy School District","06124","Schroeder Elementary School","63","Oakland","LEA School","Elementary","City: Small","05","Mathematics","Asian","English Learners","*","*","*","*"
"18 - 19 School Year","M-STEP","63","Oakland Schools","63150","Troy School District","06124","Schroeder Elementary School","63","Oakland","LEA School","Elementary","City: Small","05","Mathematics","Asian","Female",">=80%","<=20%","<=20%","<=20%"
"18 - 19 School Year","M-STEP","63","Oakland Schools","63150","Troy School District","06124","Schroeder Elementary School","63","Oakland","LEA School","Elementary","City: Small","05","Mathematics","Asian","Male",">=80%","<=20%","<=20%","<=20%"
"18 - 19 School Year","M-STEP","63","Oakland Schools","63150","Troy School District","06124","Schroeder Elementary School","63","Oakland","LEA School","Elementary","City: Small","05","Mathematics","Asian","Not English Learners",">=90%","<=10%","<=10%","<=10%"
"18 - 19 School Year","M-STEP","63","Oakland Schools","63150","Troy School District","06124","Schroeder Elementary School","63","Oakland","LEA School","Elementary","City: Small","05","Mathematics","Asian","Students with Disabilities","*","*","*","*"
"18 - 19 School Year","M-STEP","63","Oakland Schools","63150","Troy School District","06124","Schroeder Elementary School","63","Oakland","LEA School","Elementary","City: Small","05","Mathematics","Asian","Students without IEP",">=90%","<=10%","<=10%","<=10%"
"18 - 19 School Year","M-STEP","63","Oakland Schools","63150","Troy School District","06124","Schroeder Elementary School","63","Oakland","LEA School","Elementary","City: Small","05","Mathematics","Female","English Learners","*","*","*","*"
"18 - 19 School Year","M-STEP","63","Oakland Schools","63150","Troy School District","06124","Schroeder Elementary School","63","Oakland","LEA School","Elementary","City: Small","05","Mathematics","Female","Not English Learners","*","<=10%","<=10%","<=10%"
"18 - 19 School Year","M-STEP","63","Oakland Schools","63150","Troy School District","06124","Schroeder Elementary School","63","Oakland","LEA School","Elementary","City: Small","05","Mathematics","Female","Students with Disabilities","*","*","*","*"
"18 - 19 School Year","M-STEP","63","Oakland Schools","63150","Troy School District","06124","Schroeder Elementary School","63","Oakland","LEA School","Elementary","City: Small","05","Mathematics","Female","Students without IEP","*","*","<=10%","<=10%"
"18 - 19 School Year","M-STEP","63","Oakland Schools","63150","Troy School District","06124","Schroeder Elementary School","63","Oakland","LEA School","Elementary","City: Small","05","Mathematics","Hispanic","English Learners","*","*","*","*"
"18 - 19 School Year","M-STEP","63","Oakland Schools","63150","Troy School District","06124","Schroeder Elementary School","63","Oakland","LEA School","Elementary","City: Small","05","Mathematics","Hispanic","Female","*","*","*","*"
"18 - 19 School Year","M-STEP","63","Oakland Schools","63150","Troy School District","06124","Schroeder Elementary School","63","Oakland","LEA School","Elementary","City: Small","05","Mathematics","Hispanic","Male","*","*","*","*"
"18 - 19 School Year","M-STEP","63","Oakland Schools","63150","Troy School District","06124","Schroeder Elementary School","63","Oakland","LEA School","Elementary","City: Small","05","Mathematics","Hispanic","Students without IEP","*","*","*","*"
"18 - 19 School Year","M-STEP","63","Oakland Schools","63150","Troy School District","06124","Schroeder Elementary School","63","Oakland","LEA School","Elementary","City: Small","05","Mathematics","Male","English Learners","*","*","*","*"
"18 - 19 School Year","M-STEP","63","Oakland Schools","63150","Troy School District","06124","Schroeder Elementary School","63","Oakland","LEA School","Elementary","City: Small","05","Mathematics","Male","Not English Learners","60.5","26.3","*","<=10%"
"18 - 19 School Year","M-STEP","63","Oakland Schools","63150","Troy School District","06124","Schroeder Elementary School","63","Oakland","LEA School","Elementary","City: Small","05","Mathematics","Male","Students with Disabilities","*","*","*","*"
"18 - 19 School Year","M-STEP","63","Oakland Schools","63150","Troy School District","06124","Schroeder Elementary School","63","Oakland","LEA School","Elementary","City: Small","05","Mathematics","Male","Students without IEP","*","*","<=10%","<=10%"
"18 - 19 School Year","M-STEP","63","Oakland Schools","63150","Troy School District","06124","Schroeder Elementary School","63","Oakland","LEA School","Elementary","City: Small","05","Mathematics","Students with Disabilities","English Learners","*","*","*","*"
"18 - 19 School Year","M-STEP","63","Oakland Schools","63150","Troy School District","06124","Schroeder Elementary School","63","Oakland","LEA School","Elementary","City: Small","05","Mathematics","Students with Disabilities","Not English Learners","*","*","*","*"
"18 - 19 School Year","M-STEP","63","Oakland Schools","63150","Troy School District","06124","Schroeder Elementary School","63","Oakland","LEA School","Elementary","City: Small","05","Mathematics","Students without IEP","English Learners","*","*","*","*"
"18 - 19 School Year","M-STEP","63","Oakland Schools","63150","Troy School District","06124","Schroeder Elementary School","63","Oakland","LEA School","Elementary","City: Small","05","Mathematics","Students without IEP","Not English Learners","78.5","15.4","*","<=5%"
"18 - 19 School Year","M-STEP","63","Oakland Schools","63150","Troy School District","06124","Schroeder Elementary School","63","Oakland","LEA School","Elementary","City: Small","05","Mathematics","White, not of Hispanic origin","English Learners","*","*","*","*"
"18 - 19 School Year","M-STEP","63","Oakland Schools","63150","Troy School District","06124","Schroeder Elementary School","63","Oakland","LEA School","Elementary","City: Small","05","Mathematics","White, not of Hispanic origin","Female",">=50%","<=50%","<=50%","<=50%"
"18 - 19 School Year","M-STEP","63","Oakland Schools","63150","Troy School District","06124","Schroeder Elementary School","63","Oakland","LEA School","Elementary","City: Small","05","Mathematics","White, not of Hispanic origin","Male","37.5","37.5","*","<=20%"
"18 - 19 School Year","M-STEP","63","Oakland Schools","63150","Troy School District","06124","Schroeder Elementary School","63","Oakland","LEA School","Elementary","City: Small","05","Mathematics","White, not of Hispanic origin","Not English Learners","44.1","32.4","*","<=10%"
"18 - 19 School Year","M-STEP","63","Oakland Schools","63150","Troy School District","06124","Schroeder Elementary School","63","Oakland","LEA School","Elementary","City: Small","05","Mathematics","White, not of Hispanic origin","Students with Disabilities","*","*","*","*"
"18 - 19 School Year","M-STEP","63","Oakland Schools","63150","Troy School District","06124","Schroeder Elementary School","63","Oakland","LEA School","Elementary","City: Small","05","Mathematics","White, not of Hispanic origin","Students without IEP","*","*","<=20%","<=20%"
"18 - 19 School Year","M-STEP","63","Oakland Schools","63150","Troy School District","06364","Costello Elementary School","63","Oakland","LEA School","Elementary","City: Small","03","Mathematics","Asian","English Learners",">=50%","<=50%","<=50%","<=50%"
"18 - 19 School Year","M-STEP","63","Oakland Schools","63150","Troy School District","06364","Costello Elementary School","63","Oakland","LEA School","Elementary","City: Small","03","Mathematics","Asian","Female",">=50%","<=50%","<=50%","<=50%"
"18 - 19 School Year","M-STEP","63","Oakland Schools","63150","Troy School District","06364","Costello Elementary School","63","Oakland","LEA School","Elementary","City: Small","03","Mathematics","Asian","Male",">=50%","<=50%","<=50%","<=50%"
"18 - 19 School Year","M-STEP","63","Oakland Schools","63150","Troy School District","06364","Costello Elementary School","63","Oakland","LEA School","Elementary","City: Small","03","Mathematics","Asian","Not English Learners",">=50%","<=50%","<=50%","<=50%"
"18 - 19 School Year","M-STEP","63","Oakland Schools","63150","Troy School District","06364","Costello Elementary School","63","Oakland","LEA School","Elementary","City: Small","03","Mathematics","Asian","Students with Disabilities","*","*","*","*"
"18 - 19 School Year","M-STEP","63","Oakland Schools","63150","Troy School District","06364","Costello Elementary School","63","Oakland","LEA School","Elementary","City: Small","03","Mathematics","Asian","Students without IEP","*","<=20%","<=20%","<=20%"
"18 - 19 School Year","M-STEP","63","Oakland Schools","63150","Troy School District","06364","Costello Elementary School","63","Oakland","LEA School","Elementary","City: Small","03","Mathematics","Black, not of Hispanic origin","Male","*","*","*","*"
"18 - 19 School Year","M-STEP","63","Oakland Schools","63150","Troy School District","06364","Costello Elementary School","63","Oakland","LEA School","Elementary","City: Small","03","Mathematics","Black, not of Hispanic origin","Not English Learners","*","*","*","*"
"18 - 19 School Year","M-STEP","63","Oakland Schools","63150","Troy School District","06364","Costello Elementary School","63","Oakland","LEA School","Elementary","City: Small","03","Mathematics","Black, not of Hispanic origin","Students without IEP","*","*","*","*"
"18 - 19 School Year","M-STEP","63","Oakland Schools","63150","Troy School District","06364","Costello Elementary School","63","Oakland","LEA School","Elementary","City: Small","03","Mathematics","Female","English Learners","*","*","*","*"
"18 - 19 School Year","M-STEP","63","Oakland Schools","63150","Troy School District","06364","Costello Elementary School","63","Oakland","LEA School","Elementary","City: Small","03","Mathematics","Female","Not English Learners","52.2","26.1","<=20%","<=20%"
"18 - 19 School Year","M-STEP","63","Oakland Schools","63150","Troy School District","06364","Costello Elementary School","63","Oakland","LEA School","Elementary","City: Small","03","Mathematics","Female","Students with Disabilities","*","*","*","*"
"18 - 19 School Year","M-STEP","63","Oakland Schools","63150","Troy School District","06364","Costello Elementary School","63","Oakland","LEA School","Elementary","City: Small","03","Mathematics","Female","Students without IEP","46.4","32.1","<=20%","<=20%"
"18 - 19 School Year","M-STEP","63","Oakland Schools","63150","Troy School District","06364","Costello Elementary School","63","Oakland","LEA School","Elementary","City: Small","03","Mathematics","Hispanic","English Learners","*","*","*","*"
"18 - 19 School Year","M-STEP","63","Oakland Schools","63150","Troy School District","06364","Costello Elementary School","63","Oakland","LEA School","Elementary","City: Small","03","Mathematics","Hispanic","Female","*","*","*","*"
"18 - 19 School Year","M-STEP","63","Oakland Schools","63150","Troy School District","06364","Costello Elementary School","63","Oakland","LEA School","Elementary","City: Small","03","Mathematics","Hispanic","Male","*","*","*","*"
"18 - 19 School Year","M-STEP","63","Oakland Schools","63150","Troy School District","06364","Costello Elementary School","63","Oakland","LEA School","Elementary","City: Small","03","Mathematics","Hispanic","Not English Learners","*","*","*","*"
"18 - 19 School Year","M-STEP","63","Oakland Schools","63150","Troy School District","06364","Costello Elementary School","63","Oakland","LEA School","Elementary","City: Small","03","Mathematics","Hispanic","Students without IEP","*","*","*","*"
"18 - 19 School Year","M-STEP","63","Oakland Schools","63150","Troy School District","06364","Costello Elementary School","63","Oakland","LEA School","Elementary","City: Small","03","Mathematics","Male","English Learners","<=50%","<=50%","<=50%","<=50%"
"18 - 19 School Year","M-STEP","63","Oakland Schools","63150","Troy School District","06364","Costello Elementary School","63","Oakland","LEA School","Elementary","City: Small","03","Mathematics","Male","Not English Learners","46.4","28.6","<=20%","<=20%"
"18 - 19 School Year","M-STEP","63","Oakland Schools","63150","Troy School District","06364","Costello Elementary School","63","Oakland","LEA School","Elementary","City: Small","03","Mathematics","Male","Students with Disabilities","*","*","*","*"
"18 - 19 School Year","M-STEP","63","Oakland Schools","63150","Troy School District","06364","Costello Elementary School","63","Oakland","LEA School","Elementary","City: Small","03","Mathematics","Male","Students without IEP","47.2","27.8","*","<=10%"
"18 - 19 School Year","M-STEP","63","Oakland Schools","63150","Troy School District","06364","Costello Elementary School","63","Oakland","LEA School","Elementary","City: Small","03","Mathematics","Native Hawaiian or Other Pacific Islander","English Learners","*","*","*","*"
"18 - 19 School Year","M-STEP","63","Oakland Schools","63150","Troy School District","06364","Costello Elementary School","63","Oakland","LEA School","Elementary","City: Small","03","Mathematics","Native Hawaiian or Other Pacific Islander","Female","*","*","*","*"
"18 - 19 School Year","M-STEP","63","Oakland Schools","63150","Troy School District","06364","Costello Elementary School","63","Oakland","LEA School","Elementary","City: Small","03","Mathematics","Native Hawaiian or Other Pacific Islander","Male","*","*","*","*"
"18 - 19 School Year","M-STEP","63","Oakland Schools","63150","Troy School District","06364","Costello Elementary School","63","Oakland","LEA School","Elementary","City: Small","03","Mathematics","Native Hawaiian or Other Pacific Islander","Not English Learners","*","*","*","*"
"18 - 19 School Year","M-STEP","63","Oakland Schools","63150","Troy School District","06364","Costello Elementary School","63","Oakland","LEA School","Elementary","City: Small","03","Mathematics","Native Hawaiian or Other Pacific Islander","Students without IEP","*","*","*","*"
"18 - 19 School Year","M-STEP","63","Oakland Schools","63150","Troy School District","06364","Costello Elementary School","63","Oakland","LEA School","Elementary","City: Small","03","Mathematics","Students with Disabilities","English Learners","*","*","*","*"
"18 - 19 School Year","M-STEP","63","Oakland Schools","63150","Troy School District","06364","Costello Elementary School","63","Oakland","LEA School","Elementary","City: Small","03","Mathematics","Students with Disabilities","Not English Learners","*","*","*","*"
"18 - 19 School Year","M-STEP","63","Oakland Schools","63150","Troy School District","06364","Costello Elementary School","63","Oakland","LEA School","Elementary","City: Small","03","Mathematics","Students without IEP","English Learners","31.3","31.3","*","<=20%"
"18 - 19 School Year","M-STEP","63","Oakland Schools","63150","Troy School District","06364","Costello Elementary School","63","Oakland","LEA School","Elementary","City: Small","03","Mathematics","Students without IEP","Not English Learners","52.1","29.2","*","<=10%"
"18 - 19 School Year","M-STEP","63","Oakland Schools","63150","Troy School District","06364","Costello Elementary School","63","Oakland","LEA School","Elementary","City: Small","03","Mathematics","Two or More Races","Male","*","*","*","*"
"18 - 19 School Year","M-STEP","63","Oakland Schools","63150","Troy School District","06364","Costello Elementary School","63","Oakland","LEA School","Elementary","City: Small","03","Mathematics","Two or More Races","Not English Learners","*","*","*","*"
"18 - 19 School Year","M-STEP","63","Oakland Schools","63150","Troy School District","06364","Costello Elementary School","63","Oakland","LEA School","Elementary","City: Small","03","Mathematics","Two or More Races","Students with Disabilities","*","*","*","*"
"18 - 19 School Year","M-STEP","63","Oakland Schools","63150","Troy School District","06364","Costello Elementary School","63","Oakland","LEA School","Elementary","City: Small","03","Mathematics","White, not of Hispanic origin","English Learners","*","*","*","*"
"18 - 19 School Year","M-STEP","63","Oakland Schools","63150","Troy School District","06364","Costello Elementary School","63","Oakland","LEA School","Elementary","City: Small","03","Mathematics","White, not of Hispanic origin","Female","31.3","37.5","<=20%","<=20%"
"18 - 19 School Year","M-STEP","63","Oakland Schools","63150","Troy School District","06364","Costello Elementary School","63","Oakland","LEA School","Elementary","City: Small","03","Mathematics","White, not of Hispanic origin","Male","28.6","42.9","*","<=20%"
"18 - 19 School Year","M-STEP","63","Oakland Schools","63150","Troy School District","06364","Costello Elementary School","63","Oakland","LEA School","Elementary","City: Small","03","Mathematics","White, not of Hispanic origin","Not English Learners","34.4","40.6","*","<=10%"
"18 - 19 School Year","M-STEP","63","Oakland Schools","63150","Troy School District","06364","Costello Elementary School","63","Oakland","LEA School","Elementary","City: Small","03","Mathematics","White, not of Hispanic origin","Students with Disabilities","*","*","*","*"
"18 - 19 School Year","M-STEP","63","Oakland Schools","63150","Troy School District","06364","Costello Elementary School","63","Oakland","LEA School","Elementary","City: Small","03","Mathematics","White, not of Hispanic origin","Students without IEP","31.4","42.9","*","<=10%"
"18 - 19 School Year","M-STEP","63","Oakland Schools","63150","Troy School District","06364","Costello Elementary School","63","Oakland","LEA School","Elementary","City: Small","04","Mathematics","Asian","English Learners","*","*","*","*"
"18 - 19 School Year","M-STEP","63","Oakland Schools","63150","Troy School District","06364","Costello Elementary School","63","Oakland","LEA School","Elementary","City: Small","04","Mathematics","Asian","Female","*","*","*","*"
"18 - 19 School Year","M-STEP","63","Oakland Schools","63150","Troy School District","06364","Costello Elementary School","63","Oakland","LEA School","Elementary","City: Small","04","Mathematics","Asian","Male","*","*","*","*"
"18 - 19 School Year","M-STEP","63","Oakland Schools","63150","Troy School District","06364","Costello Elementary School","63","Oakland","LEA School","Elementary","City: Small","04","Mathematics","Asian","Not English Learners","*","*","*","*"
"18 - 19 School Year","M-STEP","63","Oakland Schools","63150","Troy School District","06364","Costello Elementary School","63","Oakland","LEA School","Elementary","City: Small","04","Mathematics","Asian","Students without IEP",">=50%","<=50%","<=50%","<=50%"
"18 - 19 School Year","M-STEP","63","Oakland Schools","63150","Troy School District","06364","Costello Elementary School","63","Oakland","LEA School","Elementary","City: Small","04","Mathematics","Black, not of Hispanic origin","Female","*","*","*","*"
"18 - 19 School Year","M-STEP","63","Oakland Schools","63150","Troy School District","06364","Costello Elementary School","63","Oakland","LEA School","Elementary","City: Small","04","Mathematics","Black, not of Hispanic origin","Male","*","*","*","*"
"18 - 19 School Year","M-STEP","63","Oakland Schools","63150","Troy School District","06364","Costello Elementary School","63","Oakland","LEA School","Elementary","City: Small","04","Mathematics","Black, not of Hispanic origin","Not English Learners","*","*","*","*"
"18 - 19 School Year","M-STEP","63","Oakland Schools","63150","Troy School District","06364","Costello Elementary School","63","Oakland","LEA School","Elementary","City: Small","04","Mathematics","Black, not of Hispanic origin","Students without IEP","*","*","*","*"
"18 - 19 School Year","M-STEP","63","Oakland Schools","63150","Troy School District","06364","Costello Elementary School","63","Oakland","LEA School","Elementary","City: Small","04","Mathematics","Female","English Learners","*","*","*","*"
"18 - 19 School Year","M-STEP","63","Oakland Schools","63150","Troy School District","06364","Costello Elementary School","63","Oakland","LEA School","Elementary","City: Small","04","Mathematics","Female","Not English Learners","*","*","<=20%","<=20%"
"18 - 19 School Year","M-STEP","63","Oakland Schools","63150","Troy School District","06364","Costello Elementary School","63","Oakland","LEA School","Elementary","City: Small","04","Mathematics","Female","Students with Disabilities","*","*","*","*"
"18 - 19 School Year","M-STEP","63","Oakland Schools","63150","Troy School District","06364","Costello Elementary School","63","Oakland","LEA School","Elementary","City: Small","04","Mathematics","Female","Students without IEP","32.0","44.0","*","<=20%"
"18 - 19 School Year","M-STEP","63","Oakland Schools","63150","Troy School District","06364","Costello Elementary School","63","Oakland","LEA School","Elementary","City: Small","04","Mathematics","Hispanic","English Learners","*","*","*","*"
"18 - 19 School Year","M-STEP","63","Oakland Schools","63150","Troy School District","06364","Costello Elementary School","63","Oakland","LEA School","Elementary","City: Small","04","Mathematics","Hispanic","Female","*","*","*","*"
"18 - 19 School Year","M-STEP","63","Oakland Schools","63150","Troy School District","06364","Costello Elementary School","63","Oakland","LEA School","Elementary","City: Small","04","Mathematics","Hispanic","Male","*","*","*","*"
"18 - 19 School Year","M-STEP","63","Oakland Schools","63150","Troy School District","06364","Costello Elementary School","63","Oakland","LEA School","Elementary","City: Small","04","Mathematics","Hispanic","Not English Learners","*","*","*","*"
"18 - 19 School Year","M-STEP","63","Oakland Schools","63150","Troy School District","06364","Costello Elementary School","63","Oakland","LEA School","Elementary","City: Small","04","Mathematics","Hispanic","Students without IEP","*","*","*","*"
"18 - 19 School Year","M-STEP","63","Oakland Schools","63150","Troy School District","06364","Costello Elementary School","63","Oakland","LEA School","Elementary","City: Small","04","Mathematics","Male","English Learners","*","*","*","*"
"18 - 19 School Year","M-STEP","63","Oakland Schools","63150","Troy School District","06364","Costello Elementary School","63","Oakland","LEA School","Elementary","City: Small","04","Mathematics","Male","Not English Learners","40.9","31.8","*","<=20%"
"18 - 19 School Year","M-STEP","63","Oakland Schools","63150","Troy School District","06364","Costello Elementary School","63","Oakland","LEA School","Elementary","City: Small","04","Mathematics","Male","Students without IEP","41.7","29.2","*","<=20%"
"18 - 19 School Year","M-STEP","63","Oakland Schools","63150","Troy School District","06364","Costello Elementary School","63","Oakland","LEA School","Elementary","City: Small","04","Mathematics","Students with Disabilities","Not English Learners","*","*","*","*"
"18 - 19 School Year","M-STEP","63","Oakland Schools","63150","Troy School District","06364","Costello Elementary School","63","Oakland","LEA School","Elementary","City: Small","04","Mathematics","Students without IEP","English Learners","*","*","*","*"
"18 - 19 School Year","M-STEP","63","Oakland Schools","63150","Troy School District","06364","Costello Elementary School","63","Oakland","LEA School","Elementary","City: Small","04","Mathematics","Students without IEP","Not English Learners","39.0","39.0","*","<=10%"
"18 - 19 School Year","M-STEP","63","Oakland Schools","63150","Troy School District","06364","Costello Elementary School","63","Oakland","LEA School","Elementary","City: Small","04","Mathematics","Two or More Races","Female","*","*","*","*"
"18 - 19 School Year","M-STEP","63","Oakland Schools","63150","Troy School District","06364","Costello Elementary School","63","Oakland","LEA School","Elementary","City: Small","04","Mathematics","Two or More Races","Not English Learners","*","*","*","*"
"18 - 19 School Year","M-STEP","63","Oakland Schools","63150","Troy School District","06364","Costello Elementary School","63","Oakland","LEA School","Elementary","City: Small","04","Mathematics","Two or More Races","Students without IEP","*","*","*","*"
"18 - 19 School Year","M-STEP","63","Oakland Schools","63150","Troy School District","06364","Costello Elementary School","63","Oakland","LEA School","Elementary","City: Small","04","Mathematics","White, not of Hispanic origin","English Learners","*","*","*","*"
"18 - 19 School Year","M-STEP","63","Oakland Schools","63150","Troy School District","06364","Costello Elementary School","63","Oakland","LEA School","Elementary","City: Small","04","Mathematics","White, not of Hispanic origin","Female","<=50%","<=50%","<=50%","<=50%"
"18 - 19 School Year","M-STEP","63","Oakland Schools","63150","Troy School District","06364","Costello Elementary School","63","Oakland","LEA School","Elementary","City: Small","04","Mathematics","White, not of Hispanic origin","Male","<=50%","<=50%","<=50%","<=50%"
"18 - 19 School Year","M-STEP","63","Oakland Schools","63150","Troy School District","06364","Costello Elementary School","63","Oakland","LEA School","Elementary","City: Small","04","Mathematics","White, not of Hispanic origin","Not English Learners","40.0","36.0","*","<=20%"
"18 - 19 School Year","M-STEP","63","Oakland Schools","63150","Troy School District","06364","Costello Elementary School","63","Oakland","LEA School","Elementary","City: Small","04","Mathematics","White, not of Hispanic origin","Students with Disabilities","*","*","*","*"
"18 - 19 School Year","M-STEP","63","Oakland Schools","63150","Troy School District","06364","Costello Elementary School","63","Oakland","LEA School","Elementary","City: Small","04","Mathematics","White, not of Hispanic origin","Students without IEP","37.0","37.0","*","<=20%"
"18 - 19 School Year","M-STEP","63","Oakland Schools","63150","Troy School District","06364","Costello Elementary School","63","Oakland","LEA School","Elementary","City: Small","05","Mathematics","Asian","English Learners","*","*","*","*"
"18 - 19 School Year","M-STEP","63","Oakland Schools","63150","Troy School District","06364","Costello Elementary School","63","Oakland","LEA School","Elementary","City: Small","05","Mathematics","Asian","Female","*","*","*","*"
"18 - 19 School Year","M-STEP","63","Oakland Schools","63150","Troy School District","06364","Costello Elementary School","63","Oakland","LEA School","Elementary","City: Small","05","Mathematics","Asian","Male","*","*","*","*"
"18 - 19 School Year","M-STEP","63","Oakland Schools","63150","Troy School District","06364","Costello Elementary School","63","Oakland","LEA School","Elementary","City: Small","05","Mathematics","Asian","Not English Learners",">=50%","<=50%","<=50%","<=50%"
"18 - 19 School Year","M-STEP","63","Oakland Schools","63150","Troy School District","06364","Costello Elementary School","63","Oakland","LEA School","Elementary","City: Small","05","Mathematics","Asian","Students without IEP",">=50%","<=50%","<=50%","<=50%"
"18 - 19 School Year","M-STEP","63","Oakland Schools","63150","Troy School District","06364","Costello Elementary School","63","Oakland","LEA School","Elementary","City: Small","05","Mathematics","Black, not of Hispanic origin","Female","*","*","*","*"
"18 - 19 School Year","M-STEP","63","Oakland Schools","63150","Troy School District","06364","Costello Elementary School","63","Oakland","LEA School","Elementary","City: Small","05","Mathematics","Black, not of Hispanic origin","Male","*","*","*","*"
"18 - 19 School Year","M-STEP","63","Oakland Schools","63150","Troy School District","06364","Costello Elementary School","63","Oakland","LEA School","Elementary","City: Small","05","Mathematics","Black, not of Hispanic origin","Not English Learners","*","*","*","*"
"18 - 19 School Year","M-STEP","63","Oakland Schools","63150","Troy School District","06364","Costello Elementary School","63","Oakland","LEA School","Elementary","City: Small","05","Mathematics","Black, not of Hispanic origin","Students with Disabilities","*","*","*","*"
"18 - 19 School Year","M-STEP","63","Oakland Schools","63150","Troy School District","06364","Costello Elementary School","63","Oakland","LEA School","Elementary","City: Small","05","Mathematics","Black, not of Hispanic origin","Students without IEP","*","*","*","*"
"18 - 19 School Year","M-STEP","63","Oakland Schools","63150","Troy School District","06364","Costello Elementary School","63","Oakland","LEA School","Elementary","City: Small","05","Mathematics","Female","English Learners","*","*","*","*"
"18 - 19 School Year","M-STEP","63","Oakland Schools","63150","Troy School District","06364","Costello Elementary School","63","Oakland","LEA School","Elementary","City: Small","05","Mathematics","Female","Not English Learners","*","<=20%","30.0","35.0"
"18 - 19 School Year","M-STEP","63","Oakland Schools","63150","Troy School District","06364","Costello Elementary School","63","Oakland","LEA School","Elementary","City: Small","05","Mathematics","Female","Students with Disabilities","*","*","*","*"
"18 - 19 School Year","M-STEP","63","Oakland Schools","63150","Troy School District","06364","Costello Elementary School","63","Oakland","LEA School","Elementary","City: Small","05","Mathematics","Female","Students without IEP","*","<=20%","31.8","27.3"
"18 - 19 School Year","M-STEP","63","Oakland Schools","63150","Troy School District","06364","Costello Elementary School","63","Oakland","LEA School","Elementary","City: Small","05","Mathematics","Hispanic","English Learners","*","*","*","*"
"18 - 19 School Year","M-STEP","63","Oakland Schools","63150","Troy School District","06364","Costello Elementary School","63","Oakland","LEA School","Elementary","City: Small","05","Mathematics","Hispanic","Female","*","*","*","*"
"18 - 19 School Year","M-STEP","63","Oakland Schools","63150","Troy School District","06364","Costello Elementary School","63","Oakland","LEA School","Elementary","City: Small","05","Mathematics","Hispanic","Male","*","*","*","*"
"18 - 19 School Year","M-STEP","63","Oakland Schools","63150","Troy School District","06364","Costello Elementary School","63","Oakland","LEA School","Elementary","City: Small","05","Mathematics","Hispanic","Not English Learners","*","*","*","*"
"18 - 19 School Year","M-STEP","63","Oakland Schools","63150","Troy School District","06364","Costello Elementary School","63","Oakland","LEA School","Elementary","City: Small","05","Mathematics","Hispanic","Students with Disabilities","*","*","*","*"
"18 - 19 School Year","M-STEP","63","Oakland Schools","63150","Troy School District","06364","Costello Elementary School","63","Oakland","LEA School","Elementary","City: Small","05","Mathematics","Hispanic","Students without IEP","*","*","*","*"
"18 - 19 School Year","M-STEP","63","Oakland Schools","63150","Troy School District","06364","Costello Elementary School","63","Oakland","LEA School","Elementary","City: Small","05","Mathematics","Male","English Learners","*","*","*","*"
"18 - 19 School Year","M-STEP","63","Oakland Schools","63150","Troy School District","06364","Costello Elementary School","63","Oakland","LEA School","Elementary","City: Small","05","Mathematics","Male","Not English Learners","38.7","29.0","19.4","12.9"
"18 - 19 School Year","M-STEP","63","Oakland Schools","63150","Troy School District","06364","Costello Elementary School","63","Oakland","LEA School","Elementary","City: Small","05","Mathematics","Male","Students with Disabilities","*","*","*","*"
"18 - 19 School Year","M-STEP","63","Oakland Schools","63150","Troy School District","06364","Costello Elementary School","63","Oakland","LEA School","Elementary","City: Small","05","Mathematics","Male","Students without IEP","39.3","28.6","*","<=20%"
"18 - 19 School Year","M-STEP","63","Oakland Schools","63150","Troy School District","06364","Costello Elementary School","63","Oakland","LEA School","Elementary","City: Small","05","Mathematics","Students with Disabilities","English Learners","*","*","*","*"
"18 - 19 School Year","M-STEP","63","Oakland Schools","63150","Troy School District","06364","Costello Elementary School","63","Oakland","LEA School","Elementary","City: Small","05","Mathematics","Students with Disabilities","Not English Learners","*","*","*","*"
"18 - 19 School Year","M-STEP","63","Oakland Schools","63150","Troy School District","06364","Costello Elementary School","63","Oakland","LEA School","Elementary","City: Small","05","Mathematics","Students without IEP","English Learners","*","*","*","*"
"18 - 19 School Year","M-STEP","63","Oakland Schools","63150","Troy School District","06364","Costello Elementary School","63","Oakland","LEA School","Elementary","City: Small","05","Mathematics","Students without IEP","Not English Learners","36.4","22.7","25.0","15.9"
"18 - 19 School Year","M-STEP","63","Oakland Schools","63150","Troy School District","06364","Costello Elementary School","63","Oakland","LEA School","Elementary","City: Small","05","Mathematics","Two or More Races","Female","*","*","*","*"
"18 - 19 School Year","M-STEP","63","Oakland Schools","63150","Troy School District","06364","Costello Elementary School","63","Oakland","LEA School","Elementary","City: Small","05","Mathematics","Two or More Races","Not English Learners","*","*","*","*"
"18 - 19 School Year","M-STEP","63","Oakland Schools","63150","Troy School District","06364","Costello Elementary School","63","Oakland","LEA School","Elementary","City: Small","05","Mathematics","Two or More Races","Students without IEP","*","*","*","*"
"18 - 19 School Year","M-STEP","63","Oakland Schools","63150","Troy School District","06364","Costello Elementary School","63","Oakland","LEA School","Elementary","City: Small","05","Mathematics","White, not of Hispanic origin","English Learners","*","*","*","*"
"18 - 19 School Year","M-STEP","63","Oakland Schools","63150","Troy School District","06364","Costello Elementary School","63","Oakland","LEA School","Elementary","City: Small","05","Mathematics","White, not of Hispanic origin","Female","<=50%","<=50%","<=50%","<=50%"
"18 - 19 School Year","M-STEP","63","Oakland Schools","63150","Troy School District","06364","Costello Elementary School","63","Oakland","LEA School","Elementary","City: Small","05","Mathematics","White, not of Hispanic origin","Male","29.2","33.3","*","<=20%"
"18 - 19 School Year","M-STEP","63","Oakland Schools","63150","Troy School District","06364","Costello Elementary School","63","Oakland","LEA School","Elementary","City: Small","05","Mathematics","White, not of Hispanic origin","Not English Learners","27.8","25.0","27.8","19.4"
"18 - 19 School Year","M-STEP","63","Oakland Schools","63150","Troy School District","06364","Costello Elementary School","63","Oakland","LEA School","Elementary","City: Small","05","Mathematics","White, not of Hispanic origin","Students with Disabilities","*","*","*","*"
"18 - 19 School Year","M-STEP","63","Oakland Schools","63150","Troy School District","06364","Costello Elementary School","63","Oakland","LEA School","Elementary","City: Small","05","Mathematics","White, not of Hispanic origin","Students without IEP","28.1","25.0","34.4","12.5"
"18 - 19 School Year","M-STEP","63","Oakland Schools","63150","Troy School District","06365","Martell Elementary School","63","Oakland","LEA School","Elementary","City: Small","03","Mathematics","Asian","English Learners","*","*","<=20%","<=20%"
"18 - 19 School Year","M-STEP","63","Oakland Schools","63150","Troy School District","06365","Martell Elementary School","63","Oakland","LEA School","Elementary","City: Small","03","Mathematics","Asian","Female","*","*","<=20%","<=20%"
"18 - 19 School Year","M-STEP","63","Oakland Schools","63150","Troy School District","06365","Martell Elementary School","63","Oakland","LEA School","Elementary","City: Small","03","Mathematics","Asian","Male","*","<=20%","*","<=20%"
"18 - 19 School Year","M-STEP","63","Oakland Schools","63150","Troy School District","06365","Martell Elementary School","63","Oakland","LEA School","Elementary","City: Small","03","Mathematics","Asian","Not English Learners","*","<=20%","<=20%","<=20%"
"18 - 19 School Year","M-STEP","63","Oakland Schools","63150","Troy School District","06365","Martell Elementary School","63","Oakland","LEA School","Elementary","City: Small","03","Mathematics","Asian","Students without IEP","62.5","22.5","*","<=10%"
"18 - 19 School Year","M-STEP","63","Oakland Schools","63150","Troy School District","06365","Martell Elementary School","63","Oakland","LEA School","Elementary","City: Small","03","Mathematics","Female","English Learners","<=50%","<=50%","<=50%","<=50%"
"18 - 19 School Year","M-STEP","63","Oakland Schools","63150","Troy School District","06365","Martell Elementary School","63","Oakland","LEA School","Elementary","City: Small","03","Mathematics","Female","Not English Learners","*","<=20%","<=20%","<=20%"
"18 - 19 School Year","M-STEP","63","Oakland Schools","63150","Troy School District","06365","Martell Elementary School","63","Oakland","LEA School","Elementary","City: Small","03","Mathematics","Female","Students with Disabilities","*","*","*","*"
"18 - 19 School Year","M-STEP","63","Oakland Schools","63150","Troy School District","06365","Martell Elementary School","63","Oakland","LEA School","Elementary","City: Small","03","Mathematics","Female","Students without IEP","55.3","23.7","*","<=10%"
"18 - 19 School Year","M-STEP","63","Oakland Schools","63150","Troy School District","06365","Martell Elementary School","63","Oakland","LEA School","Elementary","City: Small","03","Mathematics","Hispanic","English Learners","*","*","*","*"
"18 - 19 School Year","M-STEP","63","Oakland Schools","63150","Troy School District","06365","Martell Elementary School","63","Oakland","LEA School","Elementary","City: Small","03","Mathematics","Hispanic","Female","*","*","*","*"
"18 - 19 School Year","M-STEP","63","Oakland Schools","63150","Troy School District","06365","Martell Elementary School","63","Oakland","LEA School","Elementary","City: Small","03","Mathematics","Hispanic","Students without IEP","*","*","*","*"
"18 - 19 School Year","M-STEP","63","Oakland Schools","63150","Troy School District","06365","Martell Elementary School","63","Oakland","LEA School","Elementary","City: Small","03","Mathematics","Male","English Learners",">=50%","<=50%","<=50%","<=50%"
"18 - 19 School Year","M-STEP","63","Oakland Schools","63150","Troy School District","06365","Martell Elementary School","63","Oakland","LEA School","Elementary","City: Small","03","Mathematics","Male","Not English Learners","*","<=20%","<=20%","<=20%"
"18 - 19 School Year","M-STEP","63","Oakland Schools","63150","Troy School District","06365","Martell Elementary School","63","Oakland","LEA School","Elementary","City: Small","03","Mathematics","Male","Students without IEP","62.2","16.2","*","<=10%"
"18 - 19 School Year","M-STEP","63","Oakland Schools","63150","Troy School District","06365","Martell Elementary School","63","Oakland","LEA School","Elementary","City: Small","03","Mathematics","Students with Disabilities","Not English Learners","*","*","*","*"
"18 - 19 School Year","M-STEP","63","Oakland Schools","63150","Troy School District","06365","Martell Elementary School","63","Oakland","LEA School","Elementary","City: Small","03","Mathematics","Students without IEP","English Learners","45.5","31.8","*","<=20%"
"18 - 19 School Year","M-STEP","63","Oakland Schools","63150","Troy School District","06365","Martell Elementary School","63","Oakland","LEA School","Elementary","City: Small","03","Mathematics","Students without IEP","Not English Learners","64.2","15.1","*","<=10%"
"18 - 19 School Year","M-STEP","63","Oakland Schools","63150","Troy School District","06365","Martell Elementary School","63","Oakland","LEA School","Elementary","City: Small","03","Mathematics","White, not of Hispanic origin","English Learners","*","*","*","*"
"18 - 19 School Year","M-STEP","63","Oakland Schools","63150","Troy School District","06365","Martell Elementary School","63","Oakland","LEA School","Elementary","City: Small","03","Mathematics","White, not of Hispanic origin","Female","*","<=20%","*","<=20%"
"18 - 19 School Year","M-STEP","63","Oakland Schools","63150","Troy School District","06365","Martell Elementary School","63","Oakland","LEA School","Elementary","City: Small","03","Mathematics","White, not of Hispanic origin","Male","*","<=20%","<=20%","<=20%"
"18 - 19 School Year","M-STEP","63","Oakland Schools","63150","Troy School District","06365","Martell Elementary School","63","Oakland","LEA School","Elementary","City: Small","03","Mathematics","White, not of Hispanic origin","Not English Learners","*","<=20%","*","<=20%"
"18 - 19 School Year","M-STEP","63","Oakland Schools","63150","Troy School District","06365","Martell Elementary School","63","Oakland","LEA School","Elementary","City: Small","03","Mathematics","White, not of Hispanic origin","Students with Disabilities","*","*","*","*"
"18 - 19 School Year","M-STEP","63","Oakland Schools","63150","Troy School District","06365","Martell Elementary School","63","Oakland","LEA School","Elementary","City: Small","03","Mathematics","White, not of Hispanic origin","Students without IEP","55.9","14.7","*","<=10%"
"18 - 19 School Year","M-STEP","63","Oakland Schools","63150","Troy School District","06365","Martell Elementary School","63","Oakland","LEA School","Elementary","City: Small","04","Mathematics","Asian","English Learners","33.3","33.3","*","<=20%"
"18 - 19 School Year","M-STEP","63","Oakland Schools","63150","Troy School District","06365","Martell Elementary School","63","Oakland","LEA School","Elementary","City: Small","04","Mathematics","Asian","Female","36.4","36.4","<=20%","<=20%"
"18 - 19 School Year","M-STEP","63","Oakland Schools","63150","Troy School District","06365","Martell Elementary School","63","Oakland","LEA School","Elementary","City: Small","04","Mathematics","Asian","Male",">=50%","<=50%","<=50%","<=50%"
"18 - 19 School Year","M-STEP","63","Oakland Schools","63150","Troy School District","06365","Martell Elementary School","63","Oakland","LEA School","Elementary","City: Small","04","Mathematics","Asian","Not English Learners","*","*","<=20%","<=20%"
"18 - 19 School Year","M-STEP","63","Oakland Schools","63150","Troy School District","06365","Martell Elementary School","63","Oakland","LEA School","Elementary","City: Small","04","Mathematics","Asian","Students with Disabilities","*","*","*","*"
"18 - 19 School Year","M-STEP","63","Oakland Schools","63150","Troy School District","06365","Martell Elementary School","63","Oakland","LEA School","Elementary","City: Small","04","Mathematics","Asian","Students without IEP","48.6","31.4","*","<=10%"
"18 - 19 School Year","M-STEP","63","Oakland Schools","63150","Troy School District","06365","Martell Elementary School","63","Oakland","LEA School","Elementary","City: Small","04","Mathematics","Female","English Learners","<=50%","<=50%","<=50%","<=50%"
"18 - 19 School Year","M-STEP","63","Oakland Schools","63150","Troy School District","06365","Martell Elementary School","63","Oakland","LEA School","Elementary","City: Small","04","Mathematics","Female","Not English Learners","*","*","<=20%","<=20%"
"18 - 19 School Year","M-STEP","63","Oakland Schools","63150","Troy School District","06365","Martell Elementary School","63","Oakland","LEA School","Elementary","City: Small","04","Mathematics","Female","Students with Disabilities","*","*","*","*"
"18 - 19 School Year","M-STEP","63","Oakland Schools","63150","Troy School District","06365","Martell Elementary School","63","Oakland","LEA School","Elementary","City: Small","04","Mathematics","Female","Students without IEP","25.0","47.5","*","<=10%"
"18 - 19 School Year","M-STEP","63","Oakland Schools","63150","Troy School District","06365","Martell Elementary School","63","Oakland","LEA School","Elementary","City: Small","04","Mathematics","Hispanic","English Learners","*","*","*","*"
"18 - 19 School Year","M-STEP","63","Oakland Schools","63150","Troy School District","06365","Martell Elementary School","63","Oakland","LEA School","Elementary","City: Small","04","Mathematics","Hispanic","Female","*","*","*","*"
"18 - 19 School Year","M-STEP","63","Oakland Schools","63150","Troy School District","06365","Martell Elementary School","63","Oakland","LEA School","Elementary","City: Small","04","Mathematics","Hispanic","Students without IEP","*","*","*","*"
"18 - 19 School Year","M-STEP","63","Oakland Schools","63150","Troy School District","06365","Martell Elementary School","63","Oakland","LEA School","Elementary","City: Small","04","Mathematics","Male","English Learners","*","*","*","*"
"18 - 19 School Year","M-STEP","63","Oakland Schools","63150","Troy School District","06365","Martell Elementary School","63","Oakland","LEA School","Elementary","City: Small","04","Mathematics","Male","Not English Learners","36.0","40.0","<=20%","<=20%"
"18 - 19 School Year","M-STEP","63","Oakland Schools","63150","Troy School District","06365","Martell Elementary School","63","Oakland","LEA School","Elementary","City: Small","04","Mathematics","Male","Students with Disabilities","*","*","*","*"
"18 - 19 School Year","M-STEP","63","Oakland Schools","63150","Troy School District","06365","Martell Elementary School","63","Oakland","LEA School","Elementary","City: Small","04","Mathematics","Male","Students without IEP","41.9","45.2","*","<=10%"
"18 - 19 School Year","M-STEP","63","Oakland Schools","63150","Troy School District","06365","Martell Elementary School","63","Oakland","LEA School","Elementary","City: Small","04","Mathematics","Native Hawaiian or Other Pacific Islander","English Learners","*","*","*","*"
"18 - 19 School Year","M-STEP","63","Oakland Schools","63150","Troy School District","06365","Martell Elementary School","63","Oakland","LEA School","Elementary","City: Small","04","Mathematics","Native Hawaiian or Other Pacific Islander","Male","*","*","*","*"
"18 - 19 School Year","M-STEP","63","Oakland Schools","63150","Troy School District","06365","Martell Elementary School","63","Oakland","LEA School","Elementary","City: Small","04","Mathematics","Native Hawaiian or Other Pacific Islander","Students with Disabilities","*","*","*","*"
"18 - 19 School Year","M-STEP","63","Oakland Schools","63150","Troy School District","06365","Martell Elementary School","63","Oakland","LEA School","Elementary","City: Small","04","Mathematics","Students with Disabilities","English Learners","*","*","*","*"
"18 - 19 School Year","M-STEP","63","Oakland Schools","63150","Troy School District","06365","Martell Elementary School","63","Oakland","LEA School","Elementary","City: Small","04","Mathematics","Students with Disabilities","Not English Learners","*","*","*","*"
"18 - 19 School Year","M-STEP","63","Oakland Schools","63150","Troy School District","06365","Martell Elementary School","63","Oakland","LEA School","Elementary","City: Small","04","Mathematics","Students without IEP","English Learners","27.3","36.4","*","<=20%"
"18 - 19 School Year","M-STEP","63","Oakland Schools","63150","Troy School District","06365","Martell Elementary School","63","Oakland","LEA School","Elementary","City: Small","04","Mathematics","Students without IEP","Not English Learners","34.7","51.0","*","<=10%"
"18 - 19 School Year","M-STEP","63","Oakland Schools","63150","Troy School District","06365","Martell Elementary School","63","Oakland","LEA School","Elementary","City: Small","04","Mathematics","Two or More Races","Female","*","*","*","*"
"18 - 19 School Year","M-STEP","63","Oakland Schools","63150","Troy School District","06365","Martell Elementary School","63","Oakland","LEA School","Elementary","City: Small","04","Mathematics","Two or More Races","Male","*","*","*","*"
"18 - 19 School Year","M-STEP","63","Oakland Schools","63150","Troy School District","06365","Martell Elementary School","63","Oakland","LEA School","Elementary","City: Small","04","Mathematics","Two or More Races","Not English Learners","*","*","*","*"
"18 - 19 School Year","M-STEP","63","Oakland Schools","63150","Troy School District","06365","Martell Elementary School","63","Oakland","LEA School","Elementary","City: Small","04","Mathematics","Two or More Races","Students without IEP","*","*","*","*"
"18 - 19 School Year","M-STEP","63","Oakland Schools","63150","Troy School District","06365","Martell Elementary School","63","Oakland","LEA School","Elementary","City: Small","04","Mathematics","White, not of Hispanic origin","English Learners","*","*","*","*"
"18 - 19 School Year","M-STEP","63","Oakland Schools","63150","Troy School District","06365","Martell Elementary School","63","Oakland","LEA School","Elementary","City: Small","04","Mathematics","White, not of Hispanic origin","Female","<=20%","*","*","<=20%"
"18 - 19 School Year","M-STEP","63","Oakland Schools","63150","Troy School District","06365","Martell Elementary School","63","Oakland","LEA School","Elementary","City: Small","04","Mathematics","White, not of Hispanic origin","Male","<=20%","*","<=20%","<=20%"
"18 - 19 School Year","M-STEP","63","Oakland Schools","63150","Troy School District","06365","Martell Elementary School","63","Oakland","LEA School","Elementary","City: Small","04","Mathematics","White, not of Hispanic origin","Not English Learners","15.2","57.6","*","<=10%"
"18 - 19 School Year","M-STEP","63","Oakland Schools","63150","Troy School District","06365","Martell Elementary School","63","Oakland","LEA School","Elementary","City: Small","04","Mathematics","White, not of Hispanic origin","Students with Disabilities","*","*","*","*"
"18 - 19 School Year","M-STEP","63","Oakland Schools","63150","Troy School District","06365","Martell Elementary School","63","Oakland","LEA School","Elementary","City: Small","04","Mathematics","White, not of Hispanic origin","Students without IEP","15.2","63.6","*","<=10%"
"18 - 19 School Year","M-STEP","63","Oakland Schools","63150","Troy School District","06365","Martell Elementary School","63","Oakland","LEA School","Elementary","City: Small","05","Mathematics","American Indian or Alaska Native","Female","*","*","*","*"
"18 - 19 School Year","M-STEP","63","Oakland Schools","63150","Troy School District","06365","Martell Elementary School","63","Oakland","LEA School","Elementary","City: Small","05","Mathematics","American Indian or Alaska Native","Not English Learners","*","*","*","*"
"18 - 19 School Year","M-STEP","63","Oakland Schools","63150","Troy School District","06365","Martell Elementary School","63","Oakland","LEA School","Elementary","City: Small","05","Mathematics","American Indian or Alaska Native","Students with Disabilities","*","*","*","*"
"18 - 19 School Year","M-STEP","63","Oakland Schools","63150","Troy School District","06365","Martell Elementary School","63","Oakland","LEA School","Elementary","City: Small","05","Mathematics","Asian","English Learners","<=50%","<=50%","<=50%","<=50%"
"18 - 19 School Year","M-STEP","63","Oakland Schools","63150","Troy School District","06365","Martell Elementary School","63","Oakland","LEA School","Elementary","City: Small","05","Mathematics","Asian","Female","*","*","<=20%","<=20%"
"18 - 19 School Year","M-STEP","63","Oakland Schools","63150","Troy School District","06365","Martell Elementary School","63","Oakland","LEA School","Elementary","City: Small","05","Mathematics","Asian","Male",">=50%","<=50%","<=50%","<=50%"
"18 - 19 School Year","M-STEP","63","Oakland Schools","63150","Troy School District","06365","Martell Elementary School","63","Oakland","LEA School","Elementary","City: Small","05","Mathematics","Asian","Not English Learners","*","<=20%","<=20%","<=20%"
"18 - 19 School Year","M-STEP","63","Oakland Schools","63150","Troy School District","06365","Martell Elementary School","63","Oakland","LEA School","Elementary","City: Small","05","Mathematics","Asian","Students with Disabilities","*","*","*","*"
"18 - 19 School Year","M-STEP","63","Oakland Schools","63150","Troy School District","06365","Martell Elementary School","63","Oakland","LEA School","Elementary","City: Small","05","Mathematics","Asian","Students without IEP","*","<=20%","*","<=20%"
"18 - 19 School Year","M-STEP","63","Oakland Schools","63150","Troy School District","06365","Martell Elementary School","63","Oakland","LEA School","Elementary","City: Small","05","Mathematics","Black, not of Hispanic origin","Male","*","*","*","*"
"18 - 19 School Year","M-STEP","63","Oakland Schools","63150","Troy School District","06365","Martell Elementary School","63","Oakland","LEA School","Elementary","City: Small","05","Mathematics","Black, not of Hispanic origin","Not English Learners","*","*","*","*"
"18 - 19 School Year","M-STEP","63","Oakland Schools","63150","Troy School District","06365","Martell Elementary School","63","Oakland","LEA School","Elementary","City: Small","05","Mathematics","Black, not of Hispanic origin","Students without IEP","*","*","*","*"
"18 - 19 School Year","M-STEP","63","Oakland Schools","63150","Troy School District","06365","Martell Elementary School","63","Oakland","LEA School","Elementary","City: Small","05","Mathematics","Female","English Learners","*","*","*","*"
"18 - 19 School Year","M-STEP","63","Oakland Schools","63150","Troy School District","06365","Martell Elementary School","63","Oakland","LEA School","Elementary","City: Small","05","Mathematics","Female","Not English Learners","*","<=10%","*","<=10%"
"18 - 19 School Year","M-STEP","63","Oakland Schools","63150","Troy School District","06365","Martell Elementary School","63","Oakland","LEA School","Elementary","City: Small","05","Mathematics","Female","Students with Disabilities","*","*","*","*"
"18 - 19 School Year","M-STEP","63","Oakland Schools","63150","Troy School District","06365","Martell Elementary School","63","Oakland","LEA School","Elementary","City: Small","05","Mathematics","Female","Students without IEP","51.4","13.5","*","<=10%"
"18 - 19 School Year","M-STEP","63","Oakland Schools","63150","Troy School District","06365","Martell Elementary School","63","Oakland","LEA School","Elementary","City: Small","05","Mathematics","Hispanic","English Learners","*","*","*","*"
"18 - 19 School Year","M-STEP","63","Oakland Schools","63150","Troy School District","06365","Martell Elementary School","63","Oakland","LEA School","Elementary","City: Small","05","Mathematics","Hispanic","Female","*","*","*","*"
"18 - 19 School Year","M-STEP","63","Oakland Schools","63150","Troy School District","06365","Martell Elementary School","63","Oakland","LEA School","Elementary","City: Small","05","Mathematics","Hispanic","Students with Disabilities","*","*","*","*"
"18 - 19 School Year","M-STEP","63","Oakland Schools","63150","Troy School District","06365","Martell Elementary School","63","Oakland","LEA School","Elementary","City: Small","05","Mathematics","Male","English Learners",">=50%","<=50%","<=50%","<=50%"
"18 - 19 School Year","M-STEP","63","Oakland Schools","63150","Troy School District","06365","Martell Elementary School","63","Oakland","LEA School","Elementary","City: Small","05","Mathematics","Male","Not English Learners","46.4","32.1","<=20%","<=20%"
"18 - 19 School Year","M-STEP","63","Oakland Schools","63150","Troy School District","06365","Martell Elementary School","63","Oakland","LEA School","Elementary","City: Small","05","Mathematics","Male","Students with Disabilities","*","*","*","*"
"18 - 19 School Year","M-STEP","63","Oakland Schools","63150","Troy School District","06365","Martell Elementary School","63","Oakland","LEA School","Elementary","City: Small","05","Mathematics","Male","Students without IEP","*","*","<=20%","<=20%"
"18 - 19 School Year","M-STEP","63","Oakland Schools","63150","Troy School District","06365","Martell Elementary School","63","Oakland","LEA School","Elementary","City: Small","05","Mathematics","Native Hawaiian or Other Pacific Islander","English Learners","*","*","*","*"
"18 - 19 School Year","M-STEP","63","Oakland Schools","63150","Troy School District","06365","Martell Elementary School","63","Oakland","LEA School","Elementary","City: Small","05","Mathematics","Native Hawaiian or Other Pacific Islander","Female","*","*","*","*"
"18 - 19 School Year","M-STEP","63","Oakland Schools","63150","Troy School District","06365","Martell Elementary School","63","Oakland","LEA School","Elementary","City: Small","05","Mathematics","Native Hawaiian or Other Pacific Islander","Students with Disabilities","*","*","*","*"
"18 - 19 School Year","M-STEP","63","Oakland Schools","63150","Troy School District","06365","Martell Elementary School","63","Oakland","LEA School","Elementary","City: Small","05","Mathematics","Students with Disabilities","English Learners","*","*","*","*"
"18 - 19 School Year","M-STEP","63","Oakland Schools","63150","Troy School District","06365","Martell Elementary School","63","Oakland","LEA School","Elementary","City: Small","05","Mathematics","Students with Disabilities","Not English Learners","*","*","*","*"
"18 - 19 School Year","M-STEP","63","Oakland Schools","63150","Troy School District","06365","Martell Elementary School","63","Oakland","LEA School","Elementary","City: Small","05","Mathematics","Students without IEP","English Learners","<=50%","<=50%","<=50%","<=50%"
"18 - 19 School Year","M-STEP","63","Oakland Schools","63150","Troy School District","06365","Martell Elementary School","63","Oakland","LEA School","Elementary","City: Small","05","Mathematics","Students without IEP","Not English Learners","57.7","17.3","*","<=10%"
"18 - 19 School Year","M-STEP","63","Oakland Schools","63150","Troy School District","06365","Martell Elementary School","63","Oakland","LEA School","Elementary","City: Small","05","Mathematics","Two or More Races","Female","*","*","*","*"
"18 - 19 School Year","M-STEP","63","Oakland Schools","63150","Troy School District","06365","Martell Elementary School","63","Oakland","LEA School","Elementary","City: Small","05","Mathematics","Two or More Races","Male","*","*","*","*"
"18 - 19 School Year","M-STEP","63","Oakland Schools","63150","Troy School District","06365","Martell Elementary School","63","Oakland","LEA School","Elementary","City: Small","05","Mathematics","Two or More Races","Not English Learners","*","*","*","*"
"18 - 19 School Year","M-STEP","63","Oakland Schools","63150","Troy School District","06365","Martell Elementary School","63","Oakland","LEA School","Elementary","City: Small","05","Mathematics","Two or More Races","Students with Disabilities","*","*","*","*"
"18 - 19 School Year","M-STEP","63","Oakland Schools","63150","Troy School District","06365","Martell Elementary School","63","Oakland","LEA School","Elementary","City: Small","05","Mathematics","Two or More Races","Students without IEP","*","*","*","*"
"18 - 19 School Year","M-STEP","63","Oakland Schools","63150","Troy School District","06365","Martell Elementary School","63","Oakland","LEA School","Elementary","City: Small","05","Mathematics","White, not of Hispanic origin","English Learners","*","*","*","*"
"18 - 19 School Year","M-STEP","63","Oakland Schools","63150","Troy School District","06365","Martell Elementary School","63","Oakland","LEA School","Elementary","City: Small","05","Mathematics","White, not of Hispanic origin","Female","*","<=20%","*","<=20%"
"18 - 19 School Year","M-STEP","63","Oakland Schools","63150","Troy School District","06365","Martell Elementary School","63","Oakland","LEA School","Elementary","City: Small","05","Mathematics","White, not of Hispanic origin","Male","33.3","42.9","<=20%","<=20%"
"18 - 19 School Year","M-STEP","63","Oakland Schools","63150","Troy School District","06365","Martell Elementary School","63","Oakland","LEA School","Elementary","City: Small","05","Mathematics","White, not of Hispanic origin","Not English Learners","38.9","27.8","*","<=10%"
"18 - 19 School Year","M-STEP","63","Oakland Schools","63150","Troy School District","06365","Martell Elementary School","63","Oakland","LEA School","Elementary","City: Small","05","Mathematics","White, not of Hispanic origin","Students with Disabilities","*","*","*","*"
"18 - 19 School Year","M-STEP","63","Oakland Schools","63150","Troy School District","06365","Martell Elementary School","63","Oakland","LEA School","Elementary","City: Small","05","Mathematics","White, not of Hispanic origin","Students without IEP","47.1","20.6","*","<=10%"
"18 - 19 School Year","M-STEP","63","Oakland Schools","63150","Troy School District","06366","Larson Middle School","63","Oakland","LEA School","Middle School","City: Small","06","Mathematics","Asian","English Learners","*","*","*","*"
"18 - 19 School Year","M-STEP","63","Oakland Schools","63150","Troy School District","06366","Larson Middle School","63","Oakland","LEA School","Middle School","City: Small","06","Mathematics","Asian","Female","*","<=20%","<=20%","<=20%"
"18 - 19 School Year","M-STEP","63","Oakland Schools","63150","Troy School District","06366","Larson Middle School","63","Oakland","LEA School","Middle School","City: Small","06","Mathematics","Asian","Male","*","*","<=10%","<=10%"
"18 - 19 School Year","M-STEP","63","Oakland Schools","63150","Troy School District","06366","Larson Middle School","63","Oakland","LEA School","Middle School","City: Small","06","Mathematics","Asian","Not English Learners","*","<=10%","<=10%","<=10%"
"18 - 19 School Year","M-STEP","63","Oakland Schools","63150","Troy School District","06366","Larson Middle School","63","Oakland","LEA School","Middle School","City: Small","06","Mathematics","Asian","Students without IEP","74.6","11.9","*","<=5%"
"18 - 19 School Year","M-STEP","63","Oakland Schools","63150","Troy School District","06366","Larson Middle School","63","Oakland","LEA School","Middle School","City: Small","06","Mathematics","Black, not of Hispanic origin","Female","*","*","*","*"
"18 - 19 School Year","M-STEP","63","Oakland Schools","63150","Troy School District","06366","Larson Middle School","63","Oakland","LEA School","Middle School","City: Small","06","Mathematics","Black, not of Hispanic origin","Male","*","*","*","*"
"18 - 19 School Year","M-STEP","63","Oakland Schools","63150","Troy School District","06366","Larson Middle School","63","Oakland","LEA School","Middle School","City: Small","06","Mathematics","Black, not of Hispanic origin","Not English Learners","*","*","*","*"
"18 - 19 School Year","M-STEP","63","Oakland Schools","63150","Troy School District","06366","Larson Middle School","63","Oakland","LEA School","Middle School","City: Small","06","Mathematics","Black, not of Hispanic origin","Students without IEP","*","*","*","*"
"18 - 19 School Year","M-STEP","63","Oakland Schools","63150","Troy School District","06366","Larson Middle School","63","Oakland","LEA School","Middle School","City: Small","06","Mathematics","Female","English Learners","*","*","*","*"
"18 - 19 School Year","M-STEP","63","Oakland Schools","63150","Troy School District","06366","Larson Middle School","63","Oakland","LEA School","Middle School","City: Small","06","Mathematics","Female","Not English Learners","48.2","21.1","22.8","7.9"
"18 - 19 School Year","M-STEP","63","Oakland Schools","63150","Troy School District","06366","Larson Middle School","63","Oakland","LEA School","Middle School","City: Small","06","Mathematics","Female","Students with Disabilities","*","*","*","*"
"18 - 19 School Year","M-STEP","63","Oakland Schools","63150","Troy School District","06366","Larson Middle School","63","Oakland","LEA School","Middle School","City: Small","06","Mathematics","Female","Students without IEP","48.3","19.8","24.1","7.8"
"18 - 19 School Year","M-STEP","63","Oakland Schools","63150","Troy School District","06366","Larson Middle School","63","Oakland","LEA School","Middle School","City: Small","06","Mathematics","Hispanic","English Learners","*","*","*","*"
"18 - 19 School Year","M-STEP","63","Oakland Schools","63150","Troy School District","06366","Larson Middle School","63","Oakland","LEA School","Middle School","City: Small","06","Mathematics","Hispanic","Female","*","*","*","*"
"18 - 19 School Year","M-STEP","63","Oakland Schools","63150","Troy School District","06366","Larson Middle School","63","Oakland","LEA School","Middle School","City: Small","06","Mathematics","Hispanic","Male","*","*","*","*"
"18 - 19 School Year","M-STEP","63","Oakland Schools","63150","Troy School District","06366","Larson Middle School","63","Oakland","LEA School","Middle School","City: Small","06","Mathematics","Hispanic","Not English Learners","*","*","*","*"
"18 - 19 School Year","M-STEP","63","Oakland Schools","63150","Troy School District","06366","Larson Middle School","63","Oakland","LEA School","Middle School","City: Small","06","Mathematics","Hispanic","Students with Disabilities","*","*","*","*"
"18 - 19 School Year","M-STEP","63","Oakland Schools","63150","Troy School District","06366","Larson Middle School","63","Oakland","LEA School","Middle School","City: Small","06","Mathematics","Hispanic","Students without IEP","*","*","*","*"
"18 - 19 School Year","M-STEP","63","Oakland Schools","63150","Troy School District","06366","Larson Middle School","63","Oakland","LEA School","Middle School","City: Small","06","Mathematics","Male","English Learners","<=50%","<=50%","<=50%","<=50%"
"18 - 19 School Year","M-STEP","63","Oakland Schools","63150","Troy School District","06366","Larson Middle School","63","Oakland","LEA School","Middle School","City: Small","06","Mathematics","Male","Not English Learners","50.0","19.5","23.7","6.8"
"18 - 19 School Year","M-STEP","63","Oakland Schools","63150","Troy School District","06366","Larson Middle School","63","Oakland","LEA School","Middle School","City: Small","06","Mathematics","Male","Students with Disabilities","<=20%","<=20%","27.8","50.0"
"18 - 19 School Year","M-STEP","63","Oakland Schools","63150","Troy School District","06366","Larson Middle School","63","Oakland","LEA School","Middle School","City: Small","06","Mathematics","Male","Students without IEP","55.0","20.7","*","<=5%"
"18 - 19 School Year","M-STEP","63","Oakland Schools","63150","Troy School District","06366","Larson Middle School","63","Oakland","LEA School","Middle School","City: Small","06","Mathematics","Students with Disabilities","English Learners","*","*","*","*"
"18 - 19 School Year","M-STEP","63","Oakland Schools","63150","Troy School District","06366","Larson Middle School","63","Oakland","LEA School","Middle School","City: Small","06","Mathematics","Students with Disabilities","Not English Learners","<=20%","<=20%","23.5","52.9"
"18 - 19 School Year","M-STEP","63","Oakland Schools","63150","Troy School District","06366","Larson Middle School","63","Oakland","LEA School","Middle School","City: Small","06","Mathematics","Students without IEP","English Learners","<=50%","<=50%","<=50%","<=50%"
"18 - 19 School Year","M-STEP","63","Oakland Schools","63150","Troy School District","06366","Larson Middle School","63","Oakland","LEA School","Middle School","City: Small","06","Mathematics","Students without IEP","Not English Learners","52.6","20.5","*","<=5%"
"18 - 19 School Year","M-STEP","63","Oakland Schools","63150","Troy School District","06366","Larson Middle School","63","Oakland","LEA School","Middle School","City: Small","06","Mathematics","Two or More Races","Female","*","*","*","*"
"18 - 19 School Year","M-STEP","63","Oakland Schools","63150","Troy School District","06366","Larson Middle School","63","Oakland","LEA School","Middle School","City: Small","06","Mathematics","Two or More Races","Male","*","*","*","*"
"18 - 19 School Year","M-STEP","63","Oakland Schools","63150","Troy School District","06366","Larson Middle School","63","Oakland","LEA School","Middle School","City: Small","06","Mathematics","Two or More Races","Not English Learners","*","*","*","*"
"18 - 19 School Year","M-STEP","63","Oakland Schools","63150","Troy School District","06366","Larson Middle School","63","Oakland","LEA School","Middle School","City: Small","06","Mathematics","Two or More Races","Students without IEP","*","*","*","*"
"18 - 19 School Year","M-STEP","63","Oakland Schools","63150","Troy School District","06366","Larson Middle School","63","Oakland","LEA School","Middle School","City: Small","06","Mathematics","White, not of Hispanic origin","English Learners","*","*","*","*"
"18 - 19 School Year","M-STEP","63","Oakland Schools","63150","Troy School District","06366","Larson Middle School","63","Oakland","LEA School","Middle School","City: Small","06","Mathematics","White, not of Hispanic origin","Female","40.7","23.3","23.3","12.8"
"18 - 19 School Year","M-STEP","63","Oakland Schools","63150","Troy School District","06366","Larson Middle School","63","Oakland","LEA School","Middle School","City: Small","06","Mathematics","White, not of Hispanic origin","Male","36.8","23.7","30.3","9.2"
"18 - 19 School Year","M-STEP","63","Oakland Schools","63150","Troy School District","06366","Larson Middle School","63","Oakland","LEA School","Middle School","City: Small","06","Mathematics","White, not of Hispanic origin","Not English Learners","40.6","23.9","27.1","8.4"
"18 - 19 School Year","M-STEP","63","Oakland Schools","63150","Troy School District","06366","Larson Middle School","63","Oakland","LEA School","Middle School","City: Small","06","Mathematics","White, not of Hispanic origin","Students with Disabilities","<=20%","<=20%","25.0","50.0"
"18 - 19 School Year","M-STEP","63","Oakland Schools","63150","Troy School District","06366","Larson Middle School","63","Oakland","LEA School","Middle School","City: Small","06","Mathematics","White, not of Hispanic origin","Students without IEP","43.7","23.9","26.8","5.6"
"18 - 19 School Year","M-STEP","63","Oakland Schools","63150","Troy School District","06366","Larson Middle School","63","Oakland","LEA School","Middle School","City: Small","07","Mathematics","Asian","English Learners","*","*","*","*"
"18 - 19 School Year","M-STEP","63","Oakland Schools","63150","Troy School District","06366","Larson Middle School","63","Oakland","LEA School","Middle School","City: Small","07","Mathematics","Asian","Female","67.7","16.1","*","<=10%"
"18 - 19 School Year","M-STEP","63","Oakland Schools","63150","Troy School District","06366","Larson Middle School","63","Oakland","LEA School","Middle School","City: Small","07","Mathematics","Asian","Male","*","*","<=10%","<=10%"
"18 - 19 School Year","M-STEP","63","Oakland Schools","63150","Troy School District","06366","Larson Middle School","63","Oakland","LEA School","Middle School","City: Small","07","Mathematics","Asian","Not English Learners","*","*","<=10%","<=10%"
"18 - 19 School Year","M-STEP","63","Oakland Schools","63150","Troy School District","06366","Larson Middle School","63","Oakland","LEA School","Middle School","City: Small","07","Mathematics","Asian","Students with Disabilities","*","*","*","*"
"18 - 19 School Year","M-STEP","63","Oakland Schools","63150","Troy School District","06366","Larson Middle School","63","Oakland","LEA School","Middle School","City: Small","07","Mathematics","Asian","Students without IEP","78.7","14.8","*","<=5%"
"18 - 19 School Year","M-STEP","63","Oakland Schools","63150","Troy School District","06366","Larson Middle School","63","Oakland","LEA School","Middle School","City: Small","07","Mathematics","Black, not of Hispanic origin","English Learners","*","*","*","*"
"18 - 19 School Year","M-STEP","63","Oakland Schools","63150","Troy School District","06366","Larson Middle School","63","Oakland","LEA School","Middle School","City: Small","07","Mathematics","Black, not of Hispanic origin","Female","*","*","*","*"
"18 - 19 School Year","M-STEP","63","Oakland Schools","63150","Troy School District","06366","Larson Middle School","63","Oakland","LEA School","Middle School","City: Small","07","Mathematics","Black, not of Hispanic origin","Male","<=50%","<=50%","<=50%","<=50%"
"18 - 19 School Year","M-STEP","63","Oakland Schools","63150","Troy School District","06366","Larson Middle School","63","Oakland","LEA School","Middle School","City: Small","07","Mathematics","Black, not of Hispanic origin","Not English Learners","<=50%","<=50%","<=50%","<=50%"
"18 - 19 School Year","M-STEP","63","Oakland Schools","63150","Troy School District","06366","Larson Middle School","63","Oakland","LEA School","Middle School","City: Small","07","Mathematics","Black, not of Hispanic origin","Students with Disabilities","*","*","*","*"
"18 - 19 School Year","M-STEP","63","Oakland Schools","63150","Troy School District","06366","Larson Middle School","63","Oakland","LEA School","Middle School","City: Small","07","Mathematics","Black, not of Hispanic origin","Students without IEP","<=50%","<=50%","<=50%","<=50%"
"18 - 19 School Year","M-STEP","63","Oakland Schools","63150","Troy School District","06366","Larson Middle School","63","Oakland","LEA School","Middle School","City: Small","07","Mathematics","Female","English Learners","*","*","*","*"
"18 - 19 School Year","M-STEP","63","Oakland Schools","63150","Troy School District","06366","Larson Middle School","63","Oakland","LEA School","Middle School","City: Small","07","Mathematics","Female","Not English Learners","46.8","22.3","21.6","9.4"
"18 - 19 School Year","M-STEP","63","Oakland Schools","63150","Troy School District","06366","Larson Middle School","63","Oakland","LEA School","Middle School","City: Small","07","Mathematics","Female","Students with Disabilities","*","*","*","*"
"18 - 19 School Year","M-STEP","63","Oakland Schools","63150","Troy School District","06366","Larson Middle School","63","Oakland","LEA School","Middle School","City: Small","07","Mathematics","Female","Students without IEP","47.4","23.4","21.9","7.3"
"18 - 19 School Year","M-STEP","63","Oakland Schools","63150","Troy School District","06366","Larson Middle School","63","Oakland","LEA School","Middle School","City: Small","07","Mathematics","Hispanic","English Learners","*","*","*","*"
"18 - 19 School Year","M-STEP","63","Oakland Schools","63150","Troy School District","06366","Larson Middle School","63","Oakland","LEA School","Middle School","City: Small","07","Mathematics","Hispanic","Female","*","*","*","*"
"18 - 19 School Year","M-STEP","63","Oakland Schools","63150","Troy School District","06366","Larson Middle School","63","Oakland","LEA School","Middle School","City: Small","07","Mathematics","Hispanic","Male","*","*","*","*"
"18 - 19 School Year","M-STEP","63","Oakland Schools","63150","Troy School District","06366","Larson Middle School","63","Oakland","LEA School","Middle School","City: Small","07","Mathematics","Hispanic","Not English Learners","*","*","*","*"
"18 - 19 School Year","M-STEP","63","Oakland Schools","63150","Troy School District","06366","Larson Middle School","63","Oakland","LEA School","Middle School","City: Small","07","Mathematics","Hispanic","Students with Disabilities","*","*","*","*"
"18 - 19 School Year","M-STEP","63","Oakland Schools","63150","Troy School District","06366","Larson Middle School","63","Oakland","LEA School","Middle School","City: Small","07","Mathematics","Hispanic","Students without IEP","*","*","*","*"
"18 - 19 School Year","M-STEP","63","Oakland Schools","63150","Troy School District","06366","Larson Middle School","63","Oakland","LEA School","Middle School","City: Small","07","Mathematics","Male","English Learners","*","*","*","*"
"18 - 19 School Year","M-STEP","63","Oakland Schools","63150","Troy School District","06366","Larson Middle School","63","Oakland","LEA School","Middle School","City: Small","07","Mathematics","Male","Not English Learners","53.6","20.8","12.8","12.8"
"18 - 19 School Year","M-STEP","63","Oakland Schools","63150","Troy School District","06366","Larson Middle School","63","Oakland","LEA School","Middle School","City: Small","07","Mathematics","Male","Students with Disabilities","*","<=20%","21.7","43.5"
"18 - 19 School Year","M-STEP","63","Oakland Schools","63150","Troy School District","06366","Larson Middle School","63","Oakland","LEA School","Middle School","City: Small","07","Mathematics","Male","Students without IEP","58.6","22.5","10.8","8.1"
"18 - 19 School Year","M-STEP","63","Oakland Schools","63150","Troy School District","06366","Larson Middle School","63","Oakland","LEA School","Middle School","City: Small","07","Mathematics","Students with Disabilities","English Learners","*","*","*","*"
"18 - 19 School Year","M-STEP","63","Oakland Schools","63150","Troy School District","06366","Larson Middle School","63","Oakland","LEA School","Middle School","City: Small","07","Mathematics","Students with Disabilities","Not English Learners","<=20%","<=20%","26.9","42.3"
"18 - 19 School Year","M-STEP","63","Oakland Schools","63150","Troy School District","06366","Larson Middle School","63","Oakland","LEA School","Middle School","City: Small","07","Mathematics","Students without IEP","English Learners","<=50%","<=50%","<=50%","<=50%"
"18 - 19 School Year","M-STEP","63","Oakland Schools","63150","Troy School District","06366","Larson Middle School","63","Oakland","LEA School","Middle School","City: Small","07","Mathematics","Students without IEP","Not English Learners","53.4","22.7","16.4","7.6"
"18 - 19 School Year","M-STEP","63","Oakland Schools","63150","Troy School District","06366","Larson Middle School","63","Oakland","LEA School","Middle School","City: Small","07","Mathematics","Two or More Races","Female","*","*","*","*"
"18 - 19 School Year","M-STEP","63","Oakland Schools","63150","Troy School District","06366","Larson Middle School","63","Oakland","LEA School","Middle School","City: Small","07","Mathematics","Two or More Races","Male","*","*","*","*"
"18 - 19 School Year","M-STEP","63","Oakland Schools","63150","Troy School District","06366","Larson Middle School","63","Oakland","LEA School","Middle School","City: Small","07","Mathematics","Two or More Races","Not English Learners","<=50%","<=50%","<=50%","<=50%"
"18 - 19 School Year","M-STEP","63","Oakland Schools","63150","Troy School District","06366","Larson Middle School","63","Oakland","LEA School","Middle School","City: Small","07","Mathematics","Two or More Races","Students with Disabilities","*","*","*","*"
"18 - 19 School Year","M-STEP","63","Oakland Schools","63150","Troy School District","06366","Larson Middle School","63","Oakland","LEA School","Middle School","City: Small","07","Mathematics","Two or More Races","Students without IEP","*","*","*","*"
"18 - 19 School Year","M-STEP","63","Oakland Schools","63150","Troy School District","06366","Larson Middle School","63","Oakland","LEA School","Middle School","City: Small","07","Mathematics","White, not of Hispanic origin","English Learners","*","*","*","*"
"18 - 19 School Year","M-STEP","63","Oakland Schools","63150","Troy School District","06366","Larson Middle School","63","Oakland","LEA School","Middle School","City: Small","07","Mathematics","White, not of Hispanic origin","Female","42.9","22.4","22.4","12.2"
"18 - 19 School Year","M-STEP","63","Oakland Schools","63150","Troy School District","06366","Larson Middle School","63","Oakland","LEA School","Middle School","City: Small","07","Mathematics","White, not of Hispanic origin","Male","47.0","25.3","14.5","13.3"
"18 - 19 School Year","M-STEP","63","Oakland Schools","63150","Troy School District","06366","Larson Middle School","63","Oakland","LEA School","Middle School","City: Small","07","Mathematics","White, not of Hispanic origin","Not English Learners","46.3","24.0","18.9","10.9"
"18 - 19 School Year","M-STEP","63","Oakland Schools","63150","Troy School District","06366","Larson Middle School","63","Oakland","LEA School","Middle School","City: Small","07","Mathematics","White, not of Hispanic origin","Students with Disabilities","<=20%","<=20%","25.0","45.8"
"18 - 19 School Year","M-STEP","63","Oakland Schools","63150","Troy School District","06366","Larson Middle School","63","Oakland","LEA School","Middle School","City: Small","07","Mathematics","White, not of Hispanic origin","Students without IEP","49.0","25.5","17.8","7.6"
"18 - 19 School Year","M-STEP","63","Oakland Schools","63150","Troy School District","06367","Boulan Park Middle School","63","Oakland","LEA School","Middle School","City: Small","06","Mathematics","Asian","English Learners","*","<=20%","<=20%","<=20%"
"18 - 19 School Year","M-STEP","63","Oakland Schools","63150","Troy School District","06367","Boulan Park Middle School","63","Oakland","LEA School","Middle School","City: Small","06","Mathematics","Asian","Female","*","*","<=5%","<=5%"
"18 - 19 School Year","M-STEP","63","Oakland Schools","63150","Troy School District","06367","Boulan Park Middle School","63","Oakland","LEA School","Middle School","City: Small","06","Mathematics","Asian","Male","85.7","8.8","<=5%","<=5%"
"18 - 19 School Year","M-STEP","63","Oakland Schools","63150","Troy School District","06367","Boulan Park Middle School","63","Oakland","LEA School","Middle School","City: Small","06","Mathematics","Asian","Not English Learners","*","*","<=5%","<=5%"
"18 - 19 School Year","M-STEP","63","Oakland Schools","63150","Troy School District","06367","Boulan Park Middle School","63","Oakland","LEA School","Middle School","City: Small","06","Mathematics","Asian","Students with Disabilities","*","*","*","*"
"18 - 19 School Year","M-STEP","63","Oakland Schools","63150","Troy School District","06367","Boulan Park Middle School","63","Oakland","LEA School","Middle School","City: Small","06","Mathematics","Asian","Students without IEP","*","*","<=5%","<=5%"
"18 - 19 School Year","M-STEP","63","Oakland Schools","63150","Troy School District","06367","Boulan Park Middle School","63","Oakland","LEA School","Middle School","City: Small","06","Mathematics","Black, not of Hispanic origin","Female","*","*","*","*"
"18 - 19 School Year","M-STEP","63","Oakland Schools","63150","Troy School District","06367","Boulan Park Middle School","63","Oakland","LEA School","Middle School","City: Small","06","Mathematics","Black, not of Hispanic origin","Male","*","*","*","*"
"18 - 19 School Year","M-STEP","63","Oakland Schools","63150","Troy School District","06367","Boulan Park Middle School","63","Oakland","LEA School","Middle School","City: Small","06","Mathematics","Black, not of Hispanic origin","Not English Learners","*","*","*","*"
"18 - 19 School Year","M-STEP","63","Oakland Schools","63150","Troy School District","06367","Boulan Park Middle School","63","Oakland","LEA School","Middle School","City: Small","06","Mathematics","Black, not of Hispanic origin","Students with Disabilities","*","*","*","*"
"18 - 19 School Year","M-STEP","63","Oakland Schools","63150","Troy School District","06367","Boulan Park Middle School","63","Oakland","LEA School","Middle School","City: Small","06","Mathematics","Black, not of Hispanic origin","Students without IEP","*","*","*","*"
"18 - 19 School Year","M-STEP","63","Oakland Schools","63150","Troy School District","06367","Boulan Park Middle School","63","Oakland","LEA School","Middle School","City: Small","06","Mathematics","Female","English Learners",">=50%","<=50%","<=50%","<=50%"
"18 - 19 School Year","M-STEP","63","Oakland Schools","63150","Troy School District","06367","Boulan Park Middle School","63","Oakland","LEA School","Middle School","City: Small","06","Mathematics","Female","Not English Learners","69.0","18.6","*","<=5%"
"18 - 19 School Year","M-STEP","63","Oakland Schools","63150","Troy School District","06367","Boulan Park Middle School","63","Oakland","LEA School","Middle School","City: Small","06","Mathematics","Female","Students with Disabilities","*","*","*","*"
"18 - 19 School Year","M-STEP","63","Oakland Schools","63150","Troy School District","06367","Boulan Park Middle School","63","Oakland","LEA School","Middle School","City: Small","06","Mathematics","Female","Students without IEP","69.3","19.3","*","<=5%"
"18 - 19 School Year","M-STEP","63","Oakland Schools","63150","Troy School District","06367","Boulan Park Middle School","63","Oakland","LEA School","Middle School","City: Small","06","Mathematics","Hispanic","English Learners","*","*","*","*"
"18 - 19 School Year","M-STEP","63","Oakland Schools","63150","Troy School District","06367","Boulan Park Middle School","63","Oakland","LEA School","Middle School","City: Small","06","Mathematics","Hispanic","Female","*","*","*","*"
"18 - 19 School Year","M-STEP","63","Oakland Schools","63150","Troy School District","06367","Boulan Park Middle School","63","Oakland","LEA School","Middle School","City: Small","06","Mathematics","Hispanic","Male","*","*","*","*"
"18 - 19 School Year","M-STEP","63","Oakland Schools","63150","Troy School District","06367","Boulan Park Middle School","63","Oakland","LEA School","Middle School","City: Small","06","Mathematics","Hispanic","Not English Learners","*","*","*","*"
"18 - 19 School Year","M-STEP","63","Oakland Schools","63150","Troy School District","06367","Boulan Park Middle School","63","Oakland","LEA School","Middle School","City: Small","06","Mathematics","Hispanic","Students without IEP","*","*","*","*"
"18 - 19 School Year","M-STEP","63","Oakland Schools","63150","Troy School District","06367","Boulan Park Middle School","63","Oakland","LEA School","Middle School","City: Small","06","Mathematics","Male","English Learners","*","<=20%","*","<=20%"
"18 - 19 School Year","M-STEP","63","Oakland Schools","63150","Troy School District","06367","Boulan Park Middle School","63","Oakland","LEA School","Middle School","City: Small","06","Mathematics","Male","Not English Learners","72.0","15.4","*","<=5%"
"18 - 19 School Year","M-STEP","63","Oakland Schools","63150","Troy School District","06367","Boulan Park Middle School","63","Oakland","LEA School","Middle School","City: Small","06","Mathematics","Male","Students with Disabilities","<=50%","<=50%","<=50%","<=50%"
"18 - 19 School Year","M-STEP","63","Oakland Schools","63150","Troy School District","06367","Boulan Park Middle School","63","Oakland","LEA School","Middle School","City: Small","06","Mathematics","Male","Students without IEP","73.0","14.5","*","<=5%"
"18 - 19 School Year","M-STEP","63","Oakland Schools","63150","Troy School District","06367","Boulan Park Middle School","63","Oakland","LEA School","Middle School","City: Small","06","Mathematics","Students with Disabilities","English Learners","*","*","*","*"
"18 - 19 School Year","M-STEP","63","Oakland Schools","63150","Troy School District","06367","Boulan Park Middle School","63","Oakland","LEA School","Middle School","City: Small","06","Mathematics","Students with Disabilities","Not English Learners","<=50%","<=50%","<=50%","<=50%"
"18 - 19 School Year","M-STEP","63","Oakland Schools","63150","Troy School District","06367","Boulan Park Middle School","63","Oakland","LEA School","Middle School","City: Small","06","Mathematics","Students without IEP","English Learners","52.9","14.7","20.6","11.8"
"18 - 19 School Year","M-STEP","63","Oakland Schools","63150","Troy School District","06367","Boulan Park Middle School","63","Oakland","LEA School","Middle School","City: Small","06","Mathematics","Students without IEP","Not English Learners","73.6","17.1","*","<=5%"
"18 - 19 School Year","M-STEP","63","Oakland Schools","63150","Troy School District","06367","Boulan Park Middle School","63","Oakland","LEA School","Middle School","City: Small","06","Mathematics","Two or More Races","Female","*","*","*","*"
"18 - 19 School Year","M-STEP","63","Oakland Schools","63150","Troy School District","06367","Boulan Park Middle School","63","Oakland","LEA School","Middle School","City: Small","06","Mathematics","Two or More Races","Male","*","*","*","*"
"18 - 19 School Year","M-STEP","63","Oakland Schools","63150","Troy School District","06367","Boulan Park Middle School","63","Oakland","LEA School","Middle School","City: Small","06","Mathematics","Two or More Races","Not English Learners","*","*","*","*"
"18 - 19 School Year","M-STEP","63","Oakland Schools","63150","Troy School District","06367","Boulan Park Middle School","63","Oakland","LEA School","Middle School","City: Small","06","Mathematics","Two or More Races","Students with Disabilities","*","*","*","*"
"18 - 19 School Year","M-STEP","63","Oakland Schools","63150","Troy School District","06367","Boulan Park Middle School","63","Oakland","LEA School","Middle School","City: Small","06","Mathematics","Two or More Races","Students without IEP","*","*","*","*"
"18 - 19 School Year","M-STEP","63","Oakland Schools","63150","Troy School District","06367","Boulan Park Middle School","63","Oakland","LEA School","Middle School","City: Small","06","Mathematics","White, not of Hispanic origin","English Learners","*","*","*","*"
"18 - 19 School Year","M-STEP","63","Oakland Schools","63150","Troy School District","06367","Boulan Park Middle School","63","Oakland","LEA School","Middle School","City: Small","06","Mathematics","White, not of Hispanic origin","Female","36.5","38.5","*","<=10%"
"18 - 19 School Year","M-STEP","63","Oakland Schools","63150","Troy School District","06367","Boulan Park Middle School","63","Oakland","LEA School","Middle School","City: Small","06","Mathematics","White, not of Hispanic origin","Male","56.1","24.6","*","<=10%"
"18 - 19 School Year","M-STEP","63","Oakland Schools","63150","Troy School District","06367","Boulan Park Middle School","63","Oakland","LEA School","Middle School","City: Small","06","Mathematics","White, not of Hispanic origin","Not English Learners","48.6","31.4","*","<=5%"
"18 - 19 School Year","M-STEP","63","Oakland Schools","63150","Troy School District","06367","Boulan Park Middle School","63","Oakland","LEA School","Middle School","City: Small","06","Mathematics","White, not of Hispanic origin","Students with Disabilities","*","*","*","*"
"18 - 19 School Year","M-STEP","63","Oakland Schools","63150","Troy School District","06367","Boulan Park Middle School","63","Oakland","LEA School","Middle School","City: Small","06","Mathematics","White, not of Hispanic origin","Students without IEP","49.5","31.1","*","<=5%"
"18 - 19 School Year","M-STEP","63","Oakland Schools","63150","Troy School District","06367","Boulan Park Middle School","63","Oakland","LEA School","Middle School","City: Small","07","Mathematics","American Indian or Alaska Native","Male","*","*","*","*"
"18 - 19 School Year","M-STEP","63","Oakland Schools","63150","Troy School District","06367","Boulan Park Middle School","63","Oakland","LEA School","Middle School","City: Small","07","Mathematics","American Indian or Alaska Native","Not English Learners","*","*","*","*"
"18 - 19 School Year","M-STEP","63","Oakland Schools","63150","Troy School District","06367","Boulan Park Middle School","63","Oakland","LEA School","Middle School","City: Small","07","Mathematics","American Indian or Alaska Native","Students without IEP","*","*","*","*"
"18 - 19 School Year","M-STEP","63","Oakland Schools","63150","Troy School District","06367","Boulan Park Middle School","63","Oakland","LEA School","Middle School","City: Small","07","Mathematics","Asian","English Learners","51.4","25.7","*","<=10%"
"18 - 19 School Year","M-STEP","63","Oakland Schools","63150","Troy School District","06367","Boulan Park Middle School","63","Oakland","LEA School","Middle School","City: Small","07","Mathematics","Asian","Female","81.2","8.7","*","<=5%"
"18 - 19 School Year","M-STEP","63","Oakland Schools","63150","Troy School District","06367","Boulan Park Middle School","63","Oakland","LEA School","Middle School","City: Small","07","Mathematics","Asian","Male","84.6","9.2","*","<=5%"
"18 - 19 School Year","M-STEP","63","Oakland Schools","63150","Troy School District","06367","Boulan Park Middle School","63","Oakland","LEA School","Middle School","City: Small","07","Mathematics","Asian","Not English Learners","*","<=5%","<=5%","<=5%"
"18 - 19 School Year","M-STEP","63","Oakland Schools","63150","Troy School District","06367","Boulan Park Middle School","63","Oakland","LEA School","Middle School","City: Small","07","Mathematics","Asian","Students with Disabilities","*","*","*","*"
"18 - 19 School Year","M-STEP","63","Oakland Schools","63150","Troy School District","06367","Boulan Park Middle School","63","Oakland","LEA School","Middle School","City: Small","07","Mathematics","Asian","Students without IEP","83.5","8.3","*","<=5%"
"18 - 19 School Year","M-STEP","63","Oakland Schools","63150","Troy School District","06367","Boulan Park Middle School","63","Oakland","LEA School","Middle School","City: Small","07","Mathematics","Black, not of Hispanic origin","Female","*","*","*","*"
"18 - 19 School Year","M-STEP","63","Oakland Schools","63150","Troy School District","06367","Boulan Park Middle School","63","Oakland","LEA School","Middle School","City: Small","07","Mathematics","Black, not of Hispanic origin","Male","*","*","*","*"
"18 - 19 School Year","M-STEP","63","Oakland Schools","63150","Troy School District","06367","Boulan Park Middle School","63","Oakland","LEA School","Middle School","City: Small","07","Mathematics","Black, not of Hispanic origin","Not English Learners","*","*","*","*"
"18 - 19 School Year","M-STEP","63","Oakland Schools","63150","Troy School District","06367","Boulan Park Middle School","63","Oakland","LEA School","Middle School","City: Small","07","Mathematics","Black, not of Hispanic origin","Students with Disabilities","*","*","*","*"
"18 - 19 School Year","M-STEP","63","Oakland Schools","63150","Troy School District","06367","Boulan Park Middle School","63","Oakland","LEA School","Middle School","City: Small","07","Mathematics","Black, not of Hispanic origin","Students without IEP","*","*","*","*"
"18 - 19 School Year","M-STEP","63","Oakland Schools","63150","Troy School District","06367","Boulan Park Middle School","63","Oakland","LEA School","Middle School","City: Small","07","Mathematics","Female","English Learners","47.4","21.1","*","<=20%"
"18 - 19 School Year","M-STEP","63","Oakland Schools","63150","Troy School District","06367","Boulan Park Middle School","63","Oakland","LEA School","Middle School","City: Small","07","Mathematics","Female","Not English Learners","58.5","17.8","16.1","7.6"
"18 - 19 School Year","M-STEP","63","Oakland Schools","63150","Troy School District","06367","Boulan Park Middle School","63","Oakland","LEA School","Middle School","City: Small","07","Mathematics","Female","Students with Disabilities","*","*","*","*"
"18 - 19 School Year","M-STEP","63","Oakland Schools","63150","Troy School District","06367","Boulan Park Middle School","63","Oakland","LEA School","Middle School","City: Small","07","Mathematics","Female","Students without IEP","60.9","18.8","*","<=5%"
"18 - 19 School Year","M-STEP","63","Oakland Schools","63150","Troy School District","06367","Boulan Park Middle School","63","Oakland","LEA School","Middle School","City: Small","07","Mathematics","Hispanic","English Learners","*","*","*","*"
"18 - 19 School Year","M-STEP","63","Oakland Schools","63150","Troy School District","06367","Boulan Park Middle School","63","Oakland","LEA School","Middle School","City: Small","07","Mathematics","Hispanic","Female","*","*","*","*"
"18 - 19 School Year","M-STEP","63","Oakland Schools","63150","Troy School District","06367","Boulan Park Middle School","63","Oakland","LEA School","Middle School","City: Small","07","Mathematics","Hispanic","Male","*","*","*","*"
"18 - 19 School Year","M-STEP","63","Oakland Schools","63150","Troy School District","06367","Boulan Park Middle School","63","Oakland","LEA School","Middle School","City: Small","07","Mathematics","Hispanic","Not English Learners","*","*","*","*"
"18 - 19 School Year","M-STEP","63","Oakland Schools","63150","Troy School District","06367","Boulan Park Middle School","63","Oakland","LEA School","Middle School","City: Small","07","Mathematics","Hispanic","Students with Disabilities","*","*","*","*"
"18 - 19 School Year","M-STEP","63","Oakland Schools","63150","Troy School District","06367","Boulan Park Middle School","63","Oakland","LEA School","Middle School","City: Small","07","Mathematics","Hispanic","Students without IEP","<=50%",">=50%","<=50%","<=50%"
"18 - 19 School Year","M-STEP","63","Oakland Schools","63150","Troy School District","06367","Boulan Park Middle School","63","Oakland","LEA School","Middle School","City: Small","07","Mathematics","Male","English Learners","*","*","<=20%","<=20%"
"18 - 19 School Year","M-STEP","63","Oakland Schools","63150","Troy School District","06367","Boulan Park Middle School","63","Oakland","LEA School","Middle School","City: Small","07","Mathematics","Male","Not English Learners","70.9","14.5","9.1","5.5"
"18 - 19 School Year","M-STEP","63","Oakland Schools","63150","Troy School District","06367","Boulan Park Middle School","63","Oakland","LEA School","Middle School","City: Small","07","Mathematics","Male","Students with Disabilities","*","*","*","*"
"18 - 19 School Year","M-STEP","63","Oakland Schools","63150","Troy School District","06367","Boulan Park Middle School","63","Oakland","LEA School","Middle School","City: Small","07","Mathematics","Male","Students without IEP","71.7","18.1","*","<=5%"
"18 - 19 School Year","M-STEP","63","Oakland Schools","63150","Troy School District","06367","Boulan Park Middle School","63","Oakland","LEA School","Middle School","City: Small","07","Mathematics","Native Hawaiian or Other Pacific Islander","Male","*","*","*","*"
"18 - 19 School Year","M-STEP","63","Oakland Schools","63150","Troy School District","06367","Boulan Park Middle School","63","Oakland","LEA School","Middle School","City: Small","07","Mathematics","Native Hawaiian or Other Pacific Islander","Not English Learners","*","*","*","*"
"18 - 19 School Year","M-STEP","63","Oakland Schools","63150","Troy School District","06367","Boulan Park Middle School","63","Oakland","LEA School","Middle School","City: Small","07","Mathematics","Native Hawaiian or Other Pacific Islander","Students without IEP","*","*","*","*"
"18 - 19 School Year","M-STEP","63","Oakland Schools","63150","Troy School District","06367","Boulan Park Middle School","63","Oakland","LEA School","Middle School","City: Small","07","Mathematics","Students with Disabilities","English Learners","*","*","*","*"
"18 - 19 School Year","M-STEP","63","Oakland Schools","63150","Troy School District","06367","Boulan Park Middle School","63","Oakland","LEA School","Middle School","City: Small","07","Mathematics","Students with Disabilities","Not English Learners","<=20%","<=20%","*","*"
"18 - 19 School Year","M-STEP","63","Oakland Schools","63150","Troy School District","06367","Boulan Park Middle School","63","Oakland","LEA School","Middle School","City: Small","07","Mathematics","Students without IEP","English Learners","51.2","25.6","*","<=10%"
"18 - 19 School Year","M-STEP","63","Oakland Schools","63150","Troy School District","06367","Boulan Park Middle School","63","Oakland","LEA School","Middle School","City: Small","07","Mathematics","Students without IEP","Not English Learners","69.3","17.0","*","<=5%"
"18 - 19 School Year","M-STEP","63","Oakland Schools","63150","Troy School District","06367","Boulan Park Middle School","63","Oakland","LEA School","Middle School","City: Small","07","Mathematics","Two or More Races","Female","*","*","*","*"
"18 - 19 School Year","M-STEP","63","Oakland Schools","63150","Troy School District","06367","Boulan Park Middle School","63","Oakland","LEA School","Middle School","City: Small","07","Mathematics","Two or More Races","Male","*","*","*","*"
"18 - 19 School Year","M-STEP","63","Oakland Schools","63150","Troy School District","06367","Boulan Park Middle School","63","Oakland","LEA School","Middle School","City: Small","07","Mathematics","Two or More Races","Not English Learners","*","*","*","*"
"18 - 19 School Year","M-STEP","63","Oakland Schools","63150","Troy School District","06367","Boulan Park Middle School","63","Oakland","LEA School","Middle School","City: Small","07","Mathematics","Two or More Races","Students without IEP","*","*","*","*"
"18 - 19 School Year","M-STEP","63","Oakland Schools","63150","Troy School District","06367","Boulan Park Middle School","63","Oakland","LEA School","Middle School","City: Small","07","Mathematics","White, not of Hispanic origin","English Learners","*","*","*","*"
"18 - 19 School Year","M-STEP","63","Oakland Schools","63150","Troy School District","06367","Boulan Park Middle School","63","Oakland","LEA School","Middle School","City: Small","07","Mathematics","White, not of Hispanic origin","Female","37.0","27.8","24.1","11.1"
"18 - 19 School Year","M-STEP","63","Oakland Schools","63150","Troy School District","06367","Boulan Park Middle School","63","Oakland","LEA School","Middle School","City: Small","07","Mathematics","White, not of Hispanic origin","Male","51.9","24.1","*","<=10%"
"18 - 19 School Year","M-STEP","63","Oakland Schools","63150","Troy School District","06367","Boulan Park Middle School","63","Oakland","LEA School","Middle School","City: Small","07","Mathematics","White, not of Hispanic origin","Not English Learners","43.3","26.9","19.2","10.6"
"18 - 19 School Year","M-STEP","63","Oakland Schools","63150","Troy School District","06367","Boulan Park Middle School","63","Oakland","LEA School","Middle School","City: Small","07","Mathematics","White, not of Hispanic origin","Students with Disabilities","<=50%","<=50%","<=50%",">=50%"
"18 - 19 School Year","M-STEP","63","Oakland Schools","63150","Troy School District","06367","Boulan Park Middle School","63","Oakland","LEA School","Middle School","City: Small","07","Mathematics","White, not of Hispanic origin","Students without IEP","51.1","28.7","*","<=5%"
"18 - 19 School Year","M-STEP","63","Oakland Schools","63150","Troy School District","06939","Wass Elementary School","63","Oakland","LEA School","Elementary","City: Small","03","Mathematics","Asian","English Learners","*","*","*","*"
"18 - 19 School Year","M-STEP","63","Oakland Schools","63150","Troy School District","06939","Wass Elementary School","63","Oakland","LEA School","Elementary","City: Small","03","Mathematics","Asian","Female","*","*","*","*"
"18 - 19 School Year","M-STEP","63","Oakland Schools","63150","Troy School District","06939","Wass Elementary School","63","Oakland","LEA School","Elementary","City: Small","03","Mathematics","Asian","Male",">=50%","<=50%","<=50%","<=50%"
"18 - 19 School Year","M-STEP","63","Oakland Schools","63150","Troy School District","06939","Wass Elementary School","63","Oakland","LEA School","Elementary","City: Small","03","Mathematics","Asian","Not English Learners",">=50%","<=50%","<=50%","<=50%"
"18 - 19 School Year","M-STEP","63","Oakland Schools","63150","Troy School District","06939","Wass Elementary School","63","Oakland","LEA School","Elementary","City: Small","03","Mathematics","Asian","Students with Disabilities","*","*","*","*"
"18 - 19 School Year","M-STEP","63","Oakland Schools","63150","Troy School District","06939","Wass Elementary School","63","Oakland","LEA School","Elementary","City: Small","03","Mathematics","Asian","Students without IEP","*","*","<=20%","<=20%"
"18 - 19 School Year","M-STEP","63","Oakland Schools","63150","Troy School District","06939","Wass Elementary School","63","Oakland","LEA School","Elementary","City: Small","03","Mathematics","Black, not of Hispanic origin","Female","*","*","*","*"
"18 - 19 School Year","M-STEP","63","Oakland Schools","63150","Troy School District","06939","Wass Elementary School","63","Oakland","LEA School","Elementary","City: Small","03","Mathematics","Black, not of Hispanic origin","Male","*","*","*","*"
"18 - 19 School Year","M-STEP","63","Oakland Schools","63150","Troy School District","06939","Wass Elementary School","63","Oakland","LEA School","Elementary","City: Small","03","Mathematics","Black, not of Hispanic origin","Not English Learners","*","*","*","*"
"18 - 19 School Year","M-STEP","63","Oakland Schools","63150","Troy School District","06939","Wass Elementary School","63","Oakland","LEA School","Elementary","City: Small","03","Mathematics","Black, not of Hispanic origin","Students with Disabilities","*","*","*","*"
"18 - 19 School Year","M-STEP","63","Oakland Schools","63150","Troy School District","06939","Wass Elementary School","63","Oakland","LEA School","Elementary","City: Small","03","Mathematics","Black, not of Hispanic origin","Students without IEP","*","*","*","*"
"18 - 19 School Year","M-STEP","63","Oakland Schools","63150","Troy School District","06939","Wass Elementary School","63","Oakland","LEA School","Elementary","City: Small","03","Mathematics","Female","English Learners","*","*","*","*"
"18 - 19 School Year","M-STEP","63","Oakland Schools","63150","Troy School District","06939","Wass Elementary School","63","Oakland","LEA School","Elementary","City: Small","03","Mathematics","Female","Not English Learners","*","*","<=20%","<=20%"
"18 - 19 School Year","M-STEP","63","Oakland Schools","63150","Troy School District","06939","Wass Elementary School","63","Oakland","LEA School","Elementary","City: Small","03","Mathematics","Female","Students with Disabilities","*","*","*","*"
"18 - 19 School Year","M-STEP","63","Oakland Schools","63150","Troy School District","06939","Wass Elementary School","63","Oakland","LEA School","Elementary","City: Small","03","Mathematics","Female","Students without IEP","48.5","33.3","*","<=10%"
"18 - 19 School Year","M-STEP","63","Oakland Schools","63150","Troy School District","06939","Wass Elementary School","63","Oakland","LEA School","Elementary","City: Small","03","Mathematics","Hispanic","English Learners","*","*","*","*"
"18 - 19 School Year","M-STEP","63","Oakland Schools","63150","Troy School District","06939","Wass Elementary School","63","Oakland","LEA School","Elementary","City: Small","03","Mathematics","Hispanic","Female","*","*","*","*"
"18 - 19 School Year","M-STEP","63","Oakland Schools","63150","Troy School District","06939","Wass Elementary School","63","Oakland","LEA School","Elementary","City: Small","03","Mathematics","Hispanic","Male","*","*","*","*"
"18 - 19 School Year","M-STEP","63","Oakland Schools","63150","Troy School District","06939","Wass Elementary School","63","Oakland","LEA School","Elementary","City: Small","03","Mathematics","Hispanic","Not English Learners","*","*","*","*"
"18 - 19 School Year","M-STEP","63","Oakland Schools","63150","Troy School District","06939","Wass Elementary School","63","Oakland","LEA School","Elementary","City: Small","03","Mathematics","Hispanic","Students with Disabilities","*","*","*","*"
"18 - 19 School Year","M-STEP","63","Oakland Schools","63150","Troy School District","06939","Wass Elementary School","63","Oakland","LEA School","Elementary","City: Small","03","Mathematics","Hispanic","Students without IEP","*","*","*","*"
"18 - 19 School Year","M-STEP","63","Oakland Schools","63150","Troy School District","06939","Wass Elementary School","63","Oakland","LEA School","Elementary","City: Small","03","Mathematics","Male","English Learners","*","*","*","*"
"18 - 19 School Year","M-STEP","63","Oakland Schools","63150","Troy School District","06939","Wass Elementary School","63","Oakland","LEA School","Elementary","City: Small","03","Mathematics","Male","Not English Learners","*","*","<=20%","<=20%"
"18 - 19 School Year","M-STEP","63","Oakland Schools","63150","Troy School District","06939","Wass Elementary School","63","Oakland","LEA School","Elementary","City: Small","03","Mathematics","Male","Students with Disabilities","*","*","*","*"
"18 - 19 School Year","M-STEP","63","Oakland Schools","63150","Troy School District","06939","Wass Elementary School","63","Oakland","LEA School","Elementary","City: Small","03","Mathematics","Male","Students without IEP","*","*","<=20%","<=20%"
"18 - 19 School Year","M-STEP","63","Oakland Schools","63150","Troy School District","06939","Wass Elementary School","63","Oakland","LEA School","Elementary","City: Small","03","Mathematics","Students with Disabilities","English Learners","*","*","*","*"
"18 - 19 School Year","M-STEP","63","Oakland Schools","63150","Troy School District","06939","Wass Elementary School","63","Oakland","LEA School","Elementary","City: Small","03","Mathematics","Students with Disabilities","Not English Learners","*","*","*","*"
"18 - 19 School Year","M-STEP","63","Oakland Schools","63150","Troy School District","06939","Wass Elementary School","63","Oakland","LEA School","Elementary","City: Small","03","Mathematics","Students without IEP","English Learners","<=50%","<=50%","<=50%","<=50%"
"18 - 19 School Year","M-STEP","63","Oakland Schools","63150","Troy School District","06939","Wass Elementary School","63","Oakland","LEA School","Elementary","City: Small","03","Mathematics","Students without IEP","Not English Learners","53.1","34.7","<=10%","<=10%"
"18 - 19 School Year","M-STEP","63","Oakland Schools","63150","Troy School District","06939","Wass Elementary School","63","Oakland","LEA School","Elementary","City: Small","03","Mathematics","Two or More Races","Female","*","*","*","*"
"18 - 19 School Year","M-STEP","63","Oakland Schools","63150","Troy School District","06939","Wass Elementary School","63","Oakland","LEA School","Elementary","City: Small","03","Mathematics","Two or More Races","Not English Learners","*","*","*","*"
"18 - 19 School Year","M-STEP","63","Oakland Schools","63150","Troy School District","06939","Wass Elementary School","63","Oakland","LEA School","Elementary","City: Small","03","Mathematics","Two or More Races","Students without IEP","*","*","*","*"
"18 - 19 School Year","M-STEP","63","Oakland Schools","63150","Troy School District","06939","Wass Elementary School","63","Oakland","LEA School","Elementary","City: Small","03","Mathematics","White, not of Hispanic origin","English Learners","*","*","*","*"
"18 - 19 School Year","M-STEP","63","Oakland Schools","63150","Troy School District","06939","Wass Elementary School","63","Oakland","LEA School","Elementary","City: Small","03","Mathematics","White, not of Hispanic origin","Female","*","*","<=20%","<=20%"
"18 - 19 School Year","M-STEP","63","Oakland Schools","63150","Troy School District","06939","Wass Elementary School","63","Oakland","LEA School","Elementary","City: Small","03","Mathematics","White, not of Hispanic origin","Male","*","*","<=20%","<=20%"
"18 - 19 School Year","M-STEP","63","Oakland Schools","63150","Troy School District","06939","Wass Elementary School","63","Oakland","LEA School","Elementary","City: Small","03","Mathematics","White, not of Hispanic origin","Not English Learners","47.4","36.8","*","<=10%"
"18 - 19 School Year","M-STEP","63","Oakland Schools","63150","Troy School District","06939","Wass Elementary School","63","Oakland","LEA School","Elementary","City: Small","03","Mathematics","White, not of Hispanic origin","Students with Disabilities","*","*","*","*"
"18 - 19 School Year","M-STEP","63","Oakland Schools","63150","Troy School District","06939","Wass Elementary School","63","Oakland","LEA School","Elementary","City: Small","03","Mathematics","White, not of Hispanic origin","Students without IEP","48.6","40.0","*","<=10%"
"18 - 19 School Year","M-STEP","63","Oakland Schools","63150","Troy School District","06939","Wass Elementary School","63","Oakland","LEA School","Elementary","City: Small","04","Mathematics","Asian","English Learners","*","*","*","*"
"18 - 19 School Year","M-STEP","63","Oakland Schools","63150","Troy School District","06939","Wass Elementary School","63","Oakland","LEA School","Elementary","City: Small","04","Mathematics","Asian","Female",">=50%","<=50%","<=50%","<=50%"
"18 - 19 School Year","M-STEP","63","Oakland Schools","63150","Troy School District","06939","Wass Elementary School","63","Oakland","LEA School","Elementary","City: Small","04","Mathematics","Asian","Male","*","*","*","*"
"18 - 19 School Year","M-STEP","63","Oakland Schools","63150","Troy School District","06939","Wass Elementary School","63","Oakland","LEA School","Elementary","City: Small","04","Mathematics","Asian","Not English Learners",">=50%","<=50%","<=50%","<=50%"
"18 - 19 School Year","M-STEP","63","Oakland Schools","63150","Troy School District","06939","Wass Elementary School","63","Oakland","LEA School","Elementary","City: Small","04","Mathematics","Asian","Students without IEP","*","*","<=20%","<=20%"
"18 - 19 School Year","M-STEP","63","Oakland Schools","63150","Troy School District","06939","Wass Elementary School","63","Oakland","LEA School","Elementary","City: Small","04","Mathematics","Black, not of Hispanic origin","Female","*","*","*","*"
"18 - 19 School Year","M-STEP","63","Oakland Schools","63150","Troy School District","06939","Wass Elementary School","63","Oakland","LEA School","Elementary","City: Small","04","Mathematics","Black, not of Hispanic origin","Male","*","*","*","*"
"18 - 19 School Year","M-STEP","63","Oakland Schools","63150","Troy School District","06939","Wass Elementary School","63","Oakland","LEA School","Elementary","City: Small","04","Mathematics","Black, not of Hispanic origin","Not English Learners","*","*","*","*"
"18 - 19 School Year","M-STEP","63","Oakland Schools","63150","Troy School District","06939","Wass Elementary School","63","Oakland","LEA School","Elementary","City: Small","04","Mathematics","Black, not of Hispanic origin","Students with Disabilities","*","*","*","*"
"18 - 19 School Year","M-STEP","63","Oakland Schools","63150","Troy School District","06939","Wass Elementary School","63","Oakland","LEA School","Elementary","City: Small","04","Mathematics","Black, not of Hispanic origin","Students without IEP","*","*","*","*"
"18 - 19 School Year","M-STEP","63","Oakland Schools","63150","Troy School District","06939","Wass Elementary School","63","Oakland","LEA School","Elementary","City: Small","04","Mathematics","Female","English Learners","*","*","*","*"
"18 - 19 School Year","M-STEP","63","Oakland Schools","63150","Troy School District","06939","Wass Elementary School","63","Oakland","LEA School","Elementary","City: Small","04","Mathematics","Female","Not English Learners","*","*","<=20%","<=20%"
"18 - 19 School Year","M-STEP","63","Oakland Schools","63150","Troy School District","06939","Wass Elementary School","63","Oakland","LEA School","Elementary","City: Small","04","Mathematics","Female","Students without IEP","*","*","<=20%","<=20%"
"18 - 19 School Year","M-STEP","63","Oakland Schools","63150","Troy School District","06939","Wass Elementary School","63","Oakland","LEA School","Elementary","City: Small","04","Mathematics","Hispanic","Female","*","*","*","*"
"18 - 19 School Year","M-STEP","63","Oakland Schools","63150","Troy School District","06939","Wass Elementary School","63","Oakland","LEA School","Elementary","City: Small","04","Mathematics","Hispanic","Male","*","*","*","*"
"18 - 19 School Year","M-STEP","63","Oakland Schools","63150","Troy School District","06939","Wass Elementary School","63","Oakland","LEA School","Elementary","City: Small","04","Mathematics","Hispanic","Not English Learners","*","*","*","*"
"18 - 19 School Year","M-STEP","63","Oakland Schools","63150","Troy School District","06939","Wass Elementary School","63","Oakland","LEA School","Elementary","City: Small","04","Mathematics","Hispanic","Students without IEP","*","*","*","*"
"18 - 19 School Year","M-STEP","63","Oakland Schools","63150","Troy School District","06939","Wass Elementary School","63","Oakland","LEA School","Elementary","City: Small","04","Mathematics","Male","English Learners","*","*","*","*"
"18 - 19 School Year","M-STEP","63","Oakland Schools","63150","Troy School District","06939","Wass Elementary School","63","Oakland","LEA School","Elementary","City: Small","04","Mathematics","Male","Not English Learners","*","*","<=20%","<=20%"
"18 - 19 School Year","M-STEP","63","Oakland Schools","63150","Troy School District","06939","Wass Elementary School","63","Oakland","LEA School","Elementary","City: Small","04","Mathematics","Male","Students with Disabilities","*","*","*","*"
"18 - 19 School Year","M-STEP","63","Oakland Schools","63150","Troy School District","06939","Wass Elementary School","63","Oakland","LEA School","Elementary","City: Small","04","Mathematics","Male","Students without IEP","50.0","28.1","*","<=10%"
"18 - 19 School Year","M-STEP","63","Oakland Schools","63150","Troy School District","06939","Wass Elementary School","63","Oakland","LEA School","Elementary","City: Small","04","Mathematics","Students with Disabilities","Not English Learners","*","*","*","*"
"18 - 19 School Year","M-STEP","63","Oakland Schools","63150","Troy School District","06939","Wass Elementary School","63","Oakland","LEA School","Elementary","City: Small","04","Mathematics","Students without IEP","English Learners","<=50%","<=50%","<=50%","<=50%"
"18 - 19 School Year","M-STEP","63","Oakland Schools","63150","Troy School District","06939","Wass Elementary School","63","Oakland","LEA School","Elementary","City: Small","04","Mathematics","Students without IEP","Not English Learners","50.0","36.0","*","<=10%"
"18 - 19 School Year","M-STEP","63","Oakland Schools","63150","Troy School District","06939","Wass Elementary School","63","Oakland","LEA School","Elementary","City: Small","04","Mathematics","Two or More Races","Male","*","*","*","*"
"18 - 19 School Year","M-STEP","63","Oakland Schools","63150","Troy School District","06939","Wass Elementary School","63","Oakland","LEA School","Elementary","City: Small","04","Mathematics","Two or More Races","Not English Learners","*","*","*","*"
"18 - 19 School Year","M-STEP","63","Oakland Schools","63150","Troy School District","06939","Wass Elementary School","63","Oakland","LEA School","Elementary","City: Small","04","Mathematics","Two or More Races","Students without IEP","*","*","*","*"
"18 - 19 School Year","M-STEP","63","Oakland Schools","63150","Troy School District","06939","Wass Elementary School","63","Oakland","LEA School","Elementary","City: Small","04","Mathematics","White, not of Hispanic origin","English Learners","*","*","*","*"
"18 - 19 School Year","M-STEP","63","Oakland Schools","63150","Troy School District","06939","Wass Elementary School","63","Oakland","LEA School","Elementary","City: Small","04","Mathematics","White, not of Hispanic origin","Female","<=50%",">=50%","<=50%","<=50%"
"18 - 19 School Year","M-STEP","63","Oakland Schools","63150","Troy School District","06939","Wass Elementary School","63","Oakland","LEA School","Elementary","City: Small","04","Mathematics","White, not of Hispanic origin","Male","43.5","34.8","<=20%","<=20%"
"18 - 19 School Year","M-STEP","63","Oakland Schools","63150","Troy School District","06939","Wass Elementary School","63","Oakland","LEA School","Elementary","City: Small","04","Mathematics","White, not of Hispanic origin","Not English Learners","40.6","46.9","*","<=10%"
"18 - 19 School Year","M-STEP","63","Oakland Schools","63150","Troy School District","06939","Wass Elementary School","63","Oakland","LEA School","Elementary","City: Small","04","Mathematics","White, not of Hispanic origin","Students with Disabilities","*","*","*","*"
"18 - 19 School Year","M-STEP","63","Oakland Schools","63150","Troy School District","06939","Wass Elementary School","63","Oakland","LEA School","Elementary","City: Small","04","Mathematics","White, not of Hispanic origin","Students without IEP","40.6","37.5","*","<=10%"
"18 - 19 School Year","M-STEP","63","Oakland Schools","63150","Troy School District","06939","Wass Elementary School","63","Oakland","LEA School","Elementary","City: Small","05","Mathematics","Asian","English Learners","*","*","*","*"
"18 - 19 School Year","M-STEP","63","Oakland Schools","63150","Troy School District","06939","Wass Elementary School","63","Oakland","LEA School","Elementary","City: Small","05","Mathematics","Asian","Female","<=50%",">=50%","<=50%","<=50%"
"18 - 19 School Year","M-STEP","63","Oakland Schools","63150","Troy School District","06939","Wass Elementary School","63","Oakland","LEA School","Elementary","City: Small","05","Mathematics","Asian","Male",">=50%","<=50%","<=50%","<=50%"
"18 - 19 School Year","M-STEP","63","Oakland Schools","63150","Troy School District","06939","Wass Elementary School","63","Oakland","LEA School","Elementary","City: Small","05","Mathematics","Asian","Not English Learners","*","*","<=20%","<=20%"
"18 - 19 School Year","M-STEP","63","Oakland Schools","63150","Troy School District","06939","Wass Elementary School","63","Oakland","LEA School","Elementary","City: Small","05","Mathematics","Asian","Students with Disabilities","*","*","*","*"
"18 - 19 School Year","M-STEP","63","Oakland Schools","63150","Troy School District","06939","Wass Elementary School","63","Oakland","LEA School","Elementary","City: Small","05","Mathematics","Asian","Students without IEP","*","*","<=20%","<=20%"
"18 - 19 School Year","M-STEP","63","Oakland Schools","63150","Troy School District","06939","Wass Elementary School","63","Oakland","LEA School","Elementary","City: Small","05","Mathematics","Black, not of Hispanic origin","Female","*","*","*","*"
"18 - 19 School Year","M-STEP","63","Oakland Schools","63150","Troy School District","06939","Wass Elementary School","63","Oakland","LEA School","Elementary","City: Small","05","Mathematics","Black, not of Hispanic origin","Male","*","*","*","*"
"18 - 19 School Year","M-STEP","63","Oakland Schools","63150","Troy School District","06939","Wass Elementary School","63","Oakland","LEA School","Elementary","City: Small","05","Mathematics","Black, not of Hispanic origin","Not English Learners","*","*","*","*"
"18 - 19 School Year","M-STEP","63","Oakland Schools","63150","Troy School District","06939","Wass Elementary School","63","Oakland","LEA School","Elementary","City: Small","05","Mathematics","Black, not of Hispanic origin","Students without IEP","*","*","*","*"
"18 - 19 School Year","M-STEP","63","Oakland Schools","63150","Troy School District","06939","Wass Elementary School","63","Oakland","LEA School","Elementary","City: Small","05","Mathematics","Female","English Learners","*","*","*","*"
"18 - 19 School Year","M-STEP","63","Oakland Schools","63150","Troy School District","06939","Wass Elementary School","63","Oakland","LEA School","Elementary","City: Small","05","Mathematics","Female","Not English Learners","41.9","35.5","*","<=10%"
"18 - 19 School Year","M-STEP","63","Oakland Schools","63150","Troy School District","06939","Wass Elementary School","63","Oakland","LEA School","Elementary","City: Small","05","Mathematics","Female","Students without IEP","38.9","41.7","*","<=10%"
"18 - 19 School Year","M-STEP","63","Oakland Schools","63150","Troy School District","06939","Wass Elementary School","63","Oakland","LEA School","Elementary","City: Small","05","Mathematics","Hispanic","English Learners","*","*","*","*"
"18 - 19 School Year","M-STEP","63","Oakland Schools","63150","Troy School District","06939","Wass Elementary School","63","Oakland","LEA School","Elementary","City: Small","05","Mathematics","Hispanic","Female","*","*","*","*"
"18 - 19 School Year","M-STEP","63","Oakland Schools","63150","Troy School District","06939","Wass Elementary School","63","Oakland","LEA School","Elementary","City: Small","05","Mathematics","Hispanic","Male","*","*","*","*"
"18 - 19 School Year","M-STEP","63","Oakland Schools","63150","Troy School District","06939","Wass Elementary School","63","Oakland","LEA School","Elementary","City: Small","05","Mathematics","Hispanic","Students without IEP","*","*","*","*"
"18 - 19 School Year","M-STEP","63","Oakland Schools","63150","Troy School District","06939","Wass Elementary School","63","Oakland","LEA School","Elementary","City: Small","05","Mathematics","Male","English Learners","*","*","*","*"
"18 - 19 School Year","M-STEP","63","Oakland Schools","63150","Troy School District","06939","Wass Elementary School","63","Oakland","LEA School","Elementary","City: Small","05","Mathematics","Male","Not English Learners","61.1","16.7","*","<=10%"
"18 - 19 School Year","M-STEP","63","Oakland Schools","63150","Troy School District","06939","Wass Elementary School","63","Oakland","LEA School","Elementary","City: Small","05","Mathematics","Male","Students with Disabilities","*","*","*","*"
"18 - 19 School Year","M-STEP","63","Oakland Schools","63150","Troy School District","06939","Wass Elementary School","63","Oakland","LEA School","Elementary","City: Small","05","Mathematics","Male","Students without IEP","59.5","18.9","*","<=10%"
"18 - 19 School Year","M-STEP","63","Oakland Schools","63150","Troy School District","06939","Wass Elementary School","63","Oakland","LEA School","Elementary","City: Small","05","Mathematics","Native Hawaiian or Other Pacific Islander","Female","*","*","*","*"
"18 - 19 School Year","M-STEP","63","Oakland Schools","63150","Troy School District","06939","Wass Elementary School","63","Oakland","LEA School","Elementary","City: Small","05","Mathematics","Native Hawaiian or Other Pacific Islander","Not English Learners","*","*","*","*"
"18 - 19 School Year","M-STEP","63","Oakland Schools","63150","Troy School District","06939","Wass Elementary School","63","Oakland","LEA School","Elementary","City: Small","05","Mathematics","Native Hawaiian or Other Pacific Islander","Students without IEP","*","*","*","*"
"18 - 19 School Year","M-STEP","63","Oakland Schools","63150","Troy School District","06939","Wass Elementary School","63","Oakland","LEA School","Elementary","City: Small","05","Mathematics","Students with Disabilities","Not English Learners","*","*","*","*"
"18 - 19 School Year","M-STEP","63","Oakland Schools","63150","Troy School District","06939","Wass Elementary School","63","Oakland","LEA School","Elementary","City: Small","05","Mathematics","Students without IEP","English Learners","*","*","*","*"
"18 - 19 School Year","M-STEP","63","Oakland Schools","63150","Troy School District","06939","Wass Elementary School","63","Oakland","LEA School","Elementary","City: Small","05","Mathematics","Students without IEP","Not English Learners","52.3","26.2","*","<=5%"
"18 - 19 School Year","M-STEP","63","Oakland Schools","63150","Troy School District","06939","Wass Elementary School","63","Oakland","LEA School","Elementary","City: Small","05","Mathematics","Two or More Races","Female","*","*","*","*"
"18 - 19 School Year","M-STEP","63","Oakland Schools","63150","Troy School District","06939","Wass Elementary School","63","Oakland","LEA School","Elementary","City: Small","05","Mathematics","Two or More Races","Male","*","*","*","*"
"18 - 19 School Year","M-STEP","63","Oakland Schools","63150","Troy School District","06939","Wass Elementary School","63","Oakland","LEA School","Elementary","City: Small","05","Mathematics","Two or More Races","Not English Learners","*","*","*","*"
"18 - 19 School Year","M-STEP","63","Oakland Schools","63150","Troy School District","06939","Wass Elementary School","63","Oakland","LEA School","Elementary","City: Small","05","Mathematics","Two or More Races","Students without IEP","*","*","*","*"
"18 - 19 School Year","M-STEP","63","Oakland Schools","63150","Troy School District","06939","Wass Elementary School","63","Oakland","LEA School","Elementary","City: Small","05","Mathematics","White, not of Hispanic origin","English Learners","*","*","*","*"
"18 - 19 School Year","M-STEP","63","Oakland Schools","63150","Troy School District","06939","Wass Elementary School","63","Oakland","LEA School","Elementary","City: Small","05","Mathematics","White, not of Hispanic origin","Female","40.0","35.0","<=20%","<=20%"
"18 - 19 School Year","M-STEP","63","Oakland Schools","63150","Troy School District","06939","Wass Elementary School","63","Oakland","LEA School","Elementary","City: Small","05","Mathematics","White, not of Hispanic origin","Male","*","<=20%","<=20%","<=20%"
"18 - 19 School Year","M-STEP","63","Oakland Schools","63150","Troy School District","06939","Wass Elementary School","63","Oakland","LEA School","Elementary","City: Small","05","Mathematics","White, not of Hispanic origin","Not English Learners","53.3","22.2","*","<=10%"
"18 - 19 School Year","M-STEP","63","Oakland Schools","63150","Troy School District","06939","Wass Elementary School","63","Oakland","LEA School","Elementary","City: Small","05","Mathematics","White, not of Hispanic origin","Students with Disabilities","*","*","*","*"
"18 - 19 School Year","M-STEP","63","Oakland Schools","63150","Troy School District","06939","Wass Elementary School","63","Oakland","LEA School","Elementary","City: Small","05","Mathematics","White, not of Hispanic origin","Students without IEP","53.3","22.2","*","<=10%"
"18 - 19 School Year","M-STEP","63","Oakland Schools","63150","Troy School District","06940","Bemis Elementary School","63","Oakland","LEA School","Elementary","City: Small","03","Mathematics","Asian","English Learners","*","*","<=20%","<=20%"
"18 - 19 School Year","M-STEP","63","Oakland Schools","63150","Troy School District","06940","Bemis Elementary School","63","Oakland","LEA School","Elementary","City: Small","03","Mathematics","Asian","Female","*","*","<=20%","<=20%"
"18 - 19 School Year","M-STEP","63","Oakland Schools","63150","Troy School District","06940","Bemis Elementary School","63","Oakland","LEA School","Elementary","City: Small","03","Mathematics","Asian","Male","*","<=10%","<=10%","<=10%"
"18 - 19 School Year","M-STEP","63","Oakland Schools","63150","Troy School District","06940","Bemis Elementary School","63","Oakland","LEA School","Elementary","City: Small","03","Mathematics","Asian","Not English Learners","*","<=10%","<=10%","<=10%"
"18 - 19 School Year","M-STEP","63","Oakland Schools","63150","Troy School District","06940","Bemis Elementary School","63","Oakland","LEA School","Elementary","City: Small","03","Mathematics","Asian","Students with Disabilities","*","*","*","*"
"18 - 19 School Year","M-STEP","63","Oakland Schools","63150","Troy School District","06940","Bemis Elementary School","63","Oakland","LEA School","Elementary","City: Small","03","Mathematics","Asian","Students without IEP","*","*","<=10%","<=10%"
"18 - 19 School Year","M-STEP","63","Oakland Schools","63150","Troy School District","06940","Bemis Elementary School","63","Oakland","LEA School","Elementary","City: Small","03","Mathematics","Female","English Learners","<=50%",">=50%","<=50%","<=50%"
"18 - 19 School Year","M-STEP","63","Oakland Schools","63150","Troy School District","06940","Bemis Elementary School","63","Oakland","LEA School","Elementary","City: Small","03","Mathematics","Female","Not English Learners","64.7","20.6","*","<=10%"
"18 - 19 School Year","M-STEP","63","Oakland Schools","63150","Troy School District","06940","Bemis Elementary School","63","Oakland","LEA School","Elementary","City: Small","03","Mathematics","Female","Students with Disabilities","*","*","*","*"
"18 - 19 School Year","M-STEP","63","Oakland Schools","63150","Troy School District","06940","Bemis Elementary School","63","Oakland","LEA School","Elementary","City: Small","03","Mathematics","Female","Students without IEP","*","*","<=10%","<=10%"
"18 - 19 School Year","M-STEP","63","Oakland Schools","63150","Troy School District","06940","Bemis Elementary School","63","Oakland","LEA School","Elementary","City: Small","03","Mathematics","Hispanic","English Learners","*","*","*","*"
"18 - 19 School Year","M-STEP","63","Oakland Schools","63150","Troy School District","06940","Bemis Elementary School","63","Oakland","LEA School","Elementary","City: Small","03","Mathematics","Hispanic","Male","*","*","*","*"
"18 - 19 School Year","M-STEP","63","Oakland Schools","63150","Troy School District","06940","Bemis Elementary School","63","Oakland","LEA School","Elementary","City: Small","03","Mathematics","Hispanic","Students without IEP","*","*","*","*"
"18 - 19 School Year","M-STEP","63","Oakland Schools","63150","Troy School District","06940","Bemis Elementary School","63","Oakland","LEA School","Elementary","City: Small","03","Mathematics","Male","English Learners","*","*","*","*"
"18 - 19 School Year","M-STEP","63","Oakland Schools","63150","Troy School District","06940","Bemis Elementary School","63","Oakland","LEA School","Elementary","City: Small","03","Mathematics","Male","Not English Learners","*","<=10%","<=10%","<=10%"
"18 - 19 School Year","M-STEP","63","Oakland Schools","63150","Troy School District","06940","Bemis Elementary School","63","Oakland","LEA School","Elementary","City: Small","03","Mathematics","Male","Students with Disabilities","*","*","*","*"
"18 - 19 School Year","M-STEP","63","Oakland Schools","63150","Troy School District","06940","Bemis Elementary School","63","Oakland","LEA School","Elementary","City: Small","03","Mathematics","Male","Students without IEP","*","<=10%","<=10%","<=10%"
"18 - 19 School Year","M-STEP","63","Oakland Schools","63150","Troy School District","06940","Bemis Elementary School","63","Oakland","LEA School","Elementary","City: Small","03","Mathematics","Native Hawaiian or Other Pacific Islander","Female","*","*","*","*"
"18 - 19 School Year","M-STEP","63","Oakland Schools","63150","Troy School District","06940","Bemis Elementary School","63","Oakland","LEA School","Elementary","City: Small","03","Mathematics","Native Hawaiian or Other Pacific Islander","Not English Learners","*","*","*","*"
"18 - 19 School Year","M-STEP","63","Oakland Schools","63150","Troy School District","06940","Bemis Elementary School","63","Oakland","LEA School","Elementary","City: Small","03","Mathematics","Native Hawaiian or Other Pacific Islander","Students without IEP","*","*","*","*"
"18 - 19 School Year","M-STEP","63","Oakland Schools","63150","Troy School District","06940","Bemis Elementary School","63","Oakland","LEA School","Elementary","City: Small","03","Mathematics","Students with Disabilities","English Learners","*","*","*","*"
"18 - 19 School Year","M-STEP","63","Oakland Schools","63150","Troy School District","06940","Bemis Elementary School","63","Oakland","LEA School","Elementary","City: Small","03","Mathematics","Students with Disabilities","Not English Learners","*","*","*","*"
"18 - 19 School Year","M-STEP","63","Oakland Schools","63150","Troy School District","06940","Bemis Elementary School","63","Oakland","LEA School","Elementary","City: Small","03","Mathematics","Students without IEP","English Learners","*","*","<=20%","<=20%"
"18 - 19 School Year","M-STEP","63","Oakland Schools","63150","Troy School District","06940","Bemis Elementary School","63","Oakland","LEA School","Elementary","City: Small","03","Mathematics","Students without IEP","Not English Learners","79.1","11.9","*","<=5%"
"18 - 19 School Year","M-STEP","63","Oakland Schools","63150","Troy School District","06940","Bemis Elementary School","63","Oakland","LEA School","Elementary","City: Small","03","Mathematics","Two or More Races","Female","*","*","*","*"
"18 - 19 School Year","M-STEP","63","Oakland Schools","63150","Troy School District","06940","Bemis Elementary School","63","Oakland","LEA School","Elementary","City: Small","03","Mathematics","Two or More Races","Male","*","*","*","*"
"18 - 19 School Year","M-STEP","63","Oakland Schools","63150","Troy School District","06940","Bemis Elementary School","63","Oakland","LEA School","Elementary","City: Small","03","Mathematics","Two or More Races","Not English Learners","*","*","*","*"
"18 - 19 School Year","M-STEP","63","Oakland Schools","63150","Troy School District","06940","Bemis Elementary School","63","Oakland","LEA School","Elementary","City: Small","03","Mathematics","Two or More Races","Students without IEP","*","*","*","*"
"18 - 19 School Year","M-STEP","63","Oakland Schools","63150","Troy School District","06940","Bemis Elementary School","63","Oakland","LEA School","Elementary","City: Small","03","Mathematics","White, not of Hispanic origin","English Learners","*","*","*","*"
"18 - 19 School Year","M-STEP","63","Oakland Schools","63150","Troy School District","06940","Bemis Elementary School","63","Oakland","LEA School","Elementary","City: Small","03","Mathematics","White, not of Hispanic origin","Female","*","*","<=20%","<=20%"
"18 - 19 School Year","M-STEP","63","Oakland Schools","63150","Troy School District","06940","Bemis Elementary School","63","Oakland","LEA School","Elementary","City: Small","03","Mathematics","White, not of Hispanic origin","Male",">=50%","<=50%","<=50%","<=50%"
"18 - 19 School Year","M-STEP","63","Oakland Schools","63150","Troy School District","06940","Bemis Elementary School","63","Oakland","LEA School","Elementary","City: Small","03","Mathematics","White, not of Hispanic origin","Not English Learners","*","*","<=20%","<=20%"
"18 - 19 School Year","M-STEP","63","Oakland Schools","63150","Troy School District","06940","Bemis Elementary School","63","Oakland","LEA School","Elementary","City: Small","03","Mathematics","White, not of Hispanic origin","Students with Disabilities","*","*","*","*"
"18 - 19 School Year","M-STEP","63","Oakland Schools","63150","Troy School District","06940","Bemis Elementary School","63","Oakland","LEA School","Elementary","City: Small","03","Mathematics","White, not of Hispanic origin","Students without IEP","*","*","<=20%","<=20%"
"18 - 19 School Year","M-STEP","63","Oakland Schools","63150","Troy School District","06940","Bemis Elementary School","63","Oakland","LEA School","Elementary","City: Small","04","Mathematics","Asian","English Learners","<=50%",">=50%","<=50%","<=50%"
"18 - 19 School Year","M-STEP","63","Oakland Schools","63150","Troy School District","06940","Bemis Elementary School","63","Oakland","LEA School","Elementary","City: Small","04","Mathematics","Asian","Female","*","*","<=20%","<=20%"
"18 - 19 School Year","M-STEP","63","Oakland Schools","63150","Troy School District","06940","Bemis Elementary School","63","Oakland","LEA School","Elementary","City: Small","04","Mathematics","Asian","Male","*","*","<=10%","<=10%"
"18 - 19 School Year","M-STEP","63","Oakland Schools","63150","Troy School District","06940","Bemis Elementary School","63","Oakland","LEA School","Elementary","City: Small","04","Mathematics","Asian","Not English Learners","*","*","<=10%","<=10%"
"18 - 19 School Year","M-STEP","63","Oakland Schools","63150","Troy School District","06940","Bemis Elementary School","63","Oakland","LEA School","Elementary","City: Small","04","Mathematics","Asian","Students without IEP","*","*","<=10%","<=10%"
"18 - 19 School Year","M-STEP","63","Oakland Schools","63150","Troy School District","06940","Bemis Elementary School","63","Oakland","LEA School","Elementary","City: Small","04","Mathematics","Black, not of Hispanic origin","Female","*","*","*","*"
"18 - 19 School Year","M-STEP","63","Oakland Schools","63150","Troy School District","06940","Bemis Elementary School","63","Oakland","LEA School","Elementary","City: Small","04","Mathematics","Black, not of Hispanic origin","Male","*","*","*","*"
"18 - 19 School Year","M-STEP","63","Oakland Schools","63150","Troy School District","06940","Bemis Elementary School","63","Oakland","LEA School","Elementary","City: Small","04","Mathematics","Black, not of Hispanic origin","Not English Learners","*","*","*","*"
"18 - 19 School Year","M-STEP","63","Oakland Schools","63150","Troy School District","06940","Bemis Elementary School","63","Oakland","LEA School","Elementary","City: Small","04","Mathematics","Black, not of Hispanic origin","Students without IEP","*","*","*","*"
"18 - 19 School Year","M-STEP","63","Oakland Schools","63150","Troy School District","06940","Bemis Elementary School","63","Oakland","LEA School","Elementary","City: Small","04","Mathematics","Female","English Learners","*","*","*","*"
"18 - 19 School Year","M-STEP","63","Oakland Schools","63150","Troy School District","06940","Bemis Elementary School","63","Oakland","LEA School","Elementary","City: Small","04","Mathematics","Female","Not English Learners","63.6","24.2","<=10%","<=10%"
"18 - 19 School Year","M-STEP","63","Oakland Schools","63150","Troy School District","06940","Bemis Elementary School","63","Oakland","LEA School","Elementary","City: Small","04","Mathematics","Female","Students with Disabilities","*","*","*","*"
"18 - 19 School Year","M-STEP","63","Oakland Schools","63150","Troy School District","06940","Bemis Elementary School","63","Oakland","LEA School","Elementary","City: Small","04","Mathematics","Female","Students without IEP","*","*","<=10%","<=10%"
"18 - 19 School Year","M-STEP","63","Oakland Schools","63150","Troy School District","06940","Bemis Elementary School","63","Oakland","LEA School","Elementary","City: Small","04","Mathematics","Male","English Learners","*","*","*","*"
"18 - 19 School Year","M-STEP","63","Oakland Schools","63150","Troy School District","06940","Bemis Elementary School","63","Oakland","LEA School","Elementary","City: Small","04","Mathematics","Male","Not English Learners","*","*","<=10%","<=10%"
"18 - 19 School Year","M-STEP","63","Oakland Schools","63150","Troy School District","06940","Bemis Elementary School","63","Oakland","LEA School","Elementary","City: Small","04","Mathematics","Male","Students with Disabilities","*","*","*","*"
"18 - 19 School Year","M-STEP","63","Oakland Schools","63150","Troy School District","06940","Bemis Elementary School","63","Oakland","LEA School","Elementary","City: Small","04","Mathematics","Male","Students without IEP","*","*","<=10%","<=10%"
"18 - 19 School Year","M-STEP","63","Oakland Schools","63150","Troy School District","06940","Bemis Elementary School","63","Oakland","LEA School","Elementary","City: Small","04","Mathematics","Students with Disabilities","Not English Learners","*","*","*","*"
"18 - 19 School Year","M-STEP","63","Oakland Schools","63150","Troy School District","06940","Bemis Elementary School","63","Oakland","LEA School","Elementary","City: Small","04","Mathematics","Students without IEP","English Learners","<=50%",">=50%","<=50%","<=50%"
"18 - 19 School Year","M-STEP","63","Oakland Schools","63150","Troy School District","06940","Bemis Elementary School","63","Oakland","LEA School","Elementary","City: Small","04","Mathematics","Students without IEP","Not English Learners","67.1","25.7","*","<=5%"
"18 - 19 School Year","M-STEP","63","Oakland Schools","63150","Troy School District","06940","Bemis Elementary School","63","Oakland","LEA School","Elementary","City: Small","04","Mathematics","White, not of Hispanic origin","English Learners","*","*","*","*"
"18 - 19 School Year","M-STEP","63","Oakland Schools","63150","Troy School District","06940","Bemis Elementary School","63","Oakland","LEA School","Elementary","City: Small","04","Mathematics","White, not of Hispanic origin","Female","*","*","*","*"
"18 - 19 School Year","M-STEP","63","Oakland Schools","63150","Troy School District","06940","Bemis Elementary School","63","Oakland","LEA School","Elementary","City: Small","04","Mathematics","White, not of Hispanic origin","Male","*","*","<=20%","<=20%"
"18 - 19 School Year","M-STEP","63","Oakland Schools","63150","Troy School District","06940","Bemis Elementary School","63","Oakland","LEA School","Elementary","City: Small","04","Mathematics","White, not of Hispanic origin","Not English Learners","*","*","<=20%","<=20%"
"18 - 19 School Year","M-STEP","63","Oakland Schools","63150","Troy School District","06940","Bemis Elementary School","63","Oakland","LEA School","Elementary","City: Small","04","Mathematics","White, not of Hispanic origin","Students with Disabilities","*","*","*","*"
"18 - 19 School Year","M-STEP","63","Oakland Schools","63150","Troy School District","06940","Bemis Elementary School","63","Oakland","LEA School","Elementary","City: Small","04","Mathematics","White, not of Hispanic origin","Students without IEP","*","*","<=20%","<=20%"
"18 - 19 School Year","M-STEP","63","Oakland Schools","63150","Troy School District","06940","Bemis Elementary School","63","Oakland","LEA School","Elementary","City: Small","05","Mathematics","Asian","English Learners","*","*","*","*"
"18 - 19 School Year","M-STEP","63","Oakland Schools","63150","Troy School District","06940","Bemis Elementary School","63","Oakland","LEA School","Elementary","City: Small","05","Mathematics","Asian","Female","*","*","<=10%","<=10%"
"18 - 19 School Year","M-STEP","63","Oakland Schools","63150","Troy School District","06940","Bemis Elementary School","63","Oakland","LEA School","Elementary","City: Small","05","Mathematics","Asian","Male","*","<=10%","<=10%","<=10%"
"18 - 19 School Year","M-STEP","63","Oakland Schools","63150","Troy School District","06940","Bemis Elementary School","63","Oakland","LEA School","Elementary","City: Small","05","Mathematics","Asian","Not English Learners","86.3","8.2","*","<=5%"
"18 - 19 School Year","M-STEP","63","Oakland Schools","63150","Troy School District","06940","Bemis Elementary School","63","Oakland","LEA School","Elementary","City: Small","05","Mathematics","Asian","Students with Disabilities","*","*","*","*"
"18 - 19 School Year","M-STEP","63","Oakland Schools","63150","Troy School District","06940","Bemis Elementary School","63","Oakland","LEA School","Elementary","City: Small","05","Mathematics","Asian","Students without IEP","85.9","7.7","*","<=5%"
"18 - 19 School Year","M-STEP","63","Oakland Schools","63150","Troy School District","06940","Bemis Elementary School","63","Oakland","LEA School","Elementary","City: Small","05","Mathematics","Black, not of Hispanic origin","Male","*","*","*","*"
"18 - 19 School Year","M-STEP","63","Oakland Schools","63150","Troy School District","06940","Bemis Elementary School","63","Oakland","LEA School","Elementary","City: Small","05","Mathematics","Black, not of Hispanic origin","Not English Learners","*","*","*","*"
"18 - 19 School Year","M-STEP","63","Oakland Schools","63150","Troy School District","06940","Bemis Elementary School","63","Oakland","LEA School","Elementary","City: Small","05","Mathematics","Black, not of Hispanic origin","Students without IEP","*","*","*","*"
"18 - 19 School Year","M-STEP","63","Oakland Schools","63150","Troy School District","06940","Bemis Elementary School","63","Oakland","LEA School","Elementary","City: Small","05","Mathematics","Female","English Learners","*","*","*","*"
"18 - 19 School Year","M-STEP","63","Oakland Schools","63150","Troy School District","06940","Bemis Elementary School","63","Oakland","LEA School","Elementary","City: Small","05","Mathematics","Female","Not English Learners","70.4","16.7","*","<=10%"
"18 - 19 School Year","M-STEP","63","Oakland Schools","63150","Troy School District","06940","Bemis Elementary School","63","Oakland","LEA School","Elementary","City: Small","05","Mathematics","Female","Students without IEP","70.7","15.5","*","<=10%"
"18 - 19 School Year","M-STEP","63","Oakland Schools","63150","Troy School District","06940","Bemis Elementary School","63","Oakland","LEA School","Elementary","City: Small","05","Mathematics","Hispanic","Female","*","*","*","*"
"18 - 19 School Year","M-STEP","63","Oakland Schools","63150","Troy School District","06940","Bemis Elementary School","63","Oakland","LEA School","Elementary","City: Small","05","Mathematics","Hispanic","Male","*","*","*","*"
"18 - 19 School Year","M-STEP","63","Oakland Schools","63150","Troy School District","06940","Bemis Elementary School","63","Oakland","LEA School","Elementary","City: Small","05","Mathematics","Hispanic","Not English Learners","*","*","*","*"
"18 - 19 School Year","M-STEP","63","Oakland Schools","63150","Troy School District","06940","Bemis Elementary School","63","Oakland","LEA School","Elementary","City: Small","05","Mathematics","Hispanic","Students with Disabilities","*","*","*","*"
"18 - 19 School Year","M-STEP","63","Oakland Schools","63150","Troy School District","06940","Bemis Elementary School","63","Oakland","LEA School","Elementary","City: Small","05","Mathematics","Hispanic","Students without IEP","*","*","*","*"
"18 - 19 School Year","M-STEP","63","Oakland Schools","63150","Troy School District","06940","Bemis Elementary School","63","Oakland","LEA School","Elementary","City: Small","05","Mathematics","Male","English Learners","*","*","*","*"
"18 - 19 School Year","M-STEP","63","Oakland Schools","63150","Troy School District","06940","Bemis Elementary School","63","Oakland","LEA School","Elementary","City: Small","05","Mathematics","Male","Not English Learners","*","<=10%","*","<=10%"
"18 - 19 School Year","M-STEP","63","Oakland Schools","63150","Troy School District","06940","Bemis Elementary School","63","Oakland","LEA School","Elementary","City: Small","05","Mathematics","Male","Students with Disabilities","*","*","*","*"
"18 - 19 School Year","M-STEP","63","Oakland Schools","63150","Troy School District","06940","Bemis Elementary School","63","Oakland","LEA School","Elementary","City: Small","05","Mathematics","Male","Students without IEP","*","<=10%","*","<=10%"
"18 - 19 School Year","M-STEP","63","Oakland Schools","63150","Troy School District","06940","Bemis Elementary School","63","Oakland","LEA School","Elementary","City: Small","05","Mathematics","Students with Disabilities","English Learners","*","*","*","*"
"18 - 19 School Year","M-STEP","63","Oakland Schools","63150","Troy School District","06940","Bemis Elementary School","63","Oakland","LEA School","Elementary","City: Small","05","Mathematics","Students with Disabilities","Not English Learners","*","*","*","*"
"18 - 19 School Year","M-STEP","63","Oakland Schools","63150","Troy School District","06940","Bemis Elementary School","63","Oakland","LEA School","Elementary","City: Small","05","Mathematics","Students without IEP","English Learners","*","*","*","*"
"18 - 19 School Year","M-STEP","63","Oakland Schools","63150","Troy School District","06940","Bemis Elementary School","63","Oakland","LEA School","Elementary","City: Small","05","Mathematics","Students without IEP","Not English Learners","76.0","11.5","*","<=5%"
"18 - 19 School Year","M-STEP","63","Oakland Schools","63150","Troy School District","06940","Bemis Elementary School","63","Oakland","LEA School","Elementary","City: Small","05","Mathematics","Two or More Races","English Learners","*","*","*","*"
"18 - 19 School Year","M-STEP","63","Oakland Schools","63150","Troy School District","06940","Bemis Elementary School","63","Oakland","LEA School","Elementary","City: Small","05","Mathematics","Two or More Races","Female","*","*","*","*"
"18 - 19 School Year","M-STEP","63","Oakland Schools","63150","Troy School District","06940","Bemis Elementary School","63","Oakland","LEA School","Elementary","City: Small","05","Mathematics","Two or More Races","Male","*","*","*","*"
"18 - 19 School Year","M-STEP","63","Oakland Schools","63150","Troy School District","06940","Bemis Elementary School","63","Oakland","LEA School","Elementary","City: Small","05","Mathematics","Two or More Races","Not English Learners","*","*","*","*"
"18 - 19 School Year","M-STEP","63","Oakland Schools","63150","Troy School District","06940","Bemis Elementary School","63","Oakland","LEA School","Elementary","City: Small","05","Mathematics","Two or More Races","Students with Disabilities","*","*","*","*"
"18 - 19 School Year","M-STEP","63","Oakland Schools","63150","Troy School District","06940","Bemis Elementary School","63","Oakland","LEA School","Elementary","City: Small","05","Mathematics","Two or More Races","Students without IEP","*","*","*","*"
"18 - 19 School Year","M-STEP","63","Oakland Schools","63150","Troy School District","06940","Bemis Elementary School","63","Oakland","LEA School","Elementary","City: Small","05","Mathematics","White, not of Hispanic origin","Female","<=50%","<=50%","<=50%","<=50%"
"18 - 19 School Year","M-STEP","63","Oakland Schools","63150","Troy School District","06940","Bemis Elementary School","63","Oakland","LEA School","Elementary","City: Small","05","Mathematics","White, not of Hispanic origin","Male","*","*","*","*"
"18 - 19 School Year","M-STEP","63","Oakland Schools","63150","Troy School District","06940","Bemis Elementary School","63","Oakland","LEA School","Elementary","City: Small","05","Mathematics","White, not of Hispanic origin","Not English Learners","41.2","29.4","*","<=20%"
"18 - 19 School Year","M-STEP","63","Oakland Schools","63150","Troy School District","06940","Bemis Elementary School","63","Oakland","LEA School","Elementary","City: Small","05","Mathematics","White, not of Hispanic origin","Students with Disabilities","*","*","*","*"
"18 - 19 School Year","M-STEP","63","Oakland Schools","63150","Troy School District","06940","Bemis Elementary School","63","Oakland","LEA School","Elementary","City: Small","05","Mathematics","White, not of Hispanic origin","Students without IEP","43.8","25.0","*","<=20%"
"18 - 19 School Year","M-STEP","63","Oakland Schools","63150","Troy School District","06941","Barnard Elementary School","63","Oakland","LEA School","Elementary","City: Small","03","Mathematics","Asian","English Learners","*","<=20%","*","<=20%"
"18 - 19 School Year","M-STEP","63","Oakland Schools","63150","Troy School District","06941","Barnard Elementary School","63","Oakland","LEA School","Elementary","City: Small","03","Mathematics","Asian","Female",">=50%","<=50%","<=50%","<=50%"
"18 - 19 School Year","M-STEP","63","Oakland Schools","63150","Troy School District","06941","Barnard Elementary School","63","Oakland","LEA School","Elementary","City: Small","03","Mathematics","Asian","Male","<=50%","<=50%","<=50%","<=50%"
"18 - 19 School Year","M-STEP","63","Oakland Schools","63150","Troy School District","06941","Barnard Elementary School","63","Oakland","LEA School","Elementary","City: Small","03","Mathematics","Asian","Not English Learners",">=50%","<=50%","<=50%","<=50%"
"18 - 19 School Year","M-STEP","63","Oakland Schools","63150","Troy School District","06941","Barnard Elementary School","63","Oakland","LEA School","Elementary","City: Small","03","Mathematics","Asian","Students with Disabilities","*","*","*","*"
"18 - 19 School Year","M-STEP","63","Oakland Schools","63150","Troy School District","06941","Barnard Elementary School","63","Oakland","LEA School","Elementary","City: Small","03","Mathematics","Asian","Students without IEP","51.9","22.2","*","<=20%"
"18 - 19 School Year","M-STEP","63","Oakland Schools","63150","Troy School District","06941","Barnard Elementary School","63","Oakland","LEA School","Elementary","City: Small","03","Mathematics","Black, not of Hispanic origin","Female","*","*","*","*"
"18 - 19 School Year","M-STEP","63","Oakland Schools","63150","Troy School District","06941","Barnard Elementary School","63","Oakland","LEA School","Elementary","City: Small","03","Mathematics","Black, not of Hispanic origin","Male","*","*","*","*"
"18 - 19 School Year","M-STEP","63","Oakland Schools","63150","Troy School District","06941","Barnard Elementary School","63","Oakland","LEA School","Elementary","City: Small","03","Mathematics","Black, not of Hispanic origin","Not English Learners","*","*","*","*"
"18 - 19 School Year","M-STEP","63","Oakland Schools","63150","Troy School District","06941","Barnard Elementary School","63","Oakland","LEA School","Elementary","City: Small","03","Mathematics","Black, not of Hispanic origin","Students without IEP","*","*","*","*"
"18 - 19 School Year","M-STEP","63","Oakland Schools","63150","Troy School District","06941","Barnard Elementary School","63","Oakland","LEA School","Elementary","City: Small","03","Mathematics","Female","English Learners","<=50%","<=50%","<=50%","<=50%"
"18 - 19 School Year","M-STEP","63","Oakland Schools","63150","Troy School District","06941","Barnard Elementary School","63","Oakland","LEA School","Elementary","City: Small","03","Mathematics","Female","Not English Learners","26.1","43.5","*","<=20%"
"18 - 19 School Year","M-STEP","63","Oakland Schools","63150","Troy School District","06941","Barnard Elementary School","63","Oakland","LEA School","Elementary","City: Small","03","Mathematics","Female","Students without IEP","33.3","38.9","*","<=10%"
"18 - 19 School Year","M-STEP","63","Oakland Schools","63150","Troy School District","06941","Barnard Elementary School","63","Oakland","LEA School","Elementary","City: Small","03","Mathematics","Hispanic","English Learners","*","*","*","*"
"18 - 19 School Year","M-STEP","63","Oakland Schools","63150","Troy School District","06941","Barnard Elementary School","63","Oakland","LEA School","Elementary","City: Small","03","Mathematics","Hispanic","Female","*","*","*","*"
"18 - 19 School Year","M-STEP","63","Oakland Schools","63150","Troy School District","06941","Barnard Elementary School","63","Oakland","LEA School","Elementary","City: Small","03","Mathematics","Hispanic","Male","*","*","*","*"
"18 - 19 School Year","M-STEP","63","Oakland Schools","63150","Troy School District","06941","Barnard Elementary School","63","Oakland","LEA School","Elementary","City: Small","03","Mathematics","Hispanic","Not English Learners","*","*","*","*"
"18 - 19 School Year","M-STEP","63","Oakland Schools","63150","Troy School District","06941","Barnard Elementary School","63","Oakland","LEA School","Elementary","City: Small","03","Mathematics","Hispanic","Students without IEP","*","*","*","*"
"18 - 19 School Year","M-STEP","63","Oakland Schools","63150","Troy School District","06941","Barnard Elementary School","63","Oakland","LEA School","Elementary","City: Small","03","Mathematics","Male","English Learners","31.6","31.6","*","<=20%"
"18 - 19 School Year","M-STEP","63","Oakland Schools","63150","Troy School District","06941","Barnard Elementary School","63","Oakland","LEA School","Elementary","City: Small","03","Mathematics","Male","Not English Learners","30.4","43.5","<=20%","<=20%"
"18 - 19 School Year","M-STEP","63","Oakland Schools","63150","Troy School District","06941","Barnard Elementary School","63","Oakland","LEA School","Elementary","City: Small","03","Mathematics","Male","Students with Disabilities","*","*","*","*"
"18 - 19 School Year","M-STEP","63","Oakland Schools","63150","Troy School District","06941","Barnard Elementary School","63","Oakland","LEA School","Elementary","City: Small","03","Mathematics","Male","Students without IEP","32.4","40.5","*","<=10%"
"18 - 19 School Year","M-STEP","63","Oakland Schools","63150","Troy School District","06941","Barnard Elementary School","63","Oakland","LEA School","Elementary","City: Small","03","Mathematics","Students with Disabilities","English Learners","*","*","*","*"
"18 - 19 School Year","M-STEP","63","Oakland Schools","63150","Troy School District","06941","Barnard Elementary School","63","Oakland","LEA School","Elementary","City: Small","03","Mathematics","Students with Disabilities","Not English Learners","*","*","*","*"
"18 - 19 School Year","M-STEP","63","Oakland Schools","63150","Troy School District","06941","Barnard Elementary School","63","Oakland","LEA School","Elementary","City: Small","03","Mathematics","Students without IEP","English Learners","38.7","29.0","*","<=10%"
"18 - 19 School Year","M-STEP","63","Oakland Schools","63150","Troy School District","06941","Barnard Elementary School","63","Oakland","LEA School","Elementary","City: Small","03","Mathematics","Students without IEP","Not English Learners","28.6","47.6","*","<=10%"
"18 - 19 School Year","M-STEP","63","Oakland Schools","63150","Troy School District","06941","Barnard Elementary School","63","Oakland","LEA School","Elementary","City: Small","03","Mathematics","Two or More Races","Female","*","*","*","*"
"18 - 19 School Year","M-STEP","63","Oakland Schools","63150","Troy School District","06941","Barnard Elementary School","63","Oakland","LEA School","Elementary","City: Small","03","Mathematics","Two or More Races","Male","*","*","*","*"
"18 - 19 School Year","M-STEP","63","Oakland Schools","63150","Troy School District","06941","Barnard Elementary School","63","Oakland","LEA School","Elementary","City: Small","03","Mathematics","Two or More Races","Not English Learners","*","*","*","*"
"18 - 19 School Year","M-STEP","63","Oakland Schools","63150","Troy School District","06941","Barnard Elementary School","63","Oakland","LEA School","Elementary","City: Small","03","Mathematics","Two or More Races","Students with Disabilities","*","*","*","*"
"18 - 19 School Year","M-STEP","63","Oakland Schools","63150","Troy School District","06941","Barnard Elementary School","63","Oakland","LEA School","Elementary","City: Small","03","Mathematics","Two or More Races","Students without IEP","*","*","*","*"
"18 - 19 School Year","M-STEP","63","Oakland Schools","63150","Troy School District","06941","Barnard Elementary School","63","Oakland","LEA School","Elementary","City: Small","03","Mathematics","White, not of Hispanic origin","English Learners","<=50%",">=50%","<=50%","<=50%"
"18 - 19 School Year","M-STEP","63","Oakland Schools","63150","Troy School District","06941","Barnard Elementary School","63","Oakland","LEA School","Elementary","City: Small","03","Mathematics","White, not of Hispanic origin","Female","<=20%","*","*","<=20%"
"18 - 19 School Year","M-STEP","63","Oakland Schools","63150","Troy School District","06941","Barnard Elementary School","63","Oakland","LEA School","Elementary","City: Small","03","Mathematics","White, not of Hispanic origin","Male","23.8","52.4","<=20%","<=20%"
"18 - 19 School Year","M-STEP","63","Oakland Schools","63150","Troy School District","06941","Barnard Elementary School","63","Oakland","LEA School","Elementary","City: Small","03","Mathematics","White, not of Hispanic origin","Not English Learners","21.4","46.4","*","<=20%"
"18 - 19 School Year","M-STEP","63","Oakland Schools","63150","Troy School District","06941","Barnard Elementary School","63","Oakland","LEA School","Elementary","City: Small","03","Mathematics","White, not of Hispanic origin","Students with Disabilities","*","*","*","*"
"18 - 19 School Year","M-STEP","63","Oakland Schools","63150","Troy School District","06941","Barnard Elementary School","63","Oakland","LEA School","Elementary","City: Small","03","Mathematics","White, not of Hispanic origin","Students without IEP","19.4","52.8","*","<=10%"
"18 - 19 School Year","M-STEP","63","Oakland Schools","63150","Troy School District","06941","Barnard Elementary School","63","Oakland","LEA School","Elementary","City: Small","04","Mathematics","Asian","English Learners","*","*","*","*"
"18 - 19 School Year","M-STEP","63","Oakland Schools","63150","Troy School District","06941","Barnard Elementary School","63","Oakland","LEA School","Elementary","City: Small","04","Mathematics","Asian","Female","*","*","*","*"
"18 - 19 School Year","M-STEP","63","Oakland Schools","63150","Troy School District","06941","Barnard Elementary School","63","Oakland","LEA School","Elementary","City: Small","04","Mathematics","Asian","Male",">=50%","<=50%","<=50%","<=50%"
"18 - 19 School Year","M-STEP","63","Oakland Schools","63150","Troy School District","06941","Barnard Elementary School","63","Oakland","LEA School","Elementary","City: Small","04","Mathematics","Asian","Not English Learners",">=50%","<=50%","<=50%","<=50%"
"18 - 19 School Year","M-STEP","63","Oakland Schools","63150","Troy School District","06941","Barnard Elementary School","63","Oakland","LEA School","Elementary","City: Small","04","Mathematics","Asian","Students without IEP","*","*","<=20%","<=20%"
"18 - 19 School Year","M-STEP","63","Oakland Schools","63150","Troy School District","06941","Barnard Elementary School","63","Oakland","LEA School","Elementary","City: Small","04","Mathematics","Black, not of Hispanic origin","Female","*","*","*","*"
"18 - 19 School Year","M-STEP","63","Oakland Schools","63150","Troy School District","06941","Barnard Elementary School","63","Oakland","LEA School","Elementary","City: Small","04","Mathematics","Black, not of Hispanic origin","Male","*","*","*","*"
"18 - 19 School Year","M-STEP","63","Oakland Schools","63150","Troy School District","06941","Barnard Elementary School","63","Oakland","LEA School","Elementary","City: Small","04","Mathematics","Black, not of Hispanic origin","Not English Learners","*","*","*","*"
"18 - 19 School Year","M-STEP","63","Oakland Schools","63150","Troy School District","06941","Barnard Elementary School","63","Oakland","LEA School","Elementary","City: Small","04","Mathematics","Black, not of Hispanic origin","Students without IEP","*","*","*","*"
"18 - 19 School Year","M-STEP","63","Oakland Schools","63150","Troy School District","06941","Barnard Elementary School","63","Oakland","LEA School","Elementary","City: Small","04","Mathematics","Female","English Learners","*","*","*","*"
"18 - 19 School Year","M-STEP","63","Oakland Schools","63150","Troy School District","06941","Barnard Elementary School","63","Oakland","LEA School","Elementary","City: Small","04","Mathematics","Female","Not English Learners","<=20%","*","<=20%","<=20%"
"18 - 19 School Year","M-STEP","63","Oakland Schools","63150","Troy School District","06941","Barnard Elementary School","63","Oakland","LEA School","Elementary","City: Small","04","Mathematics","Female","Students with Disabilities","*","*","*","*"
"18 - 19 School Year","M-STEP","63","Oakland Schools","63150","Troy School District","06941","Barnard Elementary School","63","Oakland","LEA School","Elementary","City: Small","04","Mathematics","Female","Students without IEP","20.8","41.7","*","<=20%"
"18 - 19 School Year","M-STEP","63","Oakland Schools","63150","Troy School District","06941","Barnard Elementary School","63","Oakland","LEA School","Elementary","City: Small","04","Mathematics","Hispanic","English Learners","*","*","*","*"
"18 - 19 School Year","M-STEP","63","Oakland Schools","63150","Troy School District","06941","Barnard Elementary School","63","Oakland","LEA School","Elementary","City: Small","04","Mathematics","Hispanic","Female","*","*","*","*"
"18 - 19 School Year","M-STEP","63","Oakland Schools","63150","Troy School District","06941","Barnard Elementary School","63","Oakland","LEA School","Elementary","City: Small","04","Mathematics","Hispanic","Male","*","*","*","*"
"18 - 19 School Year","M-STEP","63","Oakland Schools","63150","Troy School District","06941","Barnard Elementary School","63","Oakland","LEA School","Elementary","City: Small","04","Mathematics","Hispanic","Not English Learners","*","*","*","*"
"18 - 19 School Year","M-STEP","63","Oakland Schools","63150","Troy School District","06941","Barnard Elementary School","63","Oakland","LEA School","Elementary","City: Small","04","Mathematics","Hispanic","Students without IEP","*","*","*","*"
"18 - 19 School Year","M-STEP","63","Oakland Schools","63150","Troy School District","06941","Barnard Elementary School","63","Oakland","LEA School","Elementary","City: Small","04","Mathematics","Male","English Learners","<=50%","<=50%","<=50%","<=50%"
"18 - 19 School Year","M-STEP","63","Oakland Schools","63150","Troy School District","06941","Barnard Elementary School","63","Oakland","LEA School","Elementary","City: Small","04","Mathematics","Male","Not English Learners","38.2","32.4","*","<=10%"
"18 - 19 School Year","M-STEP","63","Oakland Schools","63150","Troy School District","06941","Barnard Elementary School","63","Oakland","LEA School","Elementary","City: Small","04","Mathematics","Male","Students with Disabilities","*","*","*","*"
"18 - 19 School Year","M-STEP","63","Oakland Schools","63150","Troy School District","06941","Barnard Elementary School","63","Oakland","LEA School","Elementary","City: Small","04","Mathematics","Male","Students without IEP","40.5","31.0","*","<=10%"
"18 - 19 School Year","M-STEP","63","Oakland Schools","63150","Troy School District","06941","Barnard Elementary School","63","Oakland","LEA School","Elementary","City: Small","04","Mathematics","Students with Disabilities","English Learners","*","*","*","*"
"18 - 19 School Year","M-STEP","63","Oakland Schools","63150","Troy School District","06941","Barnard Elementary School","63","Oakland","LEA School","Elementary","City: Small","04","Mathematics","Students with Disabilities","Not English Learners","*","*","*","*"
"18 - 19 School Year","M-STEP","63","Oakland Schools","63150","Troy School District","06941","Barnard Elementary School","63","Oakland","LEA School","Elementary","City: Small","04","Mathematics","Students without IEP","English Learners","31.3","25.0","*","<=20%"
"18 - 19 School Year","M-STEP","63","Oakland Schools","63150","Troy School District","06941","Barnard Elementary School","63","Oakland","LEA School","Elementary","City: Small","04","Mathematics","Students without IEP","Not English Learners","34.0","38.0","*","<=10%"
"18 - 19 School Year","M-STEP","63","Oakland Schools","63150","Troy School District","06941","Barnard Elementary School","63","Oakland","LEA School","Elementary","City: Small","04","Mathematics","Two or More Races","Female","*","*","*","*"
"18 - 19 School Year","M-STEP","63","Oakland Schools","63150","Troy School District","06941","Barnard Elementary School","63","Oakland","LEA School","Elementary","City: Small","04","Mathematics","Two or More Races","Male","*","*","*","*"
"18 - 19 School Year","M-STEP","63","Oakland Schools","63150","Troy School District","06941","Barnard Elementary School","63","Oakland","LEA School","Elementary","City: Small","04","Mathematics","Two or More Races","Not English Learners","*","*","*","*"
"18 - 19 School Year","M-STEP","63","Oakland Schools","63150","Troy School District","06941","Barnard Elementary School","63","Oakland","LEA School","Elementary","City: Small","04","Mathematics","Two or More Races","Students with Disabilities","*","*","*","*"
"18 - 19 School Year","M-STEP","63","Oakland Schools","63150","Troy School District","06941","Barnard Elementary School","63","Oakland","LEA School","Elementary","City: Small","04","Mathematics","Two or More Races","Students without IEP","*","*","*","*"
"18 - 19 School Year","M-STEP","63","Oakland Schools","63150","Troy School District","06941","Barnard Elementary School","63","Oakland","LEA School","Elementary","City: Small","04","Mathematics","White, not of Hispanic origin","English Learners","*","*","*","*"
"18 - 19 School Year","M-STEP","63","Oakland Schools","63150","Troy School District","06941","Barnard Elementary School","63","Oakland","LEA School","Elementary","City: Small","04","Mathematics","White, not of Hispanic origin","Female","<=20%","*","*","<=20%"
"18 - 19 School Year","M-STEP","63","Oakland Schools","63150","Troy School District","06941","Barnard Elementary School","63","Oakland","LEA School","Elementary","City: Small","04","Mathematics","White, not of Hispanic origin","Male","25.9","37.0","*","<=20%"
"18 - 19 School Year","M-STEP","63","Oakland Schools","63150","Troy School District","06941","Barnard Elementary School","63","Oakland","LEA School","Elementary","City: Small","04","Mathematics","White, not of Hispanic origin","Not English Learners","20.6","50.0","*","<=10%"
"18 - 19 School Year","M-STEP","63","Oakland Schools","63150","Troy School District","06941","Barnard Elementary School","63","Oakland","LEA School","Elementary","City: Small","04","Mathematics","White, not of Hispanic origin","Students with Disabilities","*","*","*","*"
"18 - 19 School Year","M-STEP","63","Oakland Schools","63150","Troy School District","06941","Barnard Elementary School","63","Oakland","LEA School","Elementary","City: Small","04","Mathematics","White, not of Hispanic origin","Students without IEP","23.7","39.5","26.3","10.5"
"18 - 19 School Year","M-STEP","63","Oakland Schools","63150","Troy School District","06941","Barnard Elementary School","63","Oakland","LEA School","Elementary","City: Small","05","Mathematics","Asian","English Learners","*","*","*","*"
"18 - 19 School Year","M-STEP","63","Oakland Schools","63150","Troy School District","06941","Barnard Elementary School","63","Oakland","LEA School","Elementary","City: Small","05","Mathematics","Asian","Female","<=50%","<=50%","<=50%","<=50%"
"18 - 19 School Year","M-STEP","63","Oakland Schools","63150","Troy School District","06941","Barnard Elementary School","63","Oakland","LEA School","Elementary","City: Small","05","Mathematics","Asian","Male",">=50%","<=50%","<=50%","<=50%"
"18 - 19 School Year","M-STEP","63","Oakland Schools","63150","Troy School District","06941","Barnard Elementary School","63","Oakland","LEA School","Elementary","City: Small","05","Mathematics","Asian","Not English Learners","*","<=20%","<=20%","<=20%"
"18 - 19 School Year","M-STEP","63","Oakland Schools","63150","Troy School District","06941","Barnard Elementary School","63","Oakland","LEA School","Elementary","City: Small","05","Mathematics","Asian","Students with Disabilities","*","*","*","*"
"18 - 19 School Year","M-STEP","63","Oakland Schools","63150","Troy School District","06941","Barnard Elementary School","63","Oakland","LEA School","Elementary","City: Small","05","Mathematics","Asian","Students without IEP","*","*","<=20%","<=20%"
"18 - 19 School Year","M-STEP","63","Oakland Schools","63150","Troy School District","06941","Barnard Elementary School","63","Oakland","LEA School","Elementary","City: Small","05","Mathematics","Black, not of Hispanic origin","Female","*","*","*","*"
"18 - 19 School Year","M-STEP","63","Oakland Schools","63150","Troy School District","06941","Barnard Elementary School","63","Oakland","LEA School","Elementary","City: Small","05","Mathematics","Black, not of Hispanic origin","Male","*","*","*","*"
"18 - 19 School Year","M-STEP","63","Oakland Schools","63150","Troy School District","06941","Barnard Elementary School","63","Oakland","LEA School","Elementary","City: Small","05","Mathematics","Black, not of Hispanic origin","Not English Learners","*","*","*","*"
"18 - 19 School Year","M-STEP","63","Oakland Schools","63150","Troy School District","06941","Barnard Elementary School","63","Oakland","LEA School","Elementary","City: Small","05","Mathematics","Black, not of Hispanic origin","Students with Disabilities","*","*","*","*"
"18 - 19 School Year","M-STEP","63","Oakland Schools","63150","Troy School District","06941","Barnard Elementary School","63","Oakland","LEA School","Elementary","City: Small","05","Mathematics","Black, not of Hispanic origin","Students without IEP","*","*","*","*"
"18 - 19 School Year","M-STEP","63","Oakland Schools","63150","Troy School District","06941","Barnard Elementary School","63","Oakland","LEA School","Elementary","City: Small","05","Mathematics","Female","English Learners","*","*","*","*"
"18 - 19 School Year","M-STEP","63","Oakland Schools","63150","Troy School District","06941","Barnard Elementary School","63","Oakland","LEA School","Elementary","City: Small","05","Mathematics","Female","Not English Learners","*","<=20%","*","<=20%"
"18 - 19 School Year","M-STEP","63","Oakland Schools","63150","Troy School District","06941","Barnard Elementary School","63","Oakland","LEA School","Elementary","City: Small","05","Mathematics","Female","Students with Disabilities","*","*","*","*"
"18 - 19 School Year","M-STEP","63","Oakland Schools","63150","Troy School District","06941","Barnard Elementary School","63","Oakland","LEA School","Elementary","City: Small","05","Mathematics","Female","Students without IEP","27.3","15.2","42.4","15.2"
"18 - 19 School Year","M-STEP","63","Oakland Schools","63150","Troy School District","06941","Barnard Elementary School","63","Oakland","LEA School","Elementary","City: Small","05","Mathematics","Hispanic","English Learners","*","*","*","*"
"18 - 19 School Year","M-STEP","63","Oakland Schools","63150","Troy School District","06941","Barnard Elementary School","63","Oakland","LEA School","Elementary","City: Small","05","Mathematics","Hispanic","Female","*","*","*","*"
"18 - 19 School Year","M-STEP","63","Oakland Schools","63150","Troy School District","06941","Barnard Elementary School","63","Oakland","LEA School","Elementary","City: Small","05","Mathematics","Hispanic","Male","*","*","*","*"
"18 - 19 School Year","M-STEP","63","Oakland Schools","63150","Troy School District","06941","Barnard Elementary School","63","Oakland","LEA School","Elementary","City: Small","05","Mathematics","Hispanic","Not English Learners","*","*","*","*"
"18 - 19 School Year","M-STEP","63","Oakland Schools","63150","Troy School District","06941","Barnard Elementary School","63","Oakland","LEA School","Elementary","City: Small","05","Mathematics","Hispanic","Students with Disabilities","*","*","*","*"
"18 - 19 School Year","M-STEP","63","Oakland Schools","63150","Troy School District","06941","Barnard Elementary School","63","Oakland","LEA School","Elementary","City: Small","05","Mathematics","Hispanic","Students without IEP","*","*","*","*"
"18 - 19 School Year","M-STEP","63","Oakland Schools","63150","Troy School District","06941","Barnard Elementary School","63","Oakland","LEA School","Elementary","City: Small","05","Mathematics","Male","English Learners","*","*","*","*"
"18 - 19 School Year","M-STEP","63","Oakland Schools","63150","Troy School District","06941","Barnard Elementary School","63","Oakland","LEA School","Elementary","City: Small","05","Mathematics","Male","Not English Learners","50.0","16.7","16.7","16.7"
"18 - 19 School Year","M-STEP","63","Oakland Schools","63150","Troy School District","06941","Barnard Elementary School","63","Oakland","LEA School","Elementary","City: Small","05","Mathematics","Male","Students with Disabilities","*","*","*","*"
"18 - 19 School Year","M-STEP","63","Oakland Schools","63150","Troy School District","06941","Barnard Elementary School","63","Oakland","LEA School","Elementary","City: Small","05","Mathematics","Male","Students without IEP","52.4","23.8","*","<=10%"
"18 - 19 School Year","M-STEP","63","Oakland Schools","63150","Troy School District","06941","Barnard Elementary School","63","Oakland","LEA School","Elementary","City: Small","05","Mathematics","Students with Disabilities","English Learners","*","*","*","*"
"18 - 19 School Year","M-STEP","63","Oakland Schools","63150","Troy School District","06941","Barnard Elementary School","63","Oakland","LEA School","Elementary","City: Small","05","Mathematics","Students with Disabilities","Not English Learners","*","*","*","*"
"18 - 19 School Year","M-STEP","63","Oakland Schools","63150","Troy School District","06941","Barnard Elementary School","63","Oakland","LEA School","Elementary","City: Small","05","Mathematics","Students without IEP","English Learners","*","*","*","*"
"18 - 19 School Year","M-STEP","63","Oakland Schools","63150","Troy School District","06941","Barnard Elementary School","63","Oakland","LEA School","Elementary","City: Small","05","Mathematics","Students without IEP","Not English Learners","45.5","16.7","27.3","10.6"
"18 - 19 School Year","M-STEP","63","Oakland Schools","63150","Troy School District","06941","Barnard Elementary School","63","Oakland","LEA School","Elementary","City: Small","05","Mathematics","Two or More Races","Female","*","*","*","*"
"18 - 19 School Year","M-STEP","63","Oakland Schools","63150","Troy School District","06941","Barnard Elementary School","63","Oakland","LEA School","Elementary","City: Small","05","Mathematics","Two or More Races","Not English Learners","*","*","*","*"
"18 - 19 School Year","M-STEP","63","Oakland Schools","63150","Troy School District","06941","Barnard Elementary School","63","Oakland","LEA School","Elementary","City: Small","05","Mathematics","Two or More Races","Students without IEP","*","*","*","*"
"18 - 19 School Year","M-STEP","63","Oakland Schools","63150","Troy School District","06941","Barnard Elementary School","63","Oakland","LEA School","Elementary","City: Small","05","Mathematics","White, not of Hispanic origin","English Learners","*","*","*","*"
"18 - 19 School Year","M-STEP","63","Oakland Schools","63150","Troy School District","06941","Barnard Elementary School","63","Oakland","LEA School","Elementary","City: Small","05","Mathematics","White, not of Hispanic origin","Female","*","<=20%","47.4","21.1"
"18 - 19 School Year","M-STEP","63","Oakland Schools","63150","Troy School District","06941","Barnard Elementary School","63","Oakland","LEA School","Elementary","City: Small","05","Mathematics","White, not of Hispanic origin","Male","34.4","21.9","21.9","21.9"
"18 - 19 School Year","M-STEP","63","Oakland Schools","63150","Troy School District","06941","Barnard Elementary School","63","Oakland","LEA School","Elementary","City: Small","05","Mathematics","White, not of Hispanic origin","Not English Learners","34.1","15.9","31.8","18.2"
"18 - 19 School Year","M-STEP","63","Oakland Schools","63150","Troy School District","06941","Barnard Elementary School","63","Oakland","LEA School","Elementary","City: Small","05","Mathematics","White, not of Hispanic origin","Students with Disabilities","*","*","*","*"
"18 - 19 School Year","M-STEP","63","Oakland Schools","63150","Troy School District","06941","Barnard Elementary School","63","Oakland","LEA School","Elementary","City: Small","05","Mathematics","White, not of Hispanic origin","Students without IEP","32.6","19.6","32.6","15.2"
"18 - 19 School Year","M-STEP","63","Oakland Schools","63150","Troy School District","08286","Troy College and Career High School","63","Oakland","LEA School","Middle_High School","City: Small","03","Mathematics","Male","Not English Learners","*","*","*","*"
"18 - 19 School Year","M-STEP","63","Oakland Schools","63150","Troy School District","08286","Troy College and Career High School","63","Oakland","LEA School","Middle_High School","City: Small","03","Mathematics","Male","Students without IEP","*","*","*","*"
"18 - 19 School Year","M-STEP","63","Oakland Schools","63150","Troy School District","08286","Troy College and Career High School","63","Oakland","LEA School","Middle_High School","City: Small","03","Mathematics","Students without IEP","Not English Learners","*","*","*","*"
"18 - 19 School Year","M-STEP","63","Oakland Schools","63150","Troy School District","08286","Troy College and Career High School","63","Oakland","LEA School","Middle_High School","City: Small","03","Mathematics","White, not of Hispanic origin","Male","*","*","*","*"
"18 - 19 School Year","M-STEP","63","Oakland Schools","63150","Troy School District","08286","Troy College and Career High School","63","Oakland","LEA School","Middle_High School","City: Small","03","Mathematics","White, not of Hispanic origin","Not English Learners","*","*","*","*"
"18 - 19 School Year","M-STEP","63","Oakland Schools","63150","Troy School District","08286","Troy College and Career High School","63","Oakland","LEA School","Middle_High School","City: Small","03","Mathematics","White, not of Hispanic origin","Students without IEP","*","*","*","*"
"18 - 19 School Year","M-STEP","63","Oakland Schools","63150","Troy School District","08286","Troy College and Career High School","63","Oakland","LEA School","Middle_High School","City: Small","05","Mathematics","Asian","Male","*","*","*","*"
"18 - 19 School Year","M-STEP","63","Oakland Schools","63150","Troy School District","08286","Troy College and Career High School","63","Oakland","LEA School","Middle_High School","City: Small","05","Mathematics","Asian","Not English Learners","*","*","*","*"
"18 - 19 School Year","M-STEP","63","Oakland Schools","63150","Troy School District","08286","Troy College and Career High School","63","Oakland","LEA School","Middle_High School","City: Small","05","Mathematics","Asian","Students without IEP","*","*","*","*"
"18 - 19 School Year","M-STEP","63","Oakland Schools","63150","Troy School District","08286","Troy College and Career High School","63","Oakland","LEA School","Middle_High School","City: Small","05","Mathematics","Male","Not English Learners","*","*","*","*"
"18 - 19 School Year","M-STEP","63","Oakland Schools","63150","Troy School District","08286","Troy College and Career High School","63","Oakland","LEA School","Middle_High School","City: Small","05","Mathematics","Male","Students without IEP","*","*","*","*"
"18 - 19 School Year","M-STEP","63","Oakland Schools","63150","Troy School District","08286","Troy College and Career High School","63","Oakland","LEA School","Middle_High School","City: Small","05","Mathematics","Students without IEP","Not English Learners","*","*","*","*"
"18 - 19 School Year","M-STEP","63","Oakland Schools","63150","Troy School District","08286","Troy College and Career High School","63","Oakland","LEA School","Middle_High School","City: Small","06","Mathematics","Male","Not English Learners","*","*","*","*"
"18 - 19 School Year","M-STEP","63","Oakland Schools","63150","Troy School District","08286","Troy College and Career High School","63","Oakland","LEA School","Middle_High School","City: Small","06","Mathematics","Male","Students without IEP","*","*","*","*"
"18 - 19 School Year","M-STEP","63","Oakland Schools","63150","Troy School District","08286","Troy College and Career High School","63","Oakland","LEA School","Middle_High School","City: Small","06","Mathematics","Students without IEP","Not English Learners","*","*","*","*"
"18 - 19 School Year","M-STEP","63","Oakland Schools","63150","Troy School District","08286","Troy College and Career High School","63","Oakland","LEA School","Middle_High School","City: Small","06","Mathematics","White, not of Hispanic origin","Male","*","*","*","*"
"18 - 19 School Year","M-STEP","63","Oakland Schools","63150","Troy School District","08286","Troy College and Career High School","63","Oakland","LEA School","Middle_High School","City: Small","06","Mathematics","White, not of Hispanic origin","Not English Learners","*","*","*","*"
"18 - 19 School Year","M-STEP","63","Oakland Schools","63150","Troy School District","08286","Troy College and Career High School","63","Oakland","LEA School","Middle_High School","City: Small","06","Mathematics","White, not of Hispanic origin","Students without IEP","*","*","*","*"
"18 - 19 School Year","M-STEP","63","Oakland Schools","63150","Troy School District","08286","Troy College and Career High School","63","Oakland","LEA School","Middle_High School","City: Small","07","Mathematics","Black, not of Hispanic origin","Female","*","*","*","*"
"18 - 19 School Year","M-STEP","63","Oakland Schools","63150","Troy School District","08286","Troy College and Career High School","63","Oakland","LEA School","Middle_High School","City: Small","07","Mathematics","Black, not of Hispanic origin","Not English Learners","*","*","*","*"
"18 - 19 School Year","M-STEP","63","Oakland Schools","63150","Troy School District","08286","Troy College and Career High School","63","Oakland","LEA School","Middle_High School","City: Small","07","Mathematics","Black, not of Hispanic origin","Students without IEP","*","*","*","*"
"18 - 19 School Year","M-STEP","63","Oakland Schools","63150","Troy School District","08286","Troy College and Career High School","63","Oakland","LEA School","Middle_High School","City: Small","07","Mathematics","Female","Not English Learners","*","*","*","*"
"18 - 19 School Year","M-STEP","63","Oakland Schools","63150","Troy School District","08286","Troy College and Career High School","63","Oakland","LEA School","Middle_High School","City: Small","07","Mathematics","Female","Students without IEP","*","*","*","*"
"18 - 19 School Year","M-STEP","63","Oakland Schools","63150","Troy School District","08286","Troy College and Career High School","63","Oakland","LEA School","Middle_High School","City: Small","07","Mathematics","Male","Not English Learners","*","*","*","*"
"18 - 19 School Year","M-STEP","63","Oakland Schools","63150","Troy School District","08286","Troy College and Career High School","63","Oakland","LEA School","Middle_High School","City: Small","07","Mathematics","Male","Students with Disabilities","*","*","*","*"
"18 - 19 School Year","M-STEP","63","Oakland Schools","63150","Troy School District","08286","Troy College and Career High School","63","Oakland","LEA School","Middle_High School","City: Small","07","Mathematics","Male","Students without IEP","*","*","*","*"
"18 - 19 School Year","M-STEP","63","Oakland Schools","63150","Troy School District","08286","Troy College and Career High School","63","Oakland","LEA School","Middle_High School","City: Small","07","Mathematics","Students with Disabilities","Not English Learners","*","*","*","*"
"18 - 19 School Year","M-STEP","63","Oakland Schools","63150","Troy School District","08286","Troy College and Career High School","63","Oakland","LEA School","Middle_High School","City: Small","07","Mathematics","Students without IEP","Not English Learners","*","*","*","*"
"18 - 19 School Year","M-STEP","63","Oakland Schools","63150","Troy School District","08286","Troy College and Career High School","63","Oakland","LEA School","Middle_High School","City: Small","07","Mathematics","Two or More Races","Female","*","*","*","*"
"18 - 19 School Year","M-STEP","63","Oakland Schools","63150","Troy School District","08286","Troy College and Career High School","63","Oakland","LEA School","Middle_High School","City: Small","07","Mathematics","Two or More Races","Not English Learners","*","*","*","*"
"18 - 19 School Year","M-STEP","63","Oakland Schools","63150","Troy School District","08286","Troy College and Career High School","63","Oakland","LEA School","Middle_High School","City: Small","07","Mathematics","Two or More Races","Students without IEP","*","*","*","*"
"18 - 19 School Year","M-STEP","63","Oakland Schools","63150","Troy School District","08286","Troy College and Career High School","63","Oakland","LEA School","Middle_High School","City: Small","07","Mathematics","White, not of Hispanic origin","Female","*","*","*","*"
"18 - 19 School Year","M-STEP","63","Oakland Schools","63150","Troy School District","08286","Troy College and Career High School","63","Oakland","LEA School","Middle_High School","City: Small","07","Mathematics","White, not of Hispanic origin","Male","*","*","*","*"
"18 - 19 School Year","M-STEP","63","Oakland Schools","63150","Troy School District","08286","Troy College and Career High School","63","Oakland","LEA School","Middle_High School","City: Small","07","Mathematics","White, not of Hispanic origin","Not English Learners","*","*","*","*"
"18 - 19 School Year","M-STEP","63","Oakland Schools","63150","Troy School District","08286","Troy College and Career High School","63","Oakland","LEA School","Middle_High School","City: Small","07","Mathematics","White, not of Hispanic origin","Students with Disabilities","*","*","*","*"
"18 - 19 School Year","M-STEP","63","Oakland Schools","63150","Troy School District","08286","Troy College and Career High School","63","Oakland","LEA School","Middle_High School","City: Small","07","Mathematics","White, not of Hispanic origin","Students without IEP","*","*","*","*"
